data;horario;n_da_ocorrencia;tipo_de_ocorrencia;km;trecho;sentido;tipo_de_acidente;caminhao;ilesos;levemente_feridos;moderadamente_feridos;gravemente_feridos;mortos;3
30/03/2010;17:14:00;459;sem vítima;219,10000610351562;BR-101/SC;Sul;Colisão Traseira;1;2;;;;;1
30/03/2010;06:03:00;111;sem vítima;219,1999969482422;BR-101/SC;Sul;Saida de Pista;1;1;;;;;1
30/03/2010;05:33:00;99;com vítima;651,5;BR-376/PR;Norte;Colisão Traseira;2;1;;;;1;3
31/03/2010;22:14:00;614;com vítima;9,5;BR-101/SC;Sul;Colisão Traseira;2;1;1;;;;1
31/03/2010;05:44:00;91;sem vítima;74,0999984741211;BR-116/PR;Sul;Colisão Traseira;1;1;;;;;1
31/03/2010;11:45:00;311;sem vítima;109;BR-116/PR;Norte;Tombamento;1;1;;;;;1
31/03/2010;17:00:00;511;sem vítima;110;BR-116/PR;Sul;Saida de Pista;1;1;;;;;1
31/03/2010;17:00:00;502;sem vítima;159;BR-101/SC;Sul;Colisão Traseira;2;2;;;;;1
31/03/2010;06:45:00;108;com vítima;212;BR-101/SC;Norte;Engavetamento;2;2;;1;;;2
31/03/2010;23:47:00;659;com vítima;667;BR-376/PR;Sul;Colisão Traseira;2;1;;;1;;2
31/03/2010;06:38:00;105;sem vítima;668;BR-376/PR;Norte;Saida de Pista;1;1;;;;;1
01/04/2010;16:38:00;462;sem vítima;24;BR-101/SC;Norte;Colisão Lateral;1;2;;;;;1
01/04/2010;11:43:00;274;sem vítima;99,4000015258789;BR-116/PR;Sul;Engavetamento;1;5;;;;;1
01/04/2010;19:53:00;569;sem vítima;120,0999984741211;BR-101/SC;Norte;Colisão Traseira;1;3;;;;;1
01/04/2010;18:49:00;537;com vítima;126;BR-101/SC;Norte;Colisão Traseira;1;1;1;;;;1
01/04/2010;07:38:00;139;sem vítima;617;BR-376/PR;Norte;Colisão Traseira;2;3;;;;;1
01/04/2010;12:07:00;289;sem vítima;652;BR-376/PR;Norte;Colisão Lateral;2;2;;;;;1
01/04/2010;15:04:00;388;sem vítima;677,2999877929688;BR-376/PR;Sul;Tombamento;1;1;;;;;1
02/04/2010;18:39:00;491;sem vítima;1,350000023841858;BR-101/SC;Sul;Colisão Traseira;1;2;;;;;1
02/04/2010;09:53:00;210;sem vítima;50;BR-101/SC;Sul;Engavetamento;1;5;;;;;1
02/04/2010;05:24:00;101;sem vítima;54,20000076293945;BR-101/SC;Sul;Colisão Lateral;1;2;;;;;1
02/04/2010;13:34:00;314;sem vítima;80;BR-101/SC;Sul;Colisão Traseira;1;2;;;;;1
02/04/2010;06:37:00;112;com vítima;193;BR-101/SC;Sul;Queda de Moto;1;1;1;;;;1
02/04/2010;05:48:00;107;sem vítima;631,2999877929688;BR-376/PR;Norte;Colisão Traseira;1;2;;;;;1
02/04/2010;01:33:00;36;sem vítima;685;BR-376/PR;Sul;Colisão Traseira;1;2;;;;;1
03/04/2010;15:40:00;419;sem vítima;86,0999984741211;BR-101/SC;Norte;Colisão Traseira;1;2;;;;;1
03/04/2010;13:23:00;354;sem vítima;221,8000030517578;BR-101/SC;Sul;Choque - Cancela de Pedagio;1;1;;;;;1
04/04/2010;16:19:00;385;sem vítima;1,350000023841858;BR-101/SC;Norte;Colisão Traseira;1;2;;;;;1
04/04/2010;16:21:00;388;sem vítima;114;BR-116/PR;Sul;Colisão Transversal;1;2;;;;;1
04/04/2010;08:32:00;160;sem vítima;206,3000030517578;BR-101/SC;Norte;Saida de Pista;1;2;;;;;1
04/04/2010;22:44:00;587;sem vítima;208,6999969482422;BR-101/SC;Norte;Colisão Traseira;1;2;;;;;1
05/04/2010;20:50:00;548;sem vítima;19,5;BR-101/SC;Sul;Saida de Pista;1;1;;;;;1
05/04/2010;06:42:00;147;com vítima;77;BR-101/SC;Sul;Colisão Traseira;2;1;;1;;;2
05/04/2010;20:19:00;538;sem vítima;114;BR-116/PR;Sul;Colisão Traseira;1;2;;;;;1
05/04/2010;10:04:00;256;sem vítima;119,5;BR-101/SC;Norte;Colisão Traseira;2;2;;;;;1
05/04/2010;11:50:00;312;sem vítima;646,2999877929688;BR-376/PR;Norte;Engavetamento;1;3;;;;;1
05/04/2010;03:00:00;81;sem vítima;661,2999877929688;BR-376/PR;Norte;Engavetamento;1;4;;;;;1
05/04/2010;07:37:00;179;com vítima;662,7999877929688;BR-376/PR;Sul;Colisão Lateral;1;1;1;;;;1
05/04/2010;06:57:00;157;sem vítima;676;BR-376/PR;Norte;Colisão Traseira;1;2;;;;;1
06/04/2010;13:19:00;303;sem vítima;1,350000023841858;BR-101/SC;Sul;Choque - Defensa, barreira ou "submarino";1;1;;;;;1
06/04/2010;21:16:00;535;sem vítima;79,9000015258789;BR-101/SC;Norte;Colisão Lateral;1;2;;;;;1
06/04/2010;16:13:00;405;sem vítima;80,5;BR-101/SC;Norte;Colisão Traseira;1;2;;;;;1
06/04/2010;07:01:00;120;com vítima;165,8000030517578;BR-101/SC;Sul;Engavetamento;1;4;1;;;;1
07/04/2010;12:25:00;309;sem vítima;116,4000015258789;BR-101/SC;Sul;Colisão Lateral;1;2;;;;;1
07/04/2010;09:42:00;226;sem vítima;127;BR-101/SC;Norte;Capotamento;1;2;;;;;1
07/04/2010;06:44:00;125;com vítima;671;BR-376/PR;Sul;Tombamento;2;1;;1;;;2
08/04/2010;19:54:00;559;com vítima;57;BR-101/SC;Norte;Colisão Traseira;1;1;1;1;;;2
08/04/2010;20:34:00;573;sem vítima;100;BR-116/PR;Norte;Colisão Traseira;2;2;;;;;1
08/04/2010;16:50:00;478;sem vítima;159;BR-101/SC;Norte;Choque - Cancela de Pedagio;1;1;;;;;1
08/04/2010;15:32:00;421;sem vítima;196,10000610351562;BR-101/SC;Sul;Saida de Pista;1;1;;;;;1
08/04/2010;15:37:00;424;sem vítima;673,7999877929688;BR-376/PR;Sul;Colisão Traseira;1;2;;;;;1
09/04/2010;13:00:00;301;sem vítima;1,399999976158142;BR-101/SC;Sul;Choque - Suporte de Sinalização;1;1;;;;;1
09/04/2010;16:19:00;429;sem vítima;5,800000190734863;BR-101/SC;Norte;Colisão Traseira;2;2;;;;;1
09/04/2010;06:07:00;88;sem vítima;56;BR-101/SC;Norte;Colisão Traseira;2;2;;;;;1
09/04/2010;15:55:00;413;sem vítima;152,89999389648438;BR-101/SC;Norte;Colisão Lateral;1;2;;;;;1
09/04/2010;18:54:00;507;sem vítima;206,5;BR-101/SC;Sul;Engavetamento;1;3;;;;;1
09/04/2010;07:23:00;128;com vítima;629,6500244140625;BR-376/PR;Norte;Colisão Lateral;1;1;;;1;1;3
10/04/2010;12:35:00;304;sem vítima;1,350000023841858;BR-101/SC;Sul;Choque - Suporte de Sinalização;1;1;;;;;1
10/04/2010;11:16:00;278;sem vítima;114,5;BR-101/SC;Sul;Colisão Traseira;1;2;;;;;1
10/04/2010;21:30:00;513;sem vítima;117;BR-101/SC;Norte;Colisão Lateral;1;3;;;;;1
10/04/2010;18:05:00;449;sem vítima;143;BR-101/SC;Sul;Saida de Pista;1;1;;;;;1
10/04/2010;14:10:00;334;sem vítima;183;BR-101/SC;Sul;Colisão Lateral;1;2;;;;;1
11/04/2010;21:34:00;526;com vítima;8,699999809265137;BR-101/SC;Sul;Colisão Traseira;2;1;;1;;;2
11/04/2010;20:13:00;500;sem vítima;159,39999389648438;BR-101/SC;Norte;Colisão Lateral;1;2;;;;;1
11/04/2010;10:25:00;203;sem vítima;160;BR-101/SC;Sul;Choque - Defensa, barreira ou "submarino";1;1;;;;;1
12/04/2010;09:58:00;222;sem vítima;14;BR-101/SC;Norte;Colisão Traseira;2;2;;;;;1
12/04/2010;15:23:00;381;sem vítima;31;BR-101/SC;Sul;Choque - Defensa, barreira ou "submarino";1;2;;;;;1
12/04/2010;18:18:00;482;sem vítima;117,80000305175781;BR-101/SC;Sul;Engavetamento;2;3;;;;;1
12/04/2010;10:02:00;228;sem vítima;132;BR-101/SC;Norte;Colisão Traseira;2;3;;;;;1
12/04/2010;23:24:00;597;sem vítima;140;BR-101/SC;Sul;Tombamento;1;2;;;;;1
12/04/2010;09:14:00;202;sem vítima;661;BR-376/PR;Norte;Tombamento;1;1;;;;;1
12/04/2010;06:35:00;104;sem vítima;668,2000122070312;BR-376/PR;Norte;Colisão Traseira;2;2;;;;;1
13/04/2010;18:17:00;482;com vítima;115,30000305175781;BR-101/SC;Norte;Saida de Pista;1;0;;1;;;2
13/04/2010;07:02:00;121;com vítima;199;BR-101/SC;Norte;Colisão Traseira;1;0;2;1;;;2
13/04/2010;19:30:00;507;com vítima;200;BR-101/SC;Norte;Engavetamento;1;2;1;;;;1
13/04/2010;18:59:00;499;sem vítima;200,5;BR-101/SC;Norte;Colisão Traseira;1;3;;;;;1
13/04/2010;09:17:00;186;sem vítima;219;BR-101/SC;Sul;Colisão Lateral;1;2;;;;;1
13/04/2010;18:18:00;481;sem vítima;671,7999877929688;BR-376/PR;Sul;Colisão Traseira;2;2;;;;;1
14/04/2010;23:26:00;583;sem vítima;1,350000023841858;BR-101/SC;Sul;Choque - Cancela de Pedagio;1;1;;;;;1
14/04/2010;15:34:00;396;sem vítima;70,9000015258789;BR-101/SC;Sul;Colisão Traseira;2;3;;;;;1
14/04/2010;03:37:00;87;com vítima;97,30000305175781;BR-116/PR;Sul;Colisão Traseira;2;2;;1;;;2
14/04/2010;09:51:00;242;sem vítima;104;BR-101/SC;Norte;Choque - Defensa, barreira ou "submarino";1;1;;;;;1
14/04/2010;21:44:00;549;com vítima;118;BR-101/SC;Norte;Choque - Objeto sobre a pista;1;5;1;;;;1
14/04/2010;12:21:00;309;sem vítima;119,5;BR-101/SC;Norte;Colisão Lateral;1;2;;;;;1
14/04/2010;16:56:00;437;sem vítima;140,3000030517578;BR-101/SC;Sul;Colisão Traseira;1;2;;;;;1
14/04/2010;15:58:00;409;sem vítima;159;BR-101/SC;Sul;Choque - Defensa, barreira ou "submarino";1;1;;;;;1
14/04/2010;18:36:00;485;sem vítima;209;BR-101/SC;Sul;Colisão Traseira;1;2;;;;;1
14/04/2010;15:51:00;407;sem vítima;645,5;BR-376/PR;Norte;Colisão Traseira;2;2;;;;;1
15/04/2010;11:24:00;277;sem vítima;1,350000023841858;BR-101/SC;Sul;Colisão Traseira;1;2;;;;;1
15/04/2010;12:43:00;321;sem vítima;1,350000023841858;BR-101/SC;Sul;Colisão Lateral;1;2;;;;;1
15/04/2010;13:12:00;337;sem vítima;1,350000023841858;BR-101/SC;Sul;Colisão Lateral;1;2;;;;;1
15/04/2010;13:58:00;352;com vítima;16;BR-101/SC;Sul;Capotamento;1;1;1;;;;1
15/04/2010;15:42:00;431;sem vítima;80;BR-101/SC;Norte;Choque - Cancela de Pedagio;1;1;;;;;1
15/04/2010;20:03:00;574;sem vítima;112,69999694824219;BR-101/SC;Norte;Colisão Traseira;1;3;;;;;1
15/04/2010;18:13:00;544;com vítima;206,5;BR-101/SC;Sul;Engavetamento;3;3;;1;;;2
15/04/2010;20:08:00;575;sem vítima;211,5;BR-101/SC;Norte;Colisão Traseira;2;2;;;;;1
16/04/2010;17:34:00;479;sem vítima;42,79999923706055;BR-101/SC;Sul;Colisão Lateral;1;2;;;;;1
16/04/2010;05:47:00;96;com vítima;86;BR-101/SC;Norte;Colisão Traseira;1;1;1;2;;;2
16/04/2010;20:24:00;546;com vítima;112;BR-101/SC;Sul;Engavetamento;2;2;1;;;;1
16/04/2010;20:20:00;543;sem vítima;134,8000030517578;BR-101/SC;Sul;Colisão Lateral;1;2;;;;;1
16/04/2010;21:10:00;564;sem vítima;198;BR-101/SC;Norte;Saida de Pista;1;1;;;;;1
16/04/2010;00:55:00;21;sem vítima;671;BR-376/PR;Sul;Saida de Pista;1;1;;;;;1
16/04/2010;23:53:00;622;com vítima;671,5999755859375;BR-376/PR;Sul;Choque - Defensa, barreira ou "submarino";1;0;;;;1;3
17/04/2010;19:32:00;472;sem vítima;73,80000305175781;BR-116/PR;Sul;Colisão Traseira;2;2;;;;;1
17/04/2010;22:55:00;533;sem vítima;100,80000305175781;BR-101/SC;Norte;Colisão Traseira;1;2;;;;;1
17/04/2010;10:47:00;202;sem vítima;159;BR-101/SC;Sul;Choque - Cancela de Pedagio;1;1;;;;;1
17/04/2010;00:20:00;5;com vítima;214;BR-101/SC;Sul;Colisão Traseira;1;2;1;;;;1
17/04/2010;01:13:00;22;sem vítima;219;BR-101/SC;Sul;Colisão Traseira;1;2;;;;;1
17/04/2010;13:45:00;282;sem vítima;618,5;BR-376/PR;Sul;Colisão Lateral;1;2;;;;;1
17/04/2010;20:12:00;489;sem vítima;637,5;BR-376/PR;Norte;Colisão Lateral;1;2;;;;;1
18/04/2010;10:33:00;220;sem vítima;1,2999999523162842;BR-101/SC;Norte;Choque - Suporte de Sinalização;1;1;;;;;1
18/04/2010;21:41:00;554;sem vítima;109,80000305175781;BR-116/PR;Sul;Tombamento;1;1;;;;;1
18/04/2010;19:14:00;488;sem vítima;171,10000610351562;BR-101/SC;Norte;Engavetamento;1;4;;;;;1
18/04/2010;14:35:00;318;sem vítima;173,10000610351562;BR-101/SC;Sul;Colisão Traseira;1;2;;;;;1
19/04/2010;20:12:00;568;sem vítima;37,5;BR-101/SC;Sul;Saida de Pista;1;1;;;;;1
19/04/2010;10:59:00;263;sem vítima;80,30000305175781;BR-101/SC;Norte;Colisão Lateral;1;2;;;;;1
19/04/2010;05:49:00;94;sem vítima;88,5;BR-116/PR;Norte;Colisão Traseira;2;2;;;;;1
19/04/2010;10:30:00;252;sem vítima;118;BR-101/SC;Norte;Outros - Sequência;1;2;;;;;1
19/04/2010;06:41:00;106;sem vítima;200,5;BR-101/SC;Norte;Colisão Lateral;2;2;;;;;1
19/04/2010;07:19:00;128;sem vítima;202;BR-101/SC;Norte;Colisão Traseira;1;2;;;;;1
19/04/2010;00:05:00;1;sem vítima;222;BR-101/SC;Sul;Choque - Defensa, barreira ou "submarino";1;1;;;;;1
20/04/2010;07:57:00;198;sem vítima;107,5;BR-116/PR;Sul;Engavetamento;2;6;;;;;1
20/04/2010;07:27:00;175;com vítima;109,69999694824219;BR-116/PR;Sul;Capotamento;1;2;1;;;;1
20/04/2010;19:27:00;608;sem vítima;117;BR-101/SC;Sul;Engavetamento;2;3;;;;;1
20/04/2010;22:14:00;668;sem vítima;156;BR-101/SC;Norte;Tombamento;1;1;;;;;1
20/04/2010;20:44:00;641;com vítima;199,5;BR-101/SC;Sul;Colisão Lateral;1;1;1;;;;1
20/04/2010;06:20:00;139;sem vítima;212;BR-101/SC;Sul;Colisão Lateral;1;2;;;;;1
21/04/2010;22:34:00;597;sem vítima;1,350000023841858;BR-101/SC;Sul;Choque - Outros;1;1;;;;;1
21/04/2010;16:40:00;460;sem vítima;159;BR-101/SC;Sul;Choque - Cancela de Pedagio;1;1;;;;;1
21/04/2010;08:10:00;191;sem vítima;203;BR-101/SC;Norte;Colisão Traseira;1;2;;;;;1
21/04/2010;10:12:00;247;sem vítima;660;BR-376/PR;Sul;Colisão Traseira;1;2;;;;;1
21/04/2010;16:27:00;455;sem vítima;670;BR-376/PR;Sul;Tombamento;1;1;;;;;1
21/04/2010;18:00:00;496;sem vítima;670;BR-376/PR;Sul;Colisão Lateral;1;3;;;;;1
21/04/2010;08:22:00;197;sem vítima;677,4000244140625;BR-376/PR;Norte;Saida de Pista;1;1;;;;;1
22/04/2010;04:58:00;88;sem vítima;12,699999809265137;BR-101/SC;Norte;Choque - Defensa, barreira ou "submarino";1;2;;;;;1
22/04/2010;12:10:00;268;sem vítima;38;BR-101/SC;Norte;Choque - Defensa, barreira ou "submarino";1;2;;;;;1
22/04/2010;07:49:00;160;com vítima;47,79999923706055;BR-101/SC;Norte;Colisão Traseira;1;1;1;;;;1
22/04/2010;08:51:00;200;sem vítima;49,29999923706055;BR-101/SC;Sul;Colisão Lateral;1;2;;;;;1
22/04/2010;17:57:00;386;com vítima;113;BR-116/PR;Sul;Atropelamento - Ciclista;1;1;;;1;;2
22/04/2010;20:50:00;437;com vítima;113,5;BR-116/PR;Sul;Queda de Moto;1;1;;1;;;2
22/04/2010;18:31:00;394;sem vítima;131,5;BR-101/SC;Norte;Colisão Lateral;1;2;;;;;1
22/04/2010;16:04:00;342;com vítima;176,39999389648438;BR-101/SC;Sul;Tombamento;1;0;1;;;;1
22/04/2010;16:28:00;353;sem vítima;177;BR-101/SC;Sul;Tombamento;1;1;;;;;1
22/04/2010;11:41:00;258;com vítima;202;BR-101/SC;Norte;Choque - Defensa, barreira ou "submarino";1;1;1;;;;1
22/04/2010;07:45:00;157;sem vítima;674;BR-376/PR;Sul;Colisão Lateral;1;2;;;;;1
23/04/2010;18:27:00;430;sem vítima;4,5;BR-101/SC;Norte;Choque - Defensa, barreira ou "submarino";1;3;;;;;1
23/04/2010;08:57:00;154;sem vítima;76;BR-101/SC;Sul;Colisão Traseira;2;2;;;;;1
23/04/2010;19:38:00;462;com vítima;117,5999984741211;BR-101/SC;Sul;Colisão Traseira;1;3;1;;;;1
23/04/2010;19:06:00;450;sem vítima;118,4000015258789;BR-101/SC;Sul;Colisão Traseira;1;2;;;;;1
23/04/2010;09:36:00;172;sem vítima;169,89999389648438;BR-101/SC;Sul;Colisão Frontal;1;2;;;;;1
23/04/2010;08:18:00;134;sem vítima;208;BR-101/SC;Sul;Colisão Traseira;1;2;;;;;1
23/04/2010;18:25:00;427;com vítima;625;BR-376/PR;Norte;Engavetamento;1;3;1;;;;1
23/04/2010;08:04:00;130;sem vítima;663;BR-376/PR;Norte;Colisão Traseira;1;2;;;;;1
23/04/2010;21:17:00;496;sem vítima;670;BR-376/PR;Sul;Tombamento;2;2;;;;;1
23/04/2010;15:11:00;317;com vítima;670,5999755859375;BR-376/PR;Sul;Colisão Traseira;2;1;;;;1;3
23/04/2010;10:27:00;189;sem vítima;672;BR-376/PR;Sul;Colisão Lateral;1;2;;;;;1
23/04/2010;10:38:00;193;sem vítima;672,4000244140625;BR-376/PR;Sul;Choque - Defensa, barreira ou "submarino";2;2;;;;;1
23/04/2010;13:10:00;259;sem vítima;674;BR-376/PR;Sul;Colisão Traseira;1;2;;;;;1
24/04/2010;21:49:00;455;sem vítima;1,350000023841858;BR-101/SC;Sul;Choque - Cancela de Pedagio;1;1;;;;;1
24/04/2010;07:00:00;93;com vítima;71,4000015258789;BR-116/PR;Sul;Choque - Defensa, barreira ou "submarino";1;0;1;;;;1
24/04/2010;00:08:00;5;sem vítima;162;BR-101/SC;Sul;Choque - Outros;1;2;;;;;1
24/04/2010;10:16:00;173;sem vítima;665,7000122070312;BR-376/PR;Norte;Choque - Defensa, barreira ou "submarino";1;1;;;;;1
25/04/2010;20:06:00;460;sem vítima;13;BR-101/SC;Norte;Saida de Pista;1;1;;;;;1
25/04/2010;07:21:00;88;sem vítima;80;BR-101/SC;Sul;Colisão Traseira;2;2;;;;;1
25/04/2010;00:29:00;6;sem vítima;116,30000305175781;BR-101/SC;Sul;Saida de Pista;1;1;;;;;1
25/04/2010;10:32:00;169;sem vítima;189;BR-101/SC;Sul;Colisão Lateral;1;5;;;;;1
25/04/2010;09:19:00;141;sem vítima;669,5;BR-376/PR;Norte;Colisão Lateral;1;2;;;;;1
25/04/2010;21:39:00;498;com vítima;671;BR-376/PR;Sul;Colisão Traseira;1;1;2;;;;1
26/04/2010;21:31:00;490;sem vítima;91;BR-101/SC;Norte;Colisão Traseira;1;2;;;;;1
26/04/2010;12:05:00;236;sem vítima;117,80000305175781;BR-101/SC;Sul;Colisão Traseira;2;2;;;;;1
26/04/2010;08:03:00;139;sem vítima;163;BR-101/SC;Sul;Outros - Sequência;1;1;;;;;1
26/04/2010;12:21:00;242;com vítima;180;BR-101/SC;Norte;Colisão Traseira;1;1;;;1;;2
26/04/2010;11:34:00;222;sem vítima;657,5;BR-376/PR;Norte;Saida de Pista;1;2;;;;;1
27/04/2010;06:41:00;124;com vítima;58;BR-101/SC;Sul;Choque - Defensa, barreira ou "submarino";1;1;;1;;;2
27/04/2010;23:03:00;651;com vítima;110,9000015258789;BR-116/PR;Norte;Tombamento;1;1;1;;;;1
27/04/2010;21:18:00;611;sem vítima;159;BR-101/SC;Norte;Choque - Cancela de Pedagio;1;1;;;;;1
27/04/2010;11:27:00;317;sem vítima;655;BR-376/PR;Sul;Choque - Defensa, barreira ou "submarino";1;1;;;;;1
28/04/2010;05:35:00;114;sem vítima;1,350000023841858;BR-101/SC;Norte;Colisão Traseira;2;2;;;;;1
28/04/2010;22:32:00;609;sem vítima;1,350000023841858;BR-101/SC;Sul;Choque - Outros;1;1;;;;;1
28/04/2010;20:18:00;546;sem vítima;6;BR-101/SC;Norte;Colisão Traseira;1;2;;;;;1
28/04/2010;04:09:00;87;com vítima;71,80000305175781;BR-101/SC;Sul;Colisão Traseira;2;1;;1;;;2
28/04/2010;23:14:00;629;com vítima;77,69999694824219;BR-116/PR;Norte;Tombamento;1;0;1;;;;1
28/04/2010;04:48:00;96;sem vítima;80;BR-101/SC;Norte;Choque - Defensa, barreira ou "submarino";1;1;;;;;1
28/04/2010;11:43:00;282;sem vítima;112;BR-116/PR;Norte;Engavetamento;2;3;;;;;1
28/04/2010;11:13:00;271;sem vítima;114;BR-101/SC;Norte;Colisão Traseira;1;2;;;;;1
28/04/2010;05:49:00;118;sem vítima;173;BR-101/SC;Norte;Saida de Pista;1;1;;;;;1
28/04/2010;14:27:00;361;sem vítima;206,39999389648438;BR-101/SC;Norte;Colisão Lateral;1;2;;;;;1
28/04/2010;18:54:00;524;sem vítima;208,6999969482422;BR-101/SC;Sul;Colisão Traseira;1;2;;;;;1
28/04/2010;07:25:00;152;com vítima;213;BR-101/SC;Norte;Colisão Traseira;1;1;2;;;;1
29/04/2010;05:34:00;111;sem vítima;1,350000023841858;BR-101/SC;Norte;Choque - Cancela de Pedagio;1;1;;;;;1
29/04/2010;02:06:00;45;com vítima;50;BR-101/SC;Norte;Tombamento;1;0;1;;;;1
29/04/2010;21:49:00;546;sem vítima;99,0999984741211;BR-116/PR;Norte;Saida de Pista;1;2;;;;;1
29/04/2010;18:23:00;493;sem vítima;113;BR-101/SC;Norte;Choque - Defensa, barreira ou "submarino";1;2;;;;;1
29/04/2010;15:07:00;375;sem vítima;206;BR-101/SC;Sul;Engavetamento;1;3;;;;;1
29/04/2010;18:08:00;485;sem vítima;212;BR-101/SC;Norte;Colisão Traseira;1;2;;;;;1
29/04/2010;10:27:00;241;sem vítima;221;BR-101/SC;Norte;Choque - Suporte de Sinalização;1;1;;;;;1
30/04/2010;15:18:00;382;sem vítima;82,30000305175781;BR-101/SC;Sul;Choque - Cancela de Pedagio;1;1;;;;;1
30/04/2010;23:38:00;605;sem vítima;84;BR-101/SC;Norte;Colisão Traseira;1;2;;;;;1
30/04/2010;21:42:00;559;sem vítima;109,69999694824219;BR-101/SC;Sul;Colisão Traseira;1;2;;;;;1
30/04/2010;18:33:00;488;sem vítima;114;BR-101/SC;Sul;Engavetamento;1;7;;;;;1
30/04/2010;19:07:00;502;sem vítima;116;BR-101/SC;Norte;Engavetamento;1;2;;;;;1
30/04/2010;18:03:00;480;sem vítima;118;BR-101/SC;Norte;Colisão Traseira;1;2;;;;;1
30/04/2010;18:47:00;497;sem vítima;118;BR-101/SC;Sul;Engavetamento;1;8;;;;;1
01/05/2010;22:32:00;551;sem vítima;80;BR-101/SC;Sul;Colisão Lateral;1;2;;;;;1
01/05/2010;08:41:00;173;sem vítima;673;BR-376/PR;Sul;Choque - Talude;1;1;;;;;1
02/05/2010;07:56:00;136;sem vítima;1,350000023841858;BR-101/SC;Sul;Colisão Traseira;1;2;;;;;1
02/05/2010;17:58:00;430;sem vítima;51;BR-101/SC;Sul;Atropelamento de Animal;1;3;;;;;1
02/05/2010;11:29:00;229;com vítima;112;BR-101/SC;Norte;Tombamento;1;0;3;;;;1
02/05/2010;19:26:00;488;sem vítima;116,80000305175781;BR-101/SC;Sul;Colisão Lateral;1;3;;;;;1
02/05/2010;18:23:00;441;sem vítima;666,5999755859375;BR-376/PR;Norte;Colisão Traseira;1;2;;;;;1
03/05/2010;17:25:00;412;sem vítima;15;BR-101/SC;Norte;Colisão Traseira;2;3;;;;;1
03/05/2010;06:29:00;95;com vítima;63,099998474121094;BR-101/SC;Sul;Tombamento;1;0;1;;;;1
03/05/2010;11:27:00;229;sem vítima;652,5999755859375;BR-376/PR;Norte;Tombamento;1;1;;;;;1
04/05/2010;10:33:00;203;sem vítima;1,350000023841858;BR-101/SC;Sul;Choque - Defensa, barreira ou "submarino";1;1;;;;;1
04/05/2010;07:25:00;128;sem vítima;159;BR-101/SC;Sul;Choque - Cancela de Pedagio;1;1;;;;;1
04/05/2010;06:23:00;107;com vítima;173,35000610351562;BR-101/SC;Sul;Colisão Traseira;2;1;;1;;1;3
04/05/2010;07:59:00;140;sem vítima;212;BR-101/SC;Norte;Colisão Traseira;1;2;;;;;1
05/05/2010;12:39:00;339;sem vítima;80;BR-101/SC;Sul;Colisão Lateral;1;2;;;;;1
05/05/2010;15:37:00;420;sem vítima;124,4000015258789;BR-101/SC;Sul;Colisão Traseira;1;2;;;;;1
05/05/2010;17:15:00;478;com vítima;129,60000610351562;BR-101/SC;Norte;Queda de Moto;1;1;2;;;;1
05/05/2010;17:47:00;490;sem vítima;144,5;BR-101/SC;Sul;Colisão Traseira;1;5;;;;;1
05/05/2010;18:00:00;496;sem vítima;616,5999755859375;BR-376/PR;Sul;Colisão Lateral;1;2;;;;;1
06/05/2010;06:47:00;116;sem vítima;80;BR-101/SC;Norte;Choque - Cancela de Pedagio;1;1;;;;;1
06/05/2010;18:22:00;482;sem vítima;90;BR-101/SC;Norte;Choque - Objeto sobre a pista;1;1;;;;;1
06/05/2010;14:17:00;356;com vítima;128,3000030517578;BR-101/SC;Sul;Colisão Lateral;1;2;;;1;;2
07/05/2010;13:46:00;331;sem vítima;1,350000023841858;BR-101/SC;Sul;Choque - Defensa, barreira ou "submarino";1;1;;;;;1
07/05/2010;22:47:00;551;sem vítima;10;BR-101/SC;Norte;Saida de Pista;1;1;;;;;1
07/05/2010;21:36:00;527;sem vítima;108;BR-116/PR;Norte;Saida de Pista;1;2;;;;;1
07/05/2010;22:16:00;540;com vítima;120;BR-101/SC;Norte;Colisão Traseira;1;1;1;;;;1
07/05/2010;15:06:00;361;sem vítima;201;BR-101/SC;Norte;Colisão Traseira;1;2;;;;;1
07/05/2010;15:22:00;370;sem vítima;210,8000030517578;BR-101/SC;Sul;Colisão Lateral;1;2;;;;;1
07/05/2010;22:08:00;536;sem vítima;220,8000030517578;BR-101/SC;Sul;Choque - Objeto sobre a pista;1;1;;;;;1
07/05/2010;07:53:00;161;sem vítima;622;BR-376/PR;Norte;Choque - Defensa, barreira ou "submarino";1;2;;;;;1
07/05/2010;14:24:00;343;sem vítima;635,5;BR-376/PR;Sul;Colisão Traseira;1;1;;;;;1
07/05/2010;11:35:00;268;sem vítima;670;BR-376/PR;Norte;Colisão Lateral;1;2;;;;;1
07/05/2010;18:55:00;470;sem vítima;672;BR-376/PR;Norte;Choque - Defensa, barreira ou "submarino";1;2;;;;;1