data;horario;n_da_ocorrencia;tipo_de_ocorrencia;km;trecho;sentido;tipo_de_acidente;caminhao;ilesos;levemente_feridos;moderadamente_feridos;gravemente_feridos;mortos;3
07/05/2010;21:19:00;523;sem vítima;672;BR-376/PR;Norte;Engavetamento;1;3;;;;;1
08/05/2010;09:04:00;146;sem vítima;1,350000023841858;BR-101/SC;Sul;Choque - Cancela de Pedagio;1;1;;;;;1
08/05/2010;08:23:00;130;sem vítima;74;BR-116/PR;Sul;Colisão Traseira;1;1;;;;;1
08/05/2010;09:01:00;135;sem vítima;80;BR-101/SC;Sul;Colisão Traseira;2;2;;;;;1
08/05/2010;15:58:00;321;sem vítima;80;BR-101/SC;Norte;Choque - Cancela de Pedagio;1;1;;;;;1
08/05/2010;05:23:00;84;com vítima;81,0999984741211;BR-116/PR;Norte;Colisão Traseira;1;1;3;;;;1
08/05/2010;09:45:00;149;sem vítima;109;BR-116/PR;Sul;Engavetamento;2;6;;;;;1
08/05/2010;07:07:00;103;sem vítima;112,80000305175781;BR-116/PR;Sul;Saida de Pista;1;1;;;;;1
08/05/2010;05:50:00;89;com vítima;115;BR-116/PR;Sul;Colisão Traseira;2;2;;2;;;2
08/05/2010;09:57:00;150;sem vítima;142;BR-101/SC;Sul;Saida de Pista;1;3;;;;;1
08/05/2010;08:24:00;131;com vítima;172,6999969482422;BR-101/SC;Sul;Colisão Traseira;1;1;1;;;;1
08/05/2010;08:52:00;134;sem vítima;172,6999969482422;BR-101/SC;Sul;Colisão Traseira;1;6;;;;;1
08/05/2010;11:58:00;200;sem vítima;220;BR-101/SC;Sul;Colisão Lateral;1;2;;;;;1
08/05/2010;23:52:00;10;sem vítima;221;BR-101/SC;Sul;Choque - Cancela de Pedagio;1;1;;;;;1
08/05/2010;08:11:00;121;sem vítima;658,4000244140625;BR-376/PR;Norte;Tombamento;1;1;;;;;1
08/05/2010;03:01:00;39;sem vítima;684;BR-376/PR;Norte;Choque - Defensa, barreira ou "submarino";1;2;;;;;1
09/05/2010;16:53:00;357;sem vítima;80;BR-101/SC;Norte;Colisão Traseira;2;2;;;;;1
09/05/2010;23:36:00;507;com vítima;100,9000015258789;BR-116/PR;Norte;Colisão Lateral;1;1;1;;;;1
09/05/2010;06:55:00;103;sem vítima;170,39999389648438;BR-101/SC;Norte;Colisão Traseira;1;2;;;;;1
09/05/2010;20:21:00;446;com vítima;205,89999389648438;BR-101/SC;Norte;Atropelamento - Andarilho;1;1;;;;1;3
10/05/2010;17:30:00;400;sem vítima;80,0999984741211;BR-101/SC;Norte;Choque - Cancela de Pedagio;1;1;;;;;1
10/05/2010;14:00:00;281;sem vítima;94,5;BR-116/PR;Sul;Objeto lançado contra veículo;1;1;;;;;1
10/05/2010;17:16:00;390;sem vítima;159;BR-101/SC;Norte;Choque - Cancela de Pedagio;1;1;;;;;1
11/05/2010;16:12:00;335;sem vítima;1,350000023841858;BR-101/SC;Sul;Colisão Lateral;2;2;;;;;1
11/05/2010;17:29:00;367;sem vítima;52;BR-101/SC;Norte;Tombamento;1;1;;;;;1
11/05/2010;07:13:00;100;com vítima;55;BR-101/SC;Norte;Colisão Traseira;2;1;1;;;;1
11/05/2010;08:29:00;135;sem vítima;97,80000305175781;BR-116/PR;Norte;Colisão Lateral;1;2;;;;;1
11/05/2010;18:24:00;385;sem vítima;119;BR-101/SC;Sul;Colisão Lateral;1;2;;;;;1
11/05/2010;16:44:00;350;sem vítima;167,3000030517578;BR-101/SC;Sul;Colisão Lateral;1;2;;;;;1
11/05/2010;10:15:00;169;com vítima;205,8000030517578;BR-101/SC;Sul;Colisão Traseira;1;1;1;;;;1
11/05/2010;16:22:00;341;sem vítima;670;BR-376/PR;Sul;Colisão Lateral;1;2;;;;;1
12/05/2010;05:43:00;94;com vítima;24,5;BR-101/SC;Sul;Atropelamento - Ambulante;1;1;1;;;;1
12/05/2010;11:50:00;245;sem vítima;134,5;BR-101/SC;Sul;Choque - Defensa, barreira ou "submarino";2;2;;;;;1
12/05/2010;19:28:00;460;com vítima;207,10000610351562;BR-101/SC;Norte;Engavetamento;1;4;1;;;;1
12/05/2010;16:54:00;396;sem vítima;220;BR-101/SC;Norte;Colisão Lateral;1;2;;;;;1
12/05/2010;17:25:00;412;sem vítima;222;BR-101/SC;Sul;Choque - Cancela de Pedagio;1;1;;;;;1
12/05/2010;17:44:00;417;com vítima;617;BR-376/PR;Sul;Colisão Lateral;1;2;1;;;;1
13/05/2010;01:22:00;30;sem vítima;33;BR-101/SC;Norte;Saida de Pista;1;1;;;;;1
13/05/2010;10:44:00;276;sem vítima;47;BR-101/SC;Norte;Objeto lançado contra veículo;1;1;;;;;1
13/05/2010;00:37:00;14;sem vítima;57;BR-101/SC;Norte;Colisão Traseira;2;2;;;;;1
13/05/2010;19:31:00;554;sem vítima;71,5;BR-101/SC;Sul;Colisão Traseira;2;2;;;;;1
13/05/2010;15:28:00;421;sem vítima;92,9000015258789;BR-116/PR;Sul;Colisão Traseira;2;2;;;;;1
13/05/2010;11:31:00;304;com vítima;95;BR-101/SC;Sul;Choque - Veiculo parado na pista;1;0;1;;;;1
13/05/2010;20:27:00;572;sem vítima;210,6999969482422;BR-101/SC;Norte;Saida de Pista;1;1;;;;;1
13/05/2010;17:58:00;516;sem vítima;617,5;BR-376/PR;Sul;Colisão Traseira;1;2;;;;;1
13/05/2010;06:55:00;127;sem vítima;625;BR-376/PR;Sul;Colisão Traseira;2;2;;;;;1
14/05/2010;22:27:00;625;sem vítima;66;BR-101/SC;Norte;Objeto lançado contra veículo;2;2;;;;;1
14/05/2010;22:22:00;623;sem vítima;80,30000305175781;BR-101/SC;Sul;Colisão Traseira;2;2;;;;;1
14/05/2010;23:03:00;638;com vítima;96,5;BR-116/PR;Norte;Atropelamento - Morador;2;2;;;;1;3
14/05/2010;12:00:00;283;sem vítima;97;BR-101/SC;Sul;Colisão Lateral;1;2;;;;;1
14/05/2010;20:05:00;554;sem vítima;124,9000015258789;BR-101/SC;Sul;Colisão Traseira;1;2;;;;;1
14/05/2010;08:55:00;189;sem vítima;130;BR-101/SC;Sul;Colisão Traseira;1;2;;;;;1
14/05/2010;15:37:00;416;sem vítima;671;BR-376/PR;Norte;Saida de Pista;1;2;;;;;1
14/05/2010;11:43:00;276;com vítima;671,5;BR-376/PR;Sul;Colisão Traseira;1;2;1;;;;1
14/05/2010;00:56:00;20;sem vítima;677;BR-376/PR;Sul;Saida de Pista;1;1;;;;;1
15/05/2010;08:00:00;155;sem vítima;26;BR-101/SC;Norte;Colisão Traseira;1;2;;;;;1
15/05/2010;09:18:00;190;sem vítima;98;BR-116/PR;Sul;Choque - Objeto sobre a pista;1;3;;;;;1
15/05/2010;12:20:00;257;sem vítima;127,5;BR-101/SC;Sul;Colisão Traseira;1;3;;;;;1
15/05/2010;15:37:00;354;sem vítima;188,39999389648438;BR-101/SC;Sul;Colisão Traseira;2;2;;;;;1
15/05/2010;20:18:00;460;sem vítima;680;BR-376/PR;Norte;Colisão Traseira;1;2;;;;;1
16/05/2010;10:00:00;199;sem vítima;208;BR-101/SC;Sul;Colisão Lateral;1;2;;;;;1
16/05/2010;08:49:00;176;sem vítima;221;BR-101/SC;Sul;Choque - Cancela de Pedagio;1;1;;;;;1
17/05/2010;19:32:00;391;sem vítima;9,800000190734863;BR-101/SC;Sul;Colisão Traseira;1;2;;;;;1
17/05/2010;07:58:00;117;sem vítima;57;BR-101/SC;Sul;Tombamento;1;1;;;;;1
17/05/2010;16:15:00;324;sem vítima;80;BR-101/SC;Norte;Choque - Cancela de Pedagio;1;1;;;;;1
17/05/2010;04:45:00;69;sem vítima;131,5;BR-101/SC;Norte;Colisão Traseira;1;2;;;;;1
17/05/2010;18:04:00;368;com vítima;132;BR-101/SC;Sul;Atropelamento - Morador;1;1;;;1;;2
17/05/2010;11:03:00;200;com vítima;152;BR-101/SC;Sul;Colisão Traseira;2;1;1;;;;1
17/05/2010;12:54:00;248;sem vítima;159,3000030517578;BR-101/SC;Norte;Choque - Cancela de Pedagio;1;1;;;;;1
17/05/2010;17:04:00;349;sem vítima;208,6999969482422;BR-101/SC;Sul;Colisão Lateral;1;2;;;;;1
17/05/2010;17:06:00;351;sem vítima;666;BR-376/PR;Norte;Colisão Traseira;1;2;;;;;1
17/05/2010;08:45:00;139;sem vítima;669,5;BR-376/PR;Norte;Colisão Lateral;1;3;;;;;1
18/05/2010;12:14:00;233;sem vítima;1,350000023841858;BR-101/SC;Sul;Choque - Cancela de Pedagio;1;1;;;;;1
18/05/2010;02:45:00;35;sem vítima;27;BR-101/SC;Sul;Choque - Defensa, barreira ou "submarino";1;1;;;;;1
18/05/2010;01:27:00;21;sem vítima;29;BR-101/SC;Norte;Colisão Traseira;2;2;;;;;1
18/05/2010;16:37:00;319;com vítima;80;BR-101/SC;Norte;Colisão Traseira;1;2;1;;;;1
18/05/2010;14:12:00;260;com vítima;113,4000015258789;BR-101/SC;Sul;Colisão Traseira;2;2;1;1;;;2
18/05/2010;21:26:00;438;com vítima;114;BR-101/SC;Norte;Saida de Pista;1;1;;;1;;2
18/05/2010;09:39:00;156;com vítima;120;BR-101/SC;Sul;Colisão Traseira;1;1;1;;;;1
18/05/2010;20:05:00;409;sem vítima;130;BR-101/SC;Norte;Saida de Pista;1;1;;;;;1
18/05/2010;07:14:00;100;sem vítima;131;BR-101/SC;Norte;Colisão Traseira;1;2;;;;;1
18/05/2010;07:30:00;104;sem vítima;194;BR-101/SC;Sul;Choque - Defensa, barreira ou "submarino";1;5;;;;;1
18/05/2010;03:38:00;43;sem vítima;209,39999389648438;BR-101/SC;Norte;Objeto lançado contra veículo;1;1;;;;;1
18/05/2010;03:38:00;44;sem vítima;209,39999389648438;BR-101/SC;Norte;Objeto lançado contra veículo;1;1;;;;;1
18/05/2010;23:39:00;482;sem vítima;220;BR-101/SC;Sul;Tombamento;1;1;;;;;1
18/05/2010;19:26:00;397;sem vítima;680,0999755859375;BR-376/PR;Norte;Choque - Defensa, barreira ou "submarino";1;1;;;;;1
19/05/2010;21:03:00;527;sem vítima;70,30000305175781;BR-101/SC;Sul;Colisão Traseira;1;2;;;;;1
19/05/2010;01:31:00;32;sem vítima;110,5;BR-116/PR;Sul;Colisão Traseira;2;2;;;;;1
19/05/2010;07:22:00;102;sem vítima;118;BR-101/SC;Sul;Colisão Lateral;2;2;;;;;1
19/05/2010;00:11:00;8;sem vítima;167;BR-101/SC;Sul;Colisão Traseira;1;2;;;;;1
19/05/2010;08:55:00;156;sem vítima;178,5;BR-101/SC;Sul;Tombamento;1;1;;;;;1
19/05/2010;18:38:00;450;sem vítima;206,8000030517578;BR-101/SC;Norte;Colisão Traseira;1;2;;;;;1
19/05/2010;02:11:00;37;com vítima;208;BR-101/SC;Sul;Engavetamento;1;2;1;;;;1
19/05/2010;18:55:00;460;sem vítima;208;BR-101/SC;Norte;Colisão Traseira;2;3;;;;;1
19/05/2010;21:28:00;536;sem vítima;222;BR-101/SC;Sul;Colisão Lateral;1;2;;;;;1
19/05/2010;19:50:00;487;sem vítima;676;BR-376/PR;Norte;Choque - Defensa, barreira ou "submarino";1;2;;;;;1
20/05/2010;08:15:00;163;sem vítima;42,20000076293945;BR-101/SC;Sul;Colisão Lateral;1;2;;;;;1
20/05/2010;18:13:00;490;sem vítima;80,4000015258789;BR-101/SC;Norte;Choque - Cancela de Pedagio;1;2;;;;;1
20/05/2010;18:53:00;507;sem vítima;80,4000015258789;BR-101/SC;Sul;Colisão Traseira;1;2;;;;;1
20/05/2010;12:39:00;300;sem vítima;83,5;BR-101/SC;Sul;Saida de Pista;1;1;;;;;1
20/05/2010;08:47:00;188;sem vítima;105,30000305175781;BR-116/PR;Sul;Saida de Pista;1;1;;;;;1
20/05/2010;01:25:00;34;sem vítima;111;BR-116/PR;Norte;Colisão Transversal;2;2;;;;;1
20/05/2010;08:09:00;155;sem vítima;111;BR-116/PR;Norte;Colisão Traseira;2;2;;;;;1
20/05/2010;18:16:00;491;sem vítima;159;BR-101/SC;Sul;Choque - Suporte de Sinalização;1;1;;;;;1
20/05/2010;12:01:00;285;sem vítima;165,39999389648438;BR-101/SC;Norte;Colisão Lateral;1;4;;;;;1
20/05/2010;01:22:00;31;sem vítima;670;BR-376/PR;Sul;Outros;1;1;;;;;1
20/05/2010;12:39:00;299;sem vítima;679,5999755859375;BR-376/PR;Norte;Choque - Defensa, barreira ou "submarino";1;1;;;;;1
21/05/2010;12:17:00;309;sem vítima;75,0999984741211;BR-101/SC;Sul;Colisão Traseira;1;2;;;;;1
21/05/2010;14:44:00;360;sem vítima;80;BR-101/SC;Sul;Choque - Cancela de Pedagio;1;1;;;;;1
21/05/2010;15:12:00;377;sem vítima;80;BR-101/SC;Norte;Choque - Outros;1;1;;;;;1
21/05/2010;16:18:00;417;sem vítima;80,30000305175781;BR-101/SC;Norte;Choque - Cancela de Pedagio;1;1;;;;;1
21/05/2010;21:08:00;529;sem vítima;84;BR-116/PR;Sul;Colisão Lateral;1;2;;;;;1
21/05/2010;12:58:00;322;sem vítima;116;BR-101/SC;Sul;Capotamento;1;2;;;;;1
21/05/2010;19:15:00;486;sem vítima;118,80000305175781;BR-101/SC;Sul;Colisão Traseira;1;2;;;;;1
21/05/2010;07:51:00;150;sem vítima;130,1999969482422;BR-101/SC;Sul;Colisão Lateral;1;2;;;;;1
21/05/2010;07:36:00;144;sem vítima;631,9000244140625;BR-376/PR;Norte;Saida de Pista;1;1;;;;;1
21/05/2010;13:13:00;325;sem vítima;634;BR-376/PR;Sul;Saida de Pista;1;1;;;;;1
21/05/2010;22:16:00;545;com vítima;662,7000122070312;BR-376/PR;Norte;Saida de Pista;1;0;1;;;;1
21/05/2010;18:57:00;482;sem vítima;667;BR-376/PR;Sul;Colisão Traseira;1;2;;;;;1
21/05/2010;12:11:00;307;sem vítima;672;BR-376/PR;Norte;Colisão Traseira;2;2;;;;;1
22/05/2010;21:11:00;454;sem vítima;1,350000023841858;BR-101/SC;Norte;Choque - Cancela de Pedagio;1;1;;;;;1
22/05/2010;15:18:00;303;sem vítima;50;BR-101/SC;Norte;Colisão Lateral;1;3;;;;;1
22/05/2010;15:25:00;312;sem vítima;53,79999923706055;BR-101/SC;Norte;Outros;1;1;;;;;1
22/05/2010;01:22:00;20;sem vítima;80,4000015258789;BR-101/SC;Sul;Choque - Defensa, barreira ou "submarino";1;1;;;;;1
22/05/2010;07:44:00;121;sem vítima;122,30000305175781;BR-101/SC;Sul;Colisão Lateral;1;2;;;;;1
22/05/2010;00:38:00;16;com vítima;161,89999389648438;BR-101/SC;Norte;Colisão Traseira;1;1;;1;;;2
22/05/2010;19:27:00;427;sem vítima;222;BR-101/SC;Sul;Choque - Cancela de Pedagio;1;1;;;;;1
22/05/2010;20:18:00;438;sem vítima;670,7999877929688;BR-376/PR;Norte;Saida de Pista;1;1;;;;;1
22/05/2010;09:32:00;175;sem vítima;672;BR-376/PR;Sul;Colisão Traseira;1;2;;;;;1
22/05/2010;10:44:00;207;sem vítima;674;BR-376/PR;Sul;Engavetamento;3;4;;;;;1
23/05/2010;18:08:00;383;sem vítima;78,80000305175781;BR-116/PR;Sul;Colisão Traseira;1;2;;;;;1
23/05/2010;11:47:00;207;sem vítima;80;BR-101/SC;Norte;Choque - Suporte de Sinalização;1;2;;;;;1
23/05/2010;10:05:00;181;sem vítima;159;BR-101/SC;Sul;Choque - Cancela de Pedagio;1;1;;;;;1
23/05/2010;15:37:00;301;sem vítima;201;BR-101/SC;Sul;Colisão Lateral;1;2;;;;;1
23/05/2010;13:37:00;244;sem vítima;218;BR-101/SC;Sul;Colisão Lateral;1;2;;;;;1
23/05/2010;01:17:00;22;sem vítima;222;BR-101/SC;Norte;Choque - Cancela de Pedagio;1;1;;;;;1
23/05/2010;17:12:00;375;sem vítima;666;BR-376/PR;Sul;Colisão Traseira;1;2;;;;;1
24/05/2010;06:47:00;104;sem vítima;160;BR-101/SC;Sul;Choque - Cancela de Pedagio;1;1;;;;;1
24/05/2010;17:13:00;378;sem vítima;208;BR-101/SC;Sul;Colisão Lateral;1;2;;;;;1
24/05/2010;16:14:00;349;sem vítima;654;BR-376/PR;Norte;Colisão Traseira;2;2;;;;;1
24/05/2010;05:41:00;91;sem vítima;670;BR-376/PR;Sul;Saida de Pista;1;1;;;;;1
25/05/2010;10:29:00;227;sem vítima;80;BR-101/SC;Norte;Choque - Cancela de Pedagio;1;2;;;;;1
25/05/2010;05:14:00;99;sem vítima;85,80000305175781;BR-116/PR;Sul;Colisão Traseira;1;2;;;;;1
25/05/2010;10:24:00;225;sem vítima;103,69999694824219;BR-116/PR;Norte;Colisão Lateral;1;2;;;;;1
25/05/2010;07:27:00;145;com vítima;110;BR-101/SC;Sul;Colisão Lateral;1;1;1;;;;1
25/05/2010;18:24:00;461;sem vítima;118,30000305175781;BR-101/SC;Norte;Colisão Traseira;1;4;;;;;1
25/05/2010;16:35:00;406;sem vítima;124;BR-101/SC;Sul;Colisão Traseira;2;2;;;;;1
25/05/2010;10:50:00;230;sem vítima;132,8000030517578;BR-101/SC;Sul;Colisão Traseira;2;2;;;;;1
25/05/2010;14:46:00;342;sem vítima;159;BR-101/SC;Sul;Choque - Cancela de Pedagio;1;1;;;;;1
25/05/2010;07:34:00;151;sem vítima;214;BR-101/SC;Norte;Colisão Lateral;1;2;;;;;1
25/05/2010;06:05:00;114;sem vítima;635,5;BR-376/PR;Norte;Colisão Traseira;1;2;;;;;1
25/05/2010;08:46:00;180;sem vítima;666,5;BR-376/PR;Sul;Tombamento;2;2;;;;;1
26/05/2010;17:37:00;467;sem vítima;79;BR-101/SC;Norte;Choque - Cancela de Pedagio;1;1;;;;;1
26/05/2010;14:22:00;360;sem vítima;80;BR-101/SC;Norte;Choque - Cancela de Pedagio;1;2;;;;;1
26/05/2010;18:06:00;479;sem vítima;80;BR-101/SC;Sul;Choque - Cancela de Pedagio;1;1;;;;;1
26/05/2010;00:45:00;24;sem vítima;80,5;BR-101/SC;Sul;Choque - Cancela de Pedagio;1;1;;;;;1
26/05/2010;03:54:00;76;sem vítima;113,69999694824219;BR-116/PR;Sul;Saida de Pista;1;1;;;;;1
26/05/2010;10:07:00;235;sem vítima;159;BR-101/SC;Norte;Choque - Cancela de Pedagio;1;1;;;;;1
26/05/2010;20:00:00;514;sem vítima;629;BR-376/PR;Norte;Tombamento;1;1;;;;;1
27/05/2010;17:09:00;365;sem vítima;80;BR-101/SC;Sul;Choque - Cancela de Pedagio;1;1;;;;;1
27/05/2010;04:17:00;64;sem vítima;112;BR-116/PR;Norte;Saida de Pista;1;1;;;;;1
27/05/2010;09:42:00;192;sem vítima;112,4000015258789;BR-101/SC;Norte;Colisão Lateral;2;2;;;;;1
27/05/2010;15:12:00;313;sem vítima;112,5999984741211;BR-116/PR;Norte;Engavetamento;1;3;;;;;1
27/05/2010;22:43:00;491;sem vítima;116;BR-101/SC;Norte;Choque - Outros;1;1;;;;;1
27/05/2010;16:12:00;346;sem vítima;124,4000015258789;BR-101/SC;Sul;Choque - Poste;1;2;;;;;1
27/05/2010;01:27:00;30;com vítima;182;BR-101/SC;Sul;Atropelamento - Sem Informação;1;1;;;;1;3
27/05/2010;10:10:00;202;sem vítima;221;BR-101/SC;Norte;Colisão Traseira;1;2;;;;;1
27/05/2010;21:50:00;473;com vítima;653,5;BR-376/PR;Norte;Tombamento;1;0;1;;;;1
27/05/2010;11:15:00;220;com vítima;668,2999877929688;BR-376/PR;Sul;Tombamento;1;0;1;;;;1
28/05/2010;01:15:00;20;com vítima;10;BR-101/SC;Sul;Colisão Traseira;1;1;;1;;;2
28/05/2010;20:31:00;506;sem vítima;47;BR-101/SC;Norte;Saida de Pista;1;2;;;;;1
28/05/2010;00:09:00;1;sem vítima;97,94999694824219;BR-116/PR;Norte;Colisão Traseira;2;2;;;;;1
28/05/2010;19:51:00;493;sem vítima;107,69999694824219;BR-116/PR;Sul;Engavetamento;3;5;;;;;1
28/05/2010;18:37:00;468;sem vítima;110;BR-116/PR;Norte;Saida de Pista;1;1;;;;;1
28/05/2010;16:06:00;392;sem vítima;120,5;BR-101/SC;Norte;Engavetamento;1;5;;;;;1
28/05/2010;17:12:00;430;sem vítima;159;BR-101/SC;Sul;Colisão Traseira;1;2;;;;;1
28/05/2010;19:40:00;492;sem vítima;159;BR-101/SC;Norte;Colisão Traseira;2;2;;;;;1
28/05/2010;11:29:00;260;sem vítima;176,60000610351562;BR-101/SC;Sul;Tombamento;1;1;;;;;1
28/05/2010;09:27:00;201;sem vítima;221;BR-101/SC;Norte;Choque - Defensa, barreira ou "submarino";1;1;;;;;1
28/05/2010;18:52:00;472;sem vítima;222;BR-101/SC;Sul;Colisão Lateral;2;2;;;;;1
28/05/2010;10:12:00;218;sem vítima;664,7999877929688;BR-376/PR;Sul;Colisão Lateral;1;1;;;;;1
29/05/2010;21:08:00;533;sem vítima;82;BR-101/SC;Sul;Choque - Cancela de Pedagio;1;1;;;;;1
29/05/2010;11:25:00;261;sem vítima;113,69999694824219;BR-116/PR;Norte;Engavetamento;2;3;;;;;1
29/05/2010;17:45:00;469;com vítima;118,69999694824219;BR-101/SC;Sul;Queda de Moto;1;2;1;;;;1
29/05/2010;08:49:00;190;sem vítima;222;BR-101/SC;Sul;Colisão Lateral;1;2;;;;;1
29/05/2010;23:17:00;569;sem vítima;635,5999755859375;BR-376/PR;Norte;Choque - Objeto sobre a pista;1;1;;;;;1
29/05/2010;07:41:00;150;sem vítima;666,5;BR-376/PR;Sul;Tombamento;1;1;;;;;1
29/05/2010;03:39:00;63;com vítima;673;BR-376/PR;Sul;Colisão Traseira;1;1;;1;1;;2
30/05/2010;12:07:00;232;sem vítima;56,20000076293945;BR-101/SC;Norte;Queda de Moto;1;3;;;;;1
30/05/2010;11:13:00;213;sem vítima;57;BR-101/SC;Sul;Choque - Defensa, barreira ou "submarino";1;2;;;;;1
30/05/2010;15:38:00;328;sem vítima;79;BR-101/SC;Sul;Choque - Cancela de Pedagio;1;1;;;;;1
30/05/2010;22:34:00;507;sem vítima;140,5;BR-101/SC;Sul;Saida de Pista;1;2;;;;;1
31/05/2010;10:31:00;223;sem vítima;1,350000023841858;BR-101/SC;Norte;Choque - Objeto sobre a pista;1;1;;;;;1
31/05/2010;14:25:00;326;sem vítima;53;BR-101/SC;Sul;Colisão Traseira;1;2;;;;;1
31/05/2010;10:40:00;226;sem vítima;75,30000305175781;BR-116/PR;Norte;Saida de Pista;1;1;;;;;1
31/05/2010;10:14:00;217;sem vítima;80;BR-101/SC;Sul;Choque - Cancela de Pedagio;1;1;;;;;1
31/05/2010;18:30:00;451;com vítima;205;BR-101/SC;Sul;Colisão Traseira;1;1;1;;1;;2
31/05/2010;06:22:00;88;sem vítima;218,5;BR-101/SC;Sul;Colisão Traseira;1;2;;;;;1
31/05/2010;16:10:00;378;sem vítima;221;BR-101/SC;Norte;Choque - Outros;1;1;;;;;1
31/05/2010;10:35:00;231;sem vítima;616,5999755859375;BR-376/PR;Norte;Objeto lançado contra veículo;1;2;;;;;1
31/05/2010;21:42:00;517;sem vítima;654,7999877929688;BR-376/PR;Norte;Colisão Traseira;1;2;;;;;1
01/06/2010;11:23:00;240;sem vítima;13,96399974822998;BR-101/SC;Norte;Choque - Defensa, barreira ou "submarino";1;1;;;;;1
01/06/2010;10:09:00;207;sem vítima;107,87000274658203;BR-116/PR;Sul;Saida de Pista;1;1;;;;;1
01/06/2010;16:05:00;343;sem vítima;114,93800354003906;BR-101/SC;Norte;Colisão Traseira;1;2;;;;;1
01/06/2010;01:25:00;39;com vítima;124,92900085449219;BR-101/SC;Sul;Colisão Traseira;1;1;;1;;;2
01/06/2010;08:37:00;173;sem vítima;140,93899536132812;BR-101/SC;Sul;Colisão Lateral;1;2;;;;;1
01/06/2010;14:59:00;308;sem vítima;157,49400329589844;BR-101/SC;Norte;Objeto lançado contra veículo;1;1;;;;;1
01/06/2010;12:29:00;266;com vítima;184,98399353027344;BR-101/SC;Norte;Colisão Frontal;1;0;1;;;1;3
01/06/2010;15:18:00;321;sem vítima;203,08799743652344;BR-101/SC;Norte;Colisão Traseira;2;2;;;;;1
01/06/2010;12:27:00;264;sem vítima;650,3150024414062;BR-376/PR;Norte;Tombamento;1;1;;;;;1
01/06/2010;12:16:00;259;sem vítima;659,177001953125;BR-376/PR;Sul;Colisão Traseira;2;2;;;;;1
01/06/2010;00:08:00;1;sem vítima;661,5349731445312;BR-376/PR;Norte;Colisão Traseira;2;2;;;;;1
02/06/2010;05:57:00;106;sem vítima;1,3489999771118164;BR-101/SC;Norte;Colisão Traseira;2;2;;;;;1
02/06/2010;18:44:00;462;sem vítima;39,827999114990234;BR-101/SC;Sul;Colisão Traseira;2;2;;;;;1
02/06/2010;05:18:00;95;sem vítima;74,63300323486328;BR-116/PR;Sul;Saida de Pista;1;2;;;;;1
02/06/2010;10:09:00;211;sem vítima;105,46499633789062;BR-116/PR;Norte;Colisão Lateral;1;2;;;;;1
02/06/2010;10:36:00;226;sem vítima;116,76899719238281;BR-101/SC;Norte;Colisão Traseira;2;2;;;;;1
02/06/2010;10:16:00;216;sem vítima;129,10299682617188;BR-101/SC;Norte;Tombamento;1;2;;;;;1
02/06/2010;05:54:00;105;sem vítima;133,5800018310547;BR-101/SC;Sul;Choque - Defensa, barreira ou "submarino";2;3;;;;;1
02/06/2010;19:02:00;472;com vítima;210,4810028076172;BR-101/SC;Norte;Colisão Lateral;1;2;1;;;;1
02/06/2010;01:33:00;33;sem vítima;219,96499633789062;BR-101/SC;Sul;Choque - Cancela de Pedagio;1;1;;;;;1
02/06/2010;20:26:00;495;sem vítima;634,8309936523438;BR-376/PR;Sul;Colisão Traseira;2;2;;;;;1
02/06/2010;12:18:00;269;sem vítima;678,6669921875;BR-376/PR;Norte;Objeto lançado contra veículo;1;1;;;;;1
03/06/2010;16:41:00;369;sem vítima;79,61799621582031;BR-101/SC;Sul;Choque - Cancela de Pedagio;1;1;;;;;1
03/06/2010;08:00:00;124;sem vítima;198,66700744628906;BR-101/SC;Sul;Outros;1;1;;;;;1
03/06/2010;12:00:00;211;sem vítima;219,96499633789062;BR-101/SC;Norte;Choque - Cancela de Pedagio;1;1;;;;;1
03/06/2010;08:56:00;136;sem vítima;665,52099609375;BR-376/PR;Norte;Engavetamento;1;4;;;;;1
04/06/2010;07:40:00;99;sem vítima;1,3489999771118164;BR-101/SC;Sul;Choque - Cancela de Pedagio;1;1;;;;;1
04/06/2010;16:57:00;307;sem vítima;21,22599983215332;BR-101/SC;Norte;Capotamento;1;2;;;;;1
04/06/2010;07:12:00;91;sem vítima;33,0629997253418;BR-101/SC;Sul;Colisão Lateral;2;3;;;;;1
04/06/2010;12:24:00;204;com vítima;84,59100341796875;BR-101/SC;Norte;Colisão Traseira;2;1;1;;;;1
04/06/2010;22:15:00;406;com vítima;119,8270034790039;BR-101/SC;Norte;Tombamento;1;0;1;;;;1
04/06/2010;23:50:00;433;sem vítima;157,2449951171875;BR-101/SC;Sul;Choque - Outros;1;1;;;;;1