data;horario;n_da_ocorrencia;tipo_de_ocorrencia;km;trecho;sentido;tipo_de_acidente;caminhao;ilesos;levemente_feridos;moderadamente_feridos;gravemente_feridos;mortos;3
08/09/2010;05:51:00;55;sem vítima;121;BR-101/SC;Sul;Choque - Defensa, barreira ou "submarino";1;1;;;;;1
08/09/2010;14:45:00;325;sem vítima;144,5;BR-101/SC;Sul;Engavetamento;1;2;;;;;1
08/09/2010;08:01:00;91;sem vítima;157;BR-101/SC;Norte;Engavetamento;1;3;;;;;1
08/09/2010;17:10:00;401;sem vítima;157;BR-101/SC;Sul;Engavetamento;1;3;;;;;1
08/09/2010;10:35:00;181;sem vítima;626;BR-376/PR;Norte;Colisão Traseira;1;2;;;;;1
08/09/2010;15:16:00;344;sem vítima;664;BR-376/PR;Norte;Colisão Traseira;1;3;;;;;1
08/09/2010;11:22:00;213;sem vítima;665,7999877929688;BR-376/PR;Sul;Colisão Lateral;1;2;;;;;1
08/09/2010;23:11:00;569;sem vítima;667,5;BR-376/PR;Norte;Colisão Traseira;1;2;;;;;1
08/09/2010;13:54:00;306;sem vítima;668;BR-376/PR;Sul;Saida de Pista;1;1;;;;;1
09/09/2010;14:52:00;340;com vítima;27;BR-101/SC;Sul;Atropelamento - Ciclista;1;1;;1;;;2
09/09/2010;16:56:00;406;sem vítima;34,5;BR-101/SC;Sul;Colisão Traseira;1;2;;;;;1
09/09/2010;13:01:00;290;sem vítima;53;BR-101/SC;Norte;Colisão Traseira;1;2;;;;;1
09/09/2010;14:07:00;321;sem vítima;53;BR-101/SC;Norte;Colisão Lateral;2;2;;;;;1
09/09/2010;01:50:00;32;sem vítima;72,19999694824219;BR-101/SC;Norte;Tombamento;1;1;;;;;1
09/09/2010;21:07:00;514;sem vítima;79;BR-101/SC;Sul;Choque - Cancela de Pedagio;1;1;;;;;1
09/09/2010;09:03:00;184;sem vítima;90,30000305175781;BR-116/PR;Sul;Choque - Suporte de Sinalização;1;1;;;;;1
09/09/2010;14:44:00;337;sem vítima;114;BR-101/SC;Norte;Colisão Lateral;1;2;;;;;1
09/09/2010;18:12:00;447;sem vítima;206;BR-101/SC;Sul;Colisão Lateral;1;2;;;;;1
09/09/2010;11:22:00;242;sem vítima;666,2000122070312;BR-376/PR;Norte;Saida de Pista;1;2;;;;;1
10/09/2010;07:58:00;165;sem vítima;10;BR-101/SC;Sul;Saida de Pista;1;1;;;;;1
10/09/2010;01:05:00;23;sem vítima;94,30000305175781;BR-116/PR;Sul;Colisão Traseira;2;2;;;;;1
10/09/2010;23:16:00;593;sem vítima;111,4000015258789;BR-116/PR;Norte;Tombamento;1;1;;;;;1
10/09/2010;17:16:00;449;sem vítima;113,5;BR-101/SC;Sul;Choque - Defensa, barreira ou "submarino";1;1;;;;;1
10/09/2010;17:03:00;443;sem vítima;205;BR-101/SC;Sul;Engavetamento;2;3;;;;;1
10/09/2010;13:47:00;336;sem vítima;208;BR-101/SC;Sul;Colisão Lateral;1;2;;;;;1
10/09/2010;17:20:00;452;sem vítima;211,5;BR-101/SC;Norte;Colisão Traseira;1;2;;;;;1
10/09/2010;12:11:00;278;sem vítima;623;BR-376/PR;Sul;Tombamento;1;1;;;;;1
10/09/2010;09:38:00;211;com vítima;645;BR-376/PR;Norte;Colisão Lateral;1;1;1;;;;1
10/09/2010;18:38:00;477;sem vítima;662;BR-376/PR;Sul;Saida de Pista;1;1;;;;;1
11/09/2010;08:14:00;204;sem vítima;80;BR-101/SC;Sul;Choque - Cancela de Pedagio;1;1;;;;;1
11/09/2010;09:16:00;250;com vítima;121;BR-101/SC;Sul;Colisão Traseira;1;1;;1;;;2
11/09/2010;11:59:00;337;sem vítima;157,3000030517578;BR-101/SC;Sul;Choque - Cancela de Pedagio;1;1;;;;;1
11/09/2010;15:16:00;400;sem vítima;207;BR-101/SC;Norte;Colisão Traseira;1;2;;;;;1
11/09/2010;14:42:00;387;sem vítima;635;BR-376/PR;Norte;Choque - Suporte de Sinalização;1;1;;;;;1
12/09/2010;17:15:00;357;sem vítima;151;BR-101/SC;Sul;Choque - Defensa, barreira ou "submarino";1;1;;;;;1
12/09/2010;14:28:00;263;sem vítima;221;BR-101/SC;Sul;Choque - Cancela de Pedagio;1;1;;;;;1
12/09/2010;15:10:00;288;com vítima;668,2999877929688;BR-376/PR;Sul;Tombamento;1;0;;;1;;2
13/09/2010;14:16:00;287;sem vítima;1,350000023841858;BR-101/SC;Sul;Colisão Traseira;2;2;;;;;1
13/09/2010;19:05:00;459;sem vítima;66;BR-101/SC;Sul;Colisão Traseira;1;2;;;;;1
13/09/2010;20:12:00;482;sem vítima;111,5999984741211;BR-116/PR;Norte;Colisão Lateral;1;2;;;;;1
13/09/2010;09:14:00;171;sem vítima;139,6999969482422;BR-101/SC;Sul;Colisão Lateral;1;3;;;;;1
13/09/2010;19:22:00;464;sem vítima;196;BR-101/SC;Sul;Objeto lançado contra veículo;1;2;;;;;1
13/09/2010;19:36:00;470;sem vítima;208;BR-101/SC;Sul;Engavetamento;1;2;;;;;1
13/09/2010;16:49:00;386;com vítima;668;BR-376/PR;Sul;Tombamento;1;0;;1;;;2
14/09/2010;03:06:00;37;sem vítima;1,2999999523162842;BR-101/SC;Sul;Choque - Defensa, barreira ou "submarino";1;1;;;;;1
14/09/2010;12:44:00;260;sem vítima;33,5;BR-101/SC;Sul;Colisão Traseira;1;2;;;;;1
14/09/2010;07:09:00;100;sem vítima;33,79999923706055;BR-101/SC;Sul;Colisão Lateral;1;2;;;;;1
14/09/2010;21:19:00;472;sem vítima;79;BR-101/SC;Norte;Choque - Cancela de Pedagio;1;1;;;;;1
14/09/2010;13:18:00;278;sem vítima;80;BR-101/SC;Sul;Choque - Cancela de Pedagio;1;1;;;;;1
14/09/2010;10:40:00;209;sem vítima;83;BR-101/SC;Sul;Choque - Cancela de Pedagio;1;2;;;;;1
14/09/2010;14:34:00;304;sem vítima;141,5;BR-101/SC;Norte;Colisão Lateral;1;2;;;;;1
14/09/2010;10:45:00;210;sem vítima;221;BR-101/SC;Sul;Choque - Cancela de Pedagio;1;1;;;;;1
14/09/2010;19:58:00;448;sem vítima;626;BR-376/PR;Norte;Colisão Traseira;1;2;;;;;1
15/09/2010;19:41:00;497;com vítima;57;BR-101/SC;Norte;Engavetamento;4;6;1;;;;1
15/09/2010;10:27:00;248;sem vítima;58;BR-101/SC;Sul;Objeto lançado contra veículo;1;2;;;;;1
15/09/2010;20:03:00;506;com vítima;63,5;BR-101/SC;Norte;Atropelamento - Andarilho;1;1;;;;1;3
15/09/2010;22:54:00;556;sem vítima;79;BR-101/SC;Norte;Choque - Cancela de Pedagio;1;1;;;;;1
15/09/2010;10:05:00;231;sem vítima;95;BR-101/SC;Norte;Choque - Defensa, barreira ou "submarino";2;2;;;;;1
15/09/2010;23:08:00;560;sem vítima;106,0999984741211;BR-116/PR;Sul;Tombamento;3;3;;;;;1
15/09/2010;13:41:00;321;sem vítima;134,3000030517578;BR-101/SC;Norte;Choque - Objeto sobre a pista;1;3;;;;;1
15/09/2010;14:25:00;335;sem vítima;216,6999969482422;BR-101/SC;Norte;Colisão Lateral;1;2;;;;;1
15/09/2010;23:56:00;580;com vítima;679,7000122070312;BR-376/PR;Sul;Saida de Pista;1;1;1;;;;1
16/09/2010;18:06:00;438;sem vítima;1,350000023841858;BR-101/SC;Sul;Colisão Traseira;1;2;;;;;1
16/09/2010;20:41:00;498;sem vítima;1,350000023841858;BR-101/SC;Sul;Choque - Cancela de Pedagio;1;1;;;;;1
16/09/2010;05:50:00;90;com vítima;29;BR-101/SC;Norte;Colisão Lateral;1;1;;1;;;2
16/09/2010;00:42:00;14;sem vítima;37,099998474121094;BR-101/SC;Sul;Tombamento;1;1;;;;;1
16/09/2010;07:36:00;124;sem vítima;42;BR-101/SC;Norte;Colisão Lateral;1;2;;;;;1
16/09/2010;12:36:00;273;sem vítima;47;BR-101/SC;Norte;Colisão Traseira;2;2;;;;;1
16/09/2010;06:40:00;99;sem vítima;80;BR-101/SC;Sul;Choque - Cancela de Pedagio;1;1;;;;;1
16/09/2010;06:18:00;93;com vítima;84,5999984741211;BR-116/PR;Norte;Saida de Pista;1;0;;1;;;2
16/09/2010;15:37:00;367;sem vítima;86,0999984741211;BR-116/PR;Norte;Colisão Traseira;2;2;;;;;1
16/09/2010;11:25:00;245;sem vítima;90;BR-101/SC;Norte;Colisão Traseira;1;2;;;;;1
16/09/2010;07:21:00;117;sem vítima;92,80000305175781;BR-116/PR;Norte;Capotamento;1;2;;;;;1
16/09/2010;00:30:00;10;com vítima;93;BR-116/PR;Sul;Choque - Defensa, barreira ou "submarino";1;1;1;;;;1
16/09/2010;11:03:00;238;sem vítima;100,5999984741211;BR-116/PR;Sul;Colisão Traseira;3;3;;;;;1
16/09/2010;14:58:00;347;sem vítima;107,19999694824219;BR-116/PR;Sul;Colisão Traseira;1;2;;;;;1
16/09/2010;18:46:00;457;sem vítima;204;BR-101/SC;Sul;Colisão Traseira;1;2;;;;;1
16/09/2010;06:11:00;92;sem vítima;216;BR-101/SC;Sul;Capotamento;1;2;;;;;1
16/09/2010;18:23:00;447;sem vítima;616,5;BR-376/PR;Sul;Colisão Lateral;1;2;;;;;1
16/09/2010;11:55:00;257;com vítima;660;BR-376/PR;Norte;Engavetamento;5;7;1;;;;1
17/09/2010;18:18:00;474;sem vítima;0,20000000298023224;BR-101/SC;Norte;Choque - Suporte de Sinalização;1;1;;;;;1
17/09/2010;17:44:00;461;sem vítima;1,350000023841858;BR-101/SC;Norte;Choque - Cancela de Pedagio;1;1;;;;;1
17/09/2010;11:51:00;286;sem vítima;49;BR-101/SC;Norte;Objeto lançado contra veículo;1;1;;;;;1
17/09/2010;14:50:00;365;sem vítima;79;BR-101/SC;Sul;Choque - Cancela de Pedagio;1;1;;;;;1
17/09/2010;18:05:00;465;sem vítima;79;BR-101/SC;Norte;Colisão Traseira;1;1;;;;;1
17/09/2010;19:11:00;495;sem vítima;79;BR-101/SC;Norte;Choque - Cancela de Pedagio;2;2;;;;;1
17/09/2010;22:18:00;558;sem vítima;104;BR-116/PR;Sul;Colisão Traseira;1;2;;;;;1
17/09/2010;01:21:00;35;sem vítima;111,69999694824219;BR-101/SC;Sul;Colisão Traseira;2;2;;;;;1
17/09/2010;04:25:00;88;sem vítima;133,5;BR-101/SC;Norte;Choque - Objeto sobre a pista;1;1;;;;;1
17/09/2010;04:05:00;74;sem vítima;167,6999969482422;BR-101/SC;Sul;Colisão Lateral;1;3;;;;;1
17/09/2010;14:42:00;363;com vítima;168;BR-101/SC;Norte;Objeto lançado contra veículo;1;1;1;;;;1
17/09/2010;16:50:00;427;sem vítima;201;BR-101/SC;Norte;Engavetamento;2;4;;;;;1
17/09/2010;16:23:00;410;sem vítima;202,1999969482422;BR-101/SC;Norte;Choque - Defensa, barreira ou "submarino";1;1;;;;;1
17/09/2010;17:37:00;454;sem vítima;217;BR-101/SC;Norte;Saida de Pista;1;2;;;;;1
19/09/2010;12:26:00;221;sem vítima;79;BR-101/SC;Sul;Choque - Defensa, barreira ou "submarino";1;1;;;;;1
19/09/2010;08:56:00;150;sem vítima;157;BR-101/SC;Norte;Choque - Cancela de Pedagio;1;1;;;;;1
19/09/2010;20:25:00;428;sem vítima;643,5999755859375;BR-376/PR;Norte;Colisão Traseira;1;4;;;;;1
20/09/2010;07:28:00;99;sem vítima;1,350000023841858;BR-101/SC;Norte;Choque - Cancela de Pedagio;1;1;;;;;1
20/09/2010;06:43:00;81;sem vítima;6;BR-101/SC;Sul;Tombamento;1;1;;;;;1
20/09/2010;07:36:00;103;sem vítima;25;BR-101/SC;Sul;Colisão Lateral;1;2;;;;;1
20/09/2010;12:44:00;226;sem vítima;46,5;BR-101/SC;Sul;Engavetamento;1;4;;;;;1
20/09/2010;19:10:00;391;sem vítima;94,30000305175781;BR-116/PR;Norte;Colisão Traseira;2;2;;;;;1
20/09/2010;09:30:00;158;sem vítima;103,5;BR-101/SC;Norte;Engavetamento;2;3;;;;;1
20/09/2010;15:43:00;283;sem vítima;111,4000015258789;BR-116/PR;Sul;Colisão Traseira;2;2;;;;;1
20/09/2010;11:11:00;188;sem vítima;124;BR-101/SC;Norte;Engavetamento;1;3;;;;;1
20/09/2010;16:02:00;306;sem vítima;157;BR-101/SC;Sul;Choque - Defensa, barreira ou "submarino";1;1;;;;;1
20/09/2010;08:55:00;138;sem vítima;186;BR-101/SC;Sul;Engavetamento;1;3;;;;;1
20/09/2010;16:43:00;326;com vítima;197;BR-101/SC;Sul;Colisão Traseira;1;1;2;;;;1
20/09/2010;18:48:00;383;sem vítima;216;BR-101/SC;Sul;Colisão Traseira;1;2;;;;;1
20/09/2010;08:38:00;130;com vítima;655,5999755859375;BR-376/PR;Norte;Capotamento;1;1;;;1;;2
20/09/2010;09:50:00;162;sem vítima;679,4000244140625;BR-376/PR;Sul;Engavetamento;1;4;;;;;1
21/09/2010;11:22:00;200;com vítima;14,899999618530273;BR-101/SC;Norte;Capotamento;1;1;1;1;;;2
21/09/2010;05:11:00;73;sem vítima;19,600000381469727;BR-101/SC;Sul;Tombamento;1;2;;;;;1
21/09/2010;07:13:00;100;com vítima;79,30000305175781;BR-101/SC;Sul;Choque - Defensa, barreira ou "submarino";1;1;1;;;;1
21/09/2010;04:00:00;53;sem vítima;90,4000015258789;BR-116/PR;Norte;Choque - Defensa, barreira ou "submarino";1;1;;;;;1
21/09/2010;07:50:00;111;sem vítima;107,9000015258789;BR-116/PR;Sul;Colisão Lateral;1;2;;;;;1
21/09/2010;06:30:00;93;sem vítima;118;BR-101/SC;Sul;Colisão Traseira;1;2;;;;;1
21/09/2010;10:47:00;181;com vítima;139,5;BR-101/SC;Sul;Colisão Traseira;1;4;1;;;;1
21/09/2010;10:16:00;169;com vítima;210;BR-101/SC;Sul;Engavetamento;1;2;1;;;;1
21/09/2010;15:38:00;305;sem vítima;220;BR-101/SC;Sul;Colisão Traseira;1;3;;;;;1
21/09/2010;08:03:00;113;sem vítima;664;BR-376/PR;Sul;Saida de Pista;1;1;;;;;1
22/09/2010;15:09:00;357;sem vítima;79;BR-101/SC;Norte;Choque - Cancela de Pedagio;1;1;;;;;1
22/09/2010;19:14:00;456;sem vítima;79;BR-101/SC;Norte;Choque - Cancela de Pedagio;1;1;;;;;1
22/09/2010;14:54:00;347;sem vítima;111,5999984741211;BR-116/PR;Norte;Colisão Lateral;1;2;;;;;1
22/09/2010;15:42:00;367;sem vítima;129;BR-101/SC;Norte;Queda de Moto;1;2;;;;;1
22/09/2010;16:52:00;393;sem vítima;157;BR-101/SC;Sul;Colisão Traseira;1;2;;;;;1
22/09/2010;12:54:00;310;sem vítima;159;BR-101/SC;Norte;Choque - Suporte de Sinalização;1;1;;;;;1
22/09/2010;11:15:00;266;sem vítima;221;BR-101/SC;Sul;Choque - Cancela de Pedagio;2;2;;;;;1
22/09/2010;23:30:00;543;sem vítima;635;BR-376/PR;Sul;Choque - Objeto sobre a pista;2;3;;;;;1
23/09/2010;09:39:00;209;sem vítima;4,5;BR-101/SC;Norte;Colisão Lateral;1;2;;;;;1
23/09/2010;10:55:00;249;sem vítima;36;BR-101/SC;Sul;Objeto lançado contra veículo;3;4;;;;;1
23/09/2010;05:28:00;94;com vítima;40;BR-101/SC;Sul;Choque - Defensa, barreira ou "submarino";1;5;;1;;;2
23/09/2010;18:37:00;440;sem vítima;104,5;BR-116/PR;Sul;Colisão Traseira;2;2;;;;;1
23/09/2010;16:25:00;390;sem vítima;106;BR-101/SC;Sul;Colisão Lateral;1;2;;;;;1
23/09/2010;14:42:00;351;sem vítima;118;BR-101/SC;Norte;Colisão Traseira;2;2;;;;;1
23/09/2010;15:52:00;378;sem vítima;141;BR-101/SC;Sul;Saida de Pista;1;1;;;;;1
23/09/2010;14:39:00;350;com vítima;216;BR-101/SC;Norte;Colisão Lateral;1;1;1;;;;1
23/09/2010;22:34:00;520;sem vítima;648,4000244140625;BR-376/PR;Norte;Saida de Pista;1;1;;;;;1
24/09/2010;04:45:00;63;sem vítima;10;BR-101/SC;Sul;Choque - Objeto sobre a pista;1;1;;;;;1
24/09/2010;16:48:00;374;sem vítima;45;BR-101/SC;Sul;Tombamento;1;1;;;;;1
24/09/2010;07:17:00;112;sem vítima;82;BR-101/SC;Sul;Choque - Objeto sobre a pista;1;1;;;;;1
24/09/2010;14:59:00;324;sem vítima;107,4000015258789;BR-116/PR;Sul;Engavetamento;2;4;;;;;1
24/09/2010;02:45:00;36;com vítima;113;BR-101/SC;Norte;Colisão Traseira;1;2;;2;;;2
24/09/2010;15:07:00;330;sem vítima;199;BR-101/SC;Sul;Saida de Pista;1;1;;;;;1
24/09/2010;02:22:00;32;sem vítima;653,5;BR-376/PR;Sul;Choque - Talude;1;1;;;;;1
24/09/2010;02:05:00;29;com vítima;668;BR-376/PR;Sul;Saida de Pista;1;0;;;1;;2
25/09/2010;16:25:00;379;sem vítima;146;BR-101/SC;Norte;Colisão Lateral;1;2;;;;;1
25/09/2010;04:43:00;63;sem vítima;615;BR-376/PR;Norte;Choque - Outros;1;1;;;;;1
25/09/2010;20:41:00;471;com vítima;616,5;BR-376/PR;Sul;Engavetamento;2;4;2;;;;1
25/09/2010;21:41:00;494;sem vítima;665;BR-376/PR;Norte;Tombamento;1;1;;;;;1
25/09/2010;05:30:00;75;sem vítima;665,7000122070312;BR-376/PR;Sul;Choque - Defensa, barreira ou "submarino";1;1;;;;;1
25/09/2010;10:27:00;214;sem vítima;668,5;BR-376/PR;Sul;Tombamento;2;4;;;;;1
26/09/2010;20:14:00;401;com vítima;47;BR-101/SC;Norte;Colisão Lateral;1;1;1;;;;1
26/09/2010;07:34:00;117;com vítima;102;BR-116/PR;Sul;Tombamento;1;0;;;;1;3
26/09/2010;09:47:00;163;com vítima;118;BR-101/SC;Norte;Choque - Outros;1;2;;1;;;2
26/09/2010;11:18:00;199;sem vítima;157;BR-101/SC;Norte;Choque - Defensa, barreira ou "submarino";1;2;;;;;1
26/09/2010;11:06:00;197;sem vítima;635;BR-376/PR;Sul;Choque - Objeto sobre a pista;1;1;;;;;1
27/09/2010;11:03:00;202;sem vítima;141;BR-101/SC;Sul;Colisão Traseira;1;2;;;;;1
27/09/2010;07:40:00;132;com vítima;163;BR-101/SC;Sul;Engavetamento;1;4;1;1;;;2
27/09/2010;06:11:00;84;com vítima;168;BR-101/SC;Sul;Tombamento;1;0;1;;;;1
27/09/2010;13:30:00;271;sem vítima;196;BR-101/SC;Sul;Colisão Lateral;1;2;;;;;1
27/09/2010;09:01:00;162;sem vítima;199;BR-101/SC;Sul;Engavetamento;2;3;;;;;1
27/09/2010;16:17:00;347;sem vítima;219;BR-101/SC;Sul;Choque - Cancela de Pedagio;1;1;;;;;1
27/09/2010;19:58:00;403;sem vítima;638,5999755859375;BR-376/PR;Sul;Colisão Traseira;1;2;;;;;1
28/09/2010;03:14:00;49;sem vítima;2,700000047683716;BR-101/SC;Norte;Tombamento;1;1;;;;;1
28/09/2010;09:50:00;196;sem vítima;5;BR-101/SC;Sul;Colisão Traseira;1;2;;;;;1
28/09/2010;15:31:00;344;sem vítima;671,5;BR-376/PR;Sul;Colisão Traseira;1;2;;;;;1
29/09/2010;11:40:00;258;sem vítima;14,5;BR-101/SC;Norte;Choque - Objeto sobre a pista;1;1;;;;;1
29/09/2010;17:34:00;416;sem vítima;79,19999694824219;BR-116/PR;Sul;Saida de Pista;2;2;;;;;1
29/09/2010;10:46:00;239;sem vítima;140;BR-101/SC;Norte;Capotamento;1;5;;;;;1
29/09/2010;08:09:00;145;sem vítima;209;BR-101/SC;Sul;Colisão Lateral;1;2;;;;;1
29/09/2010;21:52:00;530;sem vítima;674;BR-376/PR;Norte;Engavetamento;2;3;;;;;1
30/09/2010;16:06:00;391;sem vítima;46;BR-101/SC;Sul;Colisão Traseira;2;2;;;;;1
30/09/2010;12:09:00;295;sem vítima;91,5;BR-116/PR;Sul;Colisão Traseira;1;2;;;;;1
30/09/2010;21:41:00;527;sem vítima;111,4000015258789;BR-101/SC;Sul;Choque - Objeto sobre a pista;1;2;;;;;1
30/09/2010;19:42:00;486;com vítima;144;BR-101/SC;Sul;Atropelamento - Ambulante;1;1;;;;1;3
30/09/2010;12:29:00;306;com vítima;205,5;BR-101/SC;Sul;Queda de Moto;1;5;1;;;;1
30/09/2010;11:25:00;271;com vítima;208;BR-101/SC;Sul;Colisão Traseira;1;2;1;;;;1
30/09/2010;11:28:00;272;sem vítima;621;BR-376/PR;Norte;Objeto lançado contra veículo;1;1;;;;;1
01/10/2010;01:07:00;52;sem vítima;1,350000023841858;BR-101/SC;Norte;Choque - Cancela de Pedagio;1;1;;;;;1
01/10/2010;11:15:00;240;sem vítima;90,9000015258789;BR-116/PR;Sul;Saida de Pista;1;1;;;;;1
01/10/2010;07:26:00;118;sem vítima;203;BR-101/SC;Sul;Colisão Traseira;1;2;;;;;1
01/10/2010;18:41:00;427;sem vítima;205,5;BR-101/SC;Sul;Colisão Lateral;1;2;;;;;1
01/10/2010;17:51:00;404;com vítima;213;BR-101/SC;Sul;Engavetamento;2;6;2;;;;1
01/10/2010;22:00:00;514;sem vítima;668;BR-376/PR;Sul;Colisão Traseira;1;2;;;;;1
02/10/2010;05:18:00;78;sem vítima;19,799999237060547;BR-101/SC;Sul;Saida de Pista;1;1;;;;;1
02/10/2010;09:10:00;149;com vítima;26;BR-101/SC;Norte;Colisão Lateral;1;1;1;;;;1
02/10/2010;10:45:00;191;sem vítima;101,69999694824219;BR-116/PR;Sul;Colisão Traseira;2;2;;;;;1
02/10/2010;14:50:00;277;sem vítima;104;BR-101/SC;Norte;Tombamento;1;2;;;;;1
02/10/2010;11:29:00;209;sem vítima;112;BR-101/SC;Norte;Colisão Lateral;1;2;;;;;1
02/10/2010;10:00:00;168;sem vítima;204;BR-101/SC;Norte;Colisão Lateral;1;2;;;;;1
02/10/2010;05:04:00;73;sem vítima;207;BR-101/SC;Sul;Colisão Traseira;1;2;;;;;1
02/10/2010;14:41:00;268;sem vítima;660;BR-376/PR;Norte;Colisão Traseira;1;2;;;;;1
02/10/2010;16:48:00;319;sem vítima;668,5999755859375;BR-376/PR;Norte;Colisão Lateral;1;2;;;;;1
02/10/2010;17:41:00;340;sem vítima;679;BR-376/PR;Sul;Colisão Lateral;1;2;;;;;1
03/10/2010;07:00:00;97;sem vítima;1,399999976158142;BR-101/SC;Sul;Colisão Lateral;1;2;;;;;1
03/10/2010;02:24:00;27;sem vítima;76,30000305175781;BR-116/PR;Sul;Tombamento;1;1;;;;;1
03/10/2010;04:50:00;62;com vítima;100,5;BR-101/SC;Sul;Choque - Defensa, barreira ou "submarino";1;0;1;;;;1
03/10/2010;23:43:00;454;sem vítima;138,3000030517578;BR-101/SC;Norte;Choque - Defensa, barreira ou "submarino";1;1;;;;;1
03/10/2010;08:15:00;128;sem vítima;219,6999969482422;BR-101/SC;Norte;Choque - Cancela de Pedagio;1;1;;;;;1
03/10/2010;15:02:00;272;sem vítima;675;BR-376/PR;Norte;Colisão Lateral;1;2;;;;;1
04/10/2010;14:42:00;299;sem vítima;1,350000023841858;BR-101/SC;Norte;Choque - Suporte de Sinalização;1;1;;;;;1
04/10/2010;21:53:00;456;sem vítima;20;BR-101/SC;Norte;Colisão Lateral;1;3;;;;;1
04/10/2010;06:44:00;85;sem vítima;215,6999969482422;BR-101/SC;Norte;Colisão Traseira;1;2;;;;;1
04/10/2010;09:08:00;161;sem vítima;668;BR-376/PR;Sul;Colisão Lateral;1;2;;;;;1
04/10/2010;02:00:00;27;com vítima;668,0999755859375;BR-376/PR;Sul;Tombamento;1;0;1;;;;1
05/10/2010;07:31:00;148;com vítima;9;BR-101/SC;Norte;Colisão Lateral;1;3;;1;;;2
05/10/2010;18:13:00;447;sem vítima;98;BR-116/PR;Norte;Objeto lançado contra veículo;1;1;;;;;1
05/10/2010;10:15:00;241;sem vítima;102;BR-116/PR;Sul;Colisão Traseira;2;2;;;;;1
05/10/2010;09:20:00;223;sem vítima;140,10000610351562;BR-101/SC;Sul;Choque - Defensa, barreira ou "submarino";1;1;;;;;1
05/10/2010;08:41:00;190;sem vítima;207;BR-101/SC;Sul;Colisão Traseira;1;4;;;;;1
05/10/2010;19:36:00;495;sem vítima;208;BR-101/SC;Sul;Colisão Traseira;1;2;;;;;1
05/10/2010;17:49:00;437;sem vítima;213;BR-101/SC;Norte;Colisão Traseira;1;2;;;;;1
05/10/2010;14:38:00;357;sem vítima;635;BR-376/PR;Norte;Choque - Cancela de Pedagio;1;1;;;;;1
05/10/2010;14:56:00;365;sem vítima;673,2000122070312;BR-376/PR;Sul;Saida de Pista;1;1;;;;;1
06/10/2010;20:05:00;516;sem vítima;10;BR-101/SC;Norte;Colisão Traseira;2;2;;;;;1
06/10/2010;21:19:00;548;sem vítima;49;BR-101/SC;Norte;Colisão Traseira;3;3;;;;;1
06/10/2010;02:08:00;44;sem vítima;79;BR-101/SC;Sul;Choque - Objeto sobre a pista;1;1;;;;;1
06/10/2010;07:00:00;130;sem vítima;82;BR-101/SC;Sul;Saida de Pista;1;1;;;;;1
06/10/2010;16:29:00;421;com vítima;104;BR-101/SC;Norte;Colisão Traseira;2;1;;;1;;2
06/10/2010;14:43:00;365;sem vítima;111;BR-101/SC;Sul;Choque - Defensa, barreira ou "submarino";1;2;;;;;1
06/10/2010;00:29:00;9;sem vítima;157,39999389648438;BR-101/SC;Norte;Colisão Traseira;1;2;;;;;1
06/10/2010;13:11:00;327;sem vítima;157,5;BR-101/SC;Sul;Colisão Traseira;2;2;;;;;1
06/10/2010;14:25:00;357;sem vítima;668;BR-376/PR;Sul;Colisão Lateral;1;2;;;;;1
06/10/2010;15:29:00;390;com vítima;673,2000122070312;BR-376/PR;Sul;Engavetamento;3;3;;;1;;2
07/10/2010;12:24:00;239;sem vítima;57;BR-101/SC;Sul;Choque - Defensa, barreira ou "submarino";1;1;;;;;1
07/10/2010;12:43:00;261;sem vítima;79;BR-101/SC;Norte;Choque - Cancela de Pedagio;1;2;;;;;1
07/10/2010;11:54:00;232;sem vítima;118,69999694824219;BR-101/SC;Sul;Saida de Pista;1;1;;;;;1
07/10/2010;05:04:00;82;sem vítima;138,6999969482422;BR-101/SC;Sul;Colisão Lateral;1;2;;;;;1
07/10/2010;10:23:00;208;com vítima;185;BR-101/SC;Norte;Tombamento;1;0;1;;;;1
07/10/2010;09:14:00;178;sem vítima;197,3000030517578;BR-101/SC;Sul;Colisão Traseira;1;2;;;;;1
07/10/2010;09:39:00;189;sem vítima;644,0999755859375;BR-376/PR;Sul;Tombamento;1;2;;;;;1
07/10/2010;14:36:00;295;sem vítima;652,5;BR-376/PR;Norte;Choque - Objeto sobre a pista;1;2;;;;;1
07/10/2010;17:12:00;389;sem vítima;680;BR-376/PR;Norte;Objeto lançado contra veículo;1;1;;;;;1
08/10/2010;18:06:00;474;com vítima;94,80000305175781;BR-116/PR;Sul;Tombamento;1;0;1;;;;1
08/10/2010;10:51:00;249;sem vítima;112;BR-101/SC;Sul;Colisão Traseira;1;2;;;;;1
09/10/2010;10:29:00;251;com vítima;58;BR-101/SC;Sul;Choque - Defensa, barreira ou "submarino";1;2;1;;;;1
09/10/2010;20:39:00;551;sem vítima;113,5;BR-101/SC;Norte;Colisão Traseira;1;2;;;;;1