data;horario;n_da_ocorrencia;tipo_de_ocorrencia;km;trecho;sentido;tipo_de_acidente;caminhao;ilesos;levemente_feridos;moderadamente_feridos;gravemente_feridos;mortos;3
10/11/2010;13:25:00;279;sem vítima;679;BR-376/PR;Sul;Colisão Lateral;1;2;;;;;1
10/11/2010;17:55:00;396;com vítima;681;BR-376/PR;Sul;Colisão Traseira;1;2;1;;;;1
11/11/2010;13:13:00;295;sem vítima;10;BR-101/SC;Sul;Colisão Traseira;1;1;;;;;1
11/11/2010;18:22:00;444;sem vítima;73,5;BR-116/PR;Norte;Saida de Pista;1;1;;;;;1
11/11/2010;17:03:00;408;sem vítima;79;BR-101/SC;Sul;Choque - Cancela de Pedagio;1;1;;;;;1
11/11/2010;04:56:00;58;sem vítima;80;BR-101/SC;Sul;Choque - Outros;1;1;;;;;1
11/11/2010;19:42:00;478;sem vítima;113,69999694824219;BR-101/SC;Norte;Colisão Traseira;1;2;;;;;1
11/11/2010;18:02:00;435;sem vítima;118;BR-101/SC;Norte;Colisão Traseira;1;2;;;;;1
11/11/2010;08:16:00;141;sem vítima;212;BR-101/SC;Sul;Choque - Defensa, barreira ou "submarino";1;1;;;;;1
11/11/2010;03:01:00;34;sem vítima;616,2999877929688;BR-376/PR;Norte;Choque - Defensa, barreira ou "submarino";1;1;;;;;1
11/11/2010;01:49:00;26;com vítima;658,2999877929688;BR-376/PR;Norte;Saida de Pista;1;1;;1;;;2
11/11/2010;09:33:00;180;sem vítima;668,0800170898438;BR-376/PR;Norte;Colisão Traseira;1;2;;;;;1
12/11/2010;17:14:00;419;com vítima;1,350000023841858;BR-101/SC;Norte;Colisão Traseira;2;1;;1;;;2
12/11/2010;17:20:00;420;sem vítima;1,350000023841858;BR-101/SC;Sul;Colisão Traseira;1;2;;;;;1
12/11/2010;11:06:00;256;sem vítima;7,5;BR-101/SC;Sul;Colisão Traseira;1;2;;;;;1
12/11/2010;17:58:00;430;sem vítima;102,80000305175781;BR-101/SC;Sul;Colisão Traseira;1;2;;;;;1
12/11/2010;15:49:00;391;com vítima;116;BR-101/SC;Sul;Engavetamento;3;5;;3;;;2
12/11/2010;00:21:00;11;sem vítima;198;BR-101/SC;Norte;Colisão Traseira;1;2;;;;;1
12/11/2010;08:10:00;169;sem vítima;206;BR-101/SC;Sul;Colisão Traseira;2;2;;;;;1
12/11/2010;23:20:00;566;com vítima;627;BR-376/PR;Sul;Colisão Lateral;1;1;2;;;;1
12/11/2010;06:36:00;122;sem vítima;635,2999877929688;BR-376/PR;Sul;Colisão Traseira;1;2;;;;;1
12/11/2010;07:52:00;159;sem vítima;654;BR-376/PR;Norte;Tombamento;1;2;;;;;1
12/11/2010;22:42:00;547;sem vítima;667;BR-376/PR;Norte;Tombamento;1;1;;;;;1
13/11/2010;21:55:00;569;com vítima;1,350000023841858;BR-101/SC;Sul;Colisão Traseira;1;3;1;;;;1
13/11/2010;01:12:00;24;sem vítima;16;BR-101/SC;Norte;Engavetamento;1;7;;;;;1
13/11/2010;10:36:00;244;sem vítima;41;BR-101/SC;Sul;Colisão Traseira;1;2;;;;;1
13/11/2010;23:34:00;606;sem vítima;79;BR-101/SC;Sul;Choque - Cancela de Pedagio;1;1;;;;;1
13/11/2010;12:14:00;294;sem vítima;98,30000305175781;BR-116/PR;Norte;Colisão Transversal;1;2;;;;;1
13/11/2010;05:04:00;84;sem vítima;112,19999694824219;BR-116/PR;Sul;Colisão Traseira;2;2;;;;;1
13/11/2010;17:11:00;445;sem vítima;112,80000305175781;BR-101/SC;Sul;Choque - Objeto sobre a pista;1;1;;;;;1
13/11/2010;07:46:00;154;sem vítima;126;BR-101/SC;Norte;Colisão Lateral;1;2;;;;;1
13/11/2010;03:03:00;50;sem vítima;157;BR-101/SC;Sul;Colisão Traseira;1;2;;;;;1
13/11/2010;20:47:00;541;sem vítima;220,3000030517578;BR-101/SC;Sul;Colisão Lateral;1;2;;;;;1
13/11/2010;00:19:00;7;sem vítima;635,5;BR-376/PR;Sul;Colisão Transversal;1;2;;;;;1
13/11/2010;17:17:00;449;sem vítima;654;BR-376/PR;Sul;Colisão Lateral;1;2;;;;;1
13/11/2010;09:23:00;212;sem vítima;659;BR-376/PR;Norte;Colisão Traseira;1;2;;;;;1
13/11/2010;13:57:00;346;sem vítima;665,4000244140625;BR-376/PR;Sul;Outros;1;1;;;;;1
14/11/2010;17:08:00;384;sem vítima;137,3000030517578;BR-101/SC;Norte;Colisão Traseira;2;2;;;;;1
14/11/2010;04:49:00;62;sem vítima;197;BR-101/SC;Sul;Colisão Traseira;1;2;;;;;1
15/11/2010;15:10:00;298;sem vítima;2;BR-101/SC;Norte;Saida de Pista;1;1;;;;;1
15/11/2010;12:26:00;223;sem vítima;38,5;BR-101/SC;Sul;Choque - Defensa, barreira ou "submarino";1;2;;;;;1
15/11/2010;13:36:00;257;com vítima;97;BR-101/SC;Norte;Tombamento;1;0;;1;;;2
15/11/2010;20:02:00;421;sem vítima;138,89999389648438;BR-101/SC;Sul;Colisão Traseira;1;2;;;;;1
15/11/2010;12:24:00;219;com vítima;151;BR-101/SC;Norte;Colisão Traseira;1;1;1;;;;1
15/11/2010;13:45:00;261;com vítima;667,5999755859375;BR-376/PR;Sul;Tombamento;1;0;;;2;;2
16/11/2010;07:32:00;153;sem vítima;41;BR-101/SC;Sul;Colisão Lateral;1;2;;;;;1
16/11/2010;18:40:00;449;com vítima;139,8000030517578;BR-101/SC;Norte;Engavetamento;1;8;1;1;;;2
16/11/2010;13:03:00;302;sem vítima;141,5;BR-101/SC;Sul;Colisão Traseira;1;2;;;;;1
16/11/2010;11:32:00;268;sem vítima;167,5;BR-101/SC;Norte;Saida de Pista;1;1;;;;;1
16/11/2010;08:19:00;181;sem vítima;211;BR-101/SC;Norte;Engavetamento;1;3;;;;;1
16/11/2010;14:08:00;327;sem vítima;216;BR-101/SC;Sul;Colisão Traseira;2;3;;;;;1
16/11/2010;15:29:00;366;sem vítima;660,2000122070312;BR-376/PR;Norte;Choque - Defensa, barreira ou "submarino";1;1;;;;;1
16/11/2010;10:58:00;255;com vítima;664,7999877929688;BR-376/PR;Sul;Tombamento;1;0;;;;1;3
16/11/2010;07:05:00;143;com vítima;673,5;BR-376/PR;Sul;Tombamento;3;2;1;;;;1
17/11/2010;02:08:00;25;com vítima;58;BR-101/SC;Sul;Colisão Traseira;2;1;1;;;;1
17/11/2010;23:41:00;517;sem vítima;79;BR-101/SC;Sul;Choque - Talude;1;1;;;;;1
17/11/2010;07:49:00;117;com vítima;105,30000305175781;BR-116/PR;Sul;Colisão Traseira;1;1;;1;;;2
17/11/2010;21:28:00;471;sem vítima;147;BR-101/SC;Norte;Colisão Traseira;1;2;;;;;1
17/11/2010;16:39:00;365;sem vítima;164;BR-101/SC;Norte;Saida de Pista;1;1;;;;;1
17/11/2010;10:07:00;202;sem vítima;181,6999969482422;BR-101/SC;Sul;Colisão Traseira;1;2;;;;;1
17/11/2010;21:02:00;462;sem vítima;197;BR-101/SC;Norte;Engavetamento;2;3;;;;;1
17/11/2010;00:34:00;7;sem vítima;210;BR-101/SC;Norte;Colisão Lateral;1;2;;;;;1
17/11/2010;15:22:00;343;sem vítima;641;BR-376/PR;Sul;Colisão Traseira;1;3;;;;;1
17/11/2010;14:45:00;319;sem vítima;669,5;BR-376/PR;Norte;Colisão Traseira;2;2;;;;;1
18/11/2010;08:07:00;149;sem vítima;79;BR-101/SC;Sul;Choque - Objeto sobre a pista;1;1;;;;;1
18/11/2010;07:27:00;130;com vítima;95,30000305175781;BR-116/PR;Sul;Colisão Traseira;1;2;1;;;;1
18/11/2010;17:47:00;445;sem vítima;97,4000015258789;BR-116/PR;Sul;Colisão Lateral;1;2;;;;;1
18/11/2010;13:01:00;301;sem vítima;99;BR-101/SC;Norte;Saida de Pista;1;1;;;;;1
18/11/2010;10:06:00;219;sem vítima;101,19999694824219;BR-101/SC;Sul;Colisão Traseira;1;2;;;;;1
18/11/2010;13:31:00;320;sem vítima;118;BR-101/SC;Norte;Saida de Pista;1;1;;;;;1
18/11/2010;16:07:00;405;sem vítima;139;BR-101/SC;Sul;Engavetamento;1;3;;;;;1
18/11/2010;10:35:00;232;sem vítima;141,8000030517578;BR-101/SC;Sul;Saida de Pista;1;1;;;;;1
18/11/2010;03:55:00;51;sem vítima;148,3000030517578;BR-101/SC;Sul;Choque - Defensa, barreira ou "submarino";1;3;;;;;1
18/11/2010;19:41:00;476;sem vítima;205,3000030517578;BR-101/SC;Sul;Colisão Lateral;1;2;;;;;1
18/11/2010;05:18:00;75;com vítima;667,5;BR-376/PR;Sul;Saida de Pista;1;0;2;;;;1
19/11/2010;15:42:00;369;sem vítima;1,350000023841858;BR-101/SC;Sul;Colisão Traseira;1;2;;;;;1
19/11/2010;01:57:00;43;sem vítima;4,5;BR-101/SC;Norte;Tombamento;2;2;;;;;1
19/11/2010;16:33:00;407;sem vítima;12,600000381469727;BR-101/SC;Sul;Colisão Traseira;1;2;;;;;1
19/11/2010;18:14:00;450;sem vítima;112;BR-101/SC;Sul;Colisão Lateral;1;2;;;;;1
19/11/2010;07:55:00;150;com vítima;199;BR-101/SC;Sul;Colisão Lateral;1;2;;1;;;2
19/11/2010;19:14:00;481;com vítima;655,5;BR-376/PR;Norte;Tombamento;1;0;1;;;;1
19/11/2010;15:33:00;363;com vítima;658;BR-376/PR;Sul;Atropelamento - Ciclista;1;1;1;;;;1
19/11/2010;10:15:00;222;sem vítima;661;BR-376/PR;Sul;Colisão Lateral;1;3;;;;;1
19/11/2010;10:01:00;212;com vítima;661,5;BR-376/PR;Sul;Engavetamento;4;4;;1;;1;3
19/11/2010;09:29:00;200;sem vítima;668;BR-376/PR;Sul;Tombamento;1;1;;;;;1
20/11/2010;19:45:00;451;sem vítima;79;BR-101/SC;Norte;Choque - Outros;1;1;;;;;1
20/11/2010;12:54:00;269;sem vítima;95;BR-116/PR;Sul;Colisão Traseira;1;2;;;;;1
20/11/2010;16:31:00;360;sem vítima;136,1999969482422;BR-101/SC;Sul;Choque - Defensa, barreira ou "submarino";1;2;;;;;1
20/11/2010;17:26:00;394;sem vítima;147;BR-101/SC;Norte;Choque - Objeto sobre a pista;1;3;;;;;1
20/11/2010;06:32:00;95;sem vítima;680,9000244140625;BR-376/PR;Norte;Choque - Defensa, barreira ou "submarino";1;1;;;;;1
21/11/2010;00:04:00;1;com vítima;1,350000023841858;BR-101/SC;Sul;Choque - Defensa, barreira ou "submarino";1;0;;;1;;2
21/11/2010;16:07:00;330;com vítima;113;BR-116/PR;Norte;Colisão Frontal;1;1;1;3;;;2
21/11/2010;09:46:00;182;sem vítima;157;BR-101/SC;Sul;Outros;1;1;;;;;1
21/11/2010;17:39:00;374;sem vítima;635;BR-376/PR;Norte;Colisão Lateral;1;2;;;;;1
21/11/2010;17:24:00;371;com vítima;660,5;BR-376/PR;Norte;Engavetamento;1;2;1;;;;1
21/11/2010;18:08:00;385;sem vítima;673;BR-376/PR;Sul;Colisão Lateral;2;2;;;;;1
21/11/2010;16:46:00;346;com vítima;675;BR-376/PR;Sul;Engavetamento;3;1;;;2;;2
22/11/2010;14:14:00;265;sem vítima;73;BR-101/SC;Norte;Colisão Traseira;2;2;;;;;1
22/11/2010;11:22:00;202;sem vítima;101,80000305175781;BR-101/SC;Norte;Colisão Lateral;1;2;;;;;1
22/11/2010;06:47:00;89;sem vítima;112,4000015258789;BR-101/SC;Norte;Saida de Pista;1;1;;;;;1
22/11/2010;18:45:00;385;sem vítima;128,5;BR-101/SC;Norte;Colisão Lateral;1;2;;;;;1
22/11/2010;14:55:00;278;sem vítima;130;BR-101/SC;Norte;Objeto lançado contra veículo;1;1;;;;;1
22/11/2010;07:53:00;125;sem vítima;140;BR-101/SC;Sul;Colisão Traseira;2;2;;;;;1
22/11/2010;08:33:00;135;sem vítima;211,3000030517578;BR-101/SC;Norte;Colisão Traseira;1;2;;;;;1
22/11/2010;08:55:00;142;sem vítima;624;BR-376/PR;Norte;Colisão Lateral;1;2;;;;;1
23/11/2010;11:03:00;203;sem vítima;51,5;BR-101/SC;Norte;Objeto lançado contra veículo;1;2;;;;;1
23/11/2010;08:43:00;152;sem vítima;79;BR-101/SC;Sul;Choque - Cancela de Pedagio;1;1;;;;;1
23/11/2010;12:42:00;239;sem vítima;110;BR-101/SC;Sul;Colisão Traseira;1;2;;;;;1
23/11/2010;15:01:00;298;sem vítima;116;BR-101/SC;Sul;Colisão Lateral;1;2;;;;;1
23/11/2010;10:21:00;195;sem vítima;139;BR-101/SC;Norte;Colisão Traseira;2;2;;;;;1
23/11/2010;08:36:00;150;sem vítima;195;BR-101/SC;Norte;Outros - Sequência;1;2;;;;;1
23/11/2010;00:13:00;2;com vítima;199;BR-101/SC;Sul;Colisão Traseira;1;1;;;1;;2
23/11/2010;15:04:00;299;sem vítima;205,10000610351562;BR-101/SC;Sul;Colisão Lateral;1;2;;;;;1
23/11/2010;18:20:00;403;sem vítima;675;BR-376/PR;Norte;Colisão Traseira;1;2;;;;;1
24/11/2010;17:12:00;440;sem vítima;32;BR-101/SC;Sul;Saida de Pista;1;1;;;;;1
24/11/2010;21:44:00;551;sem vítima;80;BR-101/SC;Norte;Colisão Traseira;2;2;;;;;1
24/11/2010;10:45:00;252;sem vítima;95;BR-116/PR;Norte;Engavetamento;3;3;;;;;1
24/11/2010;18:24:00;470;sem vítima;110;BR-116/PR;Norte;Saida de Pista;1;1;;;;;1
24/11/2010;08:23:00;177;sem vítima;132,10000610351562;BR-101/SC;Norte;Colisão Traseira;1;2;;;;;1
24/11/2010;17:58:00;460;sem vítima;204;BR-101/SC;Norte;Colisão Traseira;1;2;;;;;1
24/11/2010;20:08:00;509;sem vítima;206;BR-101/SC;Sul;Colisão Traseira;1;2;;;;;1
24/11/2010;17:32:00;444;sem vítima;216;BR-101/SC;Norte;Colisão Traseira;1;3;;;;;1
24/11/2010;22:50:00;600;sem vítima;619;BR-376/PR;Norte;Objeto lançado contra veículo;1;1;;;;;1
24/11/2010;17:52:00;458;sem vítima;635;BR-376/PR;Norte;Colisão Traseira;1;2;;;;;1
25/11/2010;08:52:00;162;sem vítima;1,350000023841858;BR-101/SC;Norte;Colisão Traseira;2;2;;;;;1
25/11/2010;23:55:00;564;sem vítima;72,80000305175781;BR-116/PR;Norte;Choque - Objeto sobre a pista;2;2;;;;;1
25/11/2010;00:56:00;22;sem vítima;79;BR-101/SC;Norte;Choque - Suporte de Sinalização;1;1;;;;;1
25/11/2010;10:10:00;211;sem vítima;80;BR-101/SC;Sul;Colisão Traseira;1;2;;;;;1
25/11/2010;09:21:00;183;sem vítima;207;BR-101/SC;Sul;Engavetamento;1;3;;;;;1
25/11/2010;14:01:00;309;com vítima;211,5;BR-101/SC;Norte;Colisão Traseira;1;1;1;;;;1
25/11/2010;06:56:00;122;com vítima;615,2999877929688;BR-376/PR;Sul;Capotamento;1;1;;1;;;2
25/11/2010;20:01:00;464;sem vítima;660;BR-376/PR;Norte;Choque - Defensa, barreira ou "submarino";1;1;;;;;1
25/11/2010;17:02:00;397;sem vítima;665;BR-376/PR;Norte;Outros;1;1;;;;;1
26/11/2010;23:32:00;629;sem vítima;10;BR-101/SC;Norte;Saida de Pista;1;1;;;;;1
26/11/2010;15:43:00;407;sem vítima;21;BR-101/SC;Sul;Engavetamento;1;3;;;;;1
26/11/2010;20:09:00;536;sem vítima;34,5;BR-101/SC;Norte;Choque - Defensa, barreira ou "submarino";1;1;;;;;1
26/11/2010;06:14:00;109;sem vítima;38,20000076293945;BR-101/SC;Norte;Colisão Lateral;1;2;;;;;1
26/11/2010;18:50:00;506;sem vítima;74;BR-101/SC;Sul;Engavetamento;1;5;;;;;1
26/11/2010;12:04:00;303;sem vítima;79;BR-101/SC;Sul;Objeto lançado contra veículo;1;1;;;;;1
26/11/2010;16:05:00;418;sem vítima;82,5;BR-101/SC;Sul;Choque - Cancela de Pedagio;1;1;;;;;1
26/11/2010;12:16:00;309;sem vítima;106;BR-101/SC;Sul;Colisão Traseira;1;2;;;;;1
26/11/2010;18:01:00;480;sem vítima;136;BR-101/SC;Norte;Choque - Poste;1;2;;;;;1
26/11/2010;19:38:00;524;sem vítima;157;BR-101/SC;Sul;Choque - Cancela de Pedagio;1;1;;;;;1
26/11/2010;12:46:00;323;sem vítima;157,3000030517578;BR-101/SC;Norte;Choque - Defensa, barreira ou "submarino";1;1;;;;;1
26/11/2010;07:10:00;129;com vítima;208;BR-101/SC;Norte;Engavetamento;1;2;1;;;;1
26/11/2010;07:22:00;138;sem vítima;213;BR-101/SC;Norte;Colisão Traseira;1;2;;;;;1
26/11/2010;18:01:00;481;sem vítima;623;BR-376/PR;Norte;Engavetamento;3;4;;;;;1
26/11/2010;17:50:00;514;sem vítima;635;BR-376/PR;Norte;Colisão Traseira;1;2;;;;;1
26/11/2010;13:01:00;330;com vítima;665;BR-376/PR;Sul;Colisão Traseira;2;1;1;;;;1
26/11/2010;21:47:00;586;sem vítima;667;BR-376/PR;Sul;Colisão Traseira;2;2;;;;;1
26/11/2010;10:40:00;258;sem vítima;667,5;BR-376/PR;Sul;Colisão Lateral;1;2;;;;;1
26/11/2010;06:01:00;105;sem vítima;676,5;BR-376/PR;Norte;Saida de Pista;1;2;;;;;1
27/11/2010;02:56:00;32;sem vítima;77,0999984741211;BR-101/SC;Sul;Capotamento;1;2;;;;;1
27/11/2010;15:15:00;309;sem vítima;82,5;BR-101/SC;Norte;Objeto lançado contra veículo;1;1;;;;;1
27/11/2010;22:11:00;511;sem vítima;140,60000610351562;BR-101/SC;Sul;Colisão Lateral;1;2;;;;;1
27/11/2010;12:25:00;241;sem vítima;157;BR-101/SC;Sul;Colisão Traseira;1;2;;;;;1
27/11/2010;06:57:00;91;sem vítima;199,89999389648438;BR-101/SC;Sul;Colisão Lateral;1;2;;;;;1
27/11/2010;14:52:00;298;sem vítima;617;BR-376/PR;Norte;Colisão Lateral;1;2;;;;;1
27/11/2010;21:56:00;509;com vítima;632;BR-376/PR;Norte;Colisão Lateral;1;1;;;1;;2
27/11/2010;11:31:00;213;sem vítima;633;BR-376/PR;Sul;Colisão Traseira;1;3;;;;;1
27/11/2010;05:43:00;72;sem vítima;635;BR-376/PR;Sul;Colisão Traseira;2;2;;;;;1
27/11/2010;17:06:00;402;sem vítima;635;BR-376/PR;Sul;Choque - Cancela de Pedagio;1;1;;;;;1
27/11/2010;10:04:00;168;sem vítima;635,2999877929688;BR-376/PR;Sul;Choque - Defensa, barreira ou "submarino";1;1;;;;;1
27/11/2010;09:37:00;161;sem vítima;650;BR-376/PR;Sul;Choque - Defensa, barreira ou "submarino";1;1;;;;;1
27/11/2010;00:00:00;3;sem vítima;667;BR-376/PR;Sul;Colisão Lateral;1;2;;;;;1
28/11/2010;10:15:00;208;sem vítima;1,350000023841858;BR-101/SC;Norte;Choque - Cancela de Pedagio;1;1;;;;;1
28/11/2010;22:36:00;551;com vítima;142,5;BR-101/SC;Norte;Atropelamento - Andarilho;1;1;2;;;;1
28/11/2010;15:11:00;337;sem vítima;182;BR-101/SC;Norte;Colisão Lateral;1;2;;;;;1
29/11/2010;17:26:00;394;sem vítima;1,350000023841858;BR-101/SC;Sul;Choque - Cancela de Pedagio;1;1;;;;;1
29/11/2010;18:57:00;429;com vítima;9,5;BR-101/SC;Sul;Engavetamento;7;5;3;;;;1
29/11/2010;06:44:00;82;sem vítima;75;BR-101/SC;Sul;Colisão Lateral;1;2;;;;;1
29/11/2010;10:25:00;217;sem vítima;110;BR-101/SC;Sul;Colisão Traseira;3;3;;;;;1
29/11/2010;20:24:00;463;sem vítima;114;BR-101/SC;Sul;Choque - Objeto sobre a pista;2;2;;;;;1
29/11/2010;16:33:00;366;sem vítima;117;BR-101/SC;Sul;Choque - Objeto sobre a pista;1;1;;;;;1
29/11/2010;14:58:00;320;sem vítima;144;BR-101/SC;Norte;Choque - Objeto sobre a pista;1;1;;;;;1
29/11/2010;04:14:00;47;sem vítima;145;BR-101/SC;Norte;Saida de Pista;1;1;;;;;1
29/11/2010;07:01:00;96;sem vítima;157;BR-101/SC;Norte;Choque - Outros;1;1;;;;;1
29/11/2010;04:12:00;46;sem vítima;171;BR-101/SC;Sul;Colisão Lateral;2;2;;;;;1
29/11/2010;19:32:00;444;sem vítima;206,5;BR-101/SC;Sul;Colisão Traseira;2;2;;;;;1
29/11/2010;08:22:00;146;sem vítima;221;BR-101/SC;Sul;Choque - Defensa, barreira ou "submarino";1;1;;;;;1
29/11/2010;10:04:00;209;sem vítima;667;BR-376/PR;Norte;Colisão Lateral;1;2;;;;;1
29/11/2010;11:25:00;239;sem vítima;673;BR-376/PR;Sul;Colisão Traseira;2;2;;;;;1
30/11/2010;22:33:00;569;sem vítima;1,350000023841858;BR-101/SC;Sul;Colisão Traseira;2;2;;;;;1
30/11/2010;07:52:00;182;sem vítima;14,5;BR-101/SC;Sul;Saida de Pista;1;2;;;;;1
30/11/2010;14:49:00;366;com vítima;14,5;BR-101/SC;Norte;Colisão Traseira;1;1;2;;;;1
30/11/2010;18:57:00;487;sem vítima;79;BR-101/SC;Sul;Choque - Cancela de Pedagio;1;1;;;;;1
30/11/2010;07:22:00;155;sem vítima;79,4000015258789;BR-101/SC;Sul;Choque - Cancela de Pedagio;1;1;;;;;1
30/11/2010;12:46:00;325;sem vítima;97,80000305175781;BR-116/PR;Sul;Colisão Traseira;2;2;;;;;1
30/11/2010;17:44:00;445;sem vítima;118;BR-101/SC;Sul;Colisão Traseira;2;2;;;;;1
30/11/2010;13:43:00;351;sem vítima;635;BR-376/PR;Sul;Choque - Cancela de Pedagio;1;1;;;;;1
30/11/2010;00:20:00;4;sem vítima;671,7000122070312;BR-376/PR;Sul;Colisão Lateral;3;3;;;;;1
01/12/2010;23:28:00;591;sem vítima;1,350000023841858;BR-101/SC;Sul;Colisão Lateral;1;2;;;;;1
01/12/2010;23:05:00;579;sem vítima;38,599998474121094;BR-101/SC;Norte;Colisão Lateral;1;2;;;;;1
01/12/2010;19:33:00;518;sem vítima;79;BR-101/SC;Norte;Choque - Cancela de Pedagio;1;1;;;;;1
01/12/2010;16:34:00;425;sem vítima;79,4000015258789;BR-101/SC;Norte;Colisão Traseira;1;2;;;;;1
01/12/2010;17:18:00;449;sem vítima;79,4000015258789;BR-101/SC;Norte;Choque - Cancela de Pedagio;1;1;;;;;1
01/12/2010;01:12:00;20;sem vítima;83,5;BR-116/PR;Norte;Colisão Traseira;2;2;;;;;1
01/12/2010;16:02:00;409;sem vítima;104,30000305175781;BR-101/SC;Sul;Colisão Traseira;1;2;;;;;1
01/12/2010;15:11:00;368;sem vítima;157;BR-101/SC;Norte;Colisão Traseira;1;2;;;;;1
01/12/2010;16:05:00;411;sem vítima;157;BR-101/SC;Norte;Choque - Cancela de Pedagio;1;2;;;;;1
01/12/2010;17:35:00;458;sem vítima;627,7000122070312;BR-376/PR;Norte;Colisão Lateral;2;2;;;;;1
01/12/2010;14:59:00;362;sem vítima;635;BR-376/PR;Norte;Choque - Cancela de Pedagio;1;1;;;;;1
01/12/2010;06:24:00;120;com vítima;652;BR-376/PR;Norte;Capotamento;3;4;;1;;;2
01/12/2010;07:29:00;144;sem vítima;655,7999877929688;BR-376/PR;Norte;Colisão Lateral;2;2;;;;;1
02/12/2010;07:54:00;136;sem vítima;41;BR-101/SC;Norte;Choque - Defensa, barreira ou "submarino";1;3;;;;;1
02/12/2010;19:50:00;464;sem vítima;77;BR-101/SC;Norte;Colisão Lateral;1;3;;;;;1
02/12/2010;16:11:00;334;sem vítima;95,5999984741211;BR-116/PR;Norte;Saida de Pista;1;1;;;;;1
02/12/2010;18:39:00;432;sem vítima;110;BR-101/SC;Norte;Choque - Defensa, barreira ou "submarino";1;2;;;;;1
02/12/2010;12:25:00;250;sem vítima;205;BR-101/SC;Sul;Colisão Traseira;1;3;;;;;1
02/12/2010;00:06:00;3;sem vítima;665;BR-376/PR;Norte;Saida de Pista;1;1;;;;;1
02/12/2010;08:01:00;143;sem vítima;665,5999755859375;BR-376/PR;Sul;Saida de Pista;1;1;;;;;1
02/12/2010;09:11:00;191;com vítima;671,5;BR-376/PR;Sul;Colisão Traseira;2;2;;1;;;2
03/12/2010;04:37:00;85;sem vítima;1,350000023841858;BR-101/SC;Norte;Choque - Cancela de Pedagio;1;1;;;;;1
03/12/2010;05:56:00;114;com vítima;46;BR-101/SC;Norte;Colisão Traseira;2;0;2;;;;1
03/12/2010;16:14:00;418;sem vítima;47;BR-101/SC;Sul;Objeto lançado contra veículo;1;1;;;;;1
03/12/2010;00:09:00;4;sem vítima;79;BR-101/SC;Sul;Choque - Suporte de Sinalização;1;1;;;;;1
03/12/2010;11:33:00;276;sem vítima;79;BR-101/SC;Norte;Choque - Cancela de Pedagio;1;1;;;;;1
03/12/2010;00:48:00;16;sem vítima;85,5;BR-116/PR;Norte;Tombamento;1;1;;;;;1
03/12/2010;21:54:00;579;sem vítima;98,5;BR-116/PR;Norte;Saida de Pista;2;2;;;;;1
03/12/2010;14:48:00;373;sem vítima;673;BR-376/PR;Sul;Colisão Traseira;1;2;;;;;1
04/12/2010;16:01:00;368;sem vítima;21,899999618530273;BR-101/SC;Norte;Choque - Defensa, barreira ou "submarino";1;1;;;;;1
04/12/2010;19:02:00;419;sem vítima;40;BR-101/SC;Norte;Saida de Pista;1;1;;;;;1
04/12/2010;04:45:00;74;com vítima;46,79999923706055;BR-101/SC;Sul;Colisão Traseira;1;1;1;;;;1
04/12/2010;00:33:00;18;sem vítima;72,9000015258789;BR-101/SC;Sul;Colisão Lateral;1;2;;;;;1
04/12/2010;14:59:00;337;sem vítima;115,69999694824219;BR-101/SC;Norte;Choque - Defensa, barreira ou "submarino";1;1;;;;;1
04/12/2010;20:02:00;447;sem vítima;651;BR-376/PR;Sul;Capotamento;1;2;;;;;1
04/12/2010;13:25:00;301;sem vítima;655;BR-376/PR;Norte;Colisão Lateral;1;2;;;;;1
04/12/2010;22:54:00;542;sem vítima;658,5;BR-376/PR;Norte;Choque - Defensa, barreira ou "submarino";1;1;;;;;1
04/12/2010;15:00:00;338;sem vítima;672;BR-376/PR;Sul;Tombamento;1;1;;;;;1
05/12/2010;17:50:00;408;sem vítima;82,5;BR-101/SC;Sul;Choque - Cancela de Pedagio;1;1;;;;;1
05/12/2010;12:49:00;248;sem vítima;157;BR-101/SC;Norte;Choque - Objeto sobre a pista;1;1;;;;;1
06/12/2010;16:18:00;360;sem vítima;40;BR-101/SC;Sul;Colisão Traseira;2;2;;;;;1
06/12/2010;13:44:00;297;sem vítima;43;BR-101/SC;Sul;Outros;1;1;;;;;1
06/12/2010;10:05:00;209;com vítima;47,29999923706055;BR-101/SC;Sul;Tombamento;2;1;;1;;;2
06/12/2010;18:22:00;420;sem vítima;208;BR-101/SC;Sul;Colisão Traseira;1;2;;;;;1
06/12/2010;17:55:00;413;sem vítima;209;BR-101/SC;Sul;Colisão Traseira;1;2;;;;;1
06/12/2010;01:53:00;29;com vítima;621;BR-376/PR;Norte;Tombamento;1;0;1;;;;1
06/12/2010;05:04:00;78;sem vítima;664;BR-376/PR;Norte;Saida de Pista;1;1;;;;;1
06/12/2010;20:14:00;462;com vítima;666,2999877929688;BR-376/PR;Sul;Engavetamento;2;4;1;;;;1