data;horario;n_da_ocorrencia;tipo_de_ocorrencia;km;trecho;sentido;tipo_de_acidente;caminhao;ilesos;levemente_feridos;moderadamente_feridos;gravemente_feridos;mortos;3
07/12/2010;04:27:00;78;sem vítima;51,29999923706055;BR-101/SC;Norte;Colisão Lateral;1;2;;;;;1
07/12/2010;22:13:00;593;sem vítima;74;BR-116/PR;Sul;Saida de Pista;1;2;;;;;1
07/12/2010;12:02:00;313;sem vítima;80;BR-101/SC;Sul;Colisão Traseira;1;2;;;;;1
07/12/2010;18:41:00;482;sem vítima;106,30000305175781;BR-116/PR;Norte;Colisão Traseira;1;2;;;;;1
07/12/2010;14:59:00;382;sem vítima;112,5;BR-116/PR;Norte;Saida de Pista;1;1;;;;;1
07/12/2010;17:36:00;454;com vítima;119,5;BR-101/SC;Sul;Saida de Pista;1;0;1;;;;1
07/12/2010;19:25:00;495;sem vítima;131,1999969482422;BR-101/SC;Sul;Colisão Traseira;1;2;;;;;1
07/12/2010;12:27:00;330;sem vítima;157;BR-101/SC;Sul;Choque - Cancela de Pedagio;1;1;;;;;1
07/12/2010;03:05:00;47;com vítima;207,89999389648438;BR-101/SC;Sul;Colisão Traseira;2;1;;1;;;2
07/12/2010;07:52:00;176;sem vítima;221;BR-101/SC;Sul;Choque - Cancela de Pedagio;1;1;;;;;1
07/12/2010;07:30:00;235;sem vítima;635;BR-376/PR;Sul;Choque - Suporte de Sinalização;1;1;;;;;1
07/12/2010;09:44:00;252;sem vítima;635,5;BR-376/PR;Sul;Colisão Traseira;1;2;;;;;1
07/12/2010;10:01:00;265;sem vítima;635,5;BR-376/PR;Sul;Colisão Traseira;1;2;;;;;1
07/12/2010;18:22:00;474;sem vítima;664;BR-376/PR;Sul;Saida de Pista;1;1;;;;;1
07/12/2010;10:02:00;267;sem vítima;665,7999877929688;BR-376/PR;Sul;Tombamento;1;1;;;;;1
08/12/2010;17:06:00;461;sem vítima;10;BR-101/SC;Norte;Colisão Traseira;2;2;;;;;1
08/12/2010;15:39:00;403;sem vítima;79;BR-101/SC;Sul;Choque - Cancela de Pedagio;1;1;;;;;1
08/12/2010;06:48:00;133;sem vítima;80;BR-101/SC;Sul;Choque - Cancela de Pedagio;1;1;;;;;1
08/12/2010;12:40:00;307;sem vítima;157;BR-101/SC;Norte;Colisão Traseira;1;2;;;;;1
08/12/2010;10:50:00;274;com vítima;196;BR-101/SC;Sul;Capotamento;1;3;2;;1;;2
08/12/2010;14:23:00;354;sem vítima;206,3000030517578;BR-101/SC;Norte;Colisão Traseira;2;2;;;;;1
08/12/2010;20:33:00;584;sem vítima;660;BR-376/PR;Norte;Colisão Traseira;2;2;;;;;1
08/12/2010;15:34:00;396;sem vítima;672;BR-376/PR;Sul;Colisão Traseira;2;2;;;;;1
09/12/2010;14:28:00;367;sem vítima;1,350000023841858;BR-101/SC;Norte;Colisão Traseira;2;2;;;;;1
09/12/2010;05:34:00;117;com vítima;8;BR-101/SC;Sul;Colisão Traseira;1;0;;1;;;2
09/12/2010;10:26:00;246;com vítima;26,299999237060547;BR-101/SC;Norte;Atropelamento - Ciclista;1;1;;;;1;3
09/12/2010;14:25:00;364;sem vítima;46,79999923706055;BR-101/SC;Norte;Choque - Objeto sobre a pista;1;1;;;;;1
09/12/2010;11:30:00;280;sem vítima;151;BR-101/SC;Sul;Choque - Defensa, barreira ou "submarino";1;1;;;;;1
09/12/2010;01:47:00;50;sem vítima;196,8000030517578;BR-101/SC;Sul;Saida de Pista;1;1;;;;;1
09/12/2010;00:41:00;17;sem vítima;629,5;BR-376/PR;Sul;Tombamento;1;1;;;;;1
09/12/2010;01:23:00;45;sem vítima;639;BR-376/PR;Norte;Colisão Lateral;2;2;;;;;1
09/12/2010;07:29:00;158;com vítima;673;BR-376/PR;Sul;Tombamento;1;0;;;;1;3
10/12/2010;21:40:00;607;com vítima;193;BR-101/SC;Norte;Atropelamento - Morador;1;1;;1;;;2
10/12/2010;17:14:00;481;com vítima;205,5;BR-101/SC;Norte;Engavetamento;1;4;1;;;;1
10/12/2010;00:06:00;2;sem vítima;635,5;BR-376/PR;Sul;Choque - Cancela de Pedagio;1;1;;;;;1
10/12/2010;06:07:00;115;sem vítima;668,5999755859375;BR-376/PR;Sul;Choque - Defensa, barreira ou "submarino";1;1;;;;;1
10/12/2010;15:49:00;432;sem vítima;678;BR-376/PR;Sul;Choque - Defensa, barreira ou "submarino";1;1;;;;;1
11/12/2010;17:10:00;393;sem vítima;1,350000023841858;BR-101/SC;Sul;Colisão Traseira;2;2;;;;;1
11/12/2010;10:48:00;228;sem vítima;14;BR-101/SC;Sul;Colisão Traseira;2;2;;;;;1
11/12/2010;06:00:00;82;sem vítima;43;BR-101/SC;Norte;Colisão Traseira;1;2;;;;;1
11/12/2010;20:28:00;513;sem vítima;80;BR-101/SC;Sul;Choque - Cancela de Pedagio;1;1;;;;;1
11/12/2010;06:38:00;89;com vítima;89,0999984741211;BR-116/PR;Norte;Colisão Traseira;1;1;;1;;;2
11/12/2010;02:48:00;42;sem vítima;99,80000305175781;BR-116/PR;Norte;Saida de Pista;1;1;;;;;1
11/12/2010;15:46:00;362;sem vítima;111,69999694824219;BR-101/SC;Sul;Colisão Lateral;1;2;;;;;1
11/12/2010;22:07:00;558;sem vítima;133;BR-101/SC;Norte;Colisão Lateral;1;3;;;;;1
11/12/2010;07:04:00;101;sem vítima;157,39999389648438;BR-101/SC;Sul;Choque - Cancela de Pedagio;1;1;;;;;1
11/12/2010;09:37:00;185;sem vítima;208;BR-101/SC;Sul;Colisão Lateral;1;2;;;;;1
11/12/2010;04:03:00;51;sem vítima;626;BR-376/PR;Sul;Colisão Traseira;1;2;;;;;1
11/12/2010;03:16:00;44;com vítima;667,5;BR-376/PR;Sul;Tombamento;1;0;1;;;;1
12/12/2010;16:36:00;371;com vítima;43,79999923706055;BR-101/SC;Sul;Capotamento;1;2;1;;;;1
12/12/2010;11:08:00;215;sem vítima;73,19999694824219;BR-116/PR;Norte;Colisão Traseira;2;2;;;;;1
12/12/2010;19:25:00;452;sem vítima;93;BR-116/PR;Sul;Colisão Lateral;1;2;;;;;1
12/12/2010;19:35:00;456;sem vítima;656;BR-376/PR;Norte;Colisão Traseira;2;2;;;;;1
13/12/2010;12:06:00;226;sem vítima;1,350000023841858;BR-101/SC;Sul;Choque - Cancela de Pedagio;1;1;;;;;1
13/12/2010;15:45:00;310;sem vítima;13;BR-101/SC;Norte;Saida de Pista;1;1;;;;;1
13/12/2010;12:28:00;238;sem vítima;29,299999237060547;BR-101/SC;Norte;Tombamento;1;1;;;;;1
13/12/2010;10:34:00;196;sem vítima;35,5;BR-101/SC;Norte;Choque - Defensa, barreira ou "submarino";1;1;;;;;1
13/12/2010;13:09:00;251;sem vítima;40,79999923706055;BR-101/SC;Norte;Colisão Lateral;1;2;;;;;1
13/12/2010;18:44:00;391;sem vítima;51;BR-101/SC;Norte;Colisão Traseira;2;2;;;;;1
13/12/2010;16:09:00;327;sem vítima;80;BR-101/SC;Sul;Choque - Objeto sobre a pista;1;1;;;;;1
13/12/2010;23:27:00;507;sem vítima;109,80000305175781;BR-116/PR;Sul;Tombamento;1;1;;;;;1
13/12/2010;08:56:00;150;sem vítima;197;BR-101/SC;Sul;Colisão Traseira;2;2;;;;;1
13/12/2010;08:00:00;129;sem vítima;202,6999969482422;BR-101/SC;Sul;Colisão Traseira;1;2;;;;;1
13/12/2010;14:34:00;281;com vítima;205;BR-101/SC;Sul;Colisão Traseira;1;2;1;;;;1
13/12/2010;14:46:00;284;sem vítima;208;BR-101/SC;Norte;Colisão Lateral;1;2;;;;;1
13/12/2010;12:31:00;240;sem vítima;211;BR-101/SC;Norte;Colisão Traseira;1;2;;;;;1
13/12/2010;15:13:00;293;sem vítima;212;BR-101/SC;Norte;Tombamento;1;1;;;;;1
13/12/2010;17:41:00;361;sem vítima;634;BR-376/PR;Sul;Outros;1;1;;;;;1
13/12/2010;10:35:00;197;sem vítima;655,7999877929688;BR-376/PR;Norte;Colisão Lateral;1;1;;;;;1
14/12/2010;10:25:00;214;sem vítima;109,9000015258789;BR-116/PR;Norte;Saida de Pista;1;1;;;;;1
14/12/2010;10:34:00;220;sem vítima;110,5;BR-116/PR;Norte;Saida de Pista;1;1;;;;;1
14/12/2010;09:44:00;197;sem vítima;112;BR-101/SC;Norte;Saida de Pista;1;1;;;;;1
14/12/2010;14:45:00;313;sem vítima;114;BR-116/PR;Norte;Tombamento;1;1;;;;;1
14/12/2010;15:37:00;342;sem vítima;121,5;BR-101/SC;Sul;Colisão Traseira;2;3;;;;;1
14/12/2010;18:09:00;400;sem vítima;157;BR-101/SC;Sul;Choque - Objeto sobre a pista;1;1;;;;;1
14/12/2010;16:17:00;361;sem vítima;199;BR-101/SC;Sul;Colisão Lateral;2;2;;;;;1
14/12/2010;21:36:00;492;com vítima;204;BR-101/SC;Norte;Colisão Lateral;1;2;;1;;;2
14/12/2010;08:30:00;161;sem vítima;206,5;BR-101/SC;Sul;Engavetamento;1;3;;;;;1
14/12/2010;19:54:00;446;sem vítima;665;BR-376/PR;Sul;Saida de Pista;1;1;;;;;1
14/12/2010;08:50:00;169;sem vítima;673;BR-376/PR;Sul;Saida de Pista;1;1;;;;;1
15/12/2010;11:12:00;299;sem vítima;1,350000023841858;BR-101/SC;Norte;Choque - Cancela de Pedagio;1;2;;;;;1
15/12/2010;07:55:00;162;sem vítima;62;BR-101/SC;Sul;Colisão Lateral;1;2;;;;;1
15/12/2010;18:41:00;541;sem vítima;80;BR-101/SC;Sul;Colisão Lateral;2;2;;;;;1
15/12/2010;23:25:00;712;sem vítima;177,8000030517578;BR-101/SC;Sul;Choque - Objeto sobre a pista;1;1;;;;;1
15/12/2010;16:15:00;469;sem vítima;209,10000610351562;BR-101/SC;Norte;Colisão Traseira;1;2;;;;;1
15/12/2010;18:27:00;525;sem vítima;214;BR-101/SC;Norte;Colisão Lateral;1;2;;;;;1
15/12/2010;20:31:00;624;sem vítima;661;BR-376/PR;Norte;Colisão Traseira;1;2;;;;;1
16/12/2010;01:19:00;25;sem vítima;1,350000023841858;BR-101/SC;Norte;Choque - Cancela de Pedagio;1;1;;;;;1
16/12/2010;08:48:00;187;sem vítima;98,9000015258789;BR-101/SC;Sul;Colisão Lateral;1;2;;;;;1
16/12/2010;08:15:00;168;sem vítima;106,4000015258789;BR-101/SC;Norte;Colisão Traseira;1;2;;;;;1
16/12/2010;19:40:00;522;sem vítima;219;BR-101/SC;Norte;Choque - Cancela de Pedagio;1;1;;;;;1
16/12/2010;14:36:00;340;sem vítima;220;BR-101/SC;Sul;Choque - Cancela de Pedagio;1;1;;;;;1
16/12/2010;06:47:00;125;sem vítima;666;BR-376/PR;Sul;Colisão Traseira;1;2;;;;;1
16/12/2010;08:00:00;158;sem vítima;670;BR-376/PR;Norte;Colisão Traseira;1;2;;;;;1
17/12/2010;21:08:00;561;sem vítima;2;BR-101/SC;Norte;Colisão Traseira;1;2;;;;;1
17/12/2010;10:24:00;231;sem vítima;35,5;BR-101/SC;Norte;Saida de Pista;1;1;;;;;1
17/12/2010;17:53:00;481;sem vítima;93,80000305175781;BR-116/PR;Sul;Saida de Pista;1;1;;;;;1
17/12/2010;15:59:00;412;sem vítima;94;BR-116/PR;Sul;Tombamento;1;1;;;;;1
17/12/2010;21:25:00;569;sem vítima;113,19999694824219;BR-101/SC;Sul;Colisão Traseira;1;2;;;;;1
17/12/2010;15:58:00;417;sem vítima;113,30000305175781;BR-101/SC;Norte;Colisão Traseira;1;2;;;;;1
17/12/2010;12:33:00;313;sem vítima;122,5;BR-101/SC;Norte;Colisão Traseira;1;2;;;;;1
17/12/2010;19:05:00;518;sem vítima;128;BR-101/SC;Sul;Tombamento;1;1;;;;;1
17/12/2010;06:20:00;113;com vítima;139;BR-101/SC;Sul;Colisão Lateral;1;1;1;;;;1
17/12/2010;19:18:00;523;sem vítima;157,39999389648438;BR-101/SC;Sul;Choque - Cancela de Pedagio;1;1;;;;;1
17/12/2010;13:22:00;329;com vítima;204;BR-101/SC;Norte;Tombamento;1;0;1;;;;1
17/12/2010;17:43:00;474;com vítima;206,3000030517578;BR-101/SC;Sul;Colisão Traseira;1;1;;1;;;2
17/12/2010;19:27:00;529;sem vítima;674;BR-376/PR;Sul;Colisão Lateral;1;2;;;;;1
18/12/2010;07:35:00;164;sem vítima;1,350000023841858;BR-101/SC;Norte;Choque - Cancela de Pedagio;1;1;;;;;1
18/12/2010;22:05:00;649;sem vítima;3,5;BR-101/SC;Sul;Colisão Traseira;1;2;;;;;1
18/12/2010;20:25:00;598;sem vítima;55;BR-101/SC;Sul;Choque - Objeto sobre a pista;1;2;;;;;1
18/12/2010;03:03:00;54;sem vítima;93,19999694824219;BR-116/PR;Sul;Colisão Traseira;1;2;;;;;1
18/12/2010;18:12:00;539;sem vítima;93,69999694824219;BR-116/PR;Sul;Saida de Pista;1;1;;;;;1
18/12/2010;04:05:00;74;sem vítima;640;BR-376/PR;Norte;Colisão Traseira;1;2;;;;;1
18/12/2010;20:52:00;618;sem vítima;641;BR-376/PR;Sul;Choque - Objeto sobre a pista;1;2;;;;;1
18/12/2010;02:42:00;44;com vítima;644;BR-376/PR;Norte;Colisão Traseira;2;1;;1;;;2
18/12/2010;08:42:00;197;com vítima;667;BR-376/PR;Sul;Tombamento;2;1;;1;;;2
18/12/2010;16:19:00;488;sem vítima;673;BR-376/PR;Sul;Colisão Traseira;2;2;;;;;1
18/12/2010;13:26:00;362;sem vítima;676,7000122070312;BR-376/PR;Sul;Colisão Traseira;2;2;;;;;1
18/12/2010;03:53:00;71;sem vítima;679;BR-376/PR;Norte;Atropelamento de Animal;1;2;;;;;1
18/12/2010;03:54:00;72;sem vítima;679;BR-376/PR;Sul;Atropelamento de Animal;1;2;;;;;1
19/12/2010;10:51:00;234;sem vítima;2;BR-101/SC;Norte;Colisão Traseira;1;2;;;;;1
19/12/2010;11:57:00;268;com vítima;49;BR-101/SC;Norte;Tombamento;1;1;1;;;;1
19/12/2010;21:43:00;594;sem vítima;94,5;BR-116/PR;Sul;Colisão Traseira;1;2;;;;;1
19/12/2010;04:39:00;72;com vítima;96,9000015258789;BR-101/SC;Sul;Choque - Objeto sobre a pista;1;1;;1;;;2
19/12/2010;19:47:00;520;com vítima;111,19999694824219;BR-116/PR;Norte;Atropelamento - Morador;1;1;;;;1;3
19/12/2010;14:08:00;324;sem vítima;192;BR-101/SC;Sul;Colisão Lateral;1;2;;;;;1
19/12/2010;13:56:00;323;sem vítima;617;BR-376/PR;Sul;Tombamento;2;2;;;;;1
19/12/2010;17:38:00;450;sem vítima;635;BR-376/PR;Norte;Choque - Defensa, barreira ou "submarino";1;1;;;;;1
20/12/2010;13:39:00;332;com vítima;4;BR-101/SC;Sul;Colisão Traseira;2;2;1;1;;;2
20/12/2010;13:12:00;310;sem vítima;14;BR-101/SC;Norte;Colisão Traseira;1;2;;;;;1
20/12/2010;10:43:00;244;com vítima;31,299999237060547;BR-101/SC;Sul;Colisão Traseira;1;1;;1;;;2
20/12/2010;11:31:00;259;sem vítima;41,29999923706055;BR-101/SC;Sul;Choque - Defensa, barreira ou "submarino";1;1;;;;;1
20/12/2010;22:28:00;588;sem vítima;79;BR-101/SC;Norte;Choque - Cancela de Pedagio;1;1;;;;;1
20/12/2010;08:48:00;178;com vítima;82,80000305175781;BR-116/PR;Sul;Tombamento;2;1;;1;;;2
20/12/2010;14:41:00;361;com vítima;111,69999694824219;BR-101/SC;Norte;Engavetamento;2;6;3;;;;1
20/12/2010;11:32:00;263;sem vítima;157,1999969482422;BR-101/SC;Norte;Colisão Traseira;2;5;;;;;1
20/12/2010;17:30:00;439;sem vítima;660;BR-376/PR;Sul;Choque - Objeto sobre a pista;1;1;;;;;1
20/12/2010;23:34:00;611;sem vítima;665,5;BR-376/PR;Sul;Colisão Traseira;1;2;;;;;1
21/12/2010;11:11:00;239;sem vítima;1,350000023841858;BR-101/SC;Sul;Colisão Traseira;1;2;;;;;1
21/12/2010;10:54:00;228;sem vítima;27,5;BR-101/SC;Sul;Colisão Traseira;1;2;;;;;1
21/12/2010;16:34:00;407;sem vítima;33;BR-101/SC;Norte;Choque - Defensa, barreira ou "submarino";1;3;;;;;1
21/12/2010;06:42:00;110;sem vítima;79;BR-101/SC;Norte;Colisão Lateral;1;2;;;;;1
21/12/2010;15:51:00;388;sem vítima;79;BR-101/SC;Sul;Choque - Cancela de Pedagio;1;2;;;;;1
21/12/2010;19:26:00;490;sem vítima;79;BR-101/SC;Norte;Colisão Lateral;1;2;;;;;1
21/12/2010;11:59:00;265;sem vítima;142,5;BR-101/SC;Sul;Saida de Pista;1;2;;;;;1
21/12/2010;18:42:00;478;sem vítima;623;BR-376/PR;Norte;Saida de Pista;1;2;;;;;1
22/12/2010;10:37:00;255;sem vítima;79;BR-101/SC;Norte;Choque - Cancela de Pedagio;1;1;;;;;1
22/12/2010;10:38:00;256;sem vítima;79;BR-101/SC;Sul;Colisão Traseira;1;2;;;;;1
22/12/2010;14:45:00;387;sem vítima;157;BR-101/SC;Sul;Objeto lançado contra veículo;1;1;;;;;1
22/12/2010;18:14:00;511;sem vítima;205,5;BR-101/SC;Norte;Colisão Traseira;2;2;;;;;1
22/12/2010;18:15:00;512;com vítima;615;BR-376/PR;Sul;Colisão Frontal;1;2;;1;;;2
22/12/2010;23:42:00;665;com vítima;615;BR-376/PR;Sul;Tombamento;1;0;1;;;;1
22/12/2010;16:09:00;529;sem vítima;637,7999877929688;BR-376/PR;Norte;Engavetamento;1;4;;;;;1
23/12/2010;10:43:00;279;sem vítima;16,5;BR-101/SC;Sul;Choque - Objeto sobre a pista;1;2;;;;;1
23/12/2010;06:34:00;136;sem vítima;25;BR-101/SC;Sul;Choque - Objeto sobre a pista;1;1;;;;;1
23/12/2010;13:09:00;361;sem vítima;57,5;BR-101/SC;Norte;Tombamento;1;1;;;;;1
23/12/2010;15:06:00;431;sem vítima;92,80000305175781;BR-116/PR;Sul;Colisão Traseira;2;2;;;;;1
23/12/2010;03:31:00;72;sem vítima;100;BR-101/SC;Norte;Colisão Traseira;1;2;;;;;1
23/12/2010;10:57:00;289;sem vítima;108;BR-101/SC;Sul;Colisão Lateral;1;2;;;;;1
23/12/2010;18:36:00;546;sem vítima;113,5;BR-101/SC;Sul;Colisão Traseira;2;2;;;;;1
23/12/2010;17:26:00;501;sem vítima;115,9000015258789;BR-101/SC;Sul;Colisão Traseira;1;2;;;;;1
23/12/2010;18:33:00;544;sem vítima;116,69999694824219;BR-101/SC;Sul;Engavetamento;1;3;;;;;1
23/12/2010;17:03:00;492;sem vítima;118;BR-101/SC;Sul;Colisão Lateral;1;2;;;;;1
23/12/2010;08:43:00;219;sem vítima;119,5;BR-101/SC;Norte;Saida de Pista;1;1;;;;;1
23/12/2010;14:49:00;423;sem vítima;136;BR-101/SC;Sul;Engavetamento;1;3;;;;;1
23/12/2010;12:44:00;347;sem vítima;157;BR-101/SC;Sul;Choque - Cancela de Pedagio;1;1;;;;;1
23/12/2010;13:16:00;366;sem vítima;157,3000030517578;BR-101/SC;Sul;Colisão Traseira;2;2;;;;;1
23/12/2010;11:30:00;316;sem vítima;615;BR-376/PR;Sul;Colisão Traseira;1;2;;;;;1
23/12/2010;17:10:00;494;sem vítima;616,7999877929688;BR-376/PR;Norte;Colisão Traseira;1;3;;;;;1
23/12/2010;11:28:00;309;sem vítima;617;BR-376/PR;Sul;Colisão Traseira;1;2;;;;;1
23/12/2010;10:40:00;281;sem vítima;665;BR-376/PR;Sul;Choque - Defensa, barreira ou "submarino";1;1;;;;;1
23/12/2010;12:11:00;331;sem vítima;668;BR-376/PR;Norte;Colisão Traseira;1;3;;;;;1
23/12/2010;17:53:00;517;sem vítima;672;BR-376/PR;Sul;Saida de Pista;1;1;;;;;1
23/12/2010;14:15:00;407;sem vítima;674;BR-376/PR;Sul;Engavetamento;1;3;;;;;1
24/12/2010;04:46:00;83;sem vítima;3,799999952316284;BR-101/SC;Norte;Saida de Pista;1;1;;;;;1
24/12/2010;14:59:00;382;com vítima;4;BR-101/SC;Norte;Choque - Defensa, barreira ou "submarino";1;1;2;;;;1
24/12/2010;14:08:00;359;com vítima;89;BR-101/SC;Norte;Colisão Traseira;2;1;;;;1;3
24/12/2010;07:39:00;163;sem vítima;130,6999969482422;BR-101/SC;Norte;Saida de Pista;1;1;;;;;1
24/12/2010;07:18:00;151;com vítima;186;BR-101/SC;Sul;Tombamento;1;0;;2;;;2
24/12/2010;11:59:00;284;sem vítima;622;BR-376/PR;Norte;Colisão Traseira;1;2;;;;;1
24/12/2010;15:10:00;388;sem vítima;635,5;BR-376/PR;Norte;Choque - Cancela de Pedagio;1;1;;;;;1
24/12/2010;07:33:00;159;sem vítima;668;BR-376/PR;Norte;Queda de Moto;1;2;;;;;1
24/12/2010;13:42:00;343;sem vítima;668;BR-376/PR;Norte;Saida de Pista;1;2;;;;;1
24/12/2010;00:13:00;5;com vítima;672;BR-376/PR;Sul;Colisão Traseira;2;1;;1;;;2
24/12/2010;05:01:00;87;sem vítima;673;BR-376/PR;Sul;Tombamento;1;1;;;;;1
24/12/2010;03:24:00;56;sem vítima;673,7000122070312;BR-376/PR;Sul;Colisão Traseira;2;2;;;;;1
26/12/2010;10:19:00;162;sem vítima;1,350000023841858;BR-101/SC;Sul;Colisão Traseira;1;2;;;;;1
26/12/2010;17:35:00;373;com vítima;82;BR-101/SC;Norte;Colisão Traseira;1;3;3;;;;1
26/12/2010;15:31:00;310;sem vítima;92,4000015258789;BR-116/PR;Sul;Colisão Traseira;1;2;;;;;1
26/12/2010;19:10:00;422;sem vítima;616;BR-376/PR;Norte;Colisão Lateral;1;2;;;;;1
27/12/2010;06:30:00;109;sem vítima;57,29999923706055;BR-101/SC;Sul;Choque - Objeto sobre a pista;1;4;;;;;1
27/12/2010;18:01:00;467;sem vítima;181,5;BR-101/SC;Norte;Choque - Defensa, barreira ou "submarino";1;2;;;;;1
27/12/2010;15:47:00;368;sem vítima;216;BR-101/SC;Norte;Colisão Lateral;1;2;;;;;1
28/12/2010;21:02:00;540;com vítima;57;BR-101/SC;Norte;Tombamento;1;0;1;;;;1
28/12/2010;23:35:00;628;sem vítima;90,4000015258789;BR-116/PR;Sul;Outros;1;1;;;;;1
28/12/2010;15:03:00;375;sem vítima;106;BR-116/PR;Norte;Tombamento;1;1;;;;;1
28/12/2010;15:39:00;395;com vítima;151;BR-101/SC;Sul;Colisão Traseira;1;13;1;;;;1
28/12/2010;05:56:00;118;sem vítima;157;BR-101/SC;Norte;Choque - Cancela de Pedagio;1;1;;;;;1
28/12/2010;08:21:00;181;sem vítima;157;BR-101/SC;Sul;Engavetamento;1;3;;;;;1
28/12/2010;08:43:00;186;sem vítima;636;BR-376/PR;Sul;Colisão Lateral;1;2;;;;;1
28/12/2010;23:36:00;630;sem vítima;665,5999755859375;BR-376/PR;Sul;Saida de Pista;1;1;;;;;1
29/12/2010;14:32:00;334;sem vítima;1,350000023841858;BR-101/SC;Sul;Colisão Traseira;1;2;;;;;1
29/12/2010;08:13:00;138;com vítima;26;BR-101/SC;Sul;Capotamento;1;2;1;;;;1
29/12/2010;00:48:00;21;sem vítima;66;BR-101/SC;Sul;Colisão Traseira;2;2;;;;;1
29/12/2010;21:02:00;529;sem vítima;119,5;BR-101/SC;Sul;Colisão Lateral;1;2;;;;;1
29/12/2010;07:03:00;113;com vítima;133,1999969482422;BR-101/SC;Sul;Colisão Lateral;1;1;1;;;;1
29/12/2010;17:11:00;416;com vítima;137,89999389648438;BR-101/SC;Norte;Colisão Traseira;1;1;1;;;;1
29/12/2010;21:42:00;549;sem vítima;203,5;BR-101/SC;Norte;Queda de Moto;1;2;;;;;1
29/12/2010;15:17:00;348;sem vítima;204;BR-101/SC;Sul;Colisão Lateral;1;2;;;;;1
29/12/2010;14:05:00;315;com vítima;205;BR-101/SC;Sul;Colisão Traseira;1;2;;;;1;3
29/12/2010;12:29:00;263;sem vítima;210;BR-101/SC;Norte;Colisão Lateral;1;2;;;;;1
29/12/2010;15:23:00;350;sem vítima;624,9000244140625;BR-376/PR;Norte;Tombamento;1;1;;;;;1
29/12/2010;14:30:00;323;sem vítima;665;BR-376/PR;Norte;Colisão Traseira;1;3;;;;;1
30/12/2010;10:47:00;231;sem vítima;1,350000023841858;BR-101/SC;Sul;Colisão Traseira;1;2;;;;;1
30/12/2010;00:51:00;22;sem vítima;75,80000305175781;BR-101/SC;Norte;Saida de Pista;1;1;;;;;1
30/12/2010;09:54:00;214;sem vítima;130,5;BR-101/SC;Sul;Colisão Traseira;1;4;;;;;1
30/12/2010;10:00:00;218;sem vítima;130,60000610351562;BR-101/SC;Sul;Outros;1;1;;;;;1
30/12/2010;18:14:00;460;sem vítima;138;BR-101/SC;Norte;Outros;1;1;;;;;1
30/12/2010;12:29:00;280;sem vítima;157;BR-101/SC;Sul;Colisão Traseira;2;2;;;;;1
30/12/2010;07:41:00;154;com vítima;158;BR-101/SC;Norte;Capotamento;1;1;2;;;;1
30/12/2010;14:58:00;372;sem vítima;199;BR-101/SC;Norte;Colisão Traseira;1;2;;;;;1
30/12/2010;07:57:00;158;sem vítima;205;BR-101/SC;Sul;Queda de Moto;1;2;;;;;1
30/12/2010;00:31:00;15;sem vítima;617,7999877929688;BR-376/PR;Sul;Colisão Traseira;1;2;;;;;1
30/12/2010;09:03:00;191;com vítima;627,7999877929688;BR-376/PR;Norte;Colisão Lateral;1;1;4;;;;1
30/12/2010;14:08:00;342;com vítima;673;BR-376/PR;Sul;Tombamento;1;0;;1;;;2
31/12/2010;15:27:00;447;sem vítima;3;BR-101/SC;Sul;Colisão Traseira;1;2;;;;;1
31/12/2010;13:56:00;401;sem vítima;30,5;BR-101/SC;Norte;Choque - Defensa, barreira ou "submarino";1;1;;;;;1
31/12/2010;06:53:00;169;sem vítima;76,5;BR-116/PR;Sul;Saida de Pista;1;1;;;;;1
31/12/2010;07:32:00;184;sem vítima;114,9000015258789;BR-101/SC;Sul;Colisão Lateral;1;2;;;;;1
31/12/2010;19:14:00;565;com vítima;163;BR-101/SC;Sul;Choque - Defensa, barreira ou "submarino";1;0;1;;;;1
31/12/2010;14:16:00;410;sem vítima;666,7999877929688;BR-376/PR;Sul;Colisão Traseira;1;2;;;;;1
01/01/2011;10:03:00;188;sem vítima;157;BR-101/SC;Norte;Colisão Traseira;1;2;;;;;1
02/01/2011;16:23:00;423;sem vítima;1,350000023841858;BR-101/SC;Sul;Choque - Cancela de Pedagio;1;2;;;;;1
02/01/2011;12:37:00;291;sem vítima;21;BR-101/SC;Norte;Engavetamento;1;3;;;;;1
02/01/2011;09:38:00;201;sem vítima;90;BR-101/SC;Norte;Engavetamento;1;4;;;;;1
02/01/2011;16:41:00;436;sem vítima;91,30000305175781;BR-101/SC;Norte;Colisão Traseira;1;2;;;;;1
02/01/2011;04:54:00;86;com vítima;139,89999389648438;BR-101/SC;Norte;Colisão Transversal;1;3;2;;;;1
02/01/2011;00:20:00;6;sem vítima;219;BR-101/SC;Norte;Outros;1;1;;;;;1
03/01/2011;18:05:00;567;sem vítima;1,350000023841858;BR-101/SC;Norte;Colisão Traseira;1;2;;;;;1
03/01/2011;16:04:00;506;sem vítima;91,30000305175781;BR-101/SC;Norte;Engavetamento;1;5;;;;;1
03/01/2011;17:00:00;542;sem vítima;117,5;BR-101/SC;Norte;Colisão Traseira;1;5;;;;;1