data;horario;n_da_ocorrencia;tipo_de_ocorrencia;km;trecho;sentido;tipo_de_acidente;caminhao;ilesos;levemente_feridos;moderadamente_feridos;gravemente_feridos;mortos;3
03/01/2011;23:19:00;787;sem vítima;617;BR-376/PR;Norte;Colisão Traseira;1;2;;;;;1
03/01/2011;22:08:00;750;sem vítima;635,5;BR-376/PR;Norte;Colisão Traseira;1;2;;;;;1
03/01/2011;01:58:00;58;sem vítima;637,5;BR-376/PR;Norte;Colisão Traseira;1;2;;;;;1
04/01/2011;10:11:00;242;sem vítima;1,399999976158142;BR-101/SC;Norte;Colisão Lateral;2;2;;;;;1
04/01/2011;11:47:00;295;sem vítima;14;BR-101/SC;Norte;Colisão Traseira;1;2;;;;;1
04/01/2011;14:36:00;400;sem vítima;19;BR-101/SC;Norte;Colisão Traseira;1;2;;;;;1
04/01/2011;12:14:00;315;sem vítima;79;BR-101/SC;Sul;Outros;1;1;;;;;1
04/01/2011;04:49:00;97;sem vítima;81,69999694824219;BR-116/PR;Sul;Saida de Pista;1;1;;;;;1
04/01/2011;07:09:00;146;sem vítima;85;BR-101/SC;Sul;Choque - Objeto sobre a pista;1;1;;;;;1
04/01/2011;23:40:00;696;sem vítima;110;BR-101/SC;Sul;Colisão Traseira;2;2;;;;;1
04/01/2011;18:16:00;530;sem vítima;112,19999694824219;BR-116/PR;Norte;Colisão Lateral;1;2;;;;;1
04/01/2011;12:26:00;325;sem vítima;118;BR-101/SC;Norte;Colisão Lateral;1;2;;;;;1
04/01/2011;11:36:00;288;sem vítima;157;BR-101/SC;Norte;Colisão Traseira;1;3;;;;;1
04/01/2011;14:44:00;402;sem vítima;169,6999969482422;BR-101/SC;Norte;Colisão Traseira;1;2;;;;;1
05/01/2011;09:08:00;187;sem vítima;1,350000023841858;BR-101/SC;Sul;Colisão Traseira;1;2;;;;;1
05/01/2011;21:34:00;538;sem vítima;42,79999923706055;BR-101/SC;Norte;Colisão Traseira;1;2;;;;;1
05/01/2011;17:40:00;398;sem vítima;47;BR-101/SC;Norte;Colisão Lateral;1;2;;;;;1
05/01/2011;09:56:00;212;sem vítima;79;BR-101/SC;Sul;Colisão Traseira;2;2;;;;;1
05/01/2011;03:32:00;53;sem vítima;111;BR-101/SC;Norte;Tombamento;1;1;;;;;1
05/01/2011;10:48:00;234;com vítima;112,0999984741211;BR-101/SC;Norte;Colisão Lateral;1;1;1;;;;1
05/01/2011;12:54:00;293;sem vítima;189,6999969482422;BR-101/SC;Norte;Tombamento;1;1;;;;;1
05/01/2011;15:14:00;361;sem vítima;623;BR-376/PR;Norte;Colisão Lateral;1;2;;;;;1
05/01/2011;12:53:00;292;sem vítima;665,5;BR-376/PR;Sul;Choque - Outros;2;2;;;;;1
06/01/2011;18:53:00;543;sem vítima;1,350000023841858;BR-101/SC;Norte;Choque - Cancela de Pedagio;1;1;;;;;1
06/01/2011;05:43:00;125;sem vítima;139,3000030517578;BR-101/SC;Sul;Colisão Lateral;2;2;;;;;1
06/01/2011;11:00:00;301;sem vítima;219;BR-101/SC;Sul;Choque - Cancela de Pedagio;1;1;;;;;1
06/01/2011;22:25:00;634;sem vítima;619;BR-376/PR;Norte;Saida de Pista;1;1;;;;;1
06/01/2011;03:45:00;73;com vítima;625,5;BR-376/PR;Sul;Colisão Traseira;1;1;;;1;1;3
06/01/2011;18:44:00;539;sem vítima;651;BR-376/PR;Norte;Choque - Defensa, barreira ou "submarino";1;1;;;;;1
07/01/2011;18:09:00;492;com vítima;10,600000381469727;BR-101/SC;Norte;Queda de Moto;1;2;2;;;;1
07/01/2011;15:21:00;393;sem vítima;72;BR-101/SC;Norte;Colisão Lateral;1;2;;;;;1
07/01/2011;11:19:00;269;sem vítima;98,69999694824219;BR-101/SC;Norte;Colisão Traseira;1;2;;;;;1
07/01/2011;09:35:00;230;sem vítima;111,5;BR-101/SC;Norte;Engavetamento;3;4;;;;;1
07/01/2011;12:38:00;303;sem vítima;157;BR-101/SC;Sul;Choque - Suporte de Sinalização;1;1;;;;;1
07/01/2011;19:49:00;535;sem vítima;220;BR-101/SC;Sul;Colisão Lateral;1;2;;;;;1
07/01/2011;19:40:00;532;sem vítima;221;BR-101/SC;Sul;Colisão Traseira;1;2;;;;;1
07/01/2011;14:27:00;372;sem vítima;617;BR-376/PR;Norte;Colisão Traseira;1;1;;;;;1
08/01/2011;15:30:00;420;sem vítima;85;BR-101/SC;Norte;Engavetamento;1;4;;;;;1
08/01/2011;20:49:00;581;sem vítima;619;BR-376/PR;Sul;Colisão Frontal;1;2;;;;;1
09/01/2011;15:54:00;412;com vítima;45,20000076293945;BR-101/SC;Norte;Engavetamento;1;2;1;;;;1
09/01/2011;12:09:00;274;com vítima;157,6999969482422;BR-101/SC;Sul;Colisão Lateral;1;2;2;;;;1
09/01/2011;17:37:00;463;sem vítima;616,7000122070312;BR-376/PR;Norte;Colisão Traseira;1;2;;;;;1
09/01/2011;06:55:00;121;sem vítima;621,5;BR-376/PR;Sul;Tombamento;1;1;;;;;1
09/01/2011;18:06:00;478;com vítima;627,2999877929688;BR-376/PR;Norte;Colisão Lateral;1;1;4;;;;1
09/01/2011;18:06:00;479;com vítima;660;BR-376/PR;Norte;Tombamento;1;0;;3;;;2
10/01/2011;01:20:00;38;com vítima;56,5;BR-101/SC;Norte;Colisão Traseira;1;1;;1;;;2
10/01/2011;23:14:00;640;com vítima;70,9000015258789;BR-101/SC;Sul;Colisão Traseira;1;2;;2;;;2
10/01/2011;06:49:00;140;sem vítima;121;BR-101/SC;Norte;Tombamento;1;1;;;;;1
10/01/2011;08:51:00;207;sem vítima;127;BR-101/SC;Norte;Colisão Traseira;1;2;;;;;1
10/01/2011;16:05:00;446;sem vítima;137,3000030517578;BR-101/SC;Norte;Choque - Outros;1;1;;;;;1
10/01/2011;10:54:00;264;sem vítima;138;BR-101/SC;Norte;Colisão Lateral;1;2;;;;;1
10/01/2011;17:40:00;485;sem vítima;141;BR-101/SC;Sul;Colisão Frontal;1;2;;;;;1
10/01/2011;17:01:00;468;sem vítima;201,6999969482422;BR-101/SC;Norte;Colisão Traseira;2;2;;;;;1
10/01/2011;16:11:00;449;sem vítima;216;BR-101/SC;Sul;Colisão Traseira;1;2;;;;;1
10/01/2011;16:23:00;451;sem vítima;219;BR-101/SC;Sul;Choque - Cancela de Pedagio;1;1;;;;;1
10/01/2011;17:23:00;477;com vítima;619;BR-376/PR;Norte;Colisão Traseira;1;1;;1;;;2
10/01/2011;12:16:00;315;sem vítima;635,5;BR-376/PR;Sul;Colisão Lateral;1;2;;;;;1
10/01/2011;08:16:00;189;sem vítima;647,5;BR-376/PR;Norte;Colisão Traseira;1;3;;;;;1
10/01/2011;19:12:00;529;sem vítima;651;BR-376/PR;Sul;Colisão Traseira;1;2;;;;;1
10/01/2011;19:39:00;541;sem vítima;666;BR-376/PR;Norte;Colisão Traseira;1;2;;;;;1
10/01/2011;19:14:00;530;sem vítima;669;BR-376/PR;Norte;Engavetamento;1;3;;;;;1
11/01/2011;21:34:00;520;sem vítima;1,350000023841858;BR-101/SC;Norte;Colisão Lateral;1;2;;;;;1
11/01/2011;07:25:00;134;com vítima;112,80000305175781;BR-101/SC;Sul;Engavetamento;2;0;1;2;;;2
11/01/2011;06:42:00;114;sem vítima;190,8000030517578;BR-101/SC;Sul;Choque - Objeto sobre a pista;1;1;;;;;1
11/01/2011;17:28:00;408;com vítima;193;BR-101/SC;Sul;Choque - Outros;1;2;;1;;;2
11/01/2011;09:05:00;183;com vítima;208;BR-101/SC;Norte;Atropelamento - Funcionário;1;2;;1;;;2
11/01/2011;17:03:00;387;sem vítima;666;BR-376/PR;Sul;Colisão Traseira;2;2;;;;;1
11/01/2011;14:25:00;305;sem vítima;670,25;BR-376/PR;Sul;Colisão Lateral;2;2;;;;;1
12/01/2011;16:07:00;377;sem vítima;17,200000762939453;BR-101/SC;Norte;Tombamento;1;1;;;;;1
12/01/2011;11:37:00;273;sem vítima;31,799999237060547;BR-101/SC;Sul;Engavetamento;1;4;;;;;1
12/01/2011;08:49:00;190;com vítima;105,69999694824219;BR-116/PR;Norte;Colisão Lateral;1;1;4;;;;1
12/01/2011;16:41:00;390;sem vítima;157;BR-101/SC;Sul;Colisão Traseira;2;2;;;;;1
12/01/2011;17:04:00;404;sem vítima;164;BR-101/SC;Norte;Choque - Objeto sobre a pista;1;1;;;;;1
12/01/2011;17:04:00;405;sem vítima;665,7000122070312;BR-376/PR;Sul;Colisão Traseira;1;2;;;;;1
12/01/2011;16:36:00;388;sem vítima;667,7000122070312;BR-376/PR;Norte;Colisão Traseira;1;2;;;;;1
13/01/2011;08:37:00;171;sem vítima;47;BR-101/SC;Norte;Colisão Traseira;1;2;;;;;1
13/01/2011;09:14:00;184;sem vítima;48,5;BR-101/SC;Norte;Outros;1;1;;;;;1
13/01/2011;15:50:00;415;sem vítima;102;BR-116/PR;Norte;Colisão Traseira;1;3;;;;;1
13/01/2011;11:07:00;253;sem vítima;108,30000305175781;BR-101/SC;Norte;Saida de Pista;1;2;;;;;1
13/01/2011;07:48:00;140;sem vítima;196;BR-101/SC;Sul;Colisão Lateral;1;2;;;;;1
13/01/2011;18:14:00;493;sem vítima;206;BR-101/SC;Norte;Colisão Traseira;1;2;;;;;1
13/01/2011;18:54:00;528;sem vítima;655,5;BR-376/PR;Norte;Tombamento;1;1;;;;;1
13/01/2011;06:01:00;99;sem vítima;666,7999877929688;BR-376/PR;Sul;Colisão Traseira;2;2;;;;;1
14/01/2011;17:59:00;443;sem vítima;55;BR-101/SC;Sul;Colisão Traseira;1;2;;;;;1
14/01/2011;21:47:00;578;sem vítima;120;BR-101/SC;Sul;Engavetamento;1;3;;;;;1
14/01/2011;16:54:00;416;sem vítima;120,80000305175781;BR-101/SC;Sul;Engavetamento;1;3;;;;;1
14/01/2011;14:17:00;334;sem vítima;153,5;BR-101/SC;Norte;Objeto lançado contra veículo;1;2;;;;;1
14/01/2011;18:23:00;461;com vítima;206;BR-101/SC;Sul;Colisão Traseira;1;1;1;;;;1
15/01/2011;10:01:00;230;sem vítima;1,350000023841858;BR-101/SC;Sul;Colisão Traseira;1;2;;;;;1
15/01/2011;14:03:00;345;sem vítima;7;BR-101/SC;Norte;Saida de Pista;1;1;;;;;1
15/01/2011;19:55:00;530;sem vítima;69;BR-101/SC;Sul;Colisão Lateral;1;2;;;;;1
15/01/2011;19:47:00;528;sem vítima;157,3000030517578;BR-101/SC;Sul;Outros;1;1;;;;;1
15/01/2011;02:09:00;33;sem vítima;168,10000610351562;BR-101/SC;Sul;Colisão Frontal;1;2;;;;;1
15/01/2011;11:35:00;284;sem vítima;202;BR-101/SC;Sul;Colisão Lateral;1;2;;;;;1
15/01/2011;11:29:00;272;sem vítima;220;BR-101/SC;Sul;Colisão Lateral;1;2;;;;;1
15/01/2011;00:52:00;8;sem vítima;664;BR-376/PR;Sul;Colisão Traseira;2;2;;;;;1
16/01/2011;19:09:00;468;sem vítima;65;BR-101/SC;Norte;Colisão Transversal;1;2;;;;;1
16/01/2011;09:26:00;171;sem vítima;79;BR-101/SC;Norte;Colisão Traseira;1;2;;;;;1
16/01/2011;19:21:00;473;sem vítima;81;BR-101/SC;Norte;Colisão Traseira;1;2;;;;;1
16/01/2011;09:21:00;165;sem vítima;141,6999969482422;BR-101/SC;Sul;Saida de Pista;1;1;;;;;1
16/01/2011;07:50:00;129;sem vítima;150,1999969482422;BR-101/SC;Sul;Colisão Lateral;1;2;;;;;1
16/01/2011;04:35:00;66;sem vítima;219;BR-101/SC;Norte;Choque - Outros;1;1;;;;;1
17/01/2011;12:13:00;286;sem vítima;111;BR-101/SC;Sul;Choque - Outros;1;1;;;;;1
17/01/2011;08:07:00;157;sem vítima;112,80000305175781;BR-116/PR;Sul;Saida de Pista;1;1;;;;;1
17/01/2011;23:51:00;593;sem vítima;122;BR-101/SC;Sul;Saida de Pista;1;1;;;;;1
17/01/2011;11:54:00;278;sem vítima;219;BR-101/SC;Sul;Choque - Defensa, barreira ou "submarino";1;1;;;;;1
17/01/2011;07:10:00;124;com vítima;664;BR-376/PR;Sul;Colisão Lateral;1;1;1;1;1;;2
18/01/2011;18:06:00;456;sem vítima;44,599998474121094;BR-101/SC;Norte;Colisão Traseira;1;2;;;;;1
18/01/2011;09:21:00;198;sem vítima;79;BR-101/SC;Sul;Choque - Objeto sobre a pista;1;1;;;;;1
18/01/2011;16:19:00;416;sem vítima;80;BR-101/SC;Norte;Choque - Cancela de Pedagio;1;1;;;;;1
18/01/2011;13:06:00;307;sem vítima;114,69999694824219;BR-101/SC;Norte;Colisão Traseira;1;2;;;;;1
18/01/2011;12:21:00;286;sem vítima;117,80000305175781;BR-101/SC;Sul;Colisão Traseira;1;2;;;;;1
18/01/2011;15:31:00;395;sem vítima;146;BR-101/SC;Norte;Engavetamento;1;8;;;;;1
18/01/2011;11:47:00;272;sem vítima;157,3000030517578;BR-101/SC;Norte;Choque - Cancela de Pedagio;1;1;;;;;1
18/01/2011;07:29:00;124;sem vítima;163,60000610351562;BR-101/SC;Sul;Colisão Traseira;1;2;;;;;1
18/01/2011;23:07:00;589;sem vítima;627;BR-376/PR;Sul;Saida de Pista;1;1;;;;;1
18/01/2011;15:24:00;392;sem vítima;643,5;BR-376/PR;Sul;Tombamento;1;1;;;;;1
18/01/2011;15:23:00;390;sem vítima;671,7999877929688;BR-376/PR;Sul;Colisão Lateral;1;2;;;;;1
19/01/2011;20:08:00;494;sem vítima;79;BR-101/SC;Norte;Choque - Cancela de Pedagio;1;1;;;;;1
19/01/2011;21:19:00;533;sem vítima;97,4000015258789;BR-116/PR;Sul;Saida de Pista;1;1;;;;;1
19/01/2011;11:11:00;225;sem vítima;109,0999984741211;BR-116/PR;Sul;Colisão Traseira;1;1;;;;;1
19/01/2011;18:30:00;468;com vítima;178;BR-101/SC;Sul;Choque - Outros;1;2;;1;;;2
19/01/2011;05:56:00;74;sem vítima;625;BR-376/PR;Sul;Colisão Traseira;1;2;;;;;1
19/01/2011;01:08:00;17;sem vítima;665,5;BR-376/PR;Sul;Colisão Lateral;1;2;;;;;1
20/01/2011;17:35:00;418;sem vítima;13;BR-101/SC;Sul;Choque - Defensa, barreira ou "submarino";1;1;;;;;1
20/01/2011;04:05:00;56;sem vítima;33;BR-101/SC;Norte;Saida de Pista;1;1;;;;;1
20/01/2011;17:29:00;412;sem vítima;36,79999923706055;BR-101/SC;Norte;Saida de Pista;1;1;;;;;1
20/01/2011;17:40:00;424;sem vítima;42;BR-101/SC;Sul;Saida de Pista;1;1;;;;;1
20/01/2011;07:37:00;119;sem vítima;107,4000015258789;BR-116/PR;Sul;Colisão Traseira;2;2;;;;;1
20/01/2011;11:56:00;258;sem vítima;109,80000305175781;BR-116/PR;Sul;Saida de Pista;1;2;;;;;1
20/01/2011;18:42:00;447;sem vítima;111;BR-116/PR;Sul;Engavetamento;3;3;;;;;1
20/01/2011;19:06:00;455;sem vítima;114;BR-116/PR;Norte;Colisão Traseira;1;4;;;;;1
20/01/2011;08:29:00;146;sem vítima;204,39999389648438;BR-101/SC;Sul;Colisão Lateral;1;2;;;;;1
20/01/2011;07:41:00;122;sem vítima;212,6999969482422;BR-101/SC;Norte;Colisão Lateral;1;2;;;;;1
20/01/2011;11:35:00;241;sem vítima;653;BR-376/PR;Sul;Objeto lançado contra veículo;1;2;;;;;1
20/01/2011;16:06:00;373;sem vítima;668;BR-376/PR;Norte;Colisão Traseira;1;2;;;;;1
20/01/2011;16:24:00;384;sem vítima;671;BR-376/PR;Sul;Choque - Defensa, barreira ou "submarino";1;2;;;;;1
21/01/2011;21:04:00;523;sem vítima;55;BR-101/SC;Sul;Saida de Pista;1;1;;;;;1
21/01/2011;02:20:00;45;sem vítima;79;BR-101/SC;Norte;Choque - Cancela de Pedagio;1;1;;;;;1
21/01/2011;23:24:00;597;com vítima;81;BR-101/SC;Sul;Engavetamento;1;6;;2;;;2
21/01/2011;07:46:00;154;sem vítima;99,30000305175781;BR-116/PR;Norte;Saida de Pista;1;1;;;;;1
21/01/2011;18:20:00;425;sem vítima;101,5;BR-116/PR;Sul;Saida de Pista;2;2;;;;;1
21/01/2011;18:35:00;431;sem vítima;108;BR-116/PR;Sul;Engavetamento;1;4;;;;;1
21/01/2011;17:15:00;405;sem vítima;119,5;BR-101/SC;Sul;Saida de Pista;1;1;;;;;1
21/01/2011;18:45:00;437;sem vítima;123;BR-101/SC;Norte;Colisão Traseira;1;2;;;;;1
21/01/2011;11:18:00;245;sem vítima;140;BR-101/SC;Sul;Colisão Lateral;1;3;;;;;1
21/01/2011;07:25:00;143;sem vítima;157;BR-101/SC;Norte;Choque - Cancela de Pedagio;1;1;;;;;1
21/01/2011;17:23:00;410;sem vítima;162,6999969482422;BR-101/SC;Sul;Saida de Pista;1;1;;;;;1
21/01/2011;00:27:00;15;sem vítima;180,5;BR-101/SC;Norte;Choque - Objeto sobre a pista;1;1;;;;;1
21/01/2011;12:06:00;272;sem vítima;199;BR-101/SC;Sul;Colisão Lateral;1;2;;;;;1
21/01/2011;16:57:00;395;sem vítima;203,3000030517578;BR-101/SC;Norte;Engavetamento;1;3;;;;;1
21/01/2011;19:56:00;473;sem vítima;204,5;BR-101/SC;Norte;Colisão Traseira;1;2;;;;;1
21/01/2011;14:31:00;331;sem vítima;211;BR-101/SC;Sul;Colisão Traseira;1;2;;;;;1
21/01/2011;14:58:00;345;sem vítima;211;BR-101/SC;Sul;Engavetamento;1;3;;;;;1
21/01/2011;14:01:00;317;sem vítima;212;BR-101/SC;Norte;Engavetamento;1;4;;;;;1
21/01/2011;00:01:00;1;sem vítima;635;BR-376/PR;Norte;Saida de Pista;1;1;;;;;1
21/01/2011;22:24:00;563;sem vítima;653,5999755859375;BR-376/PR;Norte;Colisão Traseira;1;2;;;;;1
21/01/2011;22:21:00;559;sem vítima;653,7999877929688;BR-376/PR;Norte;Colisão Traseira;1;2;;;;;1
22/01/2011;13:50:00;294;sem vítima;48;BR-101/SC;Sul;Colisão Lateral;1;2;;;;;1
22/01/2011;12:58:00;269;sem vítima;110,0999984741211;BR-116/PR;Sul;Colisão Lateral;1;2;;;;;1
22/01/2011;13:40:00;290;sem vítima;111,30000305175781;BR-101/SC;Sul;Saida de Pista;1;2;;;;;1
22/01/2011;20:52:00;468;com vítima;627,5;BR-376/PR;Norte;Colisão Traseira;1;2;1;;;;1
22/01/2011;14:52:00;324;com vítima;668;BR-376/PR;Sul;Tombamento;1;0;;;;1;3
23/01/2011;19:15:00;404;com vítima;40,099998474121094;BR-101/SC;Sul;Colisão Lateral;1;2;3;;;;1
23/01/2011;00:43:00;9;sem vítima;89,19999694824219;BR-101/SC;Sul;Colisão Traseira;1;2;;;;;1
23/01/2011;07:46:00;117;sem vítima;100,0999984741211;BR-116/PR;Norte;Colisão Lateral;1;2;;;;;1
23/01/2011;18:15:00;389;sem vítima;135;BR-101/SC;Norte;Colisão Lateral;1;2;;;;;1
23/01/2011;21:04:00;451;sem vítima;210,5;BR-101/SC;Norte;Colisão Transversal;1;2;;;;;1
23/01/2011;11:32:00;199;sem vítima;214,6999969482422;BR-101/SC;Sul;Colisão Traseira;1;2;;;;;1
24/01/2011;14:12:00;356;sem vítima;41;BR-101/SC;Norte;Colisão Traseira;2;2;;;;;1
24/01/2011;14:55:00;373;sem vítima;57,900001525878906;BR-101/SC;Sul;Saida de Pista;1;1;;;;;1
24/01/2011;14:47:00;371;com vítima;117,69999694824219;BR-101/SC;Norte;Colisão Traseira;1;1;1;;;;1
24/01/2011;18:16:00;466;com vítima;615;BR-376/PR;Sul;Atropelamento - Ciclista;1;1;1;;;;1
24/01/2011;23:02:00;600;com vítima;618,5;BR-376/PR;Norte;Engavetamento;3;6;;2;;;2
24/01/2011;15:30:00;396;com vítima;635,5;BR-376/PR;Norte;Atropelamento - Outros;1;1;;1;;;2
24/01/2011;08:49:00;181;sem vítima;643,5999755859375;BR-376/PR;Norte;Engavetamento;2;3;;;;;1
24/01/2011;15:00:00;377;sem vítima;678;BR-376/PR;Norte;Engavetamento;1;3;;;;;1
24/01/2011;20:24:00;527;com vítima;682;BR-376/PR;Sul;Colisão Lateral;2;1;;1;;;2
25/01/2011;11:27:00;260;sem vítima;1,350000023841858;BR-101/SC;Sul;Colisão Traseira;1;2;;;;;1
25/01/2011;20:57:00;528;sem vítima;15;BR-101/SC;Norte;Engavetamento;2;2;;;;;1
25/01/2011;18:18:00;472;sem vítima;62;BR-101/SC;Norte;Colisão Traseira;1;2;;;;;1
25/01/2011;09:01:00;184;sem vítima;76;BR-101/SC;Sul;Choque - Objeto sobre a pista;1;1;;;;;1
25/01/2011;06:31:00;93;com vítima;77;BR-116/PR;Norte;Engavetamento;2;1;1;1;;;2
25/01/2011;11:55:00;276;sem vítima;88,69999694824219;BR-116/PR;Sul;Choque - Objeto sobre a pista;1;2;;;;;1
25/01/2011;10:02:00;214;sem vítima;109;BR-116/PR;Sul;Colisão Traseira;1;2;;;;;1
25/01/2011;18:48:00;486;sem vítima;163,6999969482422;BR-101/SC;Sul;Colisão Traseira;1;2;;;;;1
25/01/2011;22:12:00;554;com vítima;203;BR-101/SC;Norte;Colisão Traseira;1;0;;2;;;2
25/01/2011;20:47:00;526;sem vítima;205,0399932861328;BR-101/SC;Sul;Colisão Lateral;1;2;;;;;1
25/01/2011;18:19:00;473;sem vítima;207,5;BR-101/SC;Sul;Colisão Lateral;2;2;;;;;1
25/01/2011;16:25:00;419;sem vítima;615;BR-376/PR;Sul;Engavetamento;2;3;;;;;1
25/01/2011;16:32:00;422;sem vítima;627;BR-376/PR;Norte;Colisão Traseira;2;2;;;;;1
25/01/2011;12:16:00;284;sem vítima;635,5;BR-376/PR;Norte;Choque - Objeto sobre a pista;1;1;;;;;1
25/01/2011;18:49:00;487;sem vítima;667,5;BR-376/PR;Sul;Colisão Traseira;2;2;;;;;1
25/01/2011;02:45:00;39;sem vítima;672;BR-376/PR;Sul;Colisão Traseira;2;3;;;;;1
26/01/2011;22:00:00;602;sem vítima;1,350000023841858;BR-101/SC;Norte;Choque - Cancela de Pedagio;1;1;;;;;1
26/01/2011;08:23:00;163;sem vítima;39;BR-101/SC;Norte;Colisão Traseira;1;2;;;;;1
26/01/2011;14:18:00;351;sem vítima;57;BR-101/SC;Sul;Colisão Traseira;2;2;;;;;1
26/01/2011;20:50:00;558;sem vítima;157,5;BR-101/SC;Sul;Choque - Cancela de Pedagio;1;1;;;;;1
26/01/2011;21:50:00;589;sem vítima;621;BR-376/PR;Sul;Saida de Pista;1;1;;;;;1
26/01/2011;14:17:00;350;sem vítima;635;BR-376/PR;Norte;Choque - Cancela de Pedagio;1;1;;;;;1
26/01/2011;10:11:00;228;sem vítima;648,5;BR-376/PR;Norte;Tombamento;1;1;;;;;1
26/01/2011;02:41:00;38;sem vítima;665,7999877929688;BR-376/PR;Norte;Colisão Traseira;1;2;;;;;1
27/01/2011;10:05:00;215;sem vítima;57;BR-101/SC;Norte;Colisão Traseira;1;2;;;;;1
27/01/2011;16:17:00;441;sem vítima;79;BR-101/SC;Sul;Choque - Defensa, barreira ou "submarino";1;1;;;;;1
27/01/2011;19:26:00;518;sem vítima;79;BR-101/SC;Norte;Colisão Traseira;1;2;;;;;1
27/01/2011;13:13:00;327;sem vítima;95;BR-116/PR;Norte;Choque - Objeto sobre a pista;2;2;;;;;1
27/01/2011;17:17:00;462;sem vítima;96;BR-116/PR;Sul;Tombamento;1;3;;;;;1
27/01/2011;11:56:00;282;sem vítima;106;BR-116/PR;Norte;Colisão Traseira;1;2;;;;;1
27/01/2011;10:15:00;217;sem vítima;109,80000305175781;BR-116/PR;Norte;Tombamento;1;1;;;;;1
27/01/2011;06:24:00;116;com vítima;129;BR-101/SC;Sul;Tombamento;1;0;1;;;;1
27/01/2011;16:48:00;445;com vítima;143;BR-101/SC;Sul;Colisão Lateral;1;2;;2;;;2
27/01/2011;07:50:00;157;sem vítima;157;BR-101/SC;Sul;Choque - Cancela de Pedagio;1;1;;;;;1
27/01/2011;19:11:00;512;sem vítima;185,6999969482422;BR-101/SC;Norte;Colisão Lateral;1;2;;;;;1
27/01/2011;07:53:00;152;sem vítima;210,8000030517578;BR-101/SC;Norte;Choque - Objeto sobre a pista;1;1;;;;;1
27/01/2011;20:19:00;540;sem vítima;640,2000122070312;BR-376/PR;Sul;Outros;1;1;;;;;1
27/01/2011;21:57:00;576;sem vítima;653,2000122070312;BR-376/PR;Sul;Colisão Lateral;2;2;;;;;1
28/01/2011;01:00:00;22;sem vítima;1,350000023841858;BR-101/SC;Norte;Choque - Cancela de Pedagio;1;1;;;;;1
28/01/2011;03:06:00;45;sem vítima;1,350000023841858;BR-101/SC;Sul;Choque - Objeto sobre a pista;1;1;;;;;1
28/01/2011;06:40:00;114;sem vítima;1,350000023841858;BR-101/SC;Sul;Choque - Defensa, barreira ou "submarino";1;1;;;;;1
28/01/2011;08:49:00;191;sem vítima;1,350000023841858;BR-101/SC;Norte;Choque - Cancela de Pedagio;1;1;;;;;1
28/01/2011;17:07:00;465;sem vítima;2,5;BR-101/SC;Norte;Colisão Traseira;1;2;;;;;1
28/01/2011;12:03:00;289;sem vítima;46,400001525878906;BR-101/SC;Sul;Colisão Frontal;1;2;;;;;1
28/01/2011;14:36:00;368;sem vítima;173,10000610351562;BR-101/SC;Sul;Colisão Traseira;1;2;;;;;1
28/01/2011;11:57:00;287;com vítima;192,5;BR-101/SC;Sul;Colisão Traseira;1;1;;1;;;2
28/01/2011;17:05:00;463;sem vítima;199,5;BR-101/SC;Sul;Objeto lançado contra veículo;1;2;;;;;1
29/01/2011;09:43:00;228;sem vítima;1,350000023841858;BR-101/SC;Sul;Choque - Defensa, barreira ou "submarino";1;1;;;;;1
29/01/2011;12:18:00;303;sem vítima;36;BR-101/SC;Sul;Objeto lançado contra veículo;2;2;;;;;1
29/01/2011;15:10:00;406;com vítima;107;BR-116/PR;Sul;Tombamento;1;1;1;;;;1
29/01/2011;15:00:00;402;sem vítima;204;BR-101/SC;Norte;Colisão Lateral;1;2;;;;;1
29/01/2011;20:16:00;557;sem vítima;219;BR-101/SC;Sul;Colisão Lateral;1;2;;;;;1
29/01/2011;20:57:00;580;sem vítima;220;BR-101/SC;Sul;Choque - Objeto sobre a pista;1;4;;;;;1
29/01/2011;00:00:00;15;sem vítima;621;BR-376/PR;Norte;Colisão Lateral;2;2;;;;;1
29/01/2011;18:07:00;503;sem vítima;635,5;BR-376/PR;Sul;Choque - Cancela de Pedagio;1;2;;;;;1
29/01/2011;21:43:00;609;com vítima;671;BR-376/PR;Sul;Colisão Traseira;1;3;2;;;;1
30/01/2011;10:29:00;200;sem vítima;10,800000190734863;BR-101/SC;Norte;Saida de Pista;1;1;;;;;1
30/01/2011;13:13:00;291;sem vítima;43;BR-101/SC;Norte;Colisão Traseira;3;3;;;;;1
30/01/2011;18:12:00;426;sem vítima;76;BR-101/SC;Sul;Saida de Pista;1;1;;;;;1
30/01/2011;14:48:00;332;sem vítima;111,5;BR-101/SC;Norte;Colisão Lateral;1;2;;;;;1
30/01/2011;17:34:00;410;com vítima;624,4000244140625;BR-376/PR;Sul;Colisão Lateral;1;1;2;;;;1
31/01/2011;16:15:00;415;sem vítima;79;BR-101/SC;Norte;Colisão Traseira;1;2;;;;;1
31/01/2011;06:41:00;112;com vítima;99;BR-101/SC;Sul;Colisão Traseira;1;2;2;;;;1