data;horario;n_da_ocorrencia;tipo_de_ocorrencia;km;trecho;sentido;tipo_de_acidente;caminhao;ilesos;levemente_feridos;moderadamente_feridos;gravemente_feridos;mortos;3
31/01/2011;15:58:00;405;com vítima;209;BR-101/SC;Norte;Engavetamento;1;3;1;;;;1
31/01/2011;16:07:00;411;sem vítima;620,5;BR-376/PR;Norte;Choque - Objeto sobre a pista;1;1;;;;;1
01/02/2011;14:08:00;345;sem vítima;1,350000023841858;BR-101/SC;Sul;Choque - Cancela de Pedagio;1;1;;;;;1
01/02/2011;16:43:00;435;com vítima;41;BR-101/SC;Sul;Engavetamento;1;3;1;;;;1
01/02/2011;12:39:00;306;sem vítima;122;BR-101/SC;Norte;Colisão Lateral;1;2;;;;;1
01/02/2011;11:30:00;267;sem vítima;157,3000030517578;BR-101/SC;Norte;Choque - Cancela de Pedagio;1;1;;;;;1
01/02/2011;08:49:00;193;sem vítima;204,5;BR-101/SC;Sul;Colisão Traseira;1;2;;;;;1
01/02/2011;10:57:00;255;sem vítima;644,5;BR-376/PR;Sul;Colisão Lateral;1;2;;;;;1
01/02/2011;17:32:00;456;sem vítima;660;BR-376/PR;Norte;Choque - Defensa, barreira ou "submarino";1;2;;;;;1
01/02/2011;17:48:00;463;sem vítima;667;BR-376/PR;Sul;Colisão Traseira;1;2;;;;;1
01/02/2011;09:53:00;221;com vítima;668,5;BR-376/PR;Sul;Colisão Traseira;1;2;1;1;;;2
01/02/2011;13:57:00;343;sem vítima;671;BR-376/PR;Sul;Colisão Traseira;1;2;;;;;1
02/02/2011;10:56:00;282;sem vítima;1,350000023841858;BR-101/SC;Sul;Colisão Traseira;2;2;;;;;1
02/02/2011;10:06:00;258;sem vítima;75;BR-101/SC;Sul;Tombamento;1;2;;;;;1
02/02/2011;10:26:00;265;sem vítima;116,5;BR-101/SC;Norte;Engavetamento;2;3;;;;;1
02/02/2011;17:04:00;448;sem vítima;119;BR-101/SC;Norte;Colisão Lateral;1;2;;;;;1
02/02/2011;15:42:00;398;sem vítima;125,80000305175781;BR-101/SC;Norte;Colisão Traseira;1;2;;;;;1
02/02/2011;07:32:00;156;sem vítima;157;BR-101/SC;Sul;Colisão Traseira;1;2;;;;;1
02/02/2011;06:38:00;135;sem vítima;169,5;BR-101/SC;Norte;Colisão Traseira;2;2;;;;;1
02/02/2011;01:10:00;27;sem vítima;197,5;BR-101/SC;Norte;Colisão Traseira;2;2;;;;;1
02/02/2011;13:34:00;357;sem vítima;200,10000610351562;BR-101/SC;Norte;Tombamento;1;1;;;;;1
02/02/2011;10:58:00;283;sem vítima;213,3000030517578;BR-101/SC;Norte;Colisão Traseira;1;2;;;;;1
02/02/2011;08:47:00;204;sem vítima;217;BR-101/SC;Sul;Saida de Pista;1;1;;;;;1
02/02/2011;10:51:00;280;com vítima;663;BR-376/PR;Norte;Colisão Lateral;1;2;1;1;;;2
02/02/2011;08:37:00;198;sem vítima;670;BR-376/PR;Sul;Tombamento;1;1;;;;;1
03/02/2011;10:24:00;216;sem vítima;32;BR-101/SC;Norte;Colisão Traseira;2;2;;;;;1
03/02/2011;17:18:00;434;sem vítima;99,30000305175781;BR-116/PR;Sul;Tombamento;1;2;;;;;1
03/02/2011;08:25:00;153;sem vítima;102;BR-116/PR;Sul;Colisão Lateral;1;3;;;;;1
03/02/2011;12:29:00;275;sem vítima;120,19999694824219;BR-101/SC;Norte;Colisão Lateral;1;2;;;;;1
03/02/2011;22:26:00;576;sem vítima;198;BR-101/SC;Sul;Colisão Traseira;1;2;;;;;1
03/02/2011;08:17:00;150;sem vítima;215;BR-101/SC;Norte;Choque - Outros;1;1;;;;;1
03/02/2011;00:09:00;4;sem vítima;675,5;BR-376/PR;Norte;Saida de Pista;2;2;;;;;1
04/02/2011;18:46:00;519;com vítima;66;BR-101/SC;Sul;Colisão Traseira;1;2;;1;;;2
04/02/2011;23:31:00;657;sem vítima;113,19999694824219;BR-116/PR;Sul;Colisão Traseira;2;2;;;;;1
04/02/2011;10:46:00;234;com vítima;117,80000305175781;BR-101/SC;Norte;Tombamento;1;0;1;;;;1
04/02/2011;02:26:00;50;sem vítima;162;BR-101/SC;Sul;Tombamento;1;2;;;;;1
04/02/2011;16:27:00;438;sem vítima;205,1999969482422;BR-101/SC;Norte;Colisão Lateral;1;2;;;;;1
04/02/2011;12:58:00;312;sem vítima;220;BR-101/SC;Sul;Choque - Objeto sobre a pista;1;1;;;;;1
04/02/2011;11:23:00;257;sem vítima;616;BR-376/PR;Sul;Colisão Lateral;2;2;;;;;1
04/02/2011;16:59:00;462;com vítima;640;BR-376/PR;Norte;Queda de Moto;1;1;2;;;;1
04/02/2011;01:17:00;29;sem vítima;647,2999877929688;BR-376/PR;Sul;Atropelamento de Animal;1;1;;;;;1
05/02/2011;11:49:00;263;sem vítima;49;BR-101/SC;Norte;Colisão Traseira;1;2;;;;;1
05/02/2011;20:32:00;528;sem vítima;93,19999694824219;BR-116/PR;Norte;Colisão Lateral;2;2;;;;;1
05/02/2011;18:42:00;486;sem vítima;97;BR-101/SC;Norte;Saida de Pista;1;2;;;;;1
05/02/2011;23:57:00;619;sem vítima;105;BR-101/SC;Sul;Colisão Traseira;1;3;;;;;1
05/02/2011;14:06:00;333;com vítima;105,5;BR-101/SC;Norte;Tombamento;1;0;1;;;;1
05/02/2011;16:39:00;413;sem vítima;114;BR-101/SC;Norte;Colisão Traseira;1;2;;;;;1
05/02/2011;04:41:00;70;sem vítima;165,5;BR-101/SC;Norte;Colisão Traseira;1;4;;;;;1
05/02/2011;11:17:00;240;sem vítima;216,3000030517578;BR-101/SC;Norte;Objeto lançado contra veículo;1;2;;;;;1
05/02/2011;09:30:00;174;sem vítima;616;BR-376/PR;Sul;Colisão Traseira;2;3;;;;;1
05/02/2011;22:19:00;571;sem vítima;618,2999877929688;BR-376/PR;Norte;Colisão Frontal;1;2;;;;;1
05/02/2011;12:38:00;294;com vítima;627,0800170898438;BR-376/PR;Norte;Colisão Lateral;1;1;;;;1;3
05/02/2011;20:00:00;516;sem vítima;635,5;BR-376/PR;Sul;Choque - Suporte de Sinalização;1;2;;;;;1
06/02/2011;17:22:00;361;sem vítima;14,199999809265137;BR-101/SC;Norte;Choque - Suporte de Sinalização;1;1;;;;;1
06/02/2011;21:38:00;481;sem vítima;41;BR-101/SC;Norte;Saida de Pista;1;1;;;;;1
06/02/2011;19:39:00;426;sem vítima;79;BR-101/SC;Norte;Choque - Cancela de Pedagio;1;1;;;;;1
06/02/2011;20:32:00;450;sem vítima;151,5;BR-101/SC;Sul;Colisão Lateral;1;2;;;;;1
06/02/2011;09:27:00;144;sem vítima;197;BR-101/SC;Sul;Colisão Traseira;1;2;;;;;1
06/02/2011;15:41:00;319;sem vítima;648;BR-376/PR;Norte;Saida de Pista;1;1;;;;;1
06/02/2011;17:53:00;379;sem vítima;656;BR-376/PR;Norte;Choque - Defensa, barreira ou "submarino";1;2;;;;;1
06/02/2011;19:34:00;424;com vítima;668;BR-376/PR;Sul;Tombamento;1;0;;1;;;2
06/02/2011;02:02:00;36;sem vítima;671;BR-376/PR;Norte;Colisão Traseira;1;4;;;;;1
07/02/2011;17:08:00;395;sem vítima;79;BR-101/SC;Sul;Objeto lançado contra veículo;1;1;;;;;1
07/02/2011;17:05:00;391;com vítima;93;BR-116/PR;Norte;Engavetamento;3;3;1;;;;1
07/02/2011;12:19:00;252;sem vítima;136,8000030517578;BR-101/SC;Sul;Choque - Objeto sobre a pista;1;1;;;;;1
08/02/2011;05:46:00;93;sem vítima;1,350000023841858;BR-101/SC;Norte;Colisão Lateral;1;2;;;;;1
08/02/2011;03:38:00;57;sem vítima;74;BR-101/SC;Norte;Colisão Traseira;2;2;;;;;1
08/02/2011;07:50:00;133;sem vítima;79;BR-101/SC;Sul;Choque - Outros;1;1;;;;;1
08/02/2011;18:50:00;483;sem vítima;113,69999694824219;BR-101/SC;Sul;Saida de Pista;1;2;;;;;1
08/02/2011;12:20:00;276;sem vítima;130;BR-101/SC;Sul;Colisão Lateral;1;2;;;;;1
08/02/2011;13:01:00;304;com vítima;154,89999389648438;BR-101/SC;Norte;Colisão Transversal;1;2;;;;1;3
08/02/2011;13:24:00;312;sem vítima;155;BR-101/SC;Sul;Colisão Lateral;1;4;;;;;1
08/02/2011;15:01:00;357;sem vítima;157,5;BR-101/SC;Sul;Choque - Cancela de Pedagio;1;1;;;;;1
08/02/2011;15:15:00;367;sem vítima;204;BR-101/SC;Norte;Colisão Lateral;1;2;;;;;1
08/02/2011;18:16:00;473;sem vítima;635;BR-376/PR;Norte;Tombamento;1;2;;;;;1
08/02/2011;08:01:00;136;sem vítima;635,2999877929688;BR-376/PR;Sul;Choque - Defensa, barreira ou "submarino";1;1;;;;;1
08/02/2011;18:09:00;467;sem vítima;635,5;BR-376/PR;Norte;Colisão Traseira;1;2;;;;;1
09/02/2011;15:35:00;433;sem vítima;33;BR-101/SC;Sul;Tombamento;1;1;;;;;1
09/02/2011;00:37:00;9;sem vítima;93;BR-116/PR;Norte;Tombamento;1;1;;;;;1
09/02/2011;14:57:00;406;sem vítima;94;BR-101/SC;Sul;Colisão Lateral;1;2;;;;;1
09/02/2011;17:14:00;479;sem vítima;113,80000305175781;BR-116/PR;Sul;Colisão Traseira;1;3;;;;;1
09/02/2011;18:04:00;496;sem vítima;205,10000610351562;BR-101/SC;Sul;Engavetamento;1;3;;;;;1
09/02/2011;21:04:00;567;sem vítima;644,4000244140625;BR-376/PR;Sul;Colisão Lateral;1;2;;;;;1
09/02/2011;22:55:00;612;sem vítima;664;BR-376/PR;Sul;Colisão Traseira;1;2;;;;;1
09/02/2011;18:48:00;512;sem vítima;674;BR-376/PR;Sul;Saida de Pista;1;2;;;;;1
10/02/2011;05:27:00;100;com vítima;38;BR-101/SC;Sul;Colisão Traseira;1;1;4;1;1;;2
10/02/2011;07:13:00;134;sem vítima;97;BR-116/PR;Sul;Engavetamento;3;3;;;;;1
10/02/2011;15:17:00;394;sem vítima;119,5;BR-101/SC;Norte;Colisão Lateral;1;2;;;;;1
10/02/2011;14:55:00;386;sem vítima;123;BR-101/SC;Norte;Colisão Traseira;1;2;;;;;1
10/02/2011;21:21:00;576;sem vítima;157,3000030517578;BR-101/SC;Sul;Choque - Objeto sobre a pista;1;1;;;;;1
10/02/2011;17:10:00;460;sem vítima;199;BR-101/SC;Norte;Tombamento;1;1;;;;;1
10/02/2011;14:53:00;385;sem vítima;207;BR-101/SC;Sul;Colisão Traseira;1;2;;;;;1
10/02/2011;20:15:00;529;sem vítima;220;BR-101/SC;Norte;Choque - Suporte de Sinalização;1;1;;;;;1
10/02/2011;08:10:00;160;sem vítima;616;BR-376/PR;Norte;Colisão Lateral;1;2;;;;;1
10/02/2011;22:39:00;633;com vítima;616,9000244140625;BR-376/PR;Norte;Colisão Frontal;2;2;;;5;1;3
10/02/2011;19:25:00;511;com vítima;652;BR-376/PR;Norte;Engavetamento;1;3;2;;;;1
10/02/2011;04:28:00;82;com vítima;667,9000244140625;BR-376/PR;Norte;Colisão Traseira;1;2;;1;;;2
10/02/2011;16:08:00;427;sem vítima;680;BR-376/PR;Norte;Objeto lançado contra veículo;1;2;;;;;1
11/02/2011;01:49:00;35;com vítima;36,900001525878906;BR-101/SC;Sul;Colisão Traseira;1;1;1;;;;1
11/02/2011;21:39:00;548;sem vítima;111,5;BR-101/SC;Norte;Saida de Pista;1;1;;;;;1
11/02/2011;14:35:00;342;sem vítima;140,39999389648438;BR-101/SC;Sul;Colisão Traseira;2;2;;;;;1
11/02/2011;16:21:00;397;sem vítima;158;BR-101/SC;Norte;Colisão Lateral;2;3;;;;;1
11/02/2011;07:57:00;141;sem vítima;205;BR-101/SC;Sul;Colisão Traseira;2;2;;;;;1
11/02/2011;03:02:00;58;sem vítima;618,5999755859375;BR-376/PR;Norte;Colisão Traseira;1;2;;;;;1
11/02/2011;13:18:00;312;sem vítima;663;BR-376/PR;Norte;Saida de Pista;1;2;;;;;1
11/02/2011;07:03:00;112;sem vítima;667,9000244140625;BR-376/PR;Sul;Saida de Pista;1;1;;;;;1
11/02/2011;17:11:00;418;sem vítima;671,4000244140625;BR-376/PR;Norte;Outros;1;1;;;;;1
12/02/2011;17:52:00;492;sem vítima;1,350000023841858;BR-101/SC;Norte;Choque - Cancela de Pedagio;1;2;;;;;1
12/02/2011;06:41:00;102;sem vítima;79;BR-101/SC;Sul;Choque - Suporte de Sinalização;1;1;;;;;1
12/02/2011;20:48:00;587;sem vítima;79;BR-101/SC;Sul;Colisão Traseira;1;2;;;;;1
12/02/2011;18:54:00;525;sem vítima;84;BR-101/SC;Norte;Colisão Traseira;2;2;;;;;1
12/02/2011;12:18:00;278;sem vítima;87,5;BR-101/SC;Norte;Colisão Traseira;2;2;;;;;1
12/02/2011;07:17:00;118;sem vítima;98;BR-101/SC;Norte;Colisão Traseira;1;2;;;;;1
12/02/2011;00:32:00;11;sem vítima;157;BR-101/SC;Sul;Colisão Traseira;2;2;;;;;1
12/02/2011;00:09:00;1;sem vítima;189,6999969482422;BR-101/SC;Norte;Colisão Traseira;2;2;;;;;1
13/02/2011;08:48:00;148;sem vítima;129,89999389648438;BR-101/SC;Norte;Choque - Objeto sobre a pista;1;1;;;;;1
13/02/2011;23:10:00;600;sem vítima;140,89999389648438;BR-101/SC;Norte;Colisão Traseira;1;2;;;;;1
13/02/2011;18:22:00;445;com vítima;646,5999755859375;BR-376/PR;Norte;Colisão Traseira;1;2;1;;;;1
13/02/2011;05:21:00;64;sem vítima;648;BR-376/PR;Norte;Colisão Lateral;1;2;;;;;1
13/02/2011;10:55:00;201;sem vítima;659,7999877929688;BR-376/PR;Sul;Colisão Traseira;1;2;;;;;1
13/02/2011;22:41:00;585;sem vítima;668;BR-376/PR;Norte;Colisão Lateral;1;6;;;;;1
14/02/2011;09:41:00;163;sem vítima;13;BR-101/SC;Norte;Saida de Pista;1;1;;;;;1
14/02/2011;13:58:00;277;sem vítima;33;BR-101/SC;Sul;Colisão Traseira;2;2;;;;;1
14/02/2011;10:17:00;186;sem vítima;48;BR-101/SC;Norte;Colisão Lateral;1;2;;;;;1
14/02/2011;09:21:00;158;com vítima;92;BR-101/SC;Norte;Capotamento;1;0;1;;;1;3
14/02/2011;17:31:00;368;sem vítima;109,30000305175781;BR-116/PR;Sul;Colisão Traseira;2;2;;;;;1
14/02/2011;17:53:00;378;sem vítima;157,3000030517578;BR-101/SC;Sul;Objeto lançado contra veículo;1;2;;;;;1
14/02/2011;01:08:00;22;com vítima;184,6999969482422;BR-101/SC;Sul;Colisão Traseira;1;3;;1;;;2
14/02/2011;00:28:00;3;sem vítima;207;BR-101/SC;Norte;Colisão Traseira;1;3;;;;;1
14/02/2011;21:36:00;469;sem vítima;219;BR-101/SC;Norte;Colisão Traseira;1;2;;;;;1
14/02/2011;22:36:00;491;sem vítima;219;BR-101/SC;Norte;Colisão Traseira;1;2;;;;;1
14/02/2011;12:15:00;235;sem vítima;615;BR-376/PR;Sul;Colisão Lateral;1;3;;;;;1
14/02/2011;17:28:00;367;sem vítima;659;BR-376/PR;Norte;Saida de Pista;1;1;;;;;1
15/02/2011;19:13:00;472;sem vítima;10;BR-101/SC;Norte;Saida de Pista;1;1;;;;;1
15/02/2011;08:29:00;155;sem vítima;33;BR-101/SC;Norte;Colisão Traseira;1;2;;;;;1
15/02/2011;06:15:00;100;sem vítima;47;BR-101/SC;Norte;Choque - Objeto sobre a pista;1;1;;;;;1
15/02/2011;23:03:00;562;sem vítima;79;BR-101/SC;Sul;Colisão Traseira;1;4;;;;;1
15/02/2011;08:16:00;148;sem vítima;97;BR-101/SC;Norte;Saida de Pista;1;1;;;;;1
15/02/2011;12:10:00;258;sem vítima;98;BR-101/SC;Norte;Colisão Lateral;1;2;;;;;1
15/02/2011;23:00:00;561;sem vítima;111,4000015258789;BR-116/PR;Sul;Colisão Traseira;1;2;;;;;1
15/02/2011;15:03:00;339;sem vítima;117;BR-101/SC;Sul;Choque - Defensa, barreira ou "submarino";1;1;;;;;1
15/02/2011;18:53:00;469;sem vítima;205;BR-101/SC;Sul;Colisão Lateral;1;2;;;;;1
15/02/2011;10:31:00;207;sem vítima;220;BR-101/SC;Norte;Objeto lançado contra veículo;1;1;;;;;1
15/02/2011;10:49:00;212;com vítima;651;BR-376/PR;Sul;Colisão Frontal;2;0;;2;;;2
15/02/2011;23:19:00;565;sem vítima;660;BR-376/PR;Norte;Objeto lançado contra veículo;1;2;;;;;1
16/02/2011;19:45:00;549;sem vítima;1,350000023841858;BR-101/SC;Norte;Outros;1;1;;;;;1
16/02/2011;20:31:00;570;sem vítima;1,350000023841858;BR-101/SC;Norte;Colisão Lateral;1;2;;;;;1
16/02/2011;15:23:00;399;sem vítima;58,5;BR-101/SC;Sul;Colisão Lateral;1;2;;;;;1
16/02/2011;09:08:00;197;sem vítima;79;BR-101/SC;Sul;Choque - Defensa, barreira ou "submarino";1;1;;;;;1
16/02/2011;15:54:00;422;sem vítima;139,8000030517578;BR-101/SC;Sul;Choque - Outros;1;1;;;;;1
16/02/2011;19:34:00;545;sem vítima;159;BR-101/SC;Norte;Capotamento;1;1;;;;;1
16/02/2011;12:00:00;289;com vítima;204;BR-101/SC;Norte;Engavetamento;1;6;1;;;;1
16/02/2011;08:03:00;159;sem vítima;204,5;BR-101/SC;Norte;Colisão Lateral;1;3;;;;;1
16/02/2011;20:55:00;585;sem vítima;219;BR-101/SC;Norte;Objeto lançado contra veículo;1;2;;;;;1
16/02/2011;00:01:00;1;sem vítima;663;BR-376/PR;Norte;Colisão Frontal;1;2;;;;;1
16/02/2011;18:35:00;502;com vítima;666,7999877929688;BR-376/PR;Sul;Colisão Traseira;1;3;1;;;;1
16/02/2011;16:59:00;454;sem vítima;668;BR-376/PR;Norte;Colisão Lateral;2;3;;;;;1
17/02/2011;13:30:00;374;sem vítima;34;BR-101/SC;Sul;Objeto lançado contra veículo;1;2;;;;;1
17/02/2011;00:01:00;1;sem vítima;80,19999694824219;BR-116/PR;Norte;Saida de Pista;1;1;;;;;1
17/02/2011;15:31:00;435;sem vítima;100;BR-101/SC;Sul;Colisão Lateral;1;2;;;;;1
17/02/2011;10:35:00;267;sem vítima;112,5;BR-101/SC;Sul;Colisão Traseira;2;2;;;;;1
17/02/2011;18:52:00;559;sem vítima;205;BR-101/SC;Sul;Colisão Lateral;1;2;;;;;1
17/02/2011;23:00:00;663;sem vítima;207;BR-101/SC;Sul;Choque - Defensa, barreira ou "submarino";1;1;;;;;1
17/02/2011;18:49:00;557;sem vítima;210;BR-101/SC;Sul;Colisão Traseira;1;2;;;;;1
17/02/2011;04:20:00;73;sem vítima;667;BR-376/PR;Sul;Saida de Pista;1;1;;;;;1
17/02/2011;06:42:00;124;com vítima;672,5;BR-376/PR;Sul;Colisão Lateral;3;4;;1;;;2
17/02/2011;19:05:00;564;com vítima;672,9000244140625;BR-376/PR;Sul;Tombamento;1;0;;1;;;2
17/02/2011;19:30:00;576;sem vítima;673;BR-376/PR;Sul;Colisão Traseira;3;3;;;;;1
17/02/2011;05:18:00;88;sem vítima;674,5;BR-376/PR;Sul;Outros;1;1;;;;;1
18/02/2011;04:26:00;88;sem vítima;46;BR-101/SC;Norte;Choque - Objeto sobre a pista;1;1;;;;;1
18/02/2011;21:10:00;634;sem vítima;111,5;BR-101/SC;Sul;Colisão Traseira;1;2;;;;;1
18/02/2011;07:18:00;159;sem vítima;119,69999694824219;BR-101/SC;Sul;Outros;1;1;;;;;1
18/02/2011;13:13:00;376;com vítima;157;BR-101/SC;Sul;Colisão Traseira;1;1;;1;;;2
18/02/2011;14:49:00;427;sem vítima;157;BR-101/SC;Sul;Colisão Lateral;1;2;;;;;1
18/02/2011;11:15:00;296;com vítima;206;BR-101/SC;Sul;Engavetamento;2;3;;1;;;2
18/02/2011;16:38:00;506;com vítima;206;BR-101/SC;Norte;Colisão Traseira;1;1;1;;;;1
18/02/2011;17:00:00;517;sem vítima;206;BR-101/SC;Norte;Colisão Lateral;1;2;;;;;1
18/02/2011;17:50:00;537;sem vítima;211;BR-101/SC;Norte;Colisão Traseira;1;2;;;;;1
18/02/2011;13:28:00;391;com vítima;674,7000122070312;BR-376/PR;Sul;Colisão Traseira;2;1;;;;1;3
19/02/2011;18:15:00;485;sem vítima;1,350000023841858;BR-101/SC;Norte;Atropelamento de Animal;1;1;;;;;1
19/02/2011;03:07:00;66;sem vítima;79;BR-101/SC;Sul;Choque - Defensa, barreira ou "submarino";1;1;;;;;1
19/02/2011;08:40:00;157;sem vítima;79;BR-101/SC;Sul;Colisão Traseira;2;2;;;;;1
19/02/2011;09:37:00;197;sem vítima;79;BR-101/SC;Norte;Colisão Lateral;1;2;;;;;1
19/02/2011;15:54:00;413;sem vítima;85;BR-101/SC;Sul;Choque - Defensa, barreira ou "submarino";1;1;;;;;1
19/02/2011;19:15:00;518;com vítima;117;BR-101/SC;Sul;Engavetamento;1;8;;1;;;2
19/02/2011;12:07:00;287;sem vítima;209,5;BR-101/SC;Sul;Colisão Traseira;1;2;;;;;1
20/02/2011;10:28:00;222;sem vítima;4,300000190734863;BR-101/SC;Norte;Colisão Traseira;1;5;;;;;1
20/02/2011;12:53:00;298;sem vítima;79;BR-101/SC;Sul;Choque - Cancela de Pedagio;2;2;;;;;1
20/02/2011;15:35:00;374;sem vítima;79;BR-101/SC;Norte;Choque - Cancela de Pedagio;1;1;;;;;1
20/02/2011;16:48:00;427;sem vítima;157;BR-101/SC;Norte;Choque - Cancela de Pedagio;1;1;;;;;1
20/02/2011;23:31:00;613;sem vítima;219;BR-101/SC;Norte;Colisão Traseira;1;2;;;;;1
20/02/2011;12:22:00;282;com vítima;615;BR-376/PR;Norte;Atropelamento - Ciclista;1;1;;;1;;2
20/02/2011;08:59:00;185;sem vítima;635,2999877929688;BR-376/PR;Sul;Choque - Outros;1;1;;;;;1
20/02/2011;16:16:00;405;sem vítima;645;BR-376/PR;Norte;Colisão Traseira;1;6;;;;;1
21/02/2011;12:46:00;277;sem vítima;44;BR-101/SC;Sul;Colisão Traseira;1;2;;;;;1
21/02/2011;12:53:00;278;sem vítima;67;BR-101/SC;Norte;Colisão Lateral;1;2;;;;;1
21/02/2011;10:15:00;203;sem vítima;104;BR-101/SC;Sul;Colisão Traseira;1;2;;;;;1
21/02/2011;08:04:00;164;sem vítima;211;BR-101/SC;Norte;Colisão Traseira;1;2;;;;;1
21/02/2011;08:42:00;176;sem vítima;648;BR-376/PR;Norte;Colisão Lateral;1;2;;;;;1
21/02/2011;22:49:00;549;sem vítima;671,2000122070312;BR-376/PR;Sul;Saida de Pista;1;1;;;;;1
21/02/2011;16:27:00;395;sem vítima;681,5;BR-376/PR;Sul;Choque - Defensa, barreira ou "submarino";1;2;;;;;1
22/02/2011;14:38:00;369;sem vítima;32,79999923706055;BR-101/SC;Sul;Saida de Pista;1;1;;;;;1
22/02/2011;11:40:00;287;sem vítima;79;BR-101/SC;Sul;Choque - Defensa, barreira ou "submarino";2;3;;;;;1
22/02/2011;14:10:00;360;sem vítima;79;BR-101/SC;Norte;Colisão Traseira;1;4;;;;;1
22/02/2011;16:26:00;436;sem vítima;92,94999694824219;BR-116/PR;Norte;Colisão Traseira;1;2;;;;;1
22/02/2011;07:25:00;147;sem vítima;93,5;BR-116/PR;Sul;Colisão Traseira;1;2;;;;;1
22/02/2011;10:14:00;244;sem vítima;95,5;BR-116/PR;Norte;Colisão Lateral;1;2;;;;;1
22/02/2011;13:31:00;335;sem vítima;95,5999984741211;BR-116/PR;Norte;Tombamento;1;1;;;;;1
22/02/2011;14:24:00;364;sem vítima;97,19999694824219;BR-116/PR;Norte;Colisão Traseira;3;3;;;;;1
22/02/2011;06:01:00;112;sem vítima;157;BR-101/SC;Norte;Colisão Traseira;1;2;;;;;1
22/02/2011;21:50:00;584;com vítima;168;BR-101/SC;Sul;Capotamento;1;2;;1;1;;2
22/02/2011;16:53:00;448;sem vítima;206;BR-101/SC;Sul;Outros;1;2;;;;;1
22/02/2011;08:29:00;176;sem vítima;208;BR-101/SC;Norte;Colisão Traseira;1;2;;;;;1
22/02/2011;08:47:00;192;sem vítima;208;BR-101/SC;Norte;Colisão Traseira;1;2;;;;;1
22/02/2011;15:49:00;407;sem vítima;208,1999969482422;BR-101/SC;Sul;Choque - Veiculo parado na pista;1;4;;;;;1
22/02/2011;13:07:00;326;com vítima;619;BR-376/PR;Sul;Colisão Traseira;1;1;;1;;;2
22/02/2011;01:03:00;22;sem vítima;625,5;BR-376/PR;Sul;Saida de Pista;1;2;;;;;1
22/02/2011;00:38:00;14;sem vítima;652,5;BR-376/PR;Norte;Tombamento;1;1;;;;;1
22/02/2011;10:37:00;259;com vítima;668,5;BR-376/PR;Sul;Tombamento;1;0;;;;1;3
23/02/2011;14:07:00;353;sem vítima;1,350000023841858;BR-101/SC;Sul;Colisão Traseira;1;2;;;;;1
23/02/2011;21:27:00;579;sem vítima;93;BR-116/PR;Norte;Colisão Lateral;1;2;;;;;1
23/02/2011;20:35:00;546;sem vítima;95;BR-101/SC;Norte;Choque - Objeto sobre a pista;1;1;;;;;1
23/02/2011;17:04:00;448;sem vítima;110,5;BR-116/PR;Sul;Colisão Lateral;1;2;;;;;1
23/02/2011;10:35:00;264;sem vítima;111;BR-101/SC;Norte;Colisão Traseira;1;2;;;;;1
23/02/2011;09:44:00;232;sem vítima;157;BR-101/SC;Sul;Choque - Objeto sobre a pista;1;1;;;;;1
23/02/2011;05:20:00;114;sem vítima;186;BR-101/SC;Sul;Choque - Defensa, barreira ou "submarino";1;1;;;;;1
23/02/2011;22:05:00;599;sem vítima;657;BR-376/PR;Norte;Colisão Traseira;1;2;;;;;1
23/02/2011;22:51:00;615;sem vítima;673,4000244140625;BR-376/PR;Sul;Engavetamento;2;4;;;;;1
24/02/2011;04:25:00;91;sem vítima;33;BR-101/SC;Sul;Colisão Traseira;1;2;;;;;1
24/02/2011;12:03:00;343;sem vítima;47;BR-101/SC;Norte;Objeto lançado contra veículo;1;1;;;;;1
24/02/2011;12:31:00;347;sem vítima;90,4000015258789;BR-116/PR;Sul;Colisão Traseira;2;2;;;;;1
24/02/2011;14:21:00;393;sem vítima;104;BR-101/SC;Norte;Colisão Lateral;2;2;;;;;1
24/02/2011;12:27:00;346;sem vítima;120,0999984741211;BR-101/SC;Sul;Choque - Objeto sobre a pista;1;3;;;;;1
24/02/2011;10:38:00;282;sem vítima;138,60000610351562;BR-101/SC;Norte;Colisão Traseira;1;2;;;;;1
24/02/2011;17:26:00;489;sem vítima;196;BR-101/SC;Sul;Colisão Traseira;1;2;;;;;1
24/02/2011;19:09:00;548;sem vítima;205,60000610351562;BR-101/SC;Sul;Colisão Lateral;1;2;;;;;1
24/02/2011;18:49:00;533;sem vítima;666;BR-376/PR;Sul;Colisão Traseira;2;2;;;;;1
25/02/2011;07:36:00;182;sem vítima;79;BR-101/SC;Sul;Choque - Defensa, barreira ou "submarino";1;2;;;;;1
25/02/2011;07:56:00;201;sem vítima;79;BR-101/SC;Sul;Colisão Traseira;1;2;;;;;1
25/02/2011;16:59:00;504;sem vítima;90;BR-116/PR;Sul;Choque - Objeto sobre a pista;1;1;;;;;1
25/02/2011;15:07:00;444;sem vítima;94;BR-116/PR;Sul;Colisão Traseira;2;2;;;;;1
25/02/2011;08:20:00;211;sem vítima;106,30000305175781;BR-116/PR;Sul;Colisão Lateral;2;2;;;;;1