data;horario;n_da_ocorrencia;tipo_de_ocorrencia;km;trecho;sentido;tipo_de_acidente;caminhao;ilesos;levemente_feridos;moderadamente_feridos;gravemente_feridos;mortos;3
28/04/2011;06:33:00;98;sem vítima;157,3000030517578;BR-101/SC;Norte;Colisão Traseira;1;2;;;;;1
28/04/2011;19:10:00;446;sem vítima;205;BR-101/SC;Sul;Colisão Lateral;1;2;;;;;1
28/04/2011;20:14:00;477;sem vítima;206;BR-101/SC;Norte;Choque - Objeto sobre a pista;1;1;;;;;1
28/04/2011;04:58:00;78;sem vítima;211,39999389648438;BR-101/SC;Sul;Colisão Lateral;1;3;;;;;1
28/04/2011;11:24:00;229;sem vítima;221;BR-101/SC;Sul;Choque - Suporte de Sinalização;1;1;;;;;1
28/04/2011;06:08:00;94;sem vítima;648;BR-376/PR;Norte;Colisão Lateral;1;2;;;;;1
28/04/2011;12:03:00;242;com vítima;658;BR-376/PR;Sul;Colisão Traseira;2;2;;;;1;3
28/04/2011;09:22:00;181;com vítima;667,5;BR-376/PR;Sul;Engavetamento;2;7;1;;1;;2
29/04/2011;17:06:00;410;sem vítima;75;BR-101/SC;Sul;Colisão Lateral;2;2;;;;;1
29/04/2011;18:54:00;465;sem vítima;90,4000015258789;BR-116/PR;Sul;Choque - Objeto sobre a pista;1;1;;;;;1
29/04/2011;03:39:00;48;sem vítima;110,5;BR-116/PR;Norte;Saida de Pista;1;1;;;;;1
29/04/2011;15:50:00;363;sem vítima;118;BR-101/SC;Norte;Choque - Objeto sobre a pista;1;1;;;;;1
29/04/2011;18:05:00;438;com vítima;120;BR-101/SC;Norte;Tombamento;1;0;;1;;;2
29/04/2011;11:41:00;239;com vítima;206,3000030517578;BR-101/SC;Sul;Engavetamento;2;3;1;;;;1
29/04/2011;10:02:00;200;com vítima;209,1999969482422;BR-101/SC;Sul;Engavetamento;1;3;;;1;;2
29/04/2011;12:27:00;259;sem vítima;209,8000030517578;BR-101/SC;Sul;Colisão Lateral;1;2;;;;;1
29/04/2011;09:44:00;194;sem vítima;210,6999969482422;BR-101/SC;Sul;Engavetamento;2;3;;;;;1
29/04/2011;22:33:00;539;sem vítima;667,5;BR-376/PR;Norte;Saida de Pista;1;1;;;;;1
30/04/2011;19:22:00;523;com vítima;30;BR-101/SC;Sul;Saida de Pista;1;0;;1;;;2
30/04/2011;05:22:00;88;sem vítima;79;BR-101/SC;Sul;Choque - Cancela de Pedagio;1;1;;;;;1
30/04/2011;09:33:00;222;sem vítima;135;BR-101/SC;Norte;Colisão Lateral;1;2;;;;;1
30/04/2011;20:54:00;549;sem vítima;193;BR-101/SC;Sul;Colisão Lateral;1;2;;;;;1
30/04/2011;10:07:00;239;com vítima;665,5999755859375;BR-376/PR;Sul;Tombamento;1;0;1;;;;1
30/04/2011;00:49:00;17;sem vítima;671;BR-376/PR;Sul;Choque - Objeto sobre a pista;1;1;;;;;1
01/05/2011;18:59:00;482;com vítima;198;BR-101/SC;Sul;Atropelamento - Usuário;1;7;;;;1;3
01/05/2011;14:23:00;343;sem vítima;202,60000610351562;BR-101/SC;Norte;Colisão Lateral;1;2;;;;;1
01/05/2011;11:18:00;248;sem vítima;215,8000030517578;BR-101/SC;Norte;Choque - Defensa, barreira ou "submarino";2;3;;;;;1
01/05/2011;17:08:00;432;sem vítima;617;BR-376/PR;Norte;Colisão Lateral;1;2;;;;;1
02/05/2011;16:34:00;432;sem vítima;133;BR-101/SC;Sul;Colisão Lateral;1;2;;;;;1
02/05/2011;08:57:00;209;sem vítima;644;BR-376/PR;Norte;Saida de Pista;1;1;;;;;1
02/05/2011;21:42:00;575;com vítima;667,5999755859375;BR-376/PR;Sul;Colisão Traseira;1;2;2;;;;1
02/05/2011;05:23:00;105;sem vítima;668,2999877929688;BR-376/PR;Sul;Colisão Traseira;1;2;;;;;1
03/05/2011;11:08:00;276;com vítima;94,0999984741211;BR-116/PR;Norte;Colisão Traseira;1;2;1;;;;1
03/05/2011;15:32:00;403;sem vítima;101,69999694824219;BR-101/SC;Sul;Colisão Traseira;1;2;;;;;1
03/05/2011;17:41:00;492;com vítima;217;BR-101/SC;Sul;Colisão Frontal;1;1;;2;;;2
03/05/2011;14:27:00;369;com vítima;217,8000030517578;BR-101/SC;Sul;Colisão Frontal;1;2;1;;;;1
03/05/2011;02:48:00;51;sem vítima;664,5;BR-376/PR;Sul;Colisão Traseira;2;2;;;;;1
03/05/2011;12:18:00;308;sem vítima;671;BR-376/PR;Norte;Colisão Lateral;1;2;;;;;1
03/05/2011;23:43:00;598;sem vítima;671;BR-376/PR;Sul;Saida de Pista;1;1;;;;;1
04/05/2011;21:38:00;513;sem vítima;97;BR-101/SC;Sul;Saida de Pista;1;1;;;;;1
04/05/2011;18:14:00;449;sem vítima;109;BR-101/SC;Sul;Choque - Objeto sobre a pista;1;1;;;;;1
04/05/2011;10:55:00;229;sem vítima;113;BR-101/SC;Norte;Colisão Traseira;1;2;;;;;1
04/05/2011;06:44:00;90;sem vítima;184,8000030517578;BR-101/SC;Norte;Colisão Traseira;2;3;;;;;1
04/05/2011;08:58:00;182;sem vítima;219;BR-101/SC;Sul;Choque - Cancela de Pedagio;1;1;;;;;1
04/05/2011;07:33:00;117;sem vítima;617,7999877929688;BR-376/PR;Sul;Saida de Pista;1;1;;;;;1
04/05/2011;04:45:00;63;sem vítima;635;BR-376/PR;Sul;Colisão Traseira;1;2;;;;;1
04/05/2011;15:29:00;361;sem vítima;635,5;BR-376/PR;Sul;Colisão Traseira;2;2;;;;;1
04/05/2011;18:07:00;442;sem vítima;640;BR-376/PR;Sul;Saida de Pista;1;1;;;;;1
04/05/2011;13:36:00;304;sem vítima;654,5;BR-376/PR;Sul;Saida de Pista;1;1;;;;;1
04/05/2011;08:59:00;183;com vítima;667,2000122070312;BR-376/PR;Sul;Tombamento;2;0;1;;1;;2
04/05/2011;08:22:00;151;sem vítima;672,5;BR-376/PR;Sul;Colisão Traseira;2;2;;;;;1
05/05/2011;07:31:00;129;sem vítima;1,350000023841858;BR-101/SC;Sul;Colisão Traseira;2;2;;;;;1
05/05/2011;21:32:00;554;sem vítima;1,350000023841858;BR-101/SC;Norte;Choque - Cancela de Pedagio;1;1;;;;;1
05/05/2011;11:48:00;280;sem vítima;42;BR-101/SC;Sul;Colisão Traseira;1;3;;;;;1
05/05/2011;10:26:00;248;com vítima;42,29999923706055;BR-101/SC;Sul;Colisão Traseira;1;2;;1;;;2
05/05/2011;10:38:00;254;sem vítima;102,69999694824219;BR-116/PR;Sul;Colisão Traseira;1;2;;;;;1
05/05/2011;14:49:00;342;sem vítima;129;BR-101/SC;Norte;Choque - Objeto sobre a pista;1;2;;;;;1
05/05/2011;20:50:00;540;sem vítima;157;BR-101/SC;Norte;Choque - Outros;1;1;;;;;1
05/05/2011;17:38:00;455;sem vítima;168;BR-101/SC;Sul;Choque - Objeto sobre a pista;1;1;;;;;1
05/05/2011;00:53:00;22;sem vítima;672;BR-376/PR;Sul;Colisão Transversal;1;2;;;;;1
06/05/2011;21:42:00;551;sem vítima;1,350000023841858;BR-101/SC;Sul;Colisão Lateral;1;2;;;;;1
06/05/2011;23:53:00;622;com vítima;1,350000023841858;BR-101/SC;Norte;Objeto lançado contra veículo;1;0;;1;;;2
06/05/2011;11:39:00;271;sem vítima;47;BR-101/SC;Norte;Choque - Objeto sobre a pista;1;1;;;;;1
06/05/2011;09:59:00;219;sem vítima;60;BR-101/SC;Sul;Colisão Lateral;1;2;;;;;1
06/05/2011;07:38:00;158;sem vítima;79;BR-101/SC;Sul;Choque - Cancela de Pedagio;2;2;;;;;1
06/05/2011;14:57:00;368;sem vítima;205,5;BR-101/SC;Sul;Engavetamento;1;4;;;;;1
06/05/2011;06:46:00;127;sem vítima;632;BR-376/PR;Norte;Saida de Pista;1;2;;;;;1
06/05/2011;15:49:00;414;com vítima;661;BR-376/PR;Norte;Tombamento;1;0;1;;;;1
06/05/2011;14:06:00;338;com vítima;671,5;BR-376/PR;Sul;Colisão Traseira;2;3;2;;;;1
07/05/2011;13:35:00;346;sem vítima;1,350000023841858;BR-101/SC;Sul;Choque - Defensa, barreira ou "submarino";1;1;;;;;1
07/05/2011;11:35:00;299;com vítima;208;BR-101/SC;Sul;Queda de Moto;1;2;;;1;1;3
07/05/2011;09:59:00;233;sem vítima;658;BR-376/PR;Norte;Engavetamento;1;3;;;;;1
07/05/2011;19:07:00;521;sem vítima;659,5;BR-376/PR;Norte;Tombamento;1;2;;;;;1
07/05/2011;05:23:00;94;sem vítima;672;BR-376/PR;Sul;Choque - Defensa, barreira ou "submarino";1;1;;;;;1
08/05/2011;00:30:00;10;sem vítima;79;BR-101/SC;Sul;Choque - Cancela de Pedagio;1;1;;;;;1
08/05/2011;20:37:00;528;sem vítima;116;BR-101/SC;Norte;Colisão Lateral;1;2;;;;;1
08/05/2011;20:19:00;518;sem vítima;218;BR-101/SC;Sul;Colisão Lateral;1;2;;;;;1
08/05/2011;23:07:00;573;sem vítima;635,2000122070312;BR-376/PR;Norte;Choque - Suporte de Sinalização;1;1;;;;;1
09/05/2011;10:12:00;226;sem vítima;46;BR-101/SC;Sul;Colisão Lateral;1;2;;;;;1
09/05/2011;11:01:00;251;sem vítima;139;BR-101/SC;Sul;Colisão Lateral;1;2;;;;;1
09/05/2011;06:30:00;86;com vítima;208,1999969482422;BR-101/SC;Norte;Colisão Traseira;1;1;;1;;;2
09/05/2011;10:21:00;235;com vítima;668;BR-376/PR;Norte;Atropelamento - Funcionário;1;2;;1;1;;2
10/05/2011;20:39:00;556;sem vítima;108;BR-116/PR;Sul;Colisão Traseira;2;3;;;;;1
10/05/2011;19:10:00;525;sem vítima;111;BR-116/PR;Sul;Saida de Pista;1;1;;;;;1
10/05/2011;22:27:00;586;sem vítima;145,5;BR-101/SC;Norte;Saida de Pista;1;1;;;;;1
10/05/2011;23:42:00;613;sem vítima;207,5;BR-101/SC;Sul;Choque - Objeto sobre a pista;1;2;;;;;1
10/05/2011;23:05:00;597;sem vítima;217;BR-101/SC;Norte;Saida de Pista;1;1;;;;;1
10/05/2011;09:44:00;237;com vítima;668;BR-376/PR;Sul;Colisão Traseira;2;3;1;;;;1
11/05/2011;19:15:00;535;com vítima;117,80000305175781;BR-101/SC;Norte;Colisão Lateral;1;1;;1;;;2
11/05/2011;20:28:00;565;sem vítima;202;BR-101/SC;Norte;Colisão Traseira;1;2;;;;;1
11/05/2011;11:21:00;259;sem vítima;615;BR-376/PR;Sul;Colisão Traseira;2;3;;;;;1
11/05/2011;22:03:00;597;com vítima;652;BR-376/PR;Norte;Tombamento;1;0;;1;;;2
11/05/2011;01:34:00;21;sem vítima;653,7999877929688;BR-376/PR;Norte;Choque - Defensa, barreira ou "submarino";1;1;;;;;1
11/05/2011;18:43:00;521;sem vítima;665;BR-376/PR;Norte;Colisão Lateral;2;2;;;;;1
11/05/2011;10:06:00;218;com vítima;676;BR-376/PR;Sul;Tombamento;2;1;1;;;;1
12/05/2011;14:17:00;344;sem vítima;25;BR-101/SC;Norte;Colisão Lateral;1;2;;;;;1
12/05/2011;15:11:00;372;com vítima;39,5;BR-101/SC;Sul;Colisão Traseira;1;1;1;;;;1
12/05/2011;18:45:00;492;sem vítima;49,20000076293945;BR-101/SC;Sul;Colisão Traseira;1;2;;;;;1
12/05/2011;18:40:00;490;sem vítima;80,80000305175781;BR-101/SC;Sul;Outros;1;1;;;;;1
12/05/2011;06:53:00;133;sem vítima;97,0999984741211;BR-116/PR;Norte;Colisão Lateral;3;3;;;;;1
12/05/2011;12:34:00;312;sem vítima;99,19999694824219;BR-116/PR;Norte;Colisão Traseira;1;2;;;;;1
12/05/2011;06:41:00;125;sem vítima;100;BR-116/PR;Sul;Colisão Traseira;1;2;;;;;1
12/05/2011;08:32:00;191;sem vítima;101,0999984741211;BR-116/PR;Norte;Tombamento;1;1;;;;;1
12/05/2011;08:17:00;182;sem vítima;108,5;BR-116/PR;Sul;Colisão Traseira;2;2;;;;;1
12/05/2011;08:22:00;184;sem vítima;112,19999694824219;BR-116/PR;Sul;Colisão Lateral;2;2;;;;;1
12/05/2011;08:39:00;196;com vítima;113;BR-116/PR;Sul;Colisão Traseira;1;1;;1;;;2
12/05/2011;10:42:00;258;sem vítima;122,9000015258789;BR-101/SC;Sul;Colisão Traseira;1;2;;;;;1
12/05/2011;01:57:00;48;sem vítima;219;BR-101/SC;Norte;Colisão Lateral;1;1;;;;;1
12/05/2011;05:35:00;111;sem vítima;635,5;BR-376/PR;Sul;Colisão Lateral;1;2;;;;;1
12/05/2011;16:08:00;411;sem vítima;635,5;BR-376/PR;Sul;Colisão Traseira;1;2;;;;;1
12/05/2011;10:07:00;239;com vítima;668;BR-376/PR;Sul;Tombamento;1;0;1;;;;1
13/05/2011;18:10:00;480;sem vítima;79;BR-101/SC;Sul;Colisão Traseira;2;2;;;;;1
13/05/2011;08:36:00;188;sem vítima;97;BR-101/SC;Norte;Colisão Lateral;1;2;;;;;1
13/05/2011;15:56:00;412;sem vítima;183,1999969482422;BR-101/SC;Sul;Objeto lançado contra veículo;1;2;;;;;1
13/05/2011;14:30:00;362;sem vítima;202,6999969482422;BR-101/SC;Norte;Choque - Objeto sobre a pista;1;1;;;;;1
13/05/2011;08:43:00;193;sem vítima;203;BR-101/SC;Sul;Colisão Traseira;2;2;;;;;1
13/05/2011;07:33:00;149;sem vítima;619,4000244140625;BR-376/PR;Sul;Colisão Lateral;1;2;;;;;1
13/05/2011;08:08:00;169;com vítima;660;BR-376/PR;Norte;Tombamento;1;0;1;;;;1
14/05/2011;08:55:00;181;sem vítima;30;BR-101/SC;Norte;Choque - Defensa, barreira ou "submarino";1;3;;;;;1
14/05/2011;14:36:00;334;sem vítima;79;BR-101/SC;Norte;Colisão Frontal;1;1;;;;;1
14/05/2011;23:07:00;493;sem vítima;115,5;BR-101/SC;Sul;Colisão Traseira;1;2;;;;;1
14/05/2011;18:39:00;459;sem vítima;121;BR-101/SC;Sul;Colisão Lateral;1;2;;;;;1
14/05/2011;06:01:00;110;com vítima;655;BR-376/PR;Norte;Tombamento;1;0;;1;;;2
14/05/2011;12:54:00;302;sem vítima;668,5;BR-376/PR;Sul;Colisão Lateral;1;3;;;;;1
15/05/2011;09:25:00;109;sem vítima;51;BR-101/SC;Norte;Colisão Lateral;1;2;;;;;1
15/05/2011;13:11:00;179;sem vítima;83,19999694824219;BR-116/PR;Norte;Colisão Traseira;1;2;;;;;1
15/05/2011;23:38:00;424;sem vítima;109;BR-116/PR;Norte;Objeto lançado contra veículo;1;1;;;;;1
15/05/2011;22:22:00;393;sem vítima;112,0999984741211;BR-101/SC;Sul;Atropelamento de Animal;1;1;;;;;1
15/05/2011;04:16:00;39;sem vítima;117,80000305175781;BR-101/SC;Norte;Saida de Pista;1;1;;;;;1
15/05/2011;16:43:00;264;sem vítima;665,5;BR-376/PR;Sul;Colisão Lateral;1;2;;;;;1
15/05/2011;10:30:00;132;sem vítima;671;BR-376/PR;Sul;Choque - Defensa, barreira ou "submarino";2;3;;;;;1
16/05/2011;05:20:00;84;sem vítima;1,350000023841858;BR-101/SC;Norte;Colisão Traseira;1;1;;;;;1
16/05/2011;17:45:00;450;sem vítima;46;BR-101/SC;Norte;Colisão Traseira;1;2;;;;;1
16/05/2011;10:02:00;205;sem vítima;53;BR-101/SC;Sul;Colisão Traseira;1;2;;;;;1
16/05/2011;17:39:00;446;sem vítima;79;BR-101/SC;Sul;Choque - Outros;1;1;;;;;1
16/05/2011;22:48:00;547;sem vítima;79;BR-101/SC;Norte;Choque - Cancela de Pedagio;1;1;;;;;1
16/05/2011;03:07:00;49;sem vítima;86,80000305175781;BR-116/PR;Norte;Saida de Pista;1;1;;;;;1
16/05/2011;19:13:00;479;sem vítima;104;BR-116/PR;Norte;Colisão Lateral;1;2;;;;;1
16/05/2011;08:20:00;170;sem vítima;111;BR-101/SC;Sul;Saida de Pista;1;1;;;;;1
16/05/2011;02:57:00;46;sem vítima;149,1999969482422;BR-101/SC;Sul;Saida de Pista;1;1;;;;;1
16/05/2011;18:48:00;470;sem vítima;159;BR-101/SC;Sul;Colisão Traseira;1;2;;;;;1
16/05/2011;08:30:00;178;sem vítima;168;BR-101/SC;Sul;Saida de Pista;1;2;;;;;1
16/05/2011;09:08:00;186;sem vítima;204,5;BR-101/SC;Norte;Queda de Moto;1;2;;;;;1
16/05/2011;07:56:00;153;sem vítima;205,3000030517578;BR-101/SC;Sul;Colisão Lateral;1;2;;;;;1
16/05/2011;12:16:00;275;sem vítima;207,5;BR-101/SC;Sul;Colisão Lateral;1;2;;;;;1
16/05/2011;01:09:00;31;sem vítima;217;BR-101/SC;Norte;Saida de Pista;1;1;;;;;1
16/05/2011;10:17:00;217;sem vítima;219;BR-101/SC;Sul;Colisão Traseira;1;2;;;;;1
16/05/2011;08:23:00;172;sem vítima;672;BR-376/PR;Sul;Engavetamento;1;3;;;;;1
17/05/2011;09:41:00;256;sem vítima;106,4000015258789;BR-116/PR;Norte;Saida de Pista;1;1;;;;;1
17/05/2011;03:41:00;73;sem vítima;168;BR-101/SC;Norte;Saida de Pista;1;2;;;;;1
17/05/2011;09:23:00;250;sem vítima;179;BR-101/SC;Norte;Tombamento;1;1;;;;;1
17/05/2011;13:06:00;374;sem vítima;204;BR-101/SC;Sul;Colisão Traseira;1;2;;;;;1
17/05/2011;22:27:00;598;sem vítima;679,7999877929688;BR-376/PR;Norte;Colisão Lateral;2;2;;;;;1
18/05/2011;11:05:00;272;sem vítima;108,19999694824219;BR-116/PR;Norte;Colisão Traseira;2;2;;;;;1
18/05/2011;14:44:00;366;sem vítima;118,30000305175781;BR-101/SC;Sul;Colisão Lateral;1;2;;;;;1
18/05/2011;10:20:00;251;sem vítima;124;BR-101/SC;Sul;Colisão Lateral;1;2;;;;;1
18/05/2011;14:45:00;369;sem vítima;152,1999969482422;BR-101/SC;Sul;Colisão Traseira;1;2;;;;;1
18/05/2011;04:06:00;78;sem vítima;182;BR-101/SC;Norte;Colisão Lateral;1;2;;;;;1
18/05/2011;07:52:00;163;sem vítima;197,39999389648438;BR-101/SC;Sul;Colisão Lateral;1;2;;;;;1
18/05/2011;09:08:00;199;sem vítima;219;BR-101/SC;Sul;Choque - Defensa, barreira ou "submarino";1;1;;;;;1
18/05/2011;22:48:00;533;sem vítima;669;BR-376/PR;Sul;Colisão Traseira;2;2;;;;;1
19/05/2011;09:16:00;179;sem vítima;1,350000023841858;BR-101/SC;Sul;Choque - Defensa, barreira ou "submarino";1;1;;;;;1
19/05/2011;21:59:00;554;sem vítima;1,350000023841858;BR-101/SC;Norte;Choque - Defensa, barreira ou "submarino";1;1;;;;;1
19/05/2011;14:08:00;314;sem vítima;97;BR-101/SC;Norte;Saida de Pista;1;1;;;;;1
19/05/2011;22:54:00;555;com vítima;105;BR-116/PR;Sul;Atropelamento - Morador;1;1;;;;1;3
19/05/2011;13:28:00;299;sem vítima;108;BR-116/PR;Norte;Colisão Lateral;1;2;;;;;1
19/05/2011;18:03:00;469;sem vítima;157;BR-101/SC;Sul;Colisão Lateral;1;2;;;;;1
19/05/2011;07:28:00;117;sem vítima;208;BR-101/SC;Norte;Colisão Lateral;1;2;;;;;1
19/05/2011;21:47:00;550;sem vítima;648,9000244140625;BR-376/PR;Norte;Colisão Traseira;2;4;;;;;1
20/05/2011;18:28:00;382;com vítima;31;BR-101/SC;Sul;Colisão Traseira;2;3;1;1;;;2
20/05/2011;13:03:00;233;sem vítima;32,79999923706055;BR-101/SC;Sul;Colisão Traseira;2;2;;;;;1
20/05/2011;13:11:00;219;sem vítima;45;BR-101/SC;Norte;Colisão Traseira;3;6;;;;;1
20/05/2011;11:17:00;195;sem vítima;106,80000305175781;BR-116/PR;Norte;Colisão Lateral;1;2;;;;;1
20/05/2011;07:33:00;108;sem vítima;108,0999984741211;BR-116/PR;Sul;Tombamento;2;2;;;;;1
20/05/2011;03:54:00;60;sem vítima;111,30000305175781;BR-101/SC;Sul;Colisão Traseira;2;2;;;;;1
20/05/2011;20:21:00;418;sem vítima;174,60000610351562;BR-101/SC;Sul;Saida de Pista;1;2;;;;;1
20/05/2011;19:29:00;397;sem vítima;194;BR-101/SC;Sul;Colisão Traseira;1;2;;;;;1
20/05/2011;16:00:00;323;sem vítima;212;BR-101/SC;Sul;Colisão Traseira;1;2;;;;;1
20/05/2011;00:17:00;4;sem vítima;659;BR-376/PR;Norte;Saida de Pista;1;1;;;;;1
20/05/2011;07:11:00;99;com vítima;660,0999755859375;BR-376/PR;Norte;Colisão Traseira;1;1;1;1;;;2
21/05/2011;12:38:00;248;sem vítima;17,5;BR-101/SC;Norte;Choque - Defensa, barreira ou "submarino";1;1;;;;;1
21/05/2011;06:31:00;94;com vítima;25;BR-101/SC;Sul;Colisão Traseira;2;1;1;;;;1
21/05/2011;10:33:00;189;sem vítima;77;BR-101/SC;Sul;Colisão Lateral;1;2;;;;;1
21/05/2011;12:50:00;252;com vítima;91;BR-101/SC;Sul;Colisão Lateral;1;1;;1;;;2
21/05/2011;21:55:00;512;com vítima;136;BR-101/SC;Norte;Saida de Pista;1;1;;1;;;2
21/05/2011;23:00:00;534;sem vítima;137;BR-101/SC;Norte;Colisão Traseira;1;3;;;;;1
21/05/2011;14:18:00;288;sem vítima;176,10000610351562;BR-101/SC;Norte;Outros;1;2;;;;;1
21/05/2011;02:26:00;39;com vítima;193,6999969482422;BR-101/SC;Sul;Colisão Traseira;1;1;;;1;;2
21/05/2011;12:19:00;241;sem vítima;195;BR-101/SC;Sul;Colisão Lateral;1;2;;;;;1
22/05/2011;16:11:00;371;sem vítima;46;BR-101/SC;Norte;Choque - Defensa, barreira ou "submarino";1;2;;;;;1
22/05/2011;23:15:00;532;sem vítima;105,19999694824219;BR-116/PR;Sul;Colisão Lateral;1;4;;;;;1
23/05/2011;18:11:00;446;sem vítima;114,80000305175781;BR-116/PR;Norte;Colisão Traseira;1;3;;;;;1
23/05/2011;17:13:00;409;sem vítima;121;BR-101/SC;Norte;Colisão Traseira;1;2;;;;;1
23/05/2011;14:17:00;315;sem vítima;622;BR-376/PR;Norte;Colisão Traseira;1;2;;;;;1
24/05/2011;20:31:00;526;sem vítima;1,2999999523162842;BR-101/SC;Norte;Colisão Traseira;2;2;;;;;1
24/05/2011;23:33:00;588;sem vítima;1,350000023841858;BR-101/SC;Sul;Objeto lançado contra veículo;1;1;;;;;1
24/05/2011;12:05:00;314;sem vítima;43;BR-101/SC;Sul;Colisão Lateral;1;2;;;;;1
24/05/2011;10:14:00;271;sem vítima;105,5;BR-116/PR;Norte;Colisão Lateral;1;2;;;;;1
24/05/2011;10:47:00;281;sem vítima;148;BR-101/SC;Norte;Colisão Lateral;1;2;;;;;1
24/05/2011;18:01:00;477;sem vítima;205,3000030517578;BR-101/SC;Sul;Colisão Lateral;1;2;;;;;1
24/05/2011;15:07:00;402;sem vítima;667;BR-376/PR;Sul;Colisão Lateral;1;2;;;;;1
24/05/2011;14:48:00;385;sem vítima;669,2999877929688;BR-376/PR;Sul;Saida de Pista;1;1;;;;;1
25/05/2011;18:55:00;538;com vítima;34;BR-101/SC;Norte;Choque - Defensa, barreira ou "submarino";1;1;;1;;;2
25/05/2011;17:06:00;492;sem vítima;95;BR-101/SC;Sul;Saida de Pista;1;2;;;;;1
25/05/2011;16:42:00;487;com vítima;103;BR-101/SC;Sul;Colisão Lateral;1;1;1;;;;1
25/05/2011;15:23:00;458;sem vítima;118,4000015258789;BR-101/SC;Sul;Colisão Lateral;1;2;;;;;1
25/05/2011;20:40:00;570;sem vítima;154;BR-101/SC;Norte;Choque - Objeto sobre a pista;2;6;;;;;1
25/05/2011;05:22:00;99;com vítima;199;BR-101/SC;Norte;Colisão Traseira;2;1;;1;;;2
25/05/2011;17:18:00;496;sem vítima;220;BR-101/SC;Norte;Colisão Traseira;2;2;;;;;1
25/05/2011;15:46:00;467;sem vítima;627;BR-376/PR;Norte;Colisão Traseira;1;2;;;;;1
26/05/2011;04:51:00;80;sem vítima;90;BR-116/PR;Norte;Objeto lançado contra veículo;1;1;;;;;1
26/05/2011;20:21:00;516;com vítima;117,5999984741211;BR-101/SC;Norte;Capotamento;1;2;;3;;;2
26/05/2011;20:12:00;513;sem vítima;206,3000030517578;BR-101/SC;Sul;Engavetamento;1;3;;;;;1
26/05/2011;17:08:00;452;sem vítima;219;BR-101/SC;Sul;Choque - Defensa, barreira ou "submarino";1;1;;;;;1
26/05/2011;15:08:00;363;sem vítima;616,2000122070312;BR-376/PR;Sul;Colisão Traseira;1;3;;;;;1
26/05/2011;20:53:00;525;sem vítima;619,7999877929688;BR-376/PR;Norte;Colisão Traseira;1;2;;;;;1
26/05/2011;19:22:00;494;sem vítima;643;BR-376/PR;Sul;Colisão Lateral;1;2;;;;;1
26/05/2011;07:52:00;141;sem vítima;660;BR-376/PR;Norte;Tombamento;1;1;;;;;1
27/05/2011;22:44:00;528;sem vítima;1,350000023841858;BR-101/SC;Sul;Colisão Traseira;1;2;;;;;1
27/05/2011;07:30:00;119;sem vítima;98;BR-116/PR;Sul;Colisão Traseira;1;2;;;;;1
27/05/2011;10:11:00;210;sem vítima;113;BR-101/SC;Sul;Colisão Lateral;1;2;;;;;1
27/05/2011;15:50:00;376;com vítima;115,30000305175781;BR-101/SC;Sul;Atropelamento - Ciclista;1;1;;1;;;2
27/05/2011;22:56:00;531;sem vítima;157;BR-101/SC;Sul;Colisão Lateral;2;4;;;;;1
27/05/2011;15:20:00;356;sem vítima;617;BR-376/PR;Sul;Colisão Lateral;2;2;;;;;1
27/05/2011;15:05:00;347;com vítima;627,2000122070312;BR-376/PR;Sul;Colisão Traseira;1;1;1;1;;;2
28/05/2011;04:13:00;61;sem vítima;27;BR-101/SC;Sul;Saida de Pista;1;1;;;;;1
28/05/2011;03:10:00;46;sem vítima;42,79999923706055;BR-101/SC;Sul;Choque - Objeto sobre a pista;1;1;;;;;1
28/05/2011;12:06:00;274;sem vítima;58;BR-101/SC;Sul;Colisão Traseira;1;3;;;;;1
28/05/2011;11:50:00;264;com vítima;59;BR-101/SC;Sul;Engavetamento;1;9;2;;;;1
28/05/2011;10:25:00;221;sem vítima;79;BR-101/SC;Sul;Choque - Defensa, barreira ou "submarino";1;1;;;;;1
28/05/2011;15:00:00;346;sem vítima;106,30000305175781;BR-116/PR;Norte;Colisão Traseira;2;2;;;;;1
28/05/2011;13:41:00;313;sem vítima;109,5;BR-116/PR;Norte;Colisão Traseira;1;2;;;;;1
28/05/2011;02:00:00;30;sem vítima;219;BR-101/SC;Sul;Objeto lançado contra veículo;1;1;;;;;1
28/05/2011;19:07:00;466;com vítima;664;BR-376/PR;Sul;Colisão Traseira;2;1;;1;;;2
28/05/2011;16:40:00;414;sem vítima;673;BR-376/PR;Sul;Colisão Traseira;2;4;;;;;1
29/05/2011;17:10:00;323;sem vítima;1,350000023841858;BR-101/SC;Sul;Choque - Defensa, barreira ou "submarino";1;1;;;;;1
29/05/2011;07:58:00;135;sem vítima;80,9000015258789;BR-116/PR;Norte;Colisão Lateral;1;2;;;;;1
29/05/2011;03:02:00;53;sem vítima;90;BR-116/PR;Sul;Colisão Traseira;1;3;;;;;1
29/05/2011;23:42:00;479;sem vítima;105;BR-101/SC;Norte;Choque - Objeto sobre a pista;1;2;;;;;1