data;horario;n_da_ocorrencia;tipo_de_ocorrencia;km;trecho;sentido;tipo_de_acidente;caminhao;ilesos;levemente_feridos;moderadamente_feridos;gravemente_feridos;mortos;3
29/05/2011;09:07:00;164;sem vítima;150,5;BR-101/SC;Sul;Choque - Defensa, barreira ou "submarino";1;1;;;;;1
29/05/2011;21:30:00;433;sem vítima;195;BR-101/SC;Norte;Colisão Traseira;1;2;;;;;1
29/05/2011;12:56:00;253;sem vítima;615;BR-376/PR;Norte;Colisão Lateral;1;2;;;;;1
29/05/2011;15:31:00;288;sem vítima;616;BR-376/PR;Norte;Colisão Lateral;1;2;;;;;1
30/05/2011;13:49:00;293;com vítima;103,80000305175781;BR-101/SC;Norte;Colisão Traseira;1;2;1;;;;1
30/05/2011;13:49:00;295;sem vítima;104;BR-101/SC;Norte;Engavetamento;1;2;;;;;1
30/05/2011;15:30:00;343;sem vítima;114;BR-101/SC;Norte;Choque - Defensa, barreira ou "submarino";1;1;;;;;1
30/05/2011;18:53:00;445;sem vítima;114;BR-101/SC;Norte;Colisão Traseira;2;2;;;;;1
30/05/2011;23:15:00;531;sem vítima;191;BR-101/SC;Sul;Colisão Lateral;1;2;;;;;1
30/05/2011;07:06:00;94;sem vítima;191,5;BR-101/SC;Norte;Engavetamento;2;2;;;;;1
30/05/2011;06:04:00;81;sem vítima;624,4000244140625;BR-376/PR;Norte;Colisão Lateral;1;2;;;;;1
30/05/2011;23:41:00;539;sem vítima;663;BR-376/PR;Sul;Colisão Lateral;1;1;;;;;1
30/05/2011;19:07:00;451;sem vítima;674;BR-376/PR;Norte;Colisão Traseira;2;2;;;;;1
31/05/2011;05:51:00;84;sem vítima;33,400001525878906;BR-101/SC;Sul;Choque - Defensa, barreira ou "submarino";1;1;;;;;1
31/05/2011;02:36:00;37;sem vítima;48,5;BR-101/SC;Norte;Saida de Pista;1;1;;;;;1
31/05/2011;03:22:00;49;com vítima;64;BR-101/SC;Norte;Colisão Traseira;1;1;1;;;;1
31/05/2011;08:31:00;158;sem vítima;97,5;BR-116/PR;Sul;Colisão Lateral;1;2;;;;;1
31/05/2011;17:50:00;436;com vítima;121;BR-101/SC;Norte;Colisão Transversal;1;2;;2;;;2
31/05/2011;14:33:00;352;sem vítima;212,10000610351562;BR-101/SC;Sul;Colisão Lateral;1;2;;;;;1
31/05/2011;03:27:00;51;sem vítima;671,9000244140625;BR-376/PR;Sul;Saida de Pista;1;1;;;;;1
31/05/2011;19:26:00;473;sem vítima;675;BR-376/PR;Norte;Colisão Traseira;2;3;;;;;1
01/06/2011;12:12:00;312;sem vítima;1,350000023841858;BR-101/SC;Sul;Colisão Traseira;2;2;;;;;1
01/06/2011;17:21:00;477;sem vítima;1,350000023841858;BR-101/SC;Norte;Choque - Cancela de Pedagio;1;1;;;;;1
01/06/2011;13:19:00;351;sem vítima;79,5;BR-101/SC;Norte;Choque - Objeto sobre a pista;1;1;;;;;1
01/06/2011;08:42:00;196;com vítima;105;BR-116/PR;Sul;Engavetamento;3;3;;1;;;2
01/06/2011;08:38:00;192;sem vítima;107,5;BR-116/PR;Norte;Saida de Pista;1;1;;;;;1
01/06/2011;16:41:00;459;sem vítima;129;BR-101/SC;Norte;Choque - Objeto sobre a pista;1;1;;;;;1
01/06/2011;08:16:00;174;sem vítima;205,5;BR-101/SC;Norte;Colisão Lateral;1;2;;;;;1
01/06/2011;17:00:00;467;sem vítima;677;BR-376/PR;Sul;Outros;1;1;;;;;1
01/06/2011;08:34:00;187;sem vítima;679;BR-376/PR;Norte;Colisão Traseira;1;2;;;;;1
02/06/2011;10:14:00;254;sem vítima;79;BR-101/SC;Sul;Colisão Traseira;2;2;;;;;1
02/06/2011;15:42:00;428;sem vítima;157;BR-101/SC;Sul;Colisão Lateral;1;2;;;;;1
02/06/2011;15:47:00;432;sem vítima;201,39999389648438;BR-101/SC;Sul;Colisão Traseira;1;2;;;;;1
02/06/2011;14:16:00;389;sem vítima;219;BR-101/SC;Norte;Choque - Outros;1;1;;;;;1
02/06/2011;14:17:00;378;sem vítima;220;BR-101/SC;Sul;Choque - Defensa, barreira ou "submarino";1;1;;;;;1
02/06/2011;17:14:00;466;sem vítima;220;BR-101/SC;Norte;Outros;1;2;;;;;1
02/06/2011;22:24:00;568;sem vítima;660;BR-376/PR;Sul;Engavetamento;2;3;;;;;1
02/06/2011;13:05:00;346;com vítima;668;BR-376/PR;Sul;Tombamento;3;3;;1;;3;3
02/06/2011;10:04:00;243;sem vítima;679;BR-376/PR;Norte;Engavetamento;1;3;;;;;1
03/06/2011;15:04:00;401;sem vítima;46,79999923706055;BR-101/SC;Norte;Choque - Objeto sobre a pista;1;1;;;;;1
03/06/2011;23:55:00;609;sem vítima;53;BR-101/SC;Norte;Colisão Lateral;1;2;;;;;1
03/06/2011;03:28:00;75;sem vítima;102,4000015258789;BR-116/PR;Sul;Colisão Traseira;2;2;;;;;1
03/06/2011;16:11:00;441;sem vítima;112,5;BR-101/SC;Sul;Colisão Traseira;1;2;;;;;1
03/06/2011;19:10:00;513;sem vítima;124;BR-101/SC;Norte;Colisão Lateral;1;2;;;;;1
03/06/2011;20:01:00;532;com vítima;140,5;BR-101/SC;Sul;Colisão Lateral;1;1;;1;;;2
03/06/2011;15:33:00;414;sem vítima;157;BR-101/SC;Sul;Colisão Traseira;2;2;;;;;1
03/06/2011;19:18:00;516;sem vítima;208,5;BR-101/SC;Norte;Colisão Traseira;1;2;;;;;1
03/06/2011;05:04:00;108;sem vítima;653,7999877929688;BR-376/PR;Norte;Choque - Suporte de Sinalização;1;1;;;;;1
03/06/2011;02:15:00;48;sem vítima;677;BR-376/PR;Sul;Colisão Traseira;2;3;;;;;1
04/06/2011;12:57:00;287;sem vítima;32;BR-101/SC;Norte;Colisão Traseira;1;2;;;;;1
04/06/2011;06:26:00;103;sem vítima;46;BR-101/SC;Sul;Colisão Traseira;1;2;;;;;1
04/06/2011;09:35:00;196;com vítima;116,4000015258789;BR-101/SC;Norte;Engavetamento;1;2;1;;;;1
04/06/2011;19:48:00;451;com vítima;205;BR-101/SC;Sul;Colisão Frontal;1;0;;5;;;2
05/06/2011;11:34:00;191;sem vítima;103,5;BR-116/PR;Norte;Engavetamento;4;4;;;;;1
05/06/2011;07:32:00;105;sem vítima;122;BR-101/SC;Norte;Colisão Traseira;1;2;;;;;1
05/06/2011;03:38:00;50;sem vítima;680,4000244140625;BR-376/PR;Sul;Choque - Defensa, barreira ou "submarino";1;1;;;;;1
06/06/2011;23:30:00;521;sem vítima;13;BR-101/SC;Norte;Colisão Traseira;2;2;;;;;1
06/06/2011;02:35:00;40;sem vítima;15,699999809265137;BR-101/SC;Sul;Saida de Pista;1;1;;;;;1
06/06/2011;13:18:00;290;sem vítima;112,5;BR-101/SC;Sul;Engavetamento;3;14;;;;;1
06/06/2011;22:16:00;488;sem vítima;119,5;BR-101/SC;Sul;Colisão Lateral;1;2;;;;;1
06/06/2011;10:20:00;202;sem vítima;159,5;BR-101/SC;Sul;Saida de Pista;1;2;;;;;1
06/06/2011;13:16:00;289;sem vítima;163,6999969482422;BR-101/SC;Sul;Colisão Lateral;1;2;;;;;1
06/06/2011;13:15:00;287;sem vítima;163,89999389648438;BR-101/SC;Sul;Colisão Traseira;1;5;;;;;1
06/06/2011;14:27:00;311;sem vítima;208,5;BR-101/SC;Norte;Colisão Traseira;1;2;;;;;1
06/06/2011;15:37:00;343;sem vítima;615;BR-376/PR;Sul;Saida de Pista;1;1;;;;;1
06/06/2011;21:47:00;487;sem vítima;635,5;BR-376/PR;Sul;Choque - Suporte de Sinalização;1;1;;;;;1
07/06/2011;20:16:00;449;sem vítima;89;BR-101/SC;Sul;Objeto lançado contra veículo;1;2;;;;;1
07/06/2011;14:15:00;283;sem vítima;93,80000305175781;BR-116/PR;Norte;Colisão Lateral;1;2;;;;;1
07/06/2011;16:45:00;368;sem vítima;101;BR-116/PR;Norte;Engavetamento;3;3;;;;;1
07/06/2011;15:20:00;348;sem vítima;102,5;BR-116/PR;Sul;Colisão Traseira;1;2;;;;;1
07/06/2011;15:06:00;307;sem vítima;102,5999984741211;BR-116/PR;Sul;Colisão Traseira;2;2;;;;;1
07/06/2011;01:45:00;32;sem vítima;141;BR-101/SC;Sul;Saida de Pista;1;1;;;;;1
07/06/2011;12:10:00;238;sem vítima;150,1999969482422;BR-101/SC;Norte;Colisão Lateral;1;2;;;;;1
07/06/2011;13:00:00;252;sem vítima;157;BR-101/SC;Norte;Choque - Objeto sobre a pista;1;1;;;;;1
07/06/2011;20:08:00;445;sem vítima;157;BR-101/SC;Sul;Objeto lançado contra veículo;1;1;;;;;1
07/06/2011;18:51:00;411;sem vítima;203,6999969482422;BR-101/SC;Norte;Colisão Lateral;1;2;;;;;1
07/06/2011;10:50:00;222;sem vítima;212,60000610351562;BR-101/SC;Norte;Saida de Pista;1;1;;;;;1
07/06/2011;10:06:00;226;com vítima;219,39999389648438;BR-101/SC;Sul;Outros;1;1;1;;;;1
07/06/2011;12:44:00;246;sem vítima;651;BR-376/PR;Sul;Saida de Pista;1;1;;;;;1
07/06/2011;20:49:00;462;sem vítima;667;BR-376/PR;Norte;Choque - Objeto sobre a pista;1;1;;;;;1
07/06/2011;21:34:00;488;sem vítima;672,5;BR-376/PR;Sul;Choque - Outros;1;1;;;;;1
08/06/2011;23:46:00;571;sem vítima;1;BR-101/SC;Norte;Colisão Lateral;2;2;;;;;1
08/06/2011;00:00:00;1;sem vítima;1,350000023841858;BR-101/SC;Sul;Choque - Arvore;1;1;;;;;1
08/06/2011;18:20:00;463;sem vítima;82;BR-101/SC;Norte;Choque - Objeto sobre a pista;1;1;;;;;1
08/06/2011;19:25:00;489;sem vítima;106,80000305175781;BR-116/PR;Sul;Engavetamento;2;4;;;;;1
08/06/2011;19:15:00;485;sem vítima;139;BR-101/SC;Sul;Colisão Lateral;1;2;;;;;1
08/06/2011;11:27:00;271;sem vítima;200,10000610351562;BR-101/SC;Norte;Colisão Traseira;2;2;;;;;1
08/06/2011;14:07:00;338;sem vítima;204;BR-101/SC;Sul;Colisão Traseira;1;2;;;;;1
08/06/2011;17:33:00;443;sem vítima;204,5;BR-101/SC;Norte;Engavetamento;2;4;;;;;1
08/06/2011;15:19:00;369;sem vítima;204,6999969482422;BR-101/SC;Sul;Colisão Traseira;1;2;;;;;1
08/06/2011;20:01:00;502;sem vítima;206;BR-101/SC;Sul;Colisão Traseira;1;2;;;;;1
08/06/2011;07:34:00;149;com vítima;208;BR-101/SC;Norte;Engavetamento;1;8;1;;;;1
08/06/2011;19:32:00;494;sem vítima;208;BR-101/SC;Norte;Engavetamento;1;3;;;;;1
08/06/2011;11:08:00;265;sem vítima;636,7000122070312;BR-376/PR;Sul;Colisão Lateral;1;2;;;;;1
08/06/2011;03:45:00;77;sem vítima;644,5;BR-376/PR;Sul;Outros;1;1;;;;;1
08/06/2011;18:06:00;458;sem vítima;660;BR-376/PR;Norte;Saida de Pista;1;2;;;;;1
08/06/2011;01:16:00;32;sem vítima;663;BR-376/PR;Norte;Objeto lançado contra veículo;1;1;;;;;1
08/06/2011;13:22:00;323;com vítima;668;BR-376/PR;Sul;Tombamento;1;0;1;;;;1
09/06/2011;23:11:00;543;com vítima;118;BR-101/SC;Norte;Colisão Traseira;1;3;;2;;;2
09/06/2011;18:33:00;448;sem vítima;122;BR-101/SC;Sul;Colisão Traseira;1;2;;;;;1
09/06/2011;13:10:00;302;sem vítima;137,10000610351562;BR-101/SC;Norte;Choque - Objeto sobre a pista;1;2;;;;;1
09/06/2011;16:58:00;412;com vítima;614;BR-376/PR;Sul;Atropelamento - Andarilho;1;1;1;;;;1
09/06/2011;09:57:00;209;sem vítima;624;BR-376/PR;Sul;Colisão Traseira;2;2;;;;;1
09/06/2011;08:41:00;171;sem vítima;658;BR-376/PR;Sul;Choque - Outros;1;2;;;;;1
09/06/2011;10:51:00;222;sem vítima;663;BR-376/PR;Sul;Colisão Lateral;2;2;;;;;1
10/06/2011;23:03:00;601;sem vítima;42,79999923706055;BR-101/SC;Norte;Choque - Objeto sobre a pista;1;3;;;;;1
10/06/2011;18:06:00;465;sem vítima;47;BR-101/SC;Norte;Choque - Cancela de Pedagio;1;1;;;;;1
10/06/2011;16:06:00;392;sem vítima;206,6999969482422;BR-101/SC;Sul;Engavetamento;1;3;;;;;1
10/06/2011;12:53:00;304;sem vítima;625;BR-376/PR;Sul;Colisão Lateral;1;2;;;;;1
10/06/2011;14:48:00;356;com vítima;668;BR-376/PR;Norte;Colisão Traseira;1;1;;1;;;2
10/06/2011;22:57:00;599;sem vítima;669,5;BR-376/PR;Sul;Choque - Defensa, barreira ou "submarino";1;2;;;;;1
10/06/2011;08:22:00;163;sem vítima;671;BR-376/PR;Sul;Colisão Traseira;2;2;;;;;1
11/06/2011;08:49:00;163;sem vítima;1;BR-101/SC;Norte;Choque - Cancela de Pedagio;1;2;;;;;1
11/06/2011;19:50:00;456;sem vítima;1,350000023841858;BR-101/SC;Sul;Colisão Traseira;2;2;;;;;1
11/06/2011;08:41:00;161;sem vítima;18,799999237060547;BR-101/SC;Sul;Colisão Traseira;1;2;;;;;1
11/06/2011;03:45:00;65;sem vítima;98;BR-116/PR;Sul;Choque - Objeto sobre a pista;3;4;;;;;1
11/06/2011;14:56:00;323;com vítima;113;BR-116/PR;Norte;Saida de Pista;1;0;;1;;;2
11/06/2011;11:25:00;229;sem vítima;113,80000305175781;BR-101/SC;Norte;Choque - Defensa, barreira ou "submarino";1;4;;;;;1
11/06/2011;09:37:00;187;sem vítima;115;BR-101/SC;Norte;Colisão Lateral;1;2;;;;;1
11/06/2011;08:10:00;148;com vítima;617;BR-376/PR;Norte;Queda de Moto;1;1;;;1;;2
12/06/2011;08:01:00;110;sem vítima;11;BR-101/SC;Norte;Colisão Traseira;1;2;;;;;1
12/06/2011;20:21:00;412;sem vítima;77,30000305175781;BR-101/SC;Sul;Colisão Lateral;1;2;;;;;1
12/06/2011;15:46:00;308;com vítima;109;BR-116/PR;Norte;Tombamento;3;2;;1;;;2
12/06/2011;19:36:00;396;sem vítima;219;BR-101/SC;Sul;Colisão Traseira;1;2;;;;;1
12/06/2011;21:02:00;431;com vítima;627;BR-376/PR;Norte;Colisão Lateral;1;1;;1;;;2
12/06/2011;13:13:00;241;sem vítima;643,7999877929688;BR-376/PR;Norte;Atropelamento de Animal;1;1;;;;;1
12/06/2011;09:25:00;147;sem vítima;671;BR-376/PR;Sul;Colisão Traseira;2;2;;;;;1
13/06/2011;16:35:00;409;sem vítima;46;BR-101/SC;Norte;Objeto lançado contra veículo;1;1;;;;;1
13/06/2011;18:00:00;442;com vítima;119;BR-101/SC;Norte;Colisão Traseira;3;2;1;;;;1
13/06/2011;00:43:00;4;com vítima;202;BR-101/SC;Norte;Atropelamento - Usuário;1;1;;;;1;3
13/06/2011;20:30:00;490;sem vítima;657;BR-376/PR;Norte;Saida de Pista;2;2;;;;;1
13/06/2011;14:08:00;329;com vítima;679;BR-376/PR;Norte;Colisão Traseira;1;1;;;;1;3
14/06/2011;22:07:00;517;sem vítima;118,30000305175781;BR-101/SC;Norte;Outros;1;1;;;;;1
14/06/2011;09:32:00;196;sem vítima;178,5;BR-101/SC;Norte;Colisão Lateral;1;3;;;;;1
14/06/2011;08:05:00;145;sem vítima;208,1999969482422;BR-101/SC;Norte;Engavetamento;1;5;;;;;1
14/06/2011;11:56:00;274;com vítima;668;BR-376/PR;Sul;Colisão Frontal;1;1;1;;;;1
15/06/2011;19:11:00;482;sem vítima;117,30000305175781;BR-101/SC;Sul;Engavetamento;1;7;;;;;1
15/06/2011;18:19:00;466;com vítima;118;BR-101/SC;Norte;Engavetamento;1;4;;1;;;2
15/06/2011;08:20:00;148;sem vítima;157;BR-101/SC;Norte;Colisão Traseira;2;2;;;;;1
15/06/2011;17:58:00;459;sem vítima;157;BR-101/SC;Sul;Choque - Cancela de Pedagio;1;1;;;;;1
15/06/2011;13:49:00;328;sem vítima;635;BR-376/PR;Norte;Colisão Traseira;2;2;;;;;1
15/06/2011;17:06:00;439;sem vítima;664;BR-376/PR;Sul;Colisão Traseira;1;3;;;;;1
15/06/2011;15:49:00;404;sem vítima;667;BR-376/PR;Sul;Colisão Traseira;1;2;;;;;1
16/06/2011;19:01:00;468;sem vítima;54;BR-101/SC;Norte;Colisão Traseira;1;2;;;;;1
16/06/2011;17:11:00;441;sem vítima;81,5999984741211;BR-101/SC;Sul;Objeto lançado contra veículo;1;2;;;;;1
16/06/2011;08:42:00;159;com vítima;107;BR-116/PR;Sul;Colisão Traseira;1;3;;1;;;2
16/06/2011;10:20:00;212;sem vítima;157,39999389648438;BR-101/SC;Norte;Choque - Defensa, barreira ou "submarino";1;1;;;;;1
16/06/2011;05:25:00;77;sem vítima;170;BR-101/SC;Norte;Colisão Lateral;1;6;;;;;1
16/06/2011;09:49:00;204;sem vítima;671;BR-376/PR;Norte;Choque - Objeto sobre a pista;1;1;;;;;1
17/06/2011;02:48:00;48;sem vítima;4,199999809265137;BR-101/SC;Sul;Saida de Pista;1;1;;;;;1
17/06/2011;11:56:00;281;sem vítima;61;BR-101/SC;Sul;Choque - Defensa, barreira ou "submarino";1;1;;;;;1
17/06/2011;20:23:00;514;com vítima;98;BR-116/PR;Norte;Objeto lançado contra veículo;2;1;1;;;;1
17/06/2011;15:02:00;366;sem vítima;104,4000015258789;BR-116/PR;Sul;Saida de Pista;1;2;;;;;1
17/06/2011;12:19:00;295;sem vítima;112;BR-116/PR;Norte;Colisão Lateral;2;2;;;;;1
17/06/2011;18:48:00;487;com vítima;114;BR-101/SC;Norte;Engavetamento;2;2;;1;;;2
17/06/2011;18:27:00;479;sem vítima;116,5;BR-101/SC;Norte;Engavetamento;1;3;;;;;1
17/06/2011;17:05:00;442;sem vítima;216;BR-101/SC;Sul;Colisão Traseira;1;2;;;;;1
18/06/2011;15:40:00;372;sem vítima;107,0999984741211;BR-116/PR;Sul;Colisão Traseira;1;2;;;;;1
18/06/2011;11:38:00;260;com vítima;188,6999969482422;BR-101/SC;Norte;Capotamento;1;1;;1;;;2
19/06/2011;14:49:00;345;sem vítima;106,5;BR-101/SC;Sul;Capotamento;1;2;;;;;1
19/06/2011;05:39:00;76;sem vítima;143;BR-101/SC;Sul;Colisão Traseira;1;2;;;;;1
19/06/2011;04:18:00;62;sem vítima;194;BR-101/SC;Norte;Saida de Pista;1;1;;;;;1
19/06/2011;18:28:00;433;sem vítima;219,60000610351562;BR-101/SC;Norte;Colisão Lateral;1;2;;;;;1
19/06/2011;04:02:00;59;sem vítima;645,7999877929688;BR-376/PR;Sul;Saida de Pista;1;1;;;;;1
19/06/2011;17:06:00;403;sem vítima;667;BR-376/PR;Sul;Colisão Lateral;1;6;;;;;1
19/06/2011;10:15:00;208;com vítima;673;BR-376/PR;Sul;Colisão Traseira;2;1;;;1;;2
20/06/2011;11:57:00;256;sem vítima;39,79999923706055;BR-101/SC;Norte;Saida de Pista;1;2;;;;;1
20/06/2011;19:25:00;466;sem vítima;79;BR-101/SC;Norte;Choque - Cancela de Pedagio;1;1;;;;;1
20/06/2011;19:43:00;470;com vítima;617;BR-376/PR;Sul;Choque - Objeto não identificado;1;1;1;;;;1
20/06/2011;15:21:00;345;com vítima;667;BR-376/PR;Sul;Tombamento;1;0;;1;;;2
21/06/2011;13:44:00;305;sem vítima;9;BR-101/SC;Norte;Colisão Traseira;2;3;;;;;1
21/06/2011;07:16:00;98;sem vítima;120;BR-101/SC;Norte;Saida de Pista;1;2;;;;;1
21/06/2011;09:28:00;177;sem vítima;121;BR-101/SC;Norte;Saida de Pista;1;2;;;;;1
21/06/2011;03:33:00;53;sem vítima;128,1999969482422;BR-101/SC;Sul;Colisão Traseira;1;4;;;;;1
21/06/2011;11:48:00;250;sem vítima;129;BR-101/SC;Norte;Colisão Traseira;2;2;;;;;1
21/06/2011;12:07:00;261;sem vítima;175,10000610351562;BR-101/SC;Sul;Saida de Pista;1;1;;;;;1
21/06/2011;08:16:00;136;sem vítima;212;BR-101/SC;Norte;Colisão Traseira;1;3;;;;;1
21/06/2011;02:24:00;44;sem vítima;215;BR-101/SC;Norte;Outros - Sequência;1;1;;;;;1
21/06/2011;02:21:00;43;sem vítima;628,7000122070312;BR-376/PR;Sul;Colisão Traseira;2;2;;;;;1
21/06/2011;01:10:00;20;sem vítima;635;BR-376/PR;Norte;Outros;1;1;;;;;1
22/06/2011;04:43:00;65;sem vítima;52;BR-101/SC;Sul;Choque - Outros;1;1;;;;;1
22/06/2011;11:26:00;222;sem vítima;52,5;BR-101/SC;Sul;Colisão Traseira;2;2;;;;;1
22/06/2011;09:09:00;171;sem vítima;106;BR-116/PR;Norte;Colisão Traseira;2;2;;;;;1
22/06/2011;05:45:00;82;com vítima;113,5999984741211;BR-101/SC;Sul;Colisão Traseira;1;2;;;1;;2
22/06/2011;00:51:00;18;sem vítima;157;BR-101/SC;Sul;Choque - Cancela de Pedagio;1;1;;;;;1
22/06/2011;20:42:00;474;sem vítima;204,8000030517578;BR-101/SC;Norte;Colisão Lateral;1;2;;;;;1
22/06/2011;19:24:00;447;sem vítima;205;BR-101/SC;Sul;Colisão Lateral;1;2;;;;;1
22/06/2011;16:32:00;378;sem vítima;207;BR-101/SC;Sul;Colisão Traseira;2;2;;;;;1
22/06/2011;06:33:00;92;sem vítima;213,5;BR-101/SC;Norte;Colisão Lateral;1;2;;;;;1
22/06/2011;16:20:00;371;sem vítima;627;BR-376/PR;Norte;Colisão Lateral;1;2;;;;;1
22/06/2011;06:16:00;88;sem vítima;635;BR-376/PR;Sul;Objeto lançado contra veículo;1;1;;;;;1
22/06/2011;13:50:00;284;sem vítima;635;BR-376/PR;Sul;Colisão Lateral;1;2;;;;;1
22/06/2011;23:38:00;519;sem vítima;675,5;BR-376/PR;Sul;Saida de Pista;1;2;;;;;1
22/06/2011;22:18:00;490;sem vítima;676;BR-376/PR;Sul;Saida de Pista;1;1;;;;;1
23/06/2011;18:11:00;410;sem vítima;1,350000023841858;BR-101/SC;Sul;Choque - Cancela de Pedagio;1;1;;;;;1
23/06/2011;12:16:00;240;sem vítima;2;BR-101/SC;Sul;Saida de Pista;1;2;;;;;1
23/06/2011;08:19:00;134;sem vítima;50;BR-101/SC;Norte;Engavetamento;1;7;;;;;1
23/06/2011;04:18:00;55;sem vítima;62;BR-101/SC;Sul;Saida de Pista;1;1;;;;;1
23/06/2011;08:52:00;154;sem vítima;79;BR-101/SC;Sul;Choque - Objeto sobre a pista;1;1;;;;;1
23/06/2011;16:45:00;372;sem vítima;135,10000610351562;BR-101/SC;Sul;Colisão Lateral;1;2;;;;;1
23/06/2011;12:15:00;239;com vítima;170,8000030517578;BR-101/SC;Sul;Colisão Traseira;1;4;2;;;;1
23/06/2011;17:14:00;384;sem vítima;651;BR-376/PR;Norte;Choque - Defensa, barreira ou "submarino";1;1;;;;;1
23/06/2011;08:38:00;146;sem vítima;659,5;BR-376/PR;Norte;Choque - Defensa, barreira ou "submarino";1;3;;;;;1
23/06/2011;08:55:00;156;sem vítima;668;BR-376/PR;Sul;Saida de Pista;1;1;;;;;1
24/06/2011;00:10:00;3;sem vítima;1,350000023841858;BR-101/SC;Sul;Choque - Talude;1;1;;;;;1
24/06/2011;13:09:00;271;sem vítima;79;BR-101/SC;Norte;Choque - Objeto sobre a pista;1;1;;;;;1
24/06/2011;11:40:00;230;sem vítima;217,5;BR-101/SC;Sul;Colisão Lateral;1;2;;;;;1
24/06/2011;09:25:00;174;com vítima;667,5;BR-376/PR;Sul;Tombamento;1;0;;1;;;2
25/06/2011;15:19:00;292;sem vítima;5;BR-101/SC;Norte;Colisão Lateral;1;2;;;;;1
25/06/2011;03:13:00;34;sem vítima;6;BR-101/SC;Sul;Tombamento;1;1;;;;;1
25/06/2011;09:23:00;146;sem vítima;106;BR-116/PR;Norte;Choque - Objeto sobre a pista;1;2;;;;;1
25/06/2011;10:54:00;184;sem vítima;114;BR-101/SC;Sul;Colisão Traseira;2;2;;;;;1
25/06/2011;03:46:00;38;sem vítima;197;BR-101/SC;Norte;Colisão Lateral;1;2;;;;;1
25/06/2011;04:16:00;43;sem vítima;631,5;BR-376/PR;Norte;Saida de Pista;1;1;;;;;1
26/06/2011;22:17:00;433;sem vítima;1,350000023841858;BR-101/SC;Norte;Choque - Outros;1;1;;;;;1
26/06/2011;15:45:00;289;com vítima;86;BR-116/PR;Norte;Choque - Defensa, barreira ou "submarino";1;0;1;;;;1
26/06/2011;19:32:00;392;com vítima;215;BR-101/SC;Norte;Engavetamento;1;3;1;;;;1
26/06/2011;23:12:00;442;sem vítima;635,5;BR-376/PR;Norte;Colisão Lateral;1;1;;;;;1
26/06/2011;17:17:00;331;sem vítima;668;BR-376/PR;Norte;Colisão Traseira;1;2;;;;;1
27/06/2011;13:49:00;298;sem vítima;1,350000023841858;BR-101/SC;Sul;Choque - Cancela de Pedagio;1;1;;;;;1
27/06/2011;13:51:00;299;sem vítima;95;BR-101/SC;Sul;Colisão Lateral;1;4;;;;;1
27/06/2011;08:14:00;133;sem vítima;123;BR-101/SC;Norte;Colisão Lateral;1;2;;;;;1
27/06/2011;15:18:00;340;sem vítima;157;BR-101/SC;Sul;Choque - Objeto sobre a pista;1;1;;;;;1
27/06/2011;12:29:00;262;sem vítima;157,3000030517578;BR-101/SC;Sul;Colisão Traseira;1;3;;;;;1
27/06/2011;14:28:00;309;com vítima;203;BR-101/SC;Sul;Colisão Traseira;1;1;;1;;;2
27/06/2011;20:28:00;498;sem vítima;651,7999877929688;BR-376/PR;Norte;Colisão Traseira;2;3;;;;;1
28/06/2011;17:29:00;431;sem vítima;1;BR-101/SC;Sul;Colisão Traseira;1;2;;;;;1
28/06/2011;14:02:00;313;sem vítima;37;BR-101/SC;Sul;Saida de Pista;1;1;;;;;1
28/06/2011;08:33:00;166;sem vítima;67,19999694824219;BR-101/SC;Sul;Saida de Pista;1;2;;;;;1
28/06/2011;04:09:00;70;sem vítima;73,5;BR-116/PR;Norte;Colisão Traseira;2;2;;;;;1
28/06/2011;23:38:00;538;com vítima;82,5;BR-116/PR;Norte;Engavetamento;3;2;;1;;;2
28/06/2011;15:21:00;359;sem vítima;115,5;BR-101/SC;Norte;Colisão Traseira;1;2;;;;;1
28/06/2011;19:40:00;469;sem vítima;117;BR-101/SC;Sul;Colisão Traseira;2;2;;;;;1
28/06/2011;19:46:00;471;sem vítima;120;BR-101/SC;Norte;Colisão Traseira;1;2;;;;;1
28/06/2011;18:23:00;450;com vítima;121;BR-101/SC;Sul;Colisão Traseira;2;4;;1;1;;2
28/06/2011;17:18:00;425;sem vítima;157;BR-101/SC;Norte;Choque - Cancela de Pedagio;1;1;;;;;1
28/06/2011;07:38:00;134;sem vítima;202;BR-101/SC;Sul;Choque - Defensa, barreira ou "submarino";1;1;;;;;1
28/06/2011;15:15:00;353;sem vítima;634;BR-376/PR;Norte;Colisão Lateral;1;2;;;;;1
28/06/2011;10:25:00;218;sem vítima;665;BR-376/PR;Sul;Saida de Pista;1;1;;;;;1
28/06/2011;08:31:00;164;com vítima;666;BR-376/PR;Sul;Colisão Traseira;3;2;;1;1;;2
29/06/2011;18:57:00;400;sem vítima;117,0999984741211;BR-101/SC;Sul;Colisão Transversal;2;3;;;;;1
29/06/2011;17:50:00;377;com vítima;164;BR-101/SC;Sul;Engavetamento;2;5;1;;;;1