data;horario;n_da_ocorrencia;tipo_de_ocorrencia;km;trecho;sentido;tipo_de_acidente;caminhao;ilesos;levemente_feridos;moderadamente_feridos;gravemente_feridos;mortos;3
29/06/2011;18:06:00;385;sem vítima;164;BR-101/SC;Norte;Choque - Objeto sobre a pista;1;1;;;;;1
29/06/2011;09:28:00;163;sem vítima;205;BR-101/SC;Norte;Colisão Traseira;1;2;;;;;1
29/06/2011;21:10:00;423;sem vítima;650;BR-376/PR;Norte;Colisão Lateral;1;2;;;;;1
30/06/2011;11:28:00;191;sem vítima;71,19999694824219;BR-116/PR;Sul;Saida de Pista;1;1;;;;;1
30/06/2011;03:57:00;44;sem vítima;72;BR-116/PR;Norte;Saida de Pista;1;1;;;;;1
30/06/2011;12:05:00;207;sem vítima;96;BR-101/SC;Norte;Saida de Pista;1;1;;;;;1
30/06/2011;17:39:00;321;sem vítima;109,0999984741211;BR-116/PR;Sul;Saida de Pista;1;2;;;;;1
30/06/2011;17:19:00;309;com vítima;114,9000015258789;BR-101/SC;Sul;Engavetamento;2;2;;;1;;2
30/06/2011;19:42:00;363;sem vítima;117;BR-101/SC;Norte;Colisão Traseira;2;2;;;;;1
30/06/2011;14:54:00;253;sem vítima;131;BR-101/SC;Norte;Choque - Objeto sobre a pista;1;1;;;;;1
30/06/2011;20:01:00;371;sem vítima;134;BR-101/SC;Sul;Colisão Traseira;1;2;;;;;1
30/06/2011;10:33:00;177;sem vítima;142;BR-101/SC;Sul;Colisão Traseira;2;3;;;;;1
30/06/2011;13:58:00;241;sem vítima;209;BR-101/SC;Norte;Colisão Lateral;1;2;;;;;1
30/06/2011;17:53:00;328;sem vítima;211;BR-101/SC;Norte;Colisão Traseira;1;2;;;;;1
30/06/2011;07:33:00;97;sem vítima;618;BR-376/PR;Norte;Saida de Pista;1;1;;;;;1
30/06/2011;06:52:00;84;sem vítima;627,5999755859375;BR-376/PR;Norte;Colisão Lateral;1;3;;;;;1
30/06/2011;10:02:00;170;sem vítima;665,0999755859375;BR-376/PR;Sul;Saida de Pista;1;1;;;;;1
30/06/2011;13:58:00;242;sem vítima;673;BR-376/PR;Sul;Colisão Traseira;2;3;;;;;1
01/07/2011;05:55:00;62;sem vítima;69;BR-101/SC;Sul;Colisão Traseira;1;2;;;;;1
01/07/2011;02:52:00;30;com vítima;88;BR-101/SC;Sul;Choque - Defensa, barreira ou "submarino";1;0;;1;;;2
01/07/2011;17:55:00;395;sem vítima;116;BR-101/SC;Sul;Colisão Traseira;1;2;;;;;1
01/07/2011;18:12:00;402;sem vítima;157;BR-101/SC;Sul;Colisão Traseira;1;2;;;;;1
01/07/2011;18:04:00;391;sem vítima;157,3000030517578;BR-101/SC;Sul;Choque - Cancela de Pedagio;1;1;;;;;1
01/07/2011;13:43:00;262;sem vítima;219;BR-101/SC;Sul;Colisão Traseira;1;2;;;;;1
01/07/2011;14:02:00;269;sem vítima;665;BR-376/PR;Sul;Colisão Frontal;1;2;;;;;1
01/07/2011;03:24:00;34;sem vítima;674,4000244140625;BR-376/PR;Sul;Colisão Traseira;2;2;;;;;1
02/07/2011;09:18:00;148;sem vítima;33;BR-101/SC;Norte;Saida de Pista;1;1;;;;;1
02/07/2011;05:21:00;58;sem vítima;36,79999923706055;BR-101/SC;Sul;Saida de Pista;1;1;;;;;1
02/07/2011;04:40:00;49;sem vítima;39,70000076293945;BR-101/SC;Sul;Saida de Pista;1;1;;;;;1
02/07/2011;10:39:00;179;sem vítima;43,20000076293945;BR-101/SC;Norte;Saida de Pista;1;1;;;;;1
02/07/2011;09:40:00;160;sem vítima;79;BR-101/SC;Sul;Colisão Traseira;1;2;;;;;1
02/07/2011;12:04:00;222;com vítima;170,8000030517578;BR-101/SC;Sul;Colisão Traseira;1;1;1;;;;1
02/07/2011;04:39:00;48;sem vítima;212;BR-101/SC;Sul;Colisão Traseira;1;2;;;;;1
02/07/2011;10:37:00;176;sem vítima;219;BR-101/SC;Sul;Choque - Defensa, barreira ou "submarino";1;1;;;;;1
02/07/2011;12:40:00;235;sem vítima;219;BR-101/SC;Sul;Choque - Objeto sobre a pista;1;1;;;;;1
02/07/2011;13:51:00;266;sem vítima;614;BR-376/PR;Norte;Colisão Traseira;1;2;;;;;1
03/07/2011;02:00:00;35;sem vítima;19;BR-101/SC;Sul;Colisão Lateral;1;2;;;;;1
03/07/2011;15:06:00;262;sem vítima;49;BR-101/SC;Norte;Tombamento;1;1;;;;;1
03/07/2011;15:45:00;281;sem vítima;108,69999694824219;BR-101/SC;Norte;Colisão Lateral;1;2;;;;;1
03/07/2011;18:48:00;345;sem vítima;109,5;BR-101/SC;Sul;Colisão Traseira;1;2;;;;;1
03/07/2011;12:14:00;201;sem vítima;110;BR-101/SC;Norte;Colisão Traseira;2;2;;;;;1
03/07/2011;16:34:00;294;sem vítima;671,5999755859375;BR-376/PR;Sul;Colisão Lateral;1;2;;;;;1
04/07/2011;17:00:00;372;sem vítima;90,4000015258789;BR-116/PR;Sul;Objeto lançado contra veículo;1;1;;;;;1
04/07/2011;14:32:00;306;com vítima;115,9000015258789;BR-101/SC;Norte;Engavetamento;1;1;4;;;;1
04/07/2011;18:07:00;403;sem vítima;140,8000030517578;BR-101/SC;Sul;Saida de Pista;1;1;;;;;1
04/07/2011;01:57:00;26;sem vítima;198,8000030517578;BR-101/SC;Sul;Atropelamento de Animal;1;1;;;;;1
04/07/2011;19:18:00;426;sem vítima;207;BR-101/SC;Sul;Engavetamento;2;3;;;;;1
05/07/2011;19:33:00;501;sem vítima;38,5;BR-101/SC;Norte;Colisão Lateral;1;2;;;;;1
05/07/2011;10:36:00;232;sem vítima;79;BR-101/SC;Norte;Engavetamento;1;3;;;;;1
05/07/2011;18:43:00;482;sem vítima;104;BR-116/PR;Sul;Engavetamento;2;4;;;;;1
05/07/2011;18:52:00;487;sem vítima;162,1999969482422;BR-101/SC;Sul;Choque - Outros;1;1;;;;;1
05/07/2011;22:58:00;573;sem vítima;681;BR-376/PR;Sul;Objeto lançado contra veículo;1;1;;;;;1
06/07/2011;14:50:00;339;sem vítima;46,79999923706055;BR-101/SC;Norte;Choque - Objeto sobre a pista;1;1;;;;;1
06/07/2011;16:05:00;380;sem vítima;79;BR-101/SC;Sul;Choque - Defensa, barreira ou "submarino";1;1;;;;;1
06/07/2011;10:23:00;209;sem vítima;114;BR-101/SC;Sul;Engavetamento;1;5;;;;;1
06/07/2011;15:15:00;349;sem vítima;192,1999969482422;BR-101/SC;Norte;Colisão Traseira;2;2;;;;;1
06/07/2011;16:00:00;374;sem vítima;195,60000610351562;BR-101/SC;Sul;Colisão Traseira;1;3;;;;;1
06/07/2011;10:03:00;233;sem vítima;635;BR-376/PR;Sul;Choque - Defensa, barreira ou "submarino";1;1;;;;;1
06/07/2011;20:05:00;485;com vítima;680;BR-376/PR;Norte;Colisão Traseira;2;2;;1;;;2
07/07/2011;13:50:00;337;sem vítima;1,350000023841858;BR-101/SC;Norte;Colisão Traseira;1;2;;;;;1
07/07/2011;10:11:00;240;sem vítima;34;BR-101/SC;Sul;Choque - Objeto sobre a pista;1;1;;;;;1
07/07/2011;06:10:00;99;sem vítima;46;BR-101/SC;Sul;Colisão Traseira;1;2;;;;;1
07/07/2011;09:45:00;224;sem vítima;93,5999984741211;BR-116/PR;Norte;Saida de Pista;1;1;;;;;1
07/07/2011;16:55:00;441;sem vítima;117,5;BR-101/SC;Norte;Engavetamento;1;5;;;;;1
07/07/2011;18:06:00;483;sem vítima;121,4000015258789;BR-101/SC;Norte;Colisão Traseira;1;2;;;;;1
07/07/2011;14:23:00;354;sem vítima;122;BR-101/SC;Norte;Colisão Traseira;1;2;;;;;1
07/07/2011;19:13:00;509;com vítima;163,60000610351562;BR-101/SC;Sul;Queda de Moto;1;1;;;1;;2
07/07/2011;13:58:00;339;sem vítima;195;BR-101/SC;Sul;Colisão Lateral;1;2;;;;;1
07/07/2011;18:41:00;499;sem vítima;673,5;BR-376/PR;Sul;Colisão Traseira;1;2;;;;;1
08/07/2011;16:41:00;462;sem vítima;79,80000305175781;BR-101/SC;Norte;Colisão Traseira;1;2;;;;;1
08/07/2011;19:31:00;529;com vítima;96;BR-101/SC;Sul;Colisão Traseira;1;1;;;;1;3
08/07/2011;10:04:00;240;sem vítima;117,4000015258789;BR-101/SC;Sul;Engavetamento;1;3;;;;;1
08/07/2011;19:23:00;526;sem vítima;117,4000015258789;BR-101/SC;Sul;Colisão Lateral;1;2;;;;;1
08/07/2011;13:45:00;371;sem vítima;129;BR-101/SC;Norte;Choque - Objeto sobre a pista;1;1;;;;;1
08/07/2011;16:13:00;452;com vítima;194;BR-101/SC;Sul;Colisão Traseira;1;1;1;;;;1
08/07/2011;09:15:00;215;com vítima;204,5;BR-101/SC;Sul;Capotamento;1;1;1;;;;1
08/07/2011;12:28:00;325;com vítima;207,5;BR-101/SC;Sul;Colisão Lateral;1;2;1;;;;1
08/07/2011;17:09:00;475;com vítima;218;BR-101/SC;Sul;Colisão Transversal;1;1;2;;;;1
08/07/2011;18:15:00;503;sem vítima;219;BR-101/SC;Norte;Outros;1;2;;;;;1
08/07/2011;10:30:00;260;com vítima;668;BR-376/PR;Sul;Saida de Pista;1;0;;;1;;2
08/07/2011;19:26:00;527;sem vítima;679,5;BR-376/PR;Sul;Colisão Traseira;1;2;;;;;1
09/07/2011;08:38:00;195;sem vítima;135;BR-101/SC;Sul;Colisão Traseira;1;3;;;;;1
09/07/2011;17:44:00;477;sem vítima;157;BR-101/SC;Sul;Colisão Traseira;2;2;;;;;1
09/07/2011;15:10:00;398;com vítima;214;BR-101/SC;Sul;Colisão Traseira;1;1;1;;;;1
09/07/2011;04:54:00;88;sem vítima;218,60000610351562;BR-101/SC;Sul;Choque - Outros;1;1;;;;;1
09/07/2011;16:33:00;448;com vítima;623,2999877929688;BR-376/PR;Norte;Colisão Transversal;1;1;;;;1;3
09/07/2011;20:09:00;528;com vítima;667,5;BR-376/PR;Sul;Tombamento;1;0;;1;;;2
09/07/2011;15:44:00;420;sem vítima;671;BR-376/PR;Sul;Saida de Pista;1;1;;;;;1
10/07/2011;15:02:00;367;sem vítima;13,800000190734863;BR-101/SC;Norte;Colisão Lateral;1;2;;;;;1
10/07/2011;16:18:00;411;sem vítima;102,80000305175781;BR-116/PR;Norte;Colisão Lateral;1;2;;;;;1
10/07/2011;11:46:00;281;sem vítima;111,30000305175781;BR-101/SC;Norte;Colisão Lateral;1;8;;;;;1
10/07/2011;00:57:00;16;com vítima;218;BR-101/SC;Sul;Colisão Frontal;1;1;;;1;2;3
11/07/2011;23:09:00;577;com vítima;95,30000305175781;BR-116/PR;Norte;Atropelamento - Usuário;1;1;;1;;;2
11/07/2011;17:30:00;473;sem vítima;109,4000015258789;BR-116/PR;Norte;Colisão Traseira;2;2;;;;;1
11/07/2011;09:56:00;253;sem vítima;195;BR-101/SC;Norte;Choque - Outros;1;2;;;;;1
11/07/2011;14:08:00;369;sem vítima;209;BR-101/SC;Sul;Colisão Lateral;1;2;;;;;1
11/07/2011;22:36:00;563;com vítima;623;BR-376/PR;Norte;Colisão Lateral;1;1;1;1;;;2
11/07/2011;14:34:00;382;sem vítima;672;BR-376/PR;Sul;Outros;2;2;;;;;1
12/07/2011;15:18:00;430;sem vítima;69;BR-101/SC;Sul;Colisão Traseira;2;2;;;;;1
12/07/2011;20:17:00;572;sem vítima;79;BR-101/SC;Norte;Colisão Traseira;2;2;;;;;1
12/07/2011;01:14:00;35;sem vítima;89,30000305175781;BR-116/PR;Norte;Colisão Lateral;1;3;;;;;1
12/07/2011;19:41:00;563;sem vítima;112,19999694824219;BR-101/SC;Norte;Saida de Pista;1;1;;;;;1
12/07/2011;20:23:00;575;sem vítima;194,6999969482422;BR-101/SC;Norte;Colisão Lateral;1;2;;;;;1
12/07/2011;05:15:00;120;sem vítima;219;BR-101/SC;Sul;Colisão Traseira;2;2;;;;;1
12/07/2011;11:28:00;325;sem vítima;630;BR-376/PR;Sul;Colisão Lateral;2;2;;;;;1
12/07/2011;11:25:00;309;sem vítima;664;BR-376/PR;Sul;Colisão Lateral;1;2;;;;;1
13/07/2011;14:28:00;388;sem vítima;79;BR-101/SC;Sul;Choque - Objeto sobre a pista;1;1;;;;;1
13/07/2011;10:55:00;277;sem vítima;92,5;BR-116/PR;Sul;Colisão Lateral;1;2;;;;;1
13/07/2011;18:04:00;524;com vítima;116;BR-101/SC;Sul;Engavetamento;1;4;1;;;;1
13/07/2011;18:30:00;531;sem vítima;204,5;BR-101/SC;Norte;Engavetamento;1;3;;;;;1
13/07/2011;17:10:00;506;com vítima;658;BR-376/PR;Sul;Engavetamento;2;3;;1;;;2
14/07/2011;16:13:00;469;sem vítima;14;BR-101/SC;Norte;Choque - Poste;1;1;;;;;1
14/07/2011;23:42:00;654;com vítima;87;BR-101/SC;Sul;Colisão Traseira;1;3;;2;;;2
14/07/2011;22:27:00;615;sem vítima;109,80000305175781;BR-116/PR;Norte;Colisão Traseira;2;3;;;;;1
14/07/2011;08:59:00;205;sem vítima;112;BR-101/SC;Sul;Colisão Lateral;1;2;;;;;1
14/07/2011;09:56:00;233;sem vítima;114,5;BR-116/PR;Sul;Colisão Lateral;1;4;;;;;1
14/07/2011;18:57:00;545;sem vítima;157;BR-101/SC;Sul;Colisão Lateral;1;2;;;;;1
14/07/2011;06:04:00;118;sem vítima;205;BR-101/SC;Norte;Colisão Lateral;1;2;;;;;1
14/07/2011;08:02:00;177;sem vítima;643,7000122070312;BR-376/PR;Norte;Colisão Lateral;1;2;;;;;1
14/07/2011;06:17:00;122;sem vítima;662;BR-376/PR;Sul;Saida de Pista;1;2;;;;;1
15/07/2011;01:49:00;22;sem vítima;33;BR-101/SC;Sul;Saida de Pista;1;1;;;;;1
15/07/2011;15:27:00;369;com vítima;79;BR-101/SC;Sul;Colisão Traseira;1;2;1;;;;1
15/07/2011;18:15:00;472;sem vítima;121,80000305175781;BR-101/SC;Sul;Engavetamento;1;3;;;;;1
15/07/2011;15:21:00;366;com vítima;137,89999389648438;BR-101/SC;Norte;Colisão Traseira;1;1;1;1;;;2
15/07/2011;05:59:00;72;com vítima;152,3000030517578;BR-101/SC;Sul;Engavetamento;2;5;1;;;;1
15/07/2011;01:26:00;15;com vítima;184,6999969482422;BR-101/SC;Norte;Colisão Traseira;2;1;;1;;;2
15/07/2011;11:57:00;264;com vítima;199;BR-101/SC;Sul;Colisão Traseira;2;1;1;;;;1
15/07/2011;07:30:00;108;sem vítima;208;BR-101/SC;Sul;Colisão Lateral;1;2;;;;;1
15/07/2011;16:44:00;425;sem vítima;675,7999877929688;BR-376/PR;Sul;Colisão Traseira;1;2;;;;;1
16/07/2011;18:48:00;505;com vítima;102;BR-116/PR;Norte;Engavetamento;1;3;;;1;;2
16/07/2011;00:03:00;1;sem vítima;157;BR-101/SC;Sul;Choque - Objeto sobre a pista;1;1;;;;;1
16/07/2011;08:52:00;183;sem vítima;220;BR-101/SC;Sul;Choque - Poste;1;1;;;;;1
16/07/2011;15:36:00;419;sem vítima;615;BR-376/PR;Norte;Saida de Pista;1;1;;;;;1
16/07/2011;11:56:00;307;sem vítima;675;BR-376/PR;Sul;Objeto lançado contra veículo;1;2;;;;;1
17/07/2011;22:58:00;578;sem vítima;43,599998474121094;BR-101/SC;Sul;Colisão Lateral;1;2;;;;;1
17/07/2011;17:17:00;450;sem vítima;90,4000015258789;BR-116/PR;Sul;Choque - Objeto sobre a pista;1;1;;;;;1
17/07/2011;06:13:00;103;sem vítima;659,0999755859375;BR-376/PR;Norte;Tombamento;1;2;;;;;1
17/07/2011;13:22:00;330;com vítima;666;BR-376/PR;Sul;Tombamento;1;0;;;1;1;3
17/07/2011;15:52:00;401;sem vítima;666,5;BR-376/PR;Norte;Saida de Pista;1;2;;;;;1
18/07/2011;17:54:00;397;sem vítima;42;BR-101/SC;Norte;Colisão Traseira;3;3;;;;;1
18/07/2011;19:45:00;430;com vítima;71,5;BR-116/PR;Sul;Tombamento;1;0;1;;;;1
18/07/2011;09:14:00;149;sem vítima;79,19999694824219;BR-101/SC;Norte;Colisão Lateral;2;2;;;;;1
18/07/2011;11:41:00;216;sem vítima;103,69999694824219;BR-101/SC;Norte;Colisão Lateral;1;3;;;;;1
18/07/2011;06:09:00;87;com vítima;114;BR-101/SC;Norte;Colisão Traseira;1;1;;;1;1;3
18/07/2011;19:42:00;428;sem vítima;131,8000030517578;BR-101/SC;Norte;Queda de Moto;1;2;;;;;1
18/07/2011;19:01:00;415;sem vítima;151;BR-101/SC;Norte;Colisão Traseira;1;3;;;;;1
18/07/2011;16:03:00;341;sem vítima;203;BR-101/SC;Norte;Colisão Lateral;1;3;;;;;1
18/07/2011;20:00:00;437;sem vítima;209,1999969482422;BR-101/SC;Norte;Colisão Lateral;1;2;;;;;1
18/07/2011;10:23:00;182;sem vítima;209,8000030517578;BR-101/SC;Sul;Saida de Pista;1;2;;;;;1
18/07/2011;07:00:00;99;sem vítima;214,5;BR-101/SC;Norte;Colisão Lateral;1;2;;;;;1
18/07/2011;11:32:00;218;sem vítima;625,5999755859375;BR-376/PR;Sul;Choque - Objeto sobre a pista;1;1;;;;;1
18/07/2011;17:07:00;369;sem vítima;635;BR-376/PR;Norte;Objeto lançado contra veículo;1;1;;;;;1
18/07/2011;07:11:00;105;sem vítima;660;BR-376/PR;Norte;Choque - Defensa, barreira ou "submarino";1;2;;;;;1
18/07/2011;03:49:00;53;com vítima;673;BR-376/PR;Sul;Saida de Pista;1;0;;1;;;2
18/07/2011;17:33:00;389;com vítima;675;BR-376/PR;Sul;Engavetamento;2;6;;1;;;2
19/07/2011;01:25:00;34;sem vítima;62;BR-101/SC;Norte;Outros;2;2;;;;;1
19/07/2011;06:39:00;92;sem vítima;154;BR-101/SC;Sul;Saida de Pista;1;1;;;;;1
19/07/2011;23:26:00;587;sem vítima;218;BR-101/SC;Norte;Saida de Pista;1;1;;;;;1
20/07/2011;19:03:00;536;sem vítima;1,350000023841858;BR-101/SC;Sul;Choque - Outros;1;1;;;;;1
20/07/2011;06:55:00;140;sem vítima;12;BR-101/SC;Sul;Colisão Traseira;1;2;;;;;1
20/07/2011;20:31:00;567;sem vítima;71;BR-101/SC;Sul;Outros;1;1;;;;;1
20/07/2011;11:19:00;304;com vítima;73;BR-101/SC;Sul;Tombamento;1;1;1;;;;1
20/07/2011;22:35:00;602;sem vítima;98;BR-101/SC;Norte;Saida de Pista;1;1;;;;;1
20/07/2011;12:18:00;334;sem vítima;111;BR-101/SC;Sul;Choque - Defensa, barreira ou "submarino";1;1;;;;;1
20/07/2011;21:21:00;583;com vítima;113,5;BR-101/SC;Sul;Colisão Lateral;1;1;;;1;;2
20/07/2011;19:09:00;540;sem vítima;150;BR-101/SC;Norte;Colisão Traseira;1;2;;;;;1
20/07/2011;18:59:00;534;sem vítima;208,39999389648438;BR-101/SC;Sul;Colisão Traseira;1;4;;;;;1
20/07/2011;07:09:00;147;com vítima;645;BR-376/PR;Sul;Tombamento;1;0;1;;;;1
21/07/2011;09:29:00;204;sem vítima;104;BR-116/PR;Sul;Colisão Traseira;2;2;;;;;1
21/07/2011;18:41:00;444;sem vítima;112,0999984741211;BR-101/SC;Norte;Choque - Outros;1;1;;;;;1
21/07/2011;22:27:00;514;com vítima;118;BR-101/SC;Norte;Colisão Traseira;1;1;;;;1;3
21/07/2011;17:05:00;403;com vítima;120;BR-101/SC;Sul;Colisão Lateral;1;1;1;;;;1
21/07/2011;11:44:00;266;sem vítima;157;BR-101/SC;Sul;Colisão Traseira;1;2;;;;;1
21/07/2011;01:23:00;46;sem vítima;157,39999389648438;BR-101/SC;Sul;Colisão Traseira;1;2;;;;;1
21/07/2011;14:11:00;306;sem vítima;186;BR-101/SC;Sul;Colisão Lateral;1;2;;;;;1
21/07/2011;15:09:00;330;sem vítima;204,3000030517578;BR-101/SC;Norte;Colisão Traseira;1;2;;;;;1
21/07/2011;20:20:00;479;sem vítima;206;BR-101/SC;Sul;Colisão Lateral;1;2;;;;;1
21/07/2011;08:22:00;176;sem vítima;212;BR-101/SC;Norte;Colisão Traseira;2;2;;;;;1
22/07/2011;14:15:00;373;sem vítima;99,80000305175781;BR-101/SC;Sul;Colisão Lateral;1;2;;;;;1
22/07/2011;09:54:00;242;sem vítima;109,9000015258789;BR-101/SC;Norte;Colisão Traseira;1;5;;;;;1
22/07/2011;15:51:00;442;sem vítima;118,30000305175781;BR-101/SC;Sul;Engavetamento;1;3;;;;;1
22/07/2011;17:58:00;511;sem vítima;157,3000030517578;BR-101/SC;Sul;Choque - Outros;1;1;;;;;1
23/07/2011;12:31:00;281;com vítima;192,6999969482422;BR-101/SC;Norte;Engavetamento;1;7;1;;;;1
23/07/2011;09:07:00;171;sem vítima;642,2000122070312;BR-376/PR;Norte;Colisão Lateral;1;6;;;;;1
24/07/2011;10:13:00;235;sem vítima;205;BR-101/SC;Norte;Objeto lançado contra veículo;1;2;;;;;1
24/07/2011;01:50:00;47;sem vítima;635;BR-376/PR;Sul;Colisão Lateral;2;2;;;;;1
24/07/2011;11:17:00;255;sem vítima;635;BR-376/PR;Norte;Colisão Traseira;2;2;;;;;1
24/07/2011;17:47:00;448;sem vítima;635;BR-376/PR;Norte;Colisão Lateral;1;2;;;;;1
25/07/2011;14:43:00;364;sem vítima;161;BR-101/SC;Norte;Tombamento;1;2;;;;;1
25/07/2011;09:07:00;197;sem vítima;643;BR-376/PR;Norte;Colisão Lateral;1;2;;;;;1
26/07/2011;10:47:00;259;com vítima;93,80000305175781;BR-116/PR;Sul;Engavetamento;2;3;;1;;;2
26/07/2011;18:24:00;478;com vítima;116,69999694824219;BR-101/SC;Sul;Engavetamento;2;3;;1;;;2
26/07/2011;11:53:00;297;sem vítima;188,1999969482422;BR-101/SC;Sul;Choque - Outros;1;1;;;;;1
26/07/2011;11:23:00;283;sem vítima;218;BR-101/SC;Sul;Colisão Traseira;2;2;;;;;1
26/07/2011;13:59:00;352;sem vítima;616;BR-376/PR;Sul;Colisão Traseira;1;2;;;;;1
26/07/2011;12:24:00;315;sem vítima;666;BR-376/PR;Sul;Colisão Traseira;2;2;;;;;1
27/07/2011;11:30:00;314;sem vítima;46,79999923706055;BR-101/SC;Norte;Objeto lançado contra veículo;1;1;;;;;1
27/07/2011;07:27:00;159;sem vítima;87;BR-116/PR;Sul;Saida de Pista;1;1;;;;;1
27/07/2011;12:54:00;350;com vítima;107,9000015258789;BR-116/PR;Sul;Engavetamento;2;2;;1;;;2
27/07/2011;08:04:00;186;com vítima;112,4000015258789;BR-101/SC;Sul;Engavetamento;1;7;;1;;;2
27/07/2011;09:35:00;243;sem vítima;123,0999984741211;BR-101/SC;Sul;Colisão Lateral;1;2;;;;;1
27/07/2011;07:36:00;164;sem vítima;129,39999389648438;BR-101/SC;Sul;Colisão Lateral;1;2;;;;;1
27/07/2011;12:36:00;341;sem vítima;199,5;BR-101/SC;Sul;Colisão Lateral;1;2;;;;;1
27/07/2011;19:24:00;535;sem vítima;209;BR-101/SC;Norte;Colisão Lateral;1;2;;;;;1
27/07/2011;05:59:00;125;sem vítima;628,5999755859375;BR-376/PR;Sul;Choque - Defensa, barreira ou "submarino";1;1;;;;;1
27/07/2011;16:25:00;458;sem vítima;663,2999877929688;BR-376/PR;Norte;Choque - Objeto sobre a pista;1;1;;;;;1
27/07/2011;13:58:00;380;sem vítima;666;BR-376/PR;Sul;Tombamento;1;1;;;;;1
27/07/2011;10:40:00;292;sem vítima;672,2999877929688;BR-376/PR;Sul;Tombamento;2;2;;;;;1
28/07/2011;13:22:00;330;sem vítima;12,800000190734863;BR-101/SC;Norte;Colisão Traseira;1;2;;;;;1
28/07/2011;14:10:00;351;com vítima;30;BR-101/SC;Sul;Engavetamento;3;15;1;;;;1
28/07/2011;13:04:00;319;sem vítima;79;BR-101/SC;Norte;Choque - Outros;1;1;;;;;1
28/07/2011;13:51:00;346;sem vítima;157;BR-101/SC;Norte;Choque - Cancela de Pedagio;1;1;;;;;1
28/07/2011;06:49:00;108;com vítima;211;BR-101/SC;Norte;Colisão Lateral;1;2;;1;;;2
28/07/2011;17:18:00;441;sem vítima;616,5;BR-376/PR;Norte;Colisão Lateral;1;4;;;;;1
28/07/2011;23:16:00;571;sem vítima;635,5;BR-376/PR;Norte;Colisão Lateral;1;5;;;;;1
28/07/2011;01:39:00;27;sem vítima;671,5;BR-376/PR;Norte;Colisão Traseira;2;2;;;;;1
29/07/2011;10:39:00;247;sem vítima;15;BR-101/SC;Norte;Choque - Poste;1;1;;;;;1
29/07/2011;09:27:00;207;com vítima;93,69999694824219;BR-116/PR;Norte;Colisão Traseira;1;1;1;;;;1
29/07/2011;21:22:00;557;com vítima;109;BR-116/PR;Norte;Saida de Pista;1;1;;2;;2;3
29/07/2011;15:45:00;410;sem vítima;113;BR-116/PR;Norte;Colisão Lateral;1;2;;;;;1
29/07/2011;14:50:00;367;sem vítima;116;BR-101/SC;Sul;Colisão Traseira;1;5;;;;;1
29/07/2011;00:00:00;1;sem vítima;122,9000015258789;BR-101/SC;Norte;Saida de Pista;1;1;;;;;1
29/07/2011;04:20:00;77;sem vítima;133,60000610351562;BR-101/SC;Sul;Choque - Suporte de Sinalização;1;1;;;;;1
29/07/2011;07:29:00;138;sem vítima;616,5;BR-376/PR;Sul;Colisão Traseira;2;2;;;;;1
29/07/2011;03:08:00;51;com vítima;654;BR-376/PR;Norte;Tombamento;1;0;;1;;;2
29/07/2011;06:00:00;99;sem vítima;675;BR-376/PR;Norte;Saida de Pista;1;2;;;;;1
30/07/2011;20:27:00;467;sem vítima;1,350000023841858;BR-101/SC;Norte;Choque - Objeto sobre a pista;1;1;;;;;1
30/07/2011;07:43:00;129;sem vítima;117;BR-101/SC;Norte;Colisão Traseira;1;2;;;;;1
30/07/2011;07:19:00;110;sem vítima;122,9000015258789;BR-101/SC;Norte;Saida de Pista;1;1;;;;;1
30/07/2011;07:39:00;123;sem vítima;640,2999877929688;BR-376/PR;Norte;Saida de Pista;1;1;;;;;1
30/07/2011;21:51:00;500;sem vítima;667;BR-376/PR;Sul;Tombamento;1;1;;;;;1
30/07/2011;19:19:00;444;sem vítima;676;BR-376/PR;Norte;Outros;1;1;;;;;1
31/07/2011;16:31:00;325;sem vítima;3,799999952316284;BR-101/SC;Norte;Tombamento;1;1;;;;;1
31/07/2011;11:11:00;201;sem vítima;46;BR-101/SC;Norte;Choque - Objeto sobre a pista;1;2;;;;;1
31/07/2011;13:29:00;253;sem vítima;90,4000015258789;BR-101/SC;Sul;Colisão Traseira;2;2;;;;;1
31/07/2011;21:40:00;431;com vítima;101,9000015258789;BR-116/PR;Norte;Tombamento;1;0;1;;;;1
31/07/2011;16:45:00;328;com vítima;103;BR-101/SC;Sul;Engavetamento;1;4;;1;;;2
31/07/2011;17:03:00;342;sem vítima;103,9000015258789;BR-101/SC;Norte;Choque - Defensa, barreira ou "submarino";1;1;;;;;1
31/07/2011;08:09:00;120;sem vítima;157;BR-101/SC;Sul;Colisão Lateral;1;5;;;;;1
31/07/2011;11:56:00;213;sem vítima;630,9000244140625;BR-376/PR;Norte;Tombamento;1;1;;;;;1
31/07/2011;04:44:00;61;sem vítima;669;BR-376/PR;Norte;Saida de Pista;1;1;;;;;1
01/08/2011;07:33:00;116;sem vítima;1,350000023841858;BR-101/SC;Norte;Choque - Outros;1;1;;;;;1