data;horario;n_da_ocorrencia;tipo_de_ocorrencia;km;trecho;sentido;tipo_de_acidente;caminhao;ilesos;levemente_feridos;moderadamente_feridos;gravemente_feridos;mortos;3
01/08/2011;14:54:00;295;sem vítima;9,399999618530273;BR-101/SC;Norte;Saida de Pista;1;1;;;;;1
01/08/2011;04:38:00;70;sem vítima;79;BR-101/SC;Norte;Choque - Defensa, barreira ou "submarino";1;1;;;;;1
01/08/2011;18:29:00;392;sem vítima;81;BR-101/SC;Norte;Objeto lançado contra veículo;1;1;;;;;1
01/08/2011;05:33:00;86;sem vítima;95;BR-116/PR;Sul;Saida de Pista;1;1;;;;;1
01/08/2011;22:28:00;459;com vítima;102,9000015258789;BR-116/PR;Norte;Colisão Traseira;1;1;;1;;;2
01/08/2011;09:50:00;176;sem vítima;117;BR-101/SC;Sul;Colisão Traseira;1;4;;;;;1
01/08/2011;11:54:00;218;sem vítima;129;BR-101/SC;Sul;Colisão Lateral;1;2;;;;;1
01/08/2011;07:58:00;134;sem vítima;152,3000030517578;BR-101/SC;Sul;Colisão Lateral;1;3;;;;;1
01/08/2011;08:45:00;153;sem vítima;164,8000030517578;BR-101/SC;Sul;Colisão Traseira;1;3;;;;;1
01/08/2011;19:50:00;418;com vítima;170,60000610351562;BR-101/SC;Sul;Colisão Traseira;1;2;1;;;;1
01/08/2011;14:19:00;279;sem vítima;202,89999389648438;BR-101/SC;Sul;Colisão Traseira;1;2;;;;;1
01/08/2011;13:55:00;276;sem vítima;219;BR-101/SC;Norte;Objeto lançado contra veículo;1;1;;;;;1
01/08/2011;22:23:00;457;com vítima;618;BR-376/PR;Sul;Colisão Traseira;3;4;;;;3;3
01/08/2011;08:39:00;150;sem vítima;642,9000244140625;BR-376/PR;Sul;Saida de Pista;1;1;;;;;1
02/08/2011;12:23:00;306;sem vítima;34,599998474121094;BR-101/SC;Norte;Colisão Traseira;1;2;;;;;1
02/08/2011;08:03:00;158;sem vítima;38;BR-101/SC;Sul;Colisão Traseira;1;2;;;;;1
02/08/2011;04:18:00;67;com vítima;103,4000015258789;BR-116/PR;Norte;Engavetamento;3;2;;;1;1;3
02/08/2011;14:14:00;364;sem vítima;197;BR-101/SC;Norte;Objeto lançado contra veículo;1;1;;;;;1
02/08/2011;13:09:00;331;sem vítima;212,5;BR-101/SC;Sul;Colisão Traseira;1;2;;;;;1
02/08/2011;08:20:00;166;sem vítima;219;BR-101/SC;Sul;Choque - Outros;1;1;;;;;1
02/08/2011;10:26:00;241;sem vítima;661,4000244140625;BR-376/PR;Sul;Saida de Pista;1;1;;;;;1
03/08/2011;07:16:00;180;com vítima;3,700000047683716;BR-101/SC;Norte;Colisão Traseira;1;3;;1;;;2
03/08/2011;11:57:00;345;sem vítima;117;BR-101/SC;Sul;Colisão Traseira;2;2;;;;;1
03/08/2011;07:11:00;177;sem vítima;126,19999694824219;BR-101/SC;Norte;Choque - Outros;1;1;;;;;1
03/08/2011;06:34:00;154;com vítima;209,8000030517578;BR-101/SC;Norte;Colisão Traseira;1;1;1;;;;1
03/08/2011;10:51:00;295;sem vítima;219;BR-101/SC;Sul;Colisão Lateral;1;2;;;;;1
03/08/2011;07:01:00;162;sem vítima;635;BR-376/PR;Sul;Colisão Lateral;2;2;;;;;1
03/08/2011;04:20:00;126;sem vítima;641,4000244140625;BR-376/PR;Norte;Colisão Traseira;2;2;;;;;1
03/08/2011;14:58:00;434;sem vítima;668;BR-376/PR;Norte;Colisão Traseira;2;2;;;;;1
03/08/2011;15:27:00;450;sem vítima;671,5;BR-376/PR;Sul;Colisão Lateral;1;2;;;;;1
04/08/2011;18:16:00;507;sem vítima;1,350000023841858;BR-101/SC;Sul;Choque - Objeto sobre a pista;1;1;;;;;1
04/08/2011;22:24:00;572;sem vítima;45,20000076293945;BR-101/SC;Sul;Choque - Objeto sobre a pista;1;1;;;;;1
04/08/2011;08:42:00;222;sem vítima;46,79999923706055;BR-101/SC;Norte;Choque - Outros;1;1;;;;;1
04/08/2011;04:24:00;93;sem vítima;57;BR-101/SC;Norte;Colisão Traseira;2;2;;;;;1
04/08/2011;11:17:00;291;sem vítima;79;BR-101/SC;Norte;Choque - Objeto sobre a pista;1;1;;;;;1
04/08/2011;16:21:00;447;sem vítima;155;BR-101/SC;Sul;Objeto lançado contra veículo;1;2;;;;;1
04/08/2011;16:15:00;446;sem vítima;215,5;BR-101/SC;Sul;Colisão Traseira;1;2;;;;;1
04/08/2011;10:43:00;279;sem vítima;618,2999877929688;BR-376/PR;Sul;Colisão Traseira;1;2;;;;;1
04/08/2011;19:56:00;539;sem vítima;636;BR-376/PR;Sul;Colisão Lateral;1;2;;;;;1
04/08/2011;06:00:00;117;com vítima;643,4000244140625;BR-376/PR;Norte;Colisão Traseira;2;1;1;;;;1
04/08/2011;15:06:00;391;sem vítima;656,4000244140625;BR-376/PR;Norte;Saida de Pista;1;1;;;;;1
05/08/2011;12:16:00;295;sem vítima;1,350000023841858;BR-101/SC;Norte;Colisão Traseira;2;2;;;;;1
05/08/2011;02:57:00;60;sem vítima;36,900001525878906;BR-101/SC;Sul;Saida de Pista;1;1;;;;;1
05/08/2011;18:44:00;447;sem vítima;44,5;BR-101/SC;Norte;Engavetamento;1;3;;;;;1
05/08/2011;14:12:00;345;sem vítima;60;BR-101/SC;Sul;Choque - Defensa, barreira ou "submarino";1;2;;;;;1
05/08/2011;19:42:00;467;sem vítima;66,5;BR-101/SC;Norte;Colisão Transversal;1;2;;;;;1
05/08/2011;10:09:00;248;sem vítima;79,4000015258789;BR-101/SC;Sul;Choque - Suporte de Sinalização;1;1;;;;;1
05/08/2011;15:26:00;369;sem vítima;92,69999694824219;BR-101/SC;Sul;Outros;1;1;;;;;1
05/08/2011;07:01:00;134;sem vítima;102,19999694824219;BR-101/SC;Norte;Choque - Objeto não identificado;1;1;;;;;1
05/08/2011;07:21:00;140;com vítima;197,60000610351562;BR-101/SC;Norte;Colisão Traseira;1;2;;1;;;2
05/08/2011;18:43:00;446;com vítima;197,6999969482422;BR-101/SC;Norte;Atropelamento - Usuário;1;1;;;;1;3
05/08/2011;11:32:00;276;sem vítima;215;BR-101/SC;Norte;Colisão Traseira;1;2;;;;;1
05/08/2011;12:17:00;296;com vítima;618;BR-376/PR;Norte;Colisão Traseira;1;2;1;;;;1
05/08/2011;01:07:00;18;sem vítima;669;BR-376/PR;Sul;Tombamento;1;1;;;;;1
05/08/2011;14:19:00;349;com vítima;673;BR-376/PR;Sul;Engavetamento;4;4;;;;2;3
05/08/2011;08:59:00;196;com vítima;673,9000244140625;BR-376/PR;Sul;Colisão Traseira;3;0;1;1;1;;2
06/08/2011;07:42:00;146;sem vítima;79;BR-101/SC;Norte;Choque - Defensa, barreira ou "submarino";1;1;;;;;1
06/08/2011;06:13:00;110;com vítima;115,0999984741211;BR-101/SC;Norte;Colisão Lateral;1;1;;1;;;2
06/08/2011;04:57:00;87;sem vítima;136,6999969482422;BR-101/SC;Sul;Colisão Lateral;1;2;;;;;1
06/08/2011;09:31:00;207;sem vítima;627,4000244140625;BR-376/PR;Sul;Outros;1;1;;;;;1
07/08/2011;17:37:00;455;sem vítima;111,5;BR-101/SC;Sul;Colisão Lateral;1;2;;;;;1
07/08/2011;13:07:00;319;sem vítima;667;BR-376/PR;Norte;Outros;1;1;;;;;1
08/08/2011;09:08:00;191;sem vítima;36,400001525878906;BR-101/SC;Norte;Colisão Traseira;1;2;;;;;1
08/08/2011;11:42:00;270;com vítima;192,6999969482422;BR-101/SC;Sul;Tombamento;1;0;1;;;;1
08/08/2011;02:09:00;45;sem vítima;616;BR-376/PR;Sul;Colisão Traseira;1;2;;;;;1
08/08/2011;06:21:00;117;sem vítima;668,5999755859375;BR-376/PR;Sul;Tombamento;1;1;;;;;1
08/08/2011;23:16:00;497;sem vítima;671;BR-376/PR;Norte;Choque - Defensa, barreira ou "submarino";1;1;;;;;1
08/08/2011;19:03:00;436;sem vítima;673,5999755859375;BR-376/PR;Sul;Colisão Traseira;2;2;;;;;1
09/08/2011;06:43:00;87;sem vítima;78;BR-116/PR;Norte;Capotamento;1;2;;;;;1
09/08/2011;07:11:00;100;sem vítima;92,19999694824219;BR-101/SC;Norte;Choque - Defensa, barreira ou "submarino";1;2;;;;;1
09/08/2011;10:54:00;200;sem vítima;151,6999969482422;BR-101/SC;Sul;Choque - Defensa, barreira ou "submarino";1;1;;;;;1
09/08/2011;01:09:00;17;sem vítima;635;BR-376/PR;Sul;Choque - Cancela de Pedagio;1;1;;;;;1
10/08/2011;18:26:00;439;com vítima;33;BR-101/SC;Sul;Tombamento;1;0;;1;;;2
10/08/2011;22:10:00;504;com vítima;97,19999694824219;BR-101/SC;Norte;Atropelamento - Ciclista;1;1;;1;;;2
10/08/2011;10:11:00;210;sem vítima;120;BR-101/SC;Norte;Colisão Lateral;1;2;;;;;1
10/08/2011;02:47:00;55;sem vítima;142,10000610351562;BR-101/SC;Sul;Tombamento;1;1;;;;;1
10/08/2011;11:53:00;261;sem vítima;157;BR-101/SC;Sul;Choque - Defensa, barreira ou "submarino";1;1;;;;;1
10/08/2011;14:12:00;328;sem vítima;215;BR-101/SC;Norte;Engavetamento;1;4;;;;;1
10/08/2011;08:05:00;143;sem vítima;674;BR-376/PR;Sul;Tombamento;1;2;;;;;1
11/08/2011;19:58:00;475;sem vítima;81,5;BR-101/SC;Norte;Objeto lançado contra veículo;1;1;;;;;1
11/08/2011;20:16:00;484;sem vítima;81,5;BR-101/SC;Sul;Objeto lançado contra veículo;1;1;;;;;1
11/08/2011;22:50:00;533;sem vítima;151;BR-101/SC;Norte;Colisão Lateral;1;2;;;;;1
11/08/2011;09:50:00;191;sem vítima;157;BR-101/SC;Norte;Choque - Outros;1;2;;;;;1
11/08/2011;16:06:00;376;sem vítima;157;BR-101/SC;Sul;Objeto lançado contra veículo;1;1;;;;;1
11/08/2011;11:02:00;237;sem vítima;176,10000610351562;BR-101/SC;Sul;Outros;1;1;;;;;1
11/08/2011;11:56:00;255;sem vítima;205;BR-101/SC;Sul;Outros;1;3;;;;;1
11/08/2011;14:45:00;329;sem vítima;209,39999389648438;BR-101/SC;Norte;Colisão Lateral;1;2;;;;;1
11/08/2011;12:37:00;264;sem vítima;619;BR-376/PR;Sul;Colisão Lateral;1;2;;;;;1
11/08/2011;09:06:00;172;sem vítima;635;BR-376/PR;Sul;Choque - Objeto sobre a pista;1;1;;;;;1
11/08/2011;03:03:00;56;sem vítima;660,4000244140625;BR-376/PR;Norte;Choque - Defensa, barreira ou "submarino";1;1;;;;;1
11/08/2011;12:17:00;262;sem vítima;668,5999755859375;BR-376/PR;Norte;Choque - Objeto sobre a pista;1;1;;;;;1
12/08/2011;17:16:00;475;sem vítima;66,30000305175781;BR-101/SC;Norte;Colisão Lateral;1;2;;;;;1
12/08/2011;06:34:00;117;com vítima;108,9000015258789;BR-101/SC;Sul;Colisão Lateral;1;5;;1;;;2
12/08/2011;18:51:00;523;sem vítima;117,30000305175781;BR-101/SC;Sul;Colisão Traseira;1;2;;;;;1
12/08/2011;13:03:00;347;sem vítima;152;BR-101/SC;Norte;Engavetamento;1;3;;;;;1
12/08/2011;15:52:00;439;sem vítima;157;BR-101/SC;Sul;Colisão Traseira;1;2;;;;;1
12/08/2011;16:05:00;449;sem vítima;205;BR-101/SC;Norte;Colisão Lateral;1;2;;;;;1
12/08/2011;19:30:00;539;com vítima;208;BR-101/SC;Sul;Colisão Lateral;1;2;1;;;;1
12/08/2011;22:04:00;597;sem vítima;219,6999969482422;BR-101/SC;Sul;Colisão Lateral;1;2;;;;;1
12/08/2011;10:42:00;271;com vítima;639;BR-376/PR;Norte;Saida de Pista;1;2;1;;;;1
12/08/2011;12:50:00;342;sem vítima;661,2000122070312;BR-376/PR;Sul;Colisão Traseira;2;2;;;;;1
12/08/2011;09:01:00;216;sem vítima;666;BR-376/PR;Sul;Tombamento;1;1;;;;;1
13/08/2011;11:28:00;263;com vítima;29;BR-101/SC;Norte;Engavetamento;1;2;;;;1;3
13/08/2011;11:40:00;268;sem vítima;90;BR-101/SC;Sul;Colisão Traseira;1;2;;;;;1
13/08/2011;08:46:00;176;sem vítima;157;BR-101/SC;Norte;Colisão Traseira;1;2;;;;;1
13/08/2011;15:01:00;371;sem vítima;178,39999389648438;BR-101/SC;Norte;Colisão Lateral;1;5;;;;;1
13/08/2011;11:23:00;259;sem vítima;635;BR-376/PR;Sul;Choque - Suporte de Sinalização;2;2;;;;;1
13/08/2011;09:18:00;198;sem vítima;635,2999877929688;BR-376/PR;Norte;Choque - Outros;1;1;;;;;1
13/08/2011;12:35:00;293;sem vítima;661;BR-376/PR;Sul;Colisão Lateral;1;2;;;;;1
13/08/2011;13:35:00;324;sem vítima;673;BR-376/PR;Sul;Colisão Traseira;2;2;;;;;1
14/08/2011;18:57:00;456;sem vítima;1,350000023841858;BR-101/SC;Norte;Outros;1;4;;;;;1
14/08/2011;08:26:00;155;sem vítima;79;BR-101/SC;Sul;Colisão Traseira;1;2;;;;;1
14/08/2011;16:57:00;394;sem vítima;79,4000015258789;BR-101/SC;Norte;Choque - Outros;1;1;;;;;1
14/08/2011;16:31:00;376;sem vítima;651,5;BR-376/PR;Norte;Colisão Lateral;1;3;;;;;1
14/08/2011;07:18:00;113;sem vítima;673;BR-376/PR;Sul;Colisão Lateral;1;2;;;;;1
15/08/2011;11:31:00;255;sem vítima;115;BR-116/PR;Norte;Colisão Lateral;1;2;;;;;1
15/08/2011;18:16:00;472;sem vítima;124;BR-101/SC;Norte;Colisão Lateral;1;2;;;;;1
15/08/2011;06:58:00;106;com vítima;193;BR-101/SC;Sul;Tombamento;1;0;1;;;;1
15/08/2011;17:50:00;460;sem vítima;199;BR-101/SC;Norte;Colisão Traseira;1;4;;;;;1
15/08/2011;01:18:00;21;sem vítima;219;BR-101/SC;Sul;Choque - Suporte de Sinalização;1;1;;;;;1
15/08/2011;11:06:00;238;sem vítima;664;BR-376/PR;Norte;Tombamento;1;1;;;;;1
15/08/2011;09:27:00;184;com vítima;670;BR-376/PR;Norte;Engavetamento;1;2;1;2;;;2
15/08/2011;18:07:00;469;sem vítima;671,7000122070312;BR-376/PR;Sul;Saida de Pista;1;1;;;;;1
16/08/2011;08:38:00;174;sem vítima;7;BR-101/SC;Sul;Colisão Lateral;1;2;;;;;1
16/08/2011;05:34:00;102;sem vítima;104,30000305175781;BR-116/PR;Norte;Colisão Traseira;2;2;;;;;1
16/08/2011;07:03:00;124;com vítima;107;BR-116/PR;Norte;Engavetamento;3;3;1;;;;1
16/08/2011;14:30:00;354;sem vítima;107,0999984741211;BR-101/SC;Sul;Colisão Lateral;1;2;;;;;1
16/08/2011;13:55:00;348;sem vítima;157;BR-101/SC;Norte;Choque - Outros;1;1;;;;;1
16/08/2011;10:55:00;261;com vítima;614,4000244140625;BR-376/PR;Sul;Tombamento;1;0;1;;;;1
16/08/2011;16:36:00;435;sem vítima;616;BR-376/PR;Sul;Colisão Frontal;1;2;;;;;1
17/08/2011;09:45:00;244;sem vítima;79,30000305175781;BR-101/SC;Norte;Colisão Traseira;2;2;;;;;1
17/08/2011;12:26:00;309;sem vítima;112,5999984741211;BR-116/PR;Sul;Colisão Traseira;2;2;;;;;1
17/08/2011;16:22:00;429;sem vítima;148,5;BR-101/SC;Norte;Colisão Traseira;1;2;;;;;1
17/08/2011;17:06:00;456;sem vítima;157;BR-101/SC;Norte;Colisão Traseira;1;2;;;;;1
17/08/2011;08:08:00;181;sem vítima;635;BR-376/PR;Sul;Choque - Defensa, barreira ou "submarino";1;1;;;;;1
18/08/2011;12:05:00;298;sem vítima;46;BR-101/SC;Sul;Choque - Objeto sobre a pista;1;1;;;;;1
18/08/2011;13:49:00;356;sem vítima;46,5;BR-101/SC;Sul;Colisão Traseira;2;2;;;;;1
18/08/2011;10:18:00;238;sem vítima;103,80000305175781;BR-116/PR;Norte;Colisão Lateral;1;2;;;;;1
18/08/2011;04:56:00;82;sem vítima;112;BR-101/SC;Norte;Choque - Outros;1;1;;;;;1
18/08/2011;18:42:00;490;sem vítima;133,39999389648438;BR-101/SC;Sul;Choque - Objeto sobre a pista;2;2;;;;;1
18/08/2011;14:21:00;361;sem vítima;146,39999389648438;BR-101/SC;Norte;Colisão Lateral;1;2;;;;;1
18/08/2011;22:33:00;553;sem vítima;184;BR-101/SC;Sul;Saida de Pista;1;1;;;;;1
18/08/2011;06:55:00;109;sem vítima;671,7000122070312;BR-376/PR;Sul;Saida de Pista;1;2;;;;;1
19/08/2011;12:14:00;258;sem vítima;6;BR-101/SC;Sul;Saida de Pista;1;2;;;;;1
19/08/2011;15:00:00;341;sem vítima;117,4000015258789;BR-101/SC;Sul;Colisão Lateral;2;2;;;;;1
19/08/2011;18:53:00;461;sem vítima;205,60000610351562;BR-101/SC;Sul;Colisão Lateral;1;4;;;;;1
19/08/2011;06:47:00;100;sem vítima;672,7999877929688;BR-376/PR;Sul;Colisão Lateral;1;4;;;;;1
20/08/2011;19:06:00;482;sem vítima;55,29999923706055;BR-101/SC;Sul;Colisão Lateral;1;3;;;;;1
20/08/2011;06:27:00;109;com vítima;74;BR-116/PR;Norte;Tombamento;1;0;2;;;;1
20/08/2011;04:21:00;74;sem vítima;79;BR-101/SC;Sul;Choque - Suporte de Sinalização;1;1;;;;;1
20/08/2011;21:29:00;537;sem vítima;112,5;BR-101/SC;Norte;Colisão Lateral;1;2;;;;;1
20/08/2011;22:27:00;549;sem vítima;112,5;BR-101/SC;Norte;Colisão Traseira;1;2;;;;;1
20/08/2011;14:29:00;365;com vítima;154,3000030517578;BR-101/SC;Norte;Colisão Traseira;1;1;;;1;;2
20/08/2011;09:27:00;231;com vítima;614,9000244140625;BR-376/PR;Sul;Colisão Lateral;2;2;;;1;;2
21/08/2011;19:02:00;450;sem vítima;51,599998474121094;BR-101/SC;Norte;Choque - Arvore;1;1;;;;;1
21/08/2011;07:59:00;155;sem vítima;79,4000015258789;BR-101/SC;Norte;Choque - Suporte de Sinalização;1;1;;;;;1
21/08/2011;07:36:00;144;com vítima;180;BR-101/SC;Sul;Atropelamento - Ciclista;1;1;;1;;;2
22/08/2011;00:09:00;2;sem vítima;14,300000190734863;BR-101/SC;Norte;Choque - Outros;1;1;;;;;1
22/08/2011;10:45:00;230;sem vítima;116,80000305175781;BR-101/SC;Sul;Colisão Lateral;2;2;;;;;1
22/08/2011;15:58:00;359;sem vítima;157;BR-101/SC;Norte;Colisão Traseira;2;4;;;;;1
22/08/2011;21:28:00;489;sem vítima;218;BR-101/SC;Norte;Saida de Pista;1;1;;;;;1
22/08/2011;08:03:00;149;com vítima;616,2000122070312;BR-376/PR;Sul;Queda de Moto;1;1;1;;;;1
22/08/2011;06:10:00;104;sem vítima;679,5999755859375;BR-376/PR;Sul;Colisão Lateral;1;2;;;;;1
23/08/2011;16:48:00;374;sem vítima;47,20000076293945;BR-101/SC;Norte;Colisão Traseira;1;2;;;;;1
23/08/2011;10:40:00;208;com vítima;121;BR-101/SC;Norte;Colisão Transversal;1;1;1;;;;1
23/08/2011;07:17:00;115;sem vítima;157;BR-101/SC;Sul;Choque - Outros;1;3;;;;;1
23/08/2011;17:30:00;392;sem vítima;157;BR-101/SC;Sul;Colisão Traseira;2;2;;;;;1
23/08/2011;22:12:00;487;sem vítima;643,7999877929688;BR-376/PR;Norte;Colisão Lateral;2;3;;;;;1
23/08/2011;13:14:00;280;com vítima;667,5;BR-376/PR;Sul;Colisão Traseira;2;0;1;;1;;2
24/08/2011;09:05:00;180;sem vítima;90,5;BR-116/PR;Sul;Colisão Traseira;1;3;;;;;1
24/08/2011;19:05:00;443;sem vítima;113,5999984741211;BR-116/PR;Sul;Colisão Lateral;1;2;;;;;1
24/08/2011;16:27:00;388;sem vítima;157;BR-101/SC;Norte;Colisão Traseira;2;2;;;;;1
24/08/2011;08:55:00;172;sem vítima;209;BR-101/SC;Sul;Colisão Traseira;1;2;;;;;1
24/08/2011;15:53:00;368;sem vítima;220;BR-101/SC;Sul;Choque - Defensa, barreira ou "submarino";1;1;;;;;1
24/08/2011;13:37:00;297;sem vítima;616;BR-376/PR;Sul;Colisão Traseira;1;2;;;;;1
25/08/2011;21:23:00;501;sem vítima;36;BR-101/SC;Norte;Saida de Pista;1;1;;;;;1
25/08/2011;23:19:00;534;com vítima;91,0999984741211;BR-116/PR;Sul;Colisão Lateral;1;0;1;;1;1;3
25/08/2011;20:15:00;465;sem vítima;635,5;BR-376/PR;Sul;Colisão Traseira;1;2;;;;;1
25/08/2011;10:34:00;221;sem vítima;665;BR-376/PR;Sul;Saida de Pista;1;1;;;;;1
26/08/2011;13:32:00;324;sem vítima;79;BR-101/SC;Sul;Colisão Traseira;1;2;;;;;1
26/08/2011;12:57:00;303;com vítima;97,80000305175781;BR-101/SC;Sul;Choque - Defensa, barreira ou "submarino";1;1;;1;;;2
26/08/2011;22:11:00;538;sem vítima;99;BR-101/SC;Norte;Choque - Defensa, barreira ou "submarino";1;1;;;;;1
26/08/2011;18:37:00;469;sem vítima;115;BR-101/SC;Sul;Colisão Traseira;1;2;;;;;1
26/08/2011;19:17:00;483;sem vítima;119;BR-101/SC;Sul;Engavetamento;1;3;;;;;1
26/08/2011;13:10:00;311;com vítima;157;BR-101/SC;Sul;Colisão Lateral;1;2;1;;;;1
26/08/2011;17:20:00;441;sem vítima;157;BR-101/SC;Sul;Colisão Lateral;1;2;;;;;1
26/08/2011;09:33:00;218;sem vítima;163,60000610351562;BR-101/SC;Norte;Choque - Objeto sobre a pista;1;1;;;;;1
26/08/2011;18:55:00;476;sem vítima;205;BR-101/SC;Sul;Colisão Lateral;1;2;;;;;1
26/08/2011;18:58:00;495;sem vítima;205;BR-101/SC;Sul;Colisão Traseira;1;2;;;;;1
26/08/2011;08:31:00;164;sem vítima;651,5999755859375;BR-376/PR;Sul;Colisão Lateral;1;3;;;;;1
26/08/2011;10:01:00;220;sem vítima;662;BR-376/PR;Sul;Engavetamento;1;3;;;;;1
26/08/2011;08:42:00;170;sem vítima;665,5;BR-376/PR;Norte;Colisão Lateral;1;2;;;;;1
26/08/2011;23:05:00;554;sem vítima;673;BR-376/PR;Sul;Colisão Traseira;1;2;;;;;1
27/08/2011;11:16:00;228;sem vítima;91;BR-101/SC;Sul;Engavetamento;1;3;;;;;1
27/08/2011;01:19:00;25;sem vítima;154,60000610351562;BR-101/SC;Norte;Colisão Lateral;1;2;;;;;1
27/08/2011;09:53:00;189;sem vítima;192,5;BR-101/SC;Norte;Colisão Lateral;1;4;;;;;1
27/08/2011;11:20:00;231;sem vítima;630;BR-376/PR;Sul;Choque - Defensa, barreira ou "submarino";1;2;;;;;1
28/08/2011;08:30:00;194;sem vítima;137,5;BR-101/SC;Sul;Colisão Lateral;1;2;;;;;1
28/08/2011;17:31:00;434;sem vítima;618;BR-376/PR;Norte;Colisão Traseira;1;2;;;;;1
28/08/2011;17:55:00;445;sem vítima;619;BR-376/PR;Norte;Colisão Traseira;1;2;;;;;1
29/08/2011;02:46:00;49;sem vítima;219,8000030517578;BR-101/SC;Sul;Choque - Suporte de Sinalização;1;1;;;;;1
29/08/2011;09:08:00;167;sem vítima;635;BR-376/PR;Sul;Choque - Objeto sobre a pista;1;1;;;;;1
29/08/2011;08:47:00;156;com vítima;641;BR-376/PR;Norte;Colisão Lateral;1;1;1;;;;1
30/08/2011;09:29:00;149;sem vítima;45;BR-101/SC;Norte;Engavetamento;1;4;;;;;1
30/08/2011;04:42:00;60;com vítima;59;BR-101/SC;Norte;Tombamento;1;0;;1;;;2
30/08/2011;10:09:00;173;com vítima;108,80000305175781;BR-101/SC;Sul;Tombamento;1;0;;1;;;2
30/08/2011;12:08:00;206;sem vítima;110;BR-116/PR;Norte;Saida de Pista;1;1;;;;;1
30/08/2011;13:03:00;223;sem vítima;113;BR-101/SC;Norte;Saida de Pista;1;1;;;;;1
30/08/2011;09:43:00;157;sem vítima;117,80000305175781;BR-101/SC;Norte;Tombamento;1;1;;;;;1
30/08/2011;03:11:00;43;sem vítima;646,7999877929688;BR-376/PR;Sul;Saida de Pista;1;1;;;;;1
30/08/2011;14:06:00;241;sem vítima;654;BR-376/PR;Norte;Saida de Pista;1;1;;;;;1
30/08/2011;10:25:00;179;sem vítima;663,5;BR-376/PR;Norte;Capotamento;1;2;;;;;1
30/08/2011;11:35:00;192;com vítima;667;BR-376/PR;Sul;Engavetamento;1;2;1;1;1;;2
30/08/2011;11:19:00;187;com vítima;667,5;BR-376/PR;Sul;Tombamento;1;0;;1;;;2
30/08/2011;21:00:00;418;sem vítima;672;BR-376/PR;Sul;Saida de Pista;1;1;;;;;1
30/08/2011;18:39:00;371;sem vítima;673;BR-376/PR;Sul;Colisão Traseira;2;2;;;;;1
31/08/2011;15:07:00;358;sem vítima;74,00900268554688;BR-116/PR;Sul;Outros;1;1;;;;;1
31/08/2011;18:10:00;459;sem vítima;96;BR-101/SC;Sul;Colisão Traseira;1;2;;;;;1
31/08/2011;18:40:00;473;sem vítima;97,0999984741211;BR-101/SC;Sul;Colisão Traseira;1;7;;;;;1
31/08/2011;11:55:00;274;sem vítima;109;BR-116/PR;Norte;Objeto lançado contra veículo;1;2;;;;;1
31/08/2011;07:41:00;153;sem vítima;115;BR-101/SC;Norte;Colisão Traseira;2;2;;;;;1
31/08/2011;03:50:00;70;sem vítima;140;BR-101/SC;Sul;Saida de Pista;1;1;;;;;1
31/08/2011;10:53:00;245;sem vítima;146;BR-101/SC;Norte;Colisão Traseira;1;4;;;;;1
31/08/2011;04:03:00;76;sem vítima;157;BR-101/SC;Sul;Colisão Lateral;1;1;;;;;1
31/08/2011;05:05:00;96;com vítima;641;BR-376/PR;Norte;Tombamento;1;0;;1;;;2
31/08/2011;09:54:00;225;sem vítima;641;BR-376/PR;Sul;Engavetamento;2;6;;;;;1
31/08/2011;23:20:00;559;sem vítima;651;BR-376/PR;Norte;Colisão Traseira;1;2;;;;;1
31/08/2011;14:13:00;338;sem vítima;656;BR-376/PR;Norte;Tombamento;3;3;;;;;1
31/08/2011;05:55:00;106;com vítima;663;BR-376/PR;Sul;Saida de Pista;1;0;;1;;;2
01/09/2011;13:55:00;341;com vítima;1,350000023841858;BR-101/SC;Sul;Choque - Suporte de Sinalização;1;1;2;;;;1
01/09/2011;09:37:00;226;sem vítima;5,599999904632568;BR-101/SC;Norte;Saida de Pista;1;2;;;;;1
01/09/2011;04:05:00;83;sem vítima;35,599998474121094;BR-101/SC;Sul;Saida de Pista;1;1;;;;;1
01/09/2011;16:37:00;420;sem vítima;79;BR-101/SC;Sul;Colisão Traseira;2;2;;;;;1
01/09/2011;06:06:00;123;sem vítima;85,5;BR-101/SC;Norte;Colisão Lateral;2;2;;;;;1
01/09/2011;12:58:00;318;sem vítima;111,19999694824219;BR-101/SC;Sul;Colisão Lateral;1;3;;;;;1
01/09/2011;08:53:00;196;sem vítima;114,69999694824219;BR-116/PR;Norte;Tombamento;1;2;;;;;1
01/09/2011;23:03:00;556;sem vítima;157;BR-101/SC;Sul;Atropelamento de Animal;1;1;;;;;1
01/09/2011;17:31:00;451;sem vítima;193;BR-101/SC;Sul;Objeto lançado contra veículo;1;1;;;;;1
01/09/2011;15:23:00;383;sem vítima;206,8000030517578;BR-101/SC;Norte;Colisão Traseira;1;2;;;;;1