data;horario;n_da_ocorrencia;tipo_de_ocorrencia;km;trecho;sentido;tipo_de_acidente;caminhao;ilesos;levemente_feridos;moderadamente_feridos;gravemente_feridos;mortos;3
01/09/2011;14:38:00;355;sem vítima;635,5;BR-376/PR;Norte;Choque - Objeto sobre a pista;1;1;;;;;1
02/09/2011;12:53:00;296;sem vítima;79;BR-101/SC;Sul;Choque - Defensa, barreira ou "submarino";1;1;;;;;1
02/09/2011;20:22:00;531;sem vítima;102,80000305175781;BR-116/PR;Sul;Saida de Pista;1;1;;;;;1
02/09/2011;19:44:00;518;sem vítima;117,5;BR-101/SC;Sul;Outros;1;1;;;;;1
02/09/2011;19:18:00;509;sem vítima;121;BR-101/SC;Sul;Colisão Traseira;1;2;;;;;1
02/09/2011;18:40:00;491;sem vítima;122;BR-101/SC;Norte;Colisão Traseira;1;2;;;;;1
02/09/2011;10:05:00;221;com vítima;146;BR-101/SC;Norte;Colisão Traseira;1;1;1;;;;1
02/09/2011;10:04:00;220;sem vítima;157;BR-101/SC;Norte;Colisão Traseira;1;3;;;;;1
02/09/2011;06:41:00;122;sem vítima;200;BR-101/SC;Sul;Colisão Lateral;1;2;;;;;1
02/09/2011;13:40:00;333;sem vítima;206;BR-101/SC;Sul;Colisão Traseira;1;2;;;;;1
02/09/2011;15:20:00;381;sem vítima;635;BR-376/PR;Sul;Choque - Cancela de Pedagio;1;1;;;;;1
03/09/2011;15:33:00;403;sem vítima;36;BR-101/SC;Sul;Colisão Traseira;1;2;;;;;1
03/09/2011;12:30:00;322;sem vítima;79;BR-101/SC;Sul;Choque - Suporte de Sinalização;1;1;;;;;1
03/09/2011;13:32:00;344;sem vítima;123;BR-101/SC;Sul;Colisão Traseira;2;2;;;;;1
03/09/2011;23:59:00;582;sem vítima;144;BR-101/SC;Sul;Saida de Pista;1;1;;;;;1
03/09/2011;15:08:00;384;sem vítima;664;BR-376/PR;Sul;Colisão Lateral;1;2;;;;;1
04/09/2011;02:56:00;47;sem vítima;1,350000023841858;BR-101/SC;Norte;Choque - Suporte de Sinalização;1;1;;;;;1
04/09/2011;06:41:00;107;com vítima;80;BR-116/PR;Norte;Colisão Traseira;1;1;1;;;;1
04/09/2011;14:56:00;304;com vítima;121;BR-101/SC;Norte;Colisão Lateral;1;2;2;;;;1
04/09/2011;02:28:00;38;sem vítima;157;BR-101/SC;Norte;Choque - Suporte de Sinalização;1;1;;;;;1
04/09/2011;01:25:00;22;sem vítima;219;BR-101/SC;Norte;Choque - Suporte de Sinalização;1;1;;;;;1
04/09/2011;15:36:00;327;com vítima;672,5;BR-376/PR;Sul;Saida de Pista;1;0;1;;;;1
04/09/2011;23:23:00;511;sem vítima;672,7999877929688;BR-376/PR;Sul;Colisão Traseira;1;4;;;;;1
04/09/2011;01:46:00;29;sem vítima;673,7000122070312;BR-376/PR;Sul;Saida de Pista;1;1;;;;;1
05/09/2011;19:47:00;561;com vítima;105;BR-101/SC;Norte;Colisão Lateral;1;1;;;1;;2
05/09/2011;08:46:00;226;sem vítima;141,60000610351562;BR-101/SC;Norte;Colisão Lateral;1;3;;;;;1
05/09/2011;13:37:00;373;sem vítima;142;BR-101/SC;Norte;Colisão Traseira;1;2;;;;;1
06/09/2011;06:53:00;96;sem vítima;13;BR-101/SC;Norte;Choque - Defensa, barreira ou "submarino";1;2;;;;;1
06/09/2011;16:35:00;356;sem vítima;61,70000076293945;BR-101/SC;Norte;Tombamento;1;1;;;;;1
06/09/2011;14:22:00;294;sem vítima;93,4000015258789;BR-116/PR;Norte;Tombamento;2;2;;;;;1
06/09/2011;13:58:00;283;sem vítima;106;BR-116/PR;Norte;Saida de Pista;1;1;;;;;1
06/09/2011;12:41:00;256;sem vítima;113,5999984741211;BR-101/SC;Norte;Tombamento;1;1;;;;;1
06/09/2011;10:53:00;208;com vítima;117,80000305175781;BR-101/SC;Sul;Queda de Moto;1;1;1;1;;;2
06/09/2011;12:57:00;259;sem vítima;118;BR-101/SC;Norte;Colisão Traseira;1;2;;;;;1
06/09/2011;20:12:00;450;sem vítima;206;BR-101/SC;Sul;Engavetamento;1;7;;;;;1
06/09/2011;18:16:00;404;com vítima;623;BR-376/PR;Norte;Colisão Lateral;1;1;1;;;;1
06/09/2011;11:36:00;223;sem vítima;633;BR-376/PR;Sul;Tombamento;1;1;;;;;1
06/09/2011;20:02:00;447;sem vítima;665,5;BR-376/PR;Sul;Engavetamento;1;4;;;;;1
06/09/2011;01:13:00;26;sem vítima;667,2999877929688;BR-376/PR;Norte;Saida de Pista;1;1;;;;;1
06/09/2011;23:33:00;510;sem vítima;679;BR-376/PR;Sul;Engavetamento;1;6;;;;;1
06/09/2011;22:54:00;492;com vítima;679,7000122070312;BR-376/PR;Sul;Colisão Lateral;1;4;1;;;;1
07/09/2011;19:05:00;454;sem vítima;2;BR-101/SC;Norte;Saida de Pista;1;1;;;;;1
07/09/2011;08:40:00;169;sem vítima;24;BR-101/SC;Norte;Colisão Traseira;1;2;;;;;1
07/09/2011;08:13:00;156;sem vítima;52;BR-101/SC;Norte;Colisão Traseira;1;2;;;;;1
07/09/2011;04:23:00;78;sem vítima;218;BR-101/SC;Norte;Saida de Pista;1;1;;;;;1
07/09/2011;01:24:00;19;sem vítima;616,7000122070312;BR-376/PR;Norte;Colisão Traseira;1;2;;;;;1
07/09/2011;07:49:00;149;sem vítima;671,2000122070312;BR-376/PR;Norte;Tombamento;1;1;;;;;1
08/09/2011;19:07:00;418;sem vítima;44,29999923706055;BR-101/SC;Norte;Colisão Lateral;1;2;;;;;1
08/09/2011;06:18:00;68;sem vítima;120;BR-101/SC;Norte;Colisão Traseira;1;2;;;;;1
08/09/2011;12:57:00;243;sem vítima;120;BR-101/SC;Norte;Tombamento;1;1;;;;;1
08/09/2011;06:29:00;72;sem vítima;120,19999694824219;BR-101/SC;Norte;Colisão Traseira;1;2;;;;;1
08/09/2011;08:00:00;116;sem vítima;120,9000015258789;BR-101/SC;Norte;Colisão Traseira;2;2;;;;;1
08/09/2011;08:33:00;130;sem vítima;121,5;BR-101/SC;Norte;Colisão Traseira;1;2;;;;;1
08/09/2011;03:41:00;38;sem vítima;122;BR-101/SC;Sul;Choque - Arvore;1;1;;;;;1
08/09/2011;12:54:00;242;sem vítima;207,8000030517578;BR-101/SC;Sul;Colisão Traseira;1;2;;;;;1
08/09/2011;15:49:00;348;sem vítima;216;BR-101/SC;Norte;Choque - Objeto sobre a pista;1;2;;;;;1
08/09/2011;22:14:00;502;sem vítima;632,7999877929688;BR-376/PR;Norte;Choque - Objeto sobre a pista;1;1;;;;;1
08/09/2011;08:13:00;119;sem vítima;667,5999755859375;BR-376/PR;Norte;Colisão Traseira;2;2;;;;;1
08/09/2011;06:30:00;74;com vítima;669,7999877929688;BR-376/PR;Sul;Colisão Traseira;1;3;1;;;;1
09/09/2011;07:45:00;179;sem vítima;10;BR-101/SC;Sul;Saida de Pista;1;1;;;;;1
09/09/2011;23:55:00;566;sem vítima;93;BR-101/SC;Sul;Colisão Lateral;1;2;;;;;1
09/09/2011;12:18:00;305;sem vítima;168,1999969482422;BR-101/SC;Sul;Saida de Pista;1;1;;;;;1
10/09/2011;10:14:00;221;sem vítima;84;BR-101/SC;Sul;Colisão Traseira;2;3;;;;;1
10/09/2011;16:35:00;413;sem vítima;90,80000305175781;BR-116/PR;Sul;Colisão Traseira;1;2;;;;;1
10/09/2011;07:20:00;151;com vítima;204;BR-101/SC;Norte;Colisão Lateral;1;1;1;;;;1
11/09/2011;13:05:00;280;sem vítima;16;BR-101/SC;Norte;Tombamento;1;1;;;;;1
11/09/2011;12:19:00;257;sem vítima;92,30000305175781;BR-116/PR;Norte;Outros;1;3;;;;;1
11/09/2011;15:03:00;318;com vítima;154;BR-101/SC;Norte;Queda de Moto;1;1;;1;;;2
11/09/2011;12:48:00;275;sem vítima;175;BR-101/SC;Norte;Tombamento;1;2;;;;;1
11/09/2011;03:26:00;60;com vítima;201;BR-101/SC;Norte;Colisão Traseira;1;2;;1;;;2
12/09/2011;19:36:00;474;sem vítima;671,7999877929688;BR-376/PR;Sul;Saida de Pista;1;1;;;;;1
13/09/2011;08:04:00;160;sem vítima;53,5;BR-101/SC;Norte;Colisão Traseira;1;2;;;;;1
13/09/2011;11:04:00;255;sem vítima;106;BR-116/PR;Sul;Tombamento;1;1;;;;;1
13/09/2011;09:40:00;218;sem vítima;205,10000610351562;BR-101/SC;Sul;Engavetamento;1;5;;;;;1
14/09/2011;23:28:00;577;sem vítima;24;BR-101/SC;Norte;Colisão Traseira;2;2;;;;;1
14/09/2011;03:45:00;97;sem vítima;94;BR-101/SC;Sul;Atropelamento de Animal;1;1;;;;;1
14/09/2011;15:46:00;416;sem vítima;146;BR-101/SC;Norte;Colisão Lateral;1;2;;;;;1
14/09/2011;15:25:00;399;sem vítima;178,3000030517578;BR-101/SC;Sul;Colisão Lateral;1;2;;;;;1
14/09/2011;02:24:00;74;sem vítima;180,6999969482422;BR-101/SC;Sul;Colisão Traseira;2;2;;;;;1
14/09/2011;07:16:00;164;sem vítima;667,7000122070312;BR-376/PR;Sul;Colisão Traseira;2;3;;;;;1
15/09/2011;09:30:00;224;com vítima;41;BR-101/SC;Sul;Tombamento;1;0;2;;;;1
15/09/2011;16:18:00;402;sem vítima;44;BR-101/SC;Sul;Colisão Traseira;1;2;;;;;1
15/09/2011;18:42:00;468;sem vítima;70;BR-101/SC;Sul;Saida de Pista;1;3;;;;;1
15/09/2011;12:03:00;281;sem vítima;106;BR-116/PR;Sul;Colisão Lateral;1;2;;;;;1
15/09/2011;12:45:00;306;sem vítima;106;BR-116/PR;Sul;Colisão Lateral;1;2;;;;;1
15/09/2011;15:03:00;356;sem vítima;111,5999984741211;BR-116/PR;Sul;Colisão Lateral;2;2;;;;;1
15/09/2011;22:42:00;541;sem vítima;118;BR-101/SC;Sul;Colisão Lateral;1;2;;;;;1
15/09/2011;12:42:00;299;sem vítima;135;BR-101/SC;Sul;Colisão Lateral;1;3;;;;;1
15/09/2011;04:28:00;90;sem vítima;206;BR-101/SC;Sul;Choque - Suporte de Sinalização;1;1;;;;;1
15/09/2011;15:57:00;389;sem vítima;219;BR-101/SC;Sul;Colisão Traseira;1;2;;;;;1
15/09/2011;01:15:00;36;sem vítima;635;BR-376/PR;Sul;Colisão Lateral;1;3;;;;;1
15/09/2011;03:27:00;71;sem vítima;653,7999877929688;BR-376/PR;Norte;Saida de Pista;1;1;;;;;1
16/09/2011;08:36:00;169;sem vítima;32,5;BR-101/SC;Norte;Engavetamento;1;3;;;;;1
16/09/2011;06:02:00;105;sem vítima;91,19999694824219;BR-116/PR;Sul;Colisão Traseira;2;2;;;;;1
16/09/2011;00:14:00;4;sem vítima;115,4000015258789;BR-101/SC;Norte;Choque - Defensa, barreira ou "submarino";1;1;;;;;1
16/09/2011;15:37:00;372;sem vítima;205,3000030517578;BR-101/SC;Sul;Colisão Lateral;1;3;;;;;1
16/09/2011;19:35:00;480;sem vítima;623;BR-376/PR;Norte;Engavetamento;3;3;;;;;1
16/09/2011;03:27:00;72;sem vítima;643,5;BR-376/PR;Sul;Saida de Pista;1;1;;;;;1
16/09/2011;17:08:00;420;com vítima;667;BR-376/PR;Sul;Choque - Defensa, barreira ou "submarino";1;3;;1;;;2
16/09/2011;10:58:00;237;sem vítima;668,5;BR-376/PR;Norte;Colisão Lateral;1;2;;;;;1
16/09/2011;06:39:00;113;sem vítima;671,7999877929688;BR-376/PR;Sul;Saida de Pista;1;1;;;;;1
17/09/2011;15:05:00;413;sem vítima;77;BR-101/SC;Sul;Colisão Traseira;1;2;;;;;1
17/09/2011;05:44:00;128;sem vítima;98,5999984741211;BR-116/PR;Sul;Choque - Objeto sobre a pista;3;4;;;;;1
17/09/2011;19:28:00;562;sem vítima;103,9000015258789;BR-101/SC;Norte;Engavetamento;2;3;;;;;1
17/09/2011;02:42:00;67;sem vítima;117;BR-101/SC;Norte;Colisão Traseira;1;2;;;;;1
17/09/2011;07:55:00;210;sem vítima;127;BR-101/SC;Norte;Choque - Outros;1;1;;;;;1
17/09/2011;10:21:00;270;com vítima;140,5;BR-101/SC;Sul;Colisão Traseira;1;1;;;1;;2
17/09/2011;12:47:00;341;sem vítima;166,5;BR-101/SC;Sul;Colisão Lateral;1;6;;;;;1
17/09/2011;00:25:00;18;sem vítima;672;BR-376/PR;Sul;Colisão Lateral;2;2;;;;;1
18/09/2011;14:22:00;273;sem vítima;79,80000305175781;BR-116/PR;Norte;Colisão Traseira;2;2;;;;;1
18/09/2011;10:37:00;194;sem vítima;103,9000015258789;BR-101/SC;Sul;Choque - Outros;1;1;;;;;1
18/09/2011;09:42:00;169;sem vítima;140;BR-101/SC;Norte;Choque - Objeto sobre a pista;1;3;;;;;1
18/09/2011;20:12:00;444;com vítima;152;BR-101/SC;Sul;Colisão Lateral;1;2;1;;;;1
18/09/2011;12:32:00;231;com vítima;192;BR-101/SC;Norte;Tombamento;1;0;1;;;;1
18/09/2011;15:26:00;301;sem vítima;659;BR-376/PR;Sul;Colisão Lateral;1;2;;;;;1
18/09/2011;20:00:00;439;sem vítima;673,0999755859375;BR-376/PR;Sul;Colisão Lateral;1;3;;;;;1
19/09/2011;18:45:00;441;com vítima;103,80000305175781;BR-116/PR;Norte;Tombamento;1;1;1;;;;1
19/09/2011;11:57:00;252;sem vítima;117;BR-101/SC;Sul;Colisão Transversal;2;2;;;;;1
19/09/2011;16:51:00;393;com vítima;145;BR-101/SC;Sul;Engavetamento;1;3;1;;;;1
19/09/2011;12:37:00;267;sem vítima;202;BR-101/SC;Sul;Colisão Traseira;1;2;;;;;1
19/09/2011;12:31:00;265;com vítima;205;BR-101/SC;Sul;Engavetamento;1;3;3;;;;1
19/09/2011;12:28:00;263;sem vítima;656,7999877929688;BR-376/PR;Norte;Colisão Traseira;1;2;;;;;1
19/09/2011;11:10:00;228;sem vítima;659,5;BR-376/PR;Sul;Choque - Objeto sobre a pista;1;1;;;;;1
19/09/2011;13:41:00;284;sem vítima;665;BR-376/PR;Norte;Saida de Pista;2;2;;;;;1
19/09/2011;06:15:00;78;sem vítima;668,5999755859375;BR-376/PR;Norte;Choque - Defensa, barreira ou "submarino";1;2;;;;;1
20/09/2011;02:07:00;53;sem vítima;112;BR-101/SC;Sul;Atropelamento de Animal;1;1;;;;;1
20/09/2011;13:20:00;326;sem vítima;183;BR-101/SC;Sul;Colisão Lateral;1;2;;;;;1
20/09/2011;06:08:00;125;sem vítima;213;BR-101/SC;Norte;Colisão Traseira;2;2;;;;;1
20/09/2011;07:56:00;168;sem vítima;214;BR-101/SC;Norte;Colisão Traseira;1;2;;;;;1
20/09/2011;08:02:00;175;sem vítima;215;BR-101/SC;Norte;Saida de Pista;1;1;;;;;1
20/09/2011;10:32:00;225;com vítima;655,2000122070312;BR-376/PR;Norte;Saida de Pista;1;0;1;;;;1
20/09/2011;21:24:00;519;sem vítima;671,5;BR-376/PR;Sul;Saida de Pista;1;1;;;;;1
20/09/2011;11:48:00;272;sem vítima;671,7000122070312;BR-376/PR;Sul;Saida de Pista;1;1;;;;;1
21/09/2011;06:14:00;90;sem vítima;1;BR-101/SC;Norte;Colisão Traseira;1;1;;;;;1
21/09/2011;11:25:00;260;sem vítima;112,4000015258789;BR-101/SC;Sul;Colisão Lateral;2;2;;;;;1
21/09/2011;21:49:00;514;sem vítima;117;BR-101/SC;Sul;Colisão Traseira;2;3;;;;;1
21/09/2011;07:14:00;117;sem vítima;203,89999389648438;BR-101/SC;Sul;Colisão Traseira;1;2;;;;;1
21/09/2011;15:55:00;383;sem vítima;635,3499755859375;BR-376/PR;Norte;Colisão Lateral;1;2;;;;;1
22/09/2011;11:11:00;261;sem vítima;105,9000015258789;BR-116/PR;Sul;Colisão Traseira;1;4;;;;;1
22/09/2011;14:40:00;378;sem vítima;199;BR-101/SC;Sul;Colisão Traseira;1;2;;;;;1
22/09/2011;03:00:00;69;com vítima;205;BR-101/SC;Sul;Atropelamento - Andarilho;1;2;;;;1;3
22/09/2011;17:38:00;465;sem vítima;620;BR-376/PR;Norte;Colisão Lateral;1;2;;;;;1
22/09/2011;17:18:00;451;sem vítima;635;BR-376/PR;Sul;Colisão Traseira;2;2;;;;;1
22/09/2011;06:14:00;116;sem vítima;668,5;BR-376/PR;Norte;Choque - Defensa, barreira ou "submarino";1;5;;;;;1
22/09/2011;17:31:00;463;sem vítima;669;BR-376/PR;Norte;Colisão Lateral;1;2;;;;;1
22/09/2011;08:21:00;177;sem vítima;674;BR-376/PR;Sul;Colisão Lateral;1;2;;;;;1
23/09/2011;19:25:00;448;sem vítima;10;BR-101/SC;Sul;Colisão Traseira;2;2;;;;;1
23/09/2011;17:07:00;407;com vítima;79,5;BR-101/SC;Norte;Colisão Traseira;1;2;;2;;;2
23/09/2011;19:50:00;457;com vítima;103;BR-116/PR;Sul;Engavetamento;1;3;1;;;;1
23/09/2011;18:39:00;435;sem vítima;108;BR-116/PR;Sul;Saida de Pista;1;1;;;;;1
23/09/2011;05:00:00;80;sem vítima;111,69999694824219;BR-101/SC;Norte;Colisão Traseira;1;2;;;;;1
23/09/2011;18:15:00;430;com vítima;115;BR-101/SC;Norte;Colisão Traseira;2;1;;1;;;2
23/09/2011;11:14:00;263;sem vítima;115,4000015258789;BR-101/SC;Sul;Colisão Traseira;2;3;;;;;1
23/09/2011;20:15:00;466;sem vítima;117,0999984741211;BR-101/SC;Norte;Colisão Lateral;1;4;;;;;1
23/09/2011;13:51:00;339;sem vítima;134,5;BR-101/SC;Norte;Choque - Defensa, barreira ou "submarino";1;1;;;;;1
23/09/2011;12:10:00;291;sem vítima;140;BR-101/SC;Norte;Colisão Traseira;2;2;;;;;1
23/09/2011;11:25:00;267;sem vítima;157;BR-101/SC;Sul;Colisão Lateral;1;2;;;;;1
23/09/2011;22:51:00;516;sem vítima;157;BR-101/SC;Sul;Colisão Traseira;1;5;;;;;1
23/09/2011;09:58:00;218;sem vítima;175,3000030517578;BR-101/SC;Sul;Tombamento;1;1;;;;;1
23/09/2011;19:09:00;447;sem vítima;208;BR-101/SC;Sul;Colisão Traseira;1;2;;;;;1
23/09/2011;20:12:00;465;sem vítima;208;BR-101/SC;Sul;Colisão Traseira;2;2;;;;;1
23/09/2011;17:43:00;420;com vítima;622,5;BR-376/PR;Norte;Colisão Lateral;1;2;;1;;;2
23/09/2011;17:46:00;421;com vítima;651;BR-376/PR;Sul;Colisão Traseira;1;4;1;;;;1
23/09/2011;05:42:00;93;sem vítima;672,4000244140625;BR-376/PR;Sul;Colisão Traseira;1;2;;;;;1
24/09/2011;06:25:00;111;com vítima;46,79999923706055;BR-101/SC;Sul;Capotamento;1;2;1;;;;1
24/09/2011;18:33:00;459;sem vítima;140;BR-101/SC;Sul;Saida de Pista;1;2;;;;;1
24/09/2011;13:26:00;335;sem vítima;144;BR-101/SC;Norte;Choque - Defensa, barreira ou "submarino";1;2;;;;;1
24/09/2011;21:16:00;518;sem vítima;198;BR-101/SC;Sul;Tombamento;1;1;;;;;1
24/09/2011;23:54:00;557;sem vítima;217;BR-101/SC;Norte;Saida de Pista;1;1;;;;;1
24/09/2011;20:26:00;500;sem vítima;219;BR-101/SC;Norte;Choque - Outros;1;1;;;;;1
24/09/2011;08:28:00;195;sem vítima;670,7999877929688;BR-376/PR;Norte;Tombamento;1;2;;;;;1
25/09/2011;09:42:00;164;sem vítima;207;BR-101/SC;Norte;Colisão Traseira;1;2;;;;;1
25/09/2011;20:48:00;439;com vítima;620,5;BR-376/PR;Sul;Atropelamento - Usuário;1;1;;;;1;3
25/09/2011;11:09:00;203;sem vítima;626;BR-376/PR;Sul;Colisão Traseira;1;2;;;;;1
25/09/2011;10:20:00;181;com vítima;665;BR-376/PR;Norte;Colisão Lateral;1;2;1;;;;1
25/09/2011;06:20:00;85;sem vítima;667,2000122070312;BR-376/PR;Sul;Saida de Pista;1;1;;;;;1
25/09/2011;19:28:00;407;sem vítima;668;BR-376/PR;Sul;Saida de Pista;1;1;;;;;1
26/09/2011;05:52:00;99;sem vítima;111,4000015258789;BR-101/SC;Sul;Colisão Lateral;1;2;;;;;1
26/09/2011;18:52:00;425;sem vítima;134,8000030517578;BR-101/SC;Norte;Engavetamento;2;4;;;;;1
26/09/2011;21:38:00;478;com vítima;171;BR-101/SC;Sul;Colisão Traseira;2;1;;;1;;2
26/09/2011;18:46:00;421;sem vítima;619;BR-376/PR;Sul;Tombamento;1;2;;;;;1
26/09/2011;12:53:00;271;sem vítima;647;BR-376/PR;Sul;Colisão Lateral;1;2;;;;;1
26/09/2011;18:01:00;395;com vítima;650,9000244140625;BR-376/PR;Sul;Tombamento;1;0;;;;1;3
26/09/2011;15:00:00;328;sem vítima;671;BR-376/PR;Sul;Saida de Pista;1;2;;;;;1
27/09/2011;13:25:00;296;sem vítima;86;BR-116/PR;Norte;Objeto lançado contra veículo;2;2;;;;;1
27/09/2011;10:45:00;237;sem vítima;118;BR-101/SC;Norte;Colisão Lateral;2;2;;;;;1
27/09/2011;19:23:00;488;sem vítima;132,39999389648438;BR-101/SC;Norte;Colisão Lateral;1;2;;;;;1
27/09/2011;19:04:00;483;sem vítima;147;BR-101/SC;Norte;Colisão Traseira;1;2;;;;;1
27/09/2011;06:31:00;98;sem vítima;157;BR-101/SC;Sul;Colisão Lateral;1;2;;;;;1
27/09/2011;07:50:00;145;sem vítima;157;BR-101/SC;Norte;Colisão Lateral;1;3;;;;;1
27/09/2011;13:38:00;308;sem vítima;675;BR-376/PR;Sul;Choque - Objeto sobre a pista;1;1;;;;;1
28/09/2011;20:22:00;536;com vítima;57,79999923706055;BR-101/SC;Norte;Tombamento;2;1;;1;;;2
28/09/2011;15:46:00;422;sem vítima;107;BR-101/SC;Norte;Saida de Pista;1;1;;;;;1
28/09/2011;15:21:00;404;sem vítima;111;BR-116/PR;Norte;Saida de Pista;2;3;;;;;1
28/09/2011;18:26:00;490;com vítima;138;BR-101/SC;Sul;Atropelamento - Usuário;1;1;;;;1;3
28/09/2011;13:39:00;346;sem vítima;145,39999389648438;BR-101/SC;Norte;Engavetamento;1;3;;;;;1
28/09/2011;08:16:00;181;sem vítima;204,5;BR-101/SC;Sul;Colisão Traseira;1;2;;;;;1
28/09/2011;09:58:00;243;sem vítima;205;BR-101/SC;Sul;Colisão Traseira;1;3;;;;;1
28/09/2011;18:37:00;496;sem vítima;208,1999969482422;BR-101/SC;Sul;Colisão Traseira;1;2;;;;;1
28/09/2011;14:23:00;364;sem vítima;220;BR-101/SC;Norte;Choque - Defensa, barreira ou "submarino";1;1;;;;;1
28/09/2011;07:35:00;159;sem vítima;617,7999877929688;BR-376/PR;Norte;Colisão Lateral;1;2;;;;;1
28/09/2011;15:19:00;403;sem vítima;671;BR-376/PR;Sul;Saida de Pista;1;1;;;;;1
28/09/2011;12:20:00;318;com vítima;674;BR-376/PR;Sul;Tombamento;2;2;3;;;1;3
28/09/2011;00:26:00;1;com vítima;675;BR-376/PR;Sul;Colisão Traseira;2;1;;;1;;2
29/09/2011;21:51:00;549;sem vítima;22,799999237060547;BR-101/SC;Sul;Choque - Objeto sobre a pista;1;1;;;;;1
29/09/2011;22:47:00;568;com vítima;88;BR-116/PR;Sul;Engavetamento;3;2;;1;;;2
29/09/2011;18:51:00;486;sem vítima;109,4000015258789;BR-116/PR;Norte;Tombamento;1;2;;;;;1
29/09/2011;12:06:00;294;sem vítima;123,19999694824219;BR-101/SC;Norte;Colisão Traseira;1;2;;;;;1
29/09/2011;07:41:00;164;com vítima;127;BR-101/SC;Norte;Colisão Traseira;1;1;;1;;;2
29/09/2011;11:14:00;269;sem vítima;190;BR-101/SC;Sul;Engavetamento;2;6;;;;;1
29/09/2011;10:43:00;257;sem vítima;205,5;BR-101/SC;Norte;Colisão Traseira;1;2;;;;;1
29/09/2011;11:20:00;295;sem vítima;205,5;BR-101/SC;Norte;Colisão Traseira;1;2;;;;;1
29/09/2011;11:13:00;268;sem vítima;652,5999755859375;BR-376/PR;Sul;Choque - Defensa, barreira ou "submarino";1;1;;;;;1
29/09/2011;13:04:00;310;sem vítima;670;BR-376/PR;Sul;Colisão Traseira;2;2;;;;;1
29/09/2011;21:38:00;543;sem vítima;671;BR-376/PR;Sul;Saida de Pista;1;1;;;;;1
29/09/2011;09:02:00;205;com vítima;673,7999877929688;BR-376/PR;Sul;Colisão Traseira;3;2;;1;;;2
29/09/2011;18:36:00;477;sem vítima;678,7999877929688;BR-376/PR;Norte;Colisão Traseira;2;3;;;;;1
30/09/2011;06:07:00;129;sem vítima;100;BR-101/SC;Sul;Saida de Pista;1;1;;;;;1
30/09/2011;08:21:00;197;com vítima;104;BR-116/PR;Sul;Colisão Traseira;1;1;1;;;;1
30/09/2011;07:36:00;166;sem vítima;105;BR-116/PR;Sul;Colisão Lateral;2;2;;;;;1
30/09/2011;08:18:00;193;sem vítima;118,4000015258789;BR-101/SC;Sul;Colisão Lateral;2;2;;;;;1
30/09/2011;14:52:00;400;com vítima;120;BR-101/SC;Norte;Saida de Pista;1;0;;1;;;2
30/09/2011;21:20:00;586;sem vítima;141,8000030517578;BR-101/SC;Sul;Colisão Traseira;1;2;;;;;1
30/09/2011;03:51:00;85;sem vítima;176,5;BR-101/SC;Sul;Saida de Pista;1;2;;;;;1
30/09/2011;15:58:00;449;sem vítima;182,5;BR-101/SC;Norte;Colisão Lateral;1;2;;;;;1
30/09/2011;12:55:00;345;sem vítima;203;BR-101/SC;Norte;Colisão Traseira;2;2;;;;;1
30/09/2011;16:48:00;479;com vítima;203;BR-101/SC;Sul;Colisão Traseira;1;2;1;;;;1
30/09/2011;08:29:00;205;sem vítima;204,8000030517578;BR-101/SC;Norte;Colisão Lateral;2;2;;;;;1
30/09/2011;01:41:00;45;sem vítima;621;BR-376/PR;Sul;Objeto lançado contra veículo;1;1;;;;;1
01/10/2011;16:54:00;470;sem vítima;50,79999923706055;BR-101/SC;Norte;Colisão Traseira;1;2;;;;;1
01/10/2011;07:43:00;158;sem vítima;90,4000015258789;BR-116/PR;Sul;Colisão Lateral;1;2;;;;;1
01/10/2011;18:01:00;493;com vítima;95;BR-116/PR;Sul;Engavetamento;1;2;1;;;;1
01/10/2011;11:44:00;301;sem vítima;99;BR-116/PR;Sul;Saida de Pista;1;1;;;;;1
01/10/2011;22:44:00;562;sem vítima;102,69999694824219;BR-101/SC;Norte;Choque - Objeto sobre a pista;1;2;;;;;1
01/10/2011;16:01:00;441;sem vítima;127;BR-101/SC;Sul;Colisão Lateral;1;2;;;;;1
01/10/2011;10:22:00;255;com vítima;151;BR-101/SC;Sul;Atropelamento - Ciclista;1;1;;;;1;3
01/10/2011;08:16:00;186;sem vítima;219,3000030517578;BR-101/SC;Sul;Colisão Traseira;1;2;;;;;1
01/10/2011;14:52:00;399;sem vítima;618,2000122070312;BR-376/PR;Norte;Colisão Lateral;2;2;;;;;1
01/10/2011;20:11:00;534;com vítima;673;BR-376/PR;Sul;Engavetamento;2;2;5;;;;1
02/10/2011;10:12:00;223;sem vítima;635;BR-376/PR;Norte;Colisão Traseira;1;2;;;;;1
02/10/2011;20:50:00;488;com vítima;668,5;BR-376/PR;Sul;Tombamento;1;0;;1;;;2
02/10/2011;22:52:00;514;com vítima;674;BR-376/PR;Sul;Tombamento;1;0;;1;;1;3
02/10/2011;17:43:00;418;sem vítima;677,5999755859375;BR-376/PR;Sul;Colisão Lateral;1;3;;;;;1