data;horario;n_da_ocorrencia;tipo_de_ocorrencia;km;trecho;sentido;tipo_de_acidente;caminhao;ilesos;levemente_feridos;moderadamente_feridos;gravemente_feridos;mortos;3
03/10/2011;10:59:00;241;sem vítima;74;BR-116/PR;Sul;Colisão Traseira;1;2;;;;;1
03/10/2011;07:34:00;142;sem vítima;92,69999694824219;BR-116/PR;Sul;Choque - Outros;1;1;;;;;1
03/10/2011;18:40:00;466;com vítima;103,69999694824219;BR-101/SC;Norte;Colisão Lateral;1;1;1;;;;1
03/10/2011;11:16:00;249;sem vítima;142;BR-101/SC;Sul;Engavetamento;1;4;;;;;1
03/10/2011;12:35:00;287;com vítima;144;BR-101/SC;Sul;Engavetamento;1;2;2;;;;1
03/10/2011;13:52:00;324;sem vítima;667,7999877929688;BR-376/PR;Norte;Saida de Pista;1;1;;;;;1
03/10/2011;16:54:00;418;sem vítima;669;BR-376/PR;Norte;Colisão Lateral;1;2;;;;;1
03/10/2011;23:25:00;564;sem vítima;679;BR-376/PR;Sul;Saida de Pista;2;3;;;;;1
04/10/2011;11:32:00;254;sem vítima;37,599998474121094;BR-101/SC;Norte;Colisão Lateral;1;2;;;;;1
04/10/2011;17:17:00;418;sem vítima;56;BR-101/SC;Norte;Saida de Pista;1;2;;;;;1
04/10/2011;18:24:00;459;com vítima;121;BR-101/SC;Norte;Outros;1;0;;;1;;2
04/10/2011;09:58:00;219;sem vítima;635;BR-376/PR;Sul;Colisão Traseira;1;2;;;;;1
04/10/2011;07:47:00;143;sem vítima;645;BR-376/PR;Norte;Colisão Lateral;1;2;;;;;1
04/10/2011;08:50:00;185;sem vítima;656,7999877929688;BR-376/PR;Norte;Choque - Defensa, barreira ou "submarino";1;2;;;;;1
04/10/2011;23:52:00;571;sem vítima;664;BR-376/PR;Sul;Saida de Pista;1;1;;;;;1
04/10/2011;17:59:00;448;com vítima;674,2999877929688;BR-376/PR;Sul;Atropelamento - Andarilho;1;0;1;1;;1;3
05/10/2011;20:49:00;541;sem vítima;52,400001525878906;BR-101/SC;Norte;Choque - Objeto sobre a pista;1;1;;;;;1
05/10/2011;07:23:00;132;sem vítima;65;BR-101/SC;Sul;Saida de Pista;1;2;;;;;1
05/10/2011;12:17:00;296;sem vítima;116,80000305175781;BR-101/SC;Norte;Colisão Lateral;1;3;;;;;1
05/10/2011;19:49:00;524;sem vítima;205;BR-101/SC;Sul;Colisão Traseira;1;2;;;;;1
05/10/2011;06:57:00;114;sem vítima;623;BR-376/PR;Sul;Colisão Traseira;1;2;;;;;1
05/10/2011;08:17:00;169;sem vítima;652,5;BR-376/PR;Norte;Choque - Objeto sobre a pista;1;2;;;;;1
05/10/2011;06:42:00;107;sem vítima;653;BR-376/PR;Sul;Colisão Lateral;2;2;;;;;1
05/10/2011;16:54:00;450;com vítima;666;BR-376/PR;Sul;Tombamento;1;0;1;;;;1
05/10/2011;04:47:00;87;sem vítima;672,9000244140625;BR-376/PR;Norte;Tombamento;1;1;;;;;1
06/10/2011;16:48:00;448;sem vítima;89;BR-116/PR;Sul;Colisão Traseira;1;2;;;;;1
06/10/2011;15:52:00;434;sem vítima;101;BR-101/SC;Norte;Objeto lançado contra veículo;1;1;;;;;1
06/10/2011;16:06:00;428;sem vítima;141,5;BR-101/SC;Norte;Colisão Lateral;1;1;;;;;1
06/10/2011;18:42:00;493;sem vítima;155;BR-101/SC;Sul;Colisão Lateral;1;3;;;;;1
06/10/2011;22:25:00;560;sem vítima;165,1999969482422;BR-101/SC;Norte;Saida de Pista;1;1;;;;;1
06/10/2011;07:41:00;180;com vítima;203;BR-101/SC;Sul;Colisão Lateral;1;1;1;;;;1
06/10/2011;10:59:00;277;sem vítima;203,5;BR-101/SC;Norte;Colisão Traseira;1;2;;;;;1
06/10/2011;19:04:00;502;sem vítima;207;BR-101/SC;Sul;Colisão Lateral;1;2;;;;;1
06/10/2011;03:41:00;101;com vítima;211,89999389648438;BR-101/SC;Norte;Colisão Traseira;1;2;;;;1;3
06/10/2011;16:04:00;426;com vítima;220;BR-101/SC;Sul;Colisão Lateral;1;1;1;;;;1
06/10/2011;03:05:00;84;sem vítima;665;BR-376/PR;Norte;Colisão Traseira;1;2;;;;;1
06/10/2011;08:28:00;205;sem vítima;667,5;BR-376/PR;Sul;Tombamento;1;1;;;;;1
07/10/2011;07:10:00;154;sem vítima;103,80000305175781;BR-116/PR;Norte;Saida de Pista;1;1;;;;;1
07/10/2011;14:34:00;370;sem vítima;106,69999694824219;BR-116/PR;Sul;Colisão Traseira;2;2;;;;;1
07/10/2011;19:03:00;503;sem vítima;136,5;BR-101/SC;Norte;Colisão Lateral;1;2;;;;;1
07/10/2011;14:22:00;362;sem vítima;157;BR-101/SC;Sul;Choque - Defensa, barreira ou "submarino";1;1;;;;;1
07/10/2011;16:06:00;420;sem vítima;211;BR-101/SC;Sul;Choque - Objeto sobre a pista;1;1;;;;;1
07/10/2011;10:08:00;256;sem vítima;659,5999755859375;BR-376/PR;Sul;Colisão Traseira;2;2;;;;;1
08/10/2011;22:37:00;522;com vítima;26,799999237060547;BR-101/SC;Norte;Atropelamento - Ciclista;1;1;;;1;;2
08/10/2011;13:32:00;291;sem vítima;55;BR-101/SC;Sul;Colisão Traseira;1;2;;;;;1
08/10/2011;04:04:00;69;com vítima;118;BR-101/SC;Norte;Colisão Traseira;1;1;;;1;;2
08/10/2011;01:20:00;27;sem vítima;143,3000030517578;BR-101/SC;Sul;Colisão Traseira;1;6;;;;;1
08/10/2011;01:57:00;36;com vítima;212,8000030517578;BR-101/SC;Sul;Colisão Traseira;1;2;;1;;;2
08/10/2011;08:09:00;153;sem vítima;618,2000122070312;BR-376/PR;Norte;Colisão Traseira;1;2;;;;;1
09/10/2011;09:29:00;167;com vítima;60;BR-101/SC;Norte;Saida de Pista;1;4;1;;;;1
10/10/2011;07:43:00;141;sem vítima;38;BR-101/SC;Norte;Colisão Traseira;1;4;;;;;1
10/10/2011;15:55:00;423;sem vítima;57,20000076293945;BR-101/SC;Norte;Saida de Pista;1;1;;;;;1
10/10/2011;17:00:00;447;sem vítima;75;BR-101/SC;Sul;Colisão Lateral;1;2;;;;;1
10/10/2011;17:53:00;470;sem vítima;102;BR-116/PR;Sul;Colisão Lateral;1;2;;;;;1
10/10/2011;18:59:00;493;sem vítima;113;BR-116/PR;Norte;Tombamento;1;1;;;;;1
10/10/2011;20:41:00;531;sem vítima;167,10000610351562;BR-101/SC;Sul;Colisão Lateral;1;5;;;;;1
10/10/2011;17:11:00;454;sem vítima;206;BR-101/SC;Sul;Colisão Lateral;1;2;;;;;1
10/10/2011;09:07:00;202;com vítima;219;BR-101/SC;Sul;Colisão Traseira;1;1;;2;;;2
10/10/2011;13:52:00;365;com vítima;650,7000122070312;BR-376/PR;Sul;Tombamento;1;1;1;;;;1
11/10/2011;15:48:00;396;com vítima;81;BR-116/PR;Sul;Tombamento;1;0;;1;;;2
11/10/2011;02:23:00;61;sem vítima;95,19999694824219;BR-101/SC;Norte;Choque - Defensa, barreira ou "submarino";1;1;;;;;1
12/10/2011;06:32:00;94;sem vítima;95,4000015258789;BR-101/SC;Norte;Saida de Pista;1;3;;;;;1
12/10/2011;19:06:00;445;com vítima;124,4000015258789;BR-101/SC;Norte;Atropelamento - Usuário;1;5;;;;1;3
12/10/2011;03:29:00;60;com vítima;630,7999877929688;BR-376/PR;Sul;Colisão Traseira;1;2;1;;;;1
12/10/2011;17:44:00;414;com vítima;652,7999877929688;BR-376/PR;Norte;Colisão Traseira;2;1;;2;;;2
12/10/2011;04:02:00;67;sem vítima;666,2000122070312;BR-376/PR;Sul;Saida de Pista;1;1;;;;;1
12/10/2011;09:31:00;189;com vítima;673,0999755859375;BR-376/PR;Sul;Colisão Traseira;2;1;;1;;;2
13/10/2011;13:13:00;230;sem vítima;32,099998474121094;BR-101/SC;Sul;Saida de Pista;1;1;;;;;1
13/10/2011;07:29:00;107;sem vítima;57;BR-101/SC;Norte;Colisão Traseira;1;2;;;;;1
13/10/2011;23:55:00;436;sem vítima;100,5999984741211;BR-116/PR;Norte;Saida de Pista;1;1;;;;;1
13/10/2011;15:44:00;282;sem vítima;108,69999694824219;BR-116/PR;Sul;Colisão Lateral;2;2;;;;;1
13/10/2011;10:16:00;165;com vítima;115,5;BR-101/SC;Norte;Outros;1;0;1;;;;1
13/10/2011;12:09:00;206;sem vítima;115,5;BR-101/SC;Norte;Choque - Defensa, barreira ou "submarino";1;1;;;;;1
13/10/2011;07:14:00;99;sem vítima;139;BR-101/SC;Sul;Choque - Defensa, barreira ou "submarino";1;1;;;;;1
13/10/2011;08:56:00;136;sem vítima;205;BR-101/SC;Sul;Colisão Lateral;1;2;;;;;1
13/10/2011;14:07:00;245;sem vítima;679;BR-376/PR;Sul;Colisão Traseira;1;2;;;;;1
13/10/2011;10:24:00;171;sem vítima;679,5;BR-376/PR;Sul;Colisão Traseira;1;2;;;;;1
14/10/2011;04:43:00;82;sem vítima;4;BR-101/SC;Sul;Saida de Pista;1;1;;;;;1
14/10/2011;06:37:00;118;sem vítima;7;BR-101/SC;Sul;Colisão Lateral;1;2;;;;;1
14/10/2011;11:34:00;275;sem vítima;142,5;BR-101/SC;Norte;Tombamento;1;2;;;;;1
14/10/2011;10:17:00;241;sem vítima;157;BR-101/SC;Sul;Colisão Lateral;2;2;;;;;1
14/10/2011;15:28:00;364;sem vítima;158;BR-101/SC;Norte;Colisão Lateral;1;2;;;;;1
14/10/2011;14:15:00;322;sem vítima;207,8000030517578;BR-101/SC;Norte;Colisão Traseira;1;2;;;;;1
14/10/2011;14:49:00;340;sem vítima;211;BR-101/SC;Norte;Colisão Traseira;1;2;;;;;1
14/10/2011;08:38:00;188;sem vítima;636;BR-376/PR;Norte;Colisão Lateral;1;3;;;;;1
14/10/2011;07:29:00;150;com vítima;659,2000122070312;BR-376/PR;Sul;Saida de Pista;1;1;;1;;;2
14/10/2011;18:04:00;430;sem vítima;665,2999877929688;BR-376/PR;Sul;Saida de Pista;1;1;;;;;1
14/10/2011;03:57:00;69;sem vítima;671,5;BR-376/PR;Norte;Saida de Pista;1;1;;;;;1
14/10/2011;05:27:00;99;sem vítima;671,7999877929688;BR-376/PR;Norte;Colisão Traseira;1;2;;;;;1
15/10/2011;06:49:00;135;sem vítima;99;BR-101/SC;Sul;Saida de Pista;1;1;;;;;1
15/10/2011;17:08:00;403;sem vítima;673;BR-376/PR;Sul;Saida de Pista;1;1;;;;;1
16/10/2011;11:07:00;181;sem vítima;0;BR-101/SC;Norte;Colisão Traseira;2;2;;;;;1
16/10/2011;12:09:00;203;sem vítima;2;BR-101/SC;Norte;Choque - Defensa, barreira ou "submarino";1;2;;;;;1
16/10/2011;14:27:00;254;sem vítima;48,900001525878906;BR-101/SC;Norte;Choque - Defensa, barreira ou "submarino";1;1;;;;;1
16/10/2011;22:23:00;428;com vítima;112,5;BR-101/SC;Sul;Colisão Traseira;1;2;;1;;;2
16/10/2011;20:25:00;405;sem vítima;174,1999969482422;BR-101/SC;Norte;Objeto lançado contra veículo;1;2;;;;;1
16/10/2011;07:20:00;106;com vítima;203;BR-101/SC;Norte;Engavetamento;1;5;4;;;;1
16/10/2011;03:11:00;52;sem vítima;219;BR-101/SC;Sul;Choque - Suporte de Sinalização;1;1;;;;;1
16/10/2011;10:51:00;240;sem vítima;652;BR-376/PR;Norte;Colisão Traseira;1;2;;;;;1
16/10/2011;19:01:00;374;com vítima;652;BR-376/PR;Norte;Colisão Lateral;1;2;;2;;;2
17/10/2011;19:44:00;473;sem vítima;34,5;BR-101/SC;Norte;Saida de Pista;1;1;;;;;1
17/10/2011;15:53:00;385;com vítima;43,5;BR-101/SC;Norte;Capotamento;1;1;;1;;;2
17/10/2011;17:13:00;412;sem vítima;111,69999694824219;BR-101/SC;Sul;Tombamento;1;1;;;;;1
17/10/2011;14:59:00;353;sem vítima;193;BR-101/SC;Norte;Colisão Lateral;1;2;;;;;1
17/10/2011;21:21:00;502;sem vítima;196;BR-101/SC;Norte;Outros - Sequência;1;1;;;;;1
17/10/2011;10:55:00;261;sem vítima;203;BR-101/SC;Sul;Colisão Traseira;1;2;;;;;1
17/10/2011;11:51:00;282;sem vítima;204;BR-101/SC;Sul;Choque - Defensa, barreira ou "submarino";1;1;;;;;1
17/10/2011;19:21:00;457;sem vítima;208;BR-101/SC;Norte;Colisão Traseira;2;2;;;;;1
17/10/2011;22:46:00;530;sem vítima;215,3000030517578;BR-101/SC;Norte;Colisão Lateral;1;2;;;;;1
17/10/2011;02:01:00;49;sem vítima;664;BR-376/PR;Norte;Saida de Pista;1;1;;;;;1
17/10/2011;10:06:00;238;sem vítima;677,2999877929688;BR-376/PR;Sul;Tombamento;1;1;;;;;1
18/10/2011;20:26:00;546;com vítima;20;BR-101/SC;Norte;Saida de Pista;1;0;;1;;;2
18/10/2011;12:32:00;322;sem vítima;45,5;BR-101/SC;Sul;Colisão Lateral;1;2;;;;;1
18/10/2011;06:29:00;138;com vítima;621,5;BR-376/PR;Sul;Colisão Traseira;1;1;1;;;;1
18/10/2011;19:57:00;533;com vítima;643;BR-376/PR;Norte;Colisão Traseira;1;2;1;;;;1
18/10/2011;23:15:00;601;sem vítima;647,5999755859375;BR-376/PR;Norte;Saida de Pista;1;1;;;;;1
19/10/2011;16:22:00;393;sem vítima;128,5;BR-101/SC;Norte;Objeto lançado contra veículo;1;2;;;;;1
19/10/2011;01:38:00;39;sem vítima;161,5;BR-101/SC;Sul;Saida de Pista;1;1;;;;;1
19/10/2011;04:24:00;93;sem vítima;218;BR-101/SC;Norte;Objeto lançado contra veículo;1;2;;;;;1
19/10/2011;10:44:00;227;sem vítima;658;BR-376/PR;Sul;Saida de Pista;1;1;;;;;1
19/10/2011;22:46:00;520;sem vítima;666;BR-376/PR;Norte;Colisão Traseira;2;2;;;;;1
19/10/2011;00:15:00;550;sem vítima;668;BR-376/PR;Sul;Tombamento;1;1;;;;;1
20/10/2011;19:30:00;479;sem vítima;46,79999923706055;BR-101/SC;Sul;Choque - Objeto sobre a pista;1;1;;;;;1
20/10/2011;17:22:00;423;sem vítima;48,599998474121094;BR-101/SC;Norte;Saida de Pista;1;2;;;;;1
20/10/2011;07:15:00;99;com vítima;50;BR-101/SC;Sul;Colisão Traseira;1;1;1;;;;1
20/10/2011;06:27:00;74;com vítima;115;BR-116/PR;Sul;Colisão Traseira;1;3;1;;;;1
20/10/2011;06:36:00;79;sem vítima;209;BR-101/SC;Sul;Colisão Traseira;2;2;;;;;1
20/10/2011;06:05:00;72;sem vítima;617,2000122070312;BR-376/PR;Norte;Tombamento;1;1;;;;;1
20/10/2011;10:14:00;208;sem vítima;660;BR-376/PR;Norte;Colisão Traseira;1;2;;;;;1
20/10/2011;12:17:00;259;sem vítima;661,7999877929688;BR-376/PR;Sul;Tombamento;1;1;;;;;1
20/10/2011;19:23:00;478;com vítima;667,5;BR-376/PR;Sul;Tombamento;1;0;;;1;;2
20/10/2011;09:00:00;160;sem vítima;668;BR-376/PR;Norte;Colisão Lateral;1;2;;;;;1
20/10/2011;09:23:00;181;sem vítima;671,4000244140625;BR-376/PR;Sul;Saida de Pista;1;1;;;;;1
21/10/2011;09:54:00;207;sem vítima;89;BR-101/SC;Sul;Colisão Lateral;1;2;;;;;1
21/10/2011;18:02:00;467;sem vítima;114;BR-101/SC;Norte;Engavetamento;2;5;;;;;1
21/10/2011;10:18:00;223;sem vítima;129;BR-101/SC;Norte;Colisão Traseira;1;2;;;;;1
21/10/2011;19:29:00;505;sem vítima;133,3000030517578;BR-101/SC;Sul;Colisão Lateral;1;2;;;;;1
21/10/2011;08:22:00;160;sem vítima;165,5;BR-101/SC;Norte;Tombamento;1;1;;;;;1
21/10/2011;02:02:00;28;sem vítima;628,5;BR-376/PR;Norte;Colisão Traseira;2;2;;;;;1
21/10/2011;17:49:00;461;sem vítima;658,7000122070312;BR-376/PR;Sul;Colisão Lateral;1;2;;;;;1
21/10/2011;17:07:00;442;sem vítima;662,4000244140625;BR-376/PR;Norte;Colisão Traseira;1;2;;;;;1
21/10/2011;18:27:00;481;sem vítima;669;BR-376/PR;Sul;Colisão Traseira;1;2;;;;;1
22/10/2011;09:09:00;195;com vítima;136,3000030517578;BR-101/SC;Norte;Colisão Traseira;1;2;1;;;;1
22/10/2011;15:20:00;372;sem vítima;157;BR-101/SC;Sul;Choque - Cancela de Pedagio;1;1;;;;;1
22/10/2011;02:56:00;58;com vítima;204;BR-101/SC;Norte;Colisão Traseira;1;1;;2;;;2
22/10/2011;16:31:00;403;sem vítima;220;BR-101/SC;Sul;Choque - Suporte de Sinalização;1;1;;;;;1
22/10/2011;22:19:00;550;sem vítima;635;BR-376/PR;Norte;Choque - Suporte de Sinalização;1;1;;;;;1
22/10/2011;14:32:00;347;sem vítima;655,7999877929688;BR-376/PR;Norte;Tombamento;1;1;;;;;1
23/10/2011;16:01:00;352;sem vítima;10;BR-101/SC;Sul;Colisão Traseira;1;2;;;;;1
23/10/2011;18:31:00;434;sem vítima;137;BR-101/SC;Norte;Engavetamento;1;2;;;;;1
23/10/2011;10:33:00;227;sem vítima;170;BR-101/SC;Norte;Choque - Defensa, barreira ou "submarino";1;1;;;;;1
24/10/2011;08:09:00;174;sem vítima;102;BR-116/PR;Norte;Colisão Traseira;1;2;;;;;1
24/10/2011;09:44:00;224;sem vítima;106;BR-116/PR;Sul;Saida de Pista;1;1;;;;;1
24/10/2011;17:58:00;464;sem vítima;135;BR-101/SC;Sul;Colisão Lateral;1;2;;;;;1
24/10/2011;00:11:00;1;com vítima;207,3000030517578;BR-101/SC;Sul;Atropelamento - Usuário;1;2;;;;1;3
24/10/2011;11:26:00;255;com vítima;212;BR-101/SC;Sul;Colisão Lateral;1;1;1;1;;;2
24/10/2011;10:43:00;245;sem vítima;671,2000122070312;BR-376/PR;Sul;Saida de Pista;1;1;;;;;1
24/10/2011;13:25:00;314;sem vítima;678;BR-376/PR;Norte;Colisão Lateral;1;3;;;;;1
25/10/2011;10:26:00;201;sem vítima;10;BR-101/SC;Norte;Colisão Traseira;2;2;;;;;1
25/10/2011;08:05:00;144;sem vítima;19,5;BR-101/SC;Norte;Saida de Pista;1;1;;;;;1
25/10/2011;16:37:00;367;sem vítima;117;BR-101/SC;Norte;Engavetamento;2;4;;;;;1
25/10/2011;15:24:00;336;sem vítima;139,8000030517578;BR-101/SC;Sul;Colisão Traseira;1;2;;;;;1
25/10/2011;06:03:00;107;sem vítima;158,39999389648438;BR-101/SC;Norte;Tombamento;1;1;;;;;1
25/10/2011;07:48:00;133;com vítima;163,8000030517578;BR-101/SC;Sul;Colisão Traseira;2;2;1;;;;1
25/10/2011;15:40:00;346;sem vítima;200;BR-101/SC;Norte;Colisão Lateral;1;2;;;;;1
25/10/2011;07:44:00;131;sem vítima;204;BR-101/SC;Sul;Colisão Traseira;1;2;;;;;1
25/10/2011;21:40:00;477;sem vítima;630;BR-376/PR;Sul;Outros;1;1;;;;;1
25/10/2011;18:26:00;404;com vítima;659;BR-376/PR;Sul;Colisão Lateral;1;2;;;1;;2
25/10/2011;21:02:00;466;com vítima;667;BR-376/PR;Sul;Colisão Traseira;2;1;;1;;;2
26/10/2011;14:19:00;372;sem vítima;106,80000305175781;BR-116/PR;Norte;Saida de Pista;1;1;;;;;1
26/10/2011;01:44:00;48;sem vítima;125;BR-101/SC;Norte;Colisão Lateral;1;2;;;;;1
26/10/2011;15:02:00;389;sem vítima;217;BR-101/SC;Sul;Saida de Pista;1;1;;;;;1
26/10/2011;09:28:00;229;sem vítima;635;BR-376/PR;Sul;Choque - Outros;1;1;;;;;1
26/10/2011;11:51:00;300;sem vítima;666;BR-376/PR;Sul;Colisão Lateral;2;2;;;;;1
26/10/2011;13:06:00;342;sem vítima;670,5;BR-376/PR;Sul;Colisão Lateral;2;2;;;;;1
27/10/2011;02:53:00;65;sem vítima;34;BR-101/SC;Sul;Choque - Defensa, barreira ou "submarino";1;1;;;;;1
27/10/2011;10:12:00;260;sem vítima;92,5;BR-116/PR;Sul;Saida de Pista;1;1;;;;;1
27/10/2011;02:32:00;68;sem vítima;151;BR-101/SC;Norte;Choque - Objeto sobre a pista;1;1;;;;;1
27/10/2011;06:19:00;133;sem vítima;157;BR-101/SC;Sul;Choque - Suporte de Sinalização;1;1;;;;;1
27/10/2011;03:06:00;67;sem vítima;641;BR-376/PR;Norte;Colisão Traseira;1;2;;;;;1
27/10/2011;11:24:00;292;sem vítima;663,7999877929688;BR-376/PR;Sul;Colisão Traseira;1;2;;;;;1
27/10/2011;00:38:00;13;sem vítima;664;BR-376/PR;Norte;Colisão Traseira;2;2;;;;;1
28/10/2011;23:12:00;600;sem vítima;22,299999237060547;BR-101/SC;Norte;Saida de Pista;1;1;;;;;1
28/10/2011;16:11:00;418;sem vítima;29;BR-101/SC;Norte;Colisão Lateral;1;3;;;;;1
28/10/2011;17:38:00;467;sem vítima;79,30000305175781;BR-101/SC;Sul;Colisão Traseira;2;3;;;;;1
28/10/2011;07:41:00;152;com vítima;84;BR-101/SC;Sul;Colisão Lateral;1;2;1;;;;1
28/10/2011;08:48:00;196;sem vítima;99,5;BR-116/PR;Norte;Colisão Traseira;1;2;;;;;1
28/10/2011;17:47:00;471;sem vítima;111;BR-101/SC;Sul;Colisão Lateral;1;2;;;;;1
28/10/2011;06:49:00;125;com vítima;113,19999694824219;BR-101/SC;Sul;Atropelamento - Ciclista;1;1;;;;1;3
28/10/2011;11:00:00;272;sem vítima;116,0999984741211;BR-101/SC;Norte;Colisão Lateral;1;2;;;;;1
28/10/2011;06:59:00;128;sem vítima;118,5;BR-101/SC;Sul;Colisão Traseira;1;2;;;;;1
28/10/2011;05:49:00;107;sem vítima;145,10000610351562;BR-101/SC;Norte;Colisão Traseira;2;2;;;;;1
28/10/2011;06:29:00;113;sem vítima;210;BR-101/SC;Norte;Colisão Traseira;1;2;;;;;1
28/10/2011;02:46:00;62;sem vítima;618;BR-376/PR;Norte;Colisão Lateral;1;2;;;;;1
28/10/2011;19:33:00;521;sem vítima;631,5999755859375;BR-376/PR;Sul;Colisão Lateral;1;3;;;;;1
28/10/2011;01:00:00;34;sem vítima;651,7000122070312;BR-376/PR;Sul;Colisão Lateral;1;2;;;;;1
28/10/2011;07:09:00;136;sem vítima;667,5;BR-376/PR;Sul;Colisão Traseira;3;4;;;;;1
28/10/2011;03:37:00;67;com vítima;669;BR-376/PR;Sul;Tombamento;1;0;1;;;;1
28/10/2011;19:05:00;507;sem vítima;674;BR-376/PR;Sul;Saida de Pista;1;1;;;;;1
29/10/2011;03:14:00;53;sem vítima;1,350000023841858;BR-101/SC;Norte;Colisão Lateral;1;2;;;;;1
29/10/2011;17:08:00;426;sem vítima;6;BR-101/SC;Sul;Colisão Lateral;1;2;;;;;1
29/10/2011;10:27:00;257;sem vítima;129;BR-101/SC;Norte;Colisão Lateral;1;2;;;;;1
29/10/2011;19:00:00;477;com vítima;139,1999969482422;BR-101/SC;Sul;Colisão Traseira;1;2;1;;;;1
29/10/2011;23:05:00;556;sem vítima;617,5;BR-376/PR;Sul;Colisão Lateral;2;2;;;;;1
29/10/2011;16:56:00;423;sem vítima;671,7999877929688;BR-376/PR;Sul;Colisão Lateral;1;2;;;;;1
30/10/2011;16:07:00;374;sem vítima;81;BR-101/SC;Sul;Colisão Lateral;1;2;;;;;1
30/10/2011;10:55:00;243;sem vítima;157;BR-101/SC;Norte;Colisão Traseira;1;4;;;;;1
30/10/2011;21:39:00;510;sem vítima;635;BR-376/PR;Norte;Colisão Traseira;1;2;;;;;1
30/10/2011;21:43:00;527;sem vítima;635;BR-376/PR;Norte;Colisão Lateral;1;2;;;;;1
31/10/2011;09:00:00;210;sem vítima;122;BR-101/SC;Norte;Outros;1;1;;;;;1
31/10/2011;09:08:00;213;sem vítima;124;BR-101/SC;Norte;Colisão Traseira;1;2;;;;;1
31/10/2011;16:33:00;418;com vítima;150;BR-101/SC;Norte;Colisão Traseira;1;1;3;;;;1
31/10/2011;17:35:00;442;sem vítima;174,5;BR-101/SC;Norte;Tombamento;2;3;;;;;1
31/10/2011;11:43:00;280;sem vítima;195;BR-101/SC;Norte;Engavetamento;3;3;;;;;1
31/10/2011;17:52:00;449;sem vítima;205,39999389648438;BR-101/SC;Sul;Colisão Lateral;1;2;;;;;1
31/10/2011;12:42:00;300;com vítima;660,2000122070312;BR-376/PR;Sul;Saida de Pista;1;1;1;;;;1
01/11/2011;00:34:00;13;sem vítima;25,200000762939453;BR-101/SC;Sul;Choque - Defensa, barreira ou "submarino";1;1;;;;;1
01/11/2011;14:40:00;334;sem vítima;40,70000076293945;BR-101/SC;Sul;Choque - Defensa, barreira ou "submarino";1;1;;;;;1
01/11/2011;02:18:00;43;sem vítima;81,30000305175781;BR-116/PR;Norte;Saida de Pista;1;1;;;;;1
01/11/2011;11:56:00;273;sem vítima;117;BR-101/SC;Norte;Colisão Transversal;1;2;;;;;1
01/11/2011;14:25:00;328;com vítima;122,69999694824219;BR-101/SC;Norte;Colisão Traseira;1;1;;1;;;2
01/11/2011;10:02:00;226;sem vítima;134;BR-101/SC;Sul;Colisão Lateral;1;2;;;;;1
01/11/2011;13:39:00;311;sem vítima;168,6999969482422;BR-101/SC;Sul;Colisão Traseira;1;2;;;;;1
01/11/2011;04:20:00;80;com vítima;178,8000030517578;BR-101/SC;Sul;Colisão Traseira;1;1;1;;;;1
01/11/2011;14:03:00;318;com vítima;208;BR-101/SC;Norte;Engavetamento;2;7;1;;;;1
01/11/2011;16:55:00;395;sem vítima;673;BR-376/PR;Sul;Saida de Pista;1;1;;;;;1
01/11/2011;08:23:00;173;sem vítima;679,2999877929688;BR-376/PR;Sul;Saida de Pista;1;1;;;;;1
02/11/2011;22:29:00;496;sem vítima;30;BR-101/SC;Norte;Colisão Frontal;1;2;;;;;1
02/11/2011;11:34:00;251;sem vítima;195,5;BR-101/SC;Norte;Choque - Defensa, barreira ou "submarino";1;1;;;;;1
02/11/2011;14:05:00;314;sem vítima;213,8000030517578;BR-101/SC;Norte;Colisão Traseira;1;3;;;;;1
02/11/2011;20:06:00;457;sem vítima;626,5;BR-376/PR;Norte;Colisão Traseira;1;3;;;;;1
02/11/2011;18:14:00;422;sem vítima;664,5;BR-376/PR;Norte;Colisão Traseira;1;2;;;;;1
03/11/2011;06:48:00;94;sem vítima;79;BR-101/SC;Norte;Colisão Traseira;2;4;;;;;1
03/11/2011;08:16:00;137;sem vítima;111;BR-116/PR;Norte;Colisão Lateral;1;2;;;;;1
03/11/2011;09:15:00;174;com vítima;113;BR-116/PR;Norte;Engavetamento;2;2;1;;;;1
03/11/2011;05:09:00;74;sem vítima;117;BR-101/SC;Norte;Colisão Traseira;1;2;;;;;1
03/11/2011;00:42:00;14;com vítima;148,1999969482422;BR-101/SC;Norte;Colisão Traseira;1;1;;;;1;3
03/11/2011;10:49:00;224;sem vítima;204;BR-101/SC;Norte;Colisão Lateral;1;2;;;;;1
03/11/2011;18:17:00;427;com vítima;210,5;BR-101/SC;Norte;Queda de Moto;1;1;;1;;;2
03/11/2011;18:46:00;440;sem vítima;617,4000244140625;BR-376/PR;Sul;Colisão Lateral;1;2;;;;;1
03/11/2011;11:10:00;233;sem vítima;619;BR-376/PR;Norte;Colisão Traseira;2;2;;;;;1
03/11/2011;13:36:00;286;sem vítima;671,2999877929688;BR-376/PR;Sul;Saida de Pista;1;1;;;;;1