data;horario;n_da_ocorrencia;tipo_de_ocorrencia;km;trecho;sentido;tipo_de_acidente;caminhao;ilesos;levemente_feridos;moderadamente_feridos;gravemente_feridos;mortos;3
09/12/2011;07:14:00;117;sem vítima;144,5;BR-101/SC;Sul;Colisão Lateral;1;3;;;;;1
09/12/2011;18:21:00;438;sem vítima;174,8000030517578;BR-101/SC;Sul;Saida de Pista;1;1;;;;;1
09/12/2011;17:23:00;406;sem vítima;205,1999969482422;BR-101/SC;Sul;Colisão Lateral;1;2;;;;;1
09/12/2011;12:54:00;281;sem vítima;206;BR-101/SC;Norte;Colisão Traseira;1;2;;;;;1
09/12/2011;21:10:00;485;sem vítima;645,2000122070312;BR-376/PR;Norte;Choque - Defensa, barreira ou "submarino";2;3;;;;;1
09/12/2011;08:24:00;149;sem vítima;671,2000122070312;BR-376/PR;Sul;Saida de Pista;1;1;;;;;1
10/12/2011;19:45:00;427;sem vítima;4;BR-101/SC;Norte;Colisão Traseira;1;2;;;;;1
10/12/2011;14:22:00;288;com vítima;43;BR-101/SC;Sul;Colisão Traseira;3;3;;2;;;2
10/12/2011;16:10:00;332;sem vítima;79;BR-101/SC;Sul;Colisão Traseira;2;2;;;;;1
10/12/2011;11:28:00;222;sem vítima;153,6999969482422;BR-101/SC;Norte;Saida de Pista;1;1;;;;;1
10/12/2011;16:07:00;328;sem vítima;220;BR-101/SC;Norte;Colisão Traseira;1;2;;;;;1
11/12/2011;06:46:00;87;sem vítima;14;BR-101/SC;Sul;Colisão Lateral;1;2;;;;;1
11/12/2011;19:13:00;379;com vítima;182;BR-101/SC;Sul;Colisão Lateral;1;2;1;;;;1
11/12/2011;02:50:00;41;sem vítima;197;BR-101/SC;Sul;Colisão Lateral;1;2;;;;;1
11/12/2011;10:54:00;187;com vítima;660;BR-376/PR;Norte;Tombamento;1;0;;1;;;2
11/12/2011;13:07:00;231;sem vítima;667;BR-376/PR;Sul;Saida de Pista;1;1;;;;;1
11/12/2011;12:09:00;216;com vítima;668;BR-376/PR;Norte;Colisão Traseira;1;1;;1;;;2
12/12/2011;10:40:00;252;sem vítima;30;BR-101/SC;Sul;Colisão Lateral;1;2;;;;;1
12/12/2011;22:10:00;557;com vítima;58;BR-101/SC;Sul;Colisão Traseira;2;1;1;;;;1
12/12/2011;21:57:00;554;sem vítima;98,4000015258789;BR-116/PR;Sul;Saida de Pista;1;1;;;;;1
12/12/2011;11:54:00;283;sem vítima;119;BR-101/SC;Norte;Colisão Traseira;1;2;;;;;1
12/12/2011;17:19:00;448;sem vítima;142;BR-101/SC;Sul;Colisão Lateral;1;2;;;;;1
12/12/2011;15:18:00;375;sem vítima;184;BR-101/SC;Sul;Colisão Traseira;1;2;;;;;1
12/12/2011;18:16:00;475;sem vítima;203,1999969482422;BR-101/SC;Norte;Colisão Traseira;1;2;;;;;1
12/12/2011;15:14:00;370;com vítima;644,5;BR-376/PR;Sul;Colisão Lateral;1;1;;;1;;2
13/12/2011;14:06:00;340;com vítima;8;BR-101/SC;Norte;Saida de Pista;1;0;;2;;;2
13/12/2011;18:48:00;456;sem vítima;44;BR-101/SC;Sul;Saida de Pista;1;1;;;;;1
13/12/2011;19:04:00;459;sem vítima;44;BR-101/SC;Sul;Colisão Lateral;1;6;;;;;1
13/12/2011;19:30:00;480;sem vítima;48,5;BR-101/SC;Norte;Engavetamento;1;4;;;;;1
13/12/2011;01:27:00;22;sem vítima;75,0999984741211;BR-116/PR;Sul;Choque - Defensa, barreira ou "submarino";1;1;;;;;1
13/12/2011;09:35:00;209;com vítima;92;BR-101/SC;Norte;Colisão Lateral;1;1;1;;;;1
13/12/2011;13:13:00;317;sem vítima;102,9000015258789;BR-116/PR;Sul;Saida de Pista;1;1;;;;;1
13/12/2011;15:14:00;365;sem vítima;107;BR-101/SC;Sul;Choque - Defensa, barreira ou "submarino";1;2;;;;;1
13/12/2011;19:17:00;468;sem vítima;117,5;BR-101/SC;Norte;Choque - Defensa, barreira ou "submarino";1;1;;;;;1
13/12/2011;14:01:00;339;sem vítima;121,69999694824219;BR-101/SC;Sul;Colisão Traseira;1;2;;;;;1
13/12/2011;06:37:00;100;com vítima;135,5;BR-101/SC;Sul;Outros;1;1;1;;;;1
13/12/2011;18:08:00;441;com vítima;213;BR-101/SC;Norte;Engavetamento;2;3;;1;;;2
13/12/2011;21:04:00;509;sem vítima;615;BR-376/PR;Sul;Colisão Traseira;1;2;;;;;1
13/12/2011;10:38:00;245;sem vítima;643;BR-376/PR;Sul;Colisão Lateral;1;2;;;;;1
13/12/2011;14:00:00;338;sem vítima;661,5;BR-376/PR;Sul;Saida de Pista;1;1;;;;;1
13/12/2011;03:39:00;54;com vítima;670,7000122070312;BR-376/PR;Norte;Saida de Pista;1;0;;1;;;2
14/12/2011;23:54:00;482;sem vítima;1,350000023841858;BR-101/SC;Sul;Choque - Cancela de Pedagio;1;1;;;;;1
14/12/2011;13:08:00;249;com vítima;59,5;BR-101/SC;Sul;Colisão Traseira;1;1;1;;;;1
14/12/2011;18:12:00;376;com vítima;98,69999694824219;BR-116/PR;Sul;Saida de Pista;2;3;1;;;;1
14/12/2011;09:45:00;159;sem vítima;105,9000015258789;BR-116/PR;Sul;Colisão Lateral;1;2;;;;;1
14/12/2011;16:55:00;343;sem vítima;116;BR-101/SC;Norte;Engavetamento;3;6;;;;;1
14/12/2011;04:02:00;46;sem vítima;635;BR-376/PR;Sul;Saida de Pista;1;1;;;;;1
14/12/2011;09:07:00;142;sem vítima;651,4000244140625;BR-376/PR;Sul;Saida de Pista;1;1;;;;;1
15/12/2011;00:05:00;2;sem vítima;3;BR-101/SC;Sul;Saida de Pista;1;1;;;;;1
15/12/2011;15:58:00;349;sem vítima;21;BR-101/SC;Norte;Saida de Pista;1;1;;;;;1
15/12/2011;15:11:00;323;sem vítima;35;BR-101/SC;Norte;Colisão Traseira;1;2;;;;;1
15/12/2011;15:37:00;339;sem vítima;35,099998474121094;BR-101/SC;Sul;Colisão Traseira;1;2;;;;;1
15/12/2011;16:05:00;356;sem vítima;79,4000015258789;BR-101/SC;Sul;Colisão Traseira;1;2;;;;;1
15/12/2011;17:11:00;383;sem vítima;107;BR-116/PR;Norte;Colisão Traseira;2;2;;;;;1
15/12/2011;15:36:00;337;sem vítima;117;BR-101/SC;Sul;Colisão Traseira;2;2;;;;;1
15/12/2011;15:20:00;330;sem vítima;118,30000305175781;BR-101/SC;Norte;Engavetamento;1;3;;;;;1
15/12/2011;12:22:00;239;sem vítima;126,5;BR-101/SC;Norte;Colisão Traseira;1;2;;;;;1
15/12/2011;09:44:00;168;sem vítima;151;BR-101/SC;Sul;Colisão Traseira;2;3;;;;;1
15/12/2011;11:20:00;211;sem vítima;206,8000030517578;BR-101/SC;Sul;Colisão Lateral;1;2;;;;;1
15/12/2011;11:37:00;218;sem vítima;623;BR-376/PR;Sul;Engavetamento;3;5;;;;;1
15/12/2011;07:27:00;105;sem vítima;670,7999877929688;BR-376/PR;Sul;Tombamento;1;1;;;;;1
15/12/2011;05:36:00;71;sem vítima;671,2000122070312;BR-376/PR;Sul;Saida de Pista;1;1;;;;;1
15/12/2011;10:22:00;194;sem vítima;678;BR-376/PR;Sul;Saida de Pista;1;2;;;;;1
16/12/2011;19:34:00;502;sem vítima;133;BR-101/SC;Norte;Colisão Traseira;2;2;;;;;1
16/12/2011;09:41:00;210;sem vítima;197,5;BR-101/SC;Norte;Engavetamento;1;3;;;;;1
16/12/2011;17:34:00;445;sem vítima;205,39999389648438;BR-101/SC;Sul;Colisão Traseira;1;2;;;;;1
16/12/2011;03:46:00;56;sem vítima;662;BR-376/PR;Sul;Tombamento;1;1;;;;;1
17/12/2011;06:23:00;97;sem vítima;79;BR-116/PR;Norte;Colisão Traseira;1;7;;;;;1
17/12/2011;17:04:00;432;sem vítima;109;BR-116/PR;Norte;Colisão Lateral;1;2;;;;;1
17/12/2011;06:12:00;95;sem vítima;140;BR-101/SC;Sul;Colisão Traseira;1;2;;;;;1
18/12/2011;10:24:00;206;sem vítima;188;BR-101/SC;Sul;Colisão Traseira;1;2;;;;;1
18/12/2011;09:00:00;179;sem vítima;191;BR-101/SC;Sul;Tombamento;1;1;;;;;1
18/12/2011;11:15:00;228;sem vítima;635,2999877929688;BR-376/PR;Sul;Colisão Lateral;1;3;;;;;1
18/12/2011;05:10:00;92;com vítima;651;BR-376/PR;Sul;Colisão Lateral;1;1;;2;;;2
19/12/2011;11:41:00;223;sem vítima;111,9000015258789;BR-101/SC;Sul;Colisão Traseira;2;2;;;;;1
19/12/2011;08:00:00;129;com vítima;135;BR-101/SC;Norte;Colisão Traseira;1;1;;2;;;2
19/12/2011;10:55:00;209;sem vítima;151,1999969482422;BR-101/SC;Norte;Colisão Traseira;1;6;;;;;1
19/12/2011;13:50:00;285;sem vítima;174,89999389648438;BR-101/SC;Sul;Colisão Traseira;1;2;;;;;1
19/12/2011;07:42:00;116;sem vítima;213,89999389648438;BR-101/SC;Norte;Colisão Transversal;1;2;;;;;1
19/12/2011;09:53:00;185;sem vítima;635;BR-376/PR;Sul;Colisão Lateral;1;2;;;;;1
19/12/2011;13:44:00;281;com vítima;679;BR-376/PR;Sul;Tombamento;1;0;;;1;;2
20/12/2011;19:32:00;523;sem vítima;79;BR-101/SC;Norte;Colisão Traseira;1;2;;;;;1
20/12/2011;09:32:00;225;sem vítima;103,19999694824219;BR-116/PR;Sul;Colisão Traseira;2;3;;;;;1
20/12/2011;08:11:00;178;com vítima;109;BR-116/PR;Sul;Engavetamento;3;3;1;;;;1
20/12/2011;08:24:00;186;sem vítima;109;BR-116/PR;Sul;Colisão Traseira;1;1;;;;;1
20/12/2011;06:31:00;112;sem vítima;114;BR-116/PR;Norte;Saida de Pista;1;3;;;;;1
20/12/2011;21:33:00;565;com vítima;193;BR-101/SC;Sul;Atropelamento - Morador;1;2;;;;1;3
20/12/2011;17:36:00;465;sem vítima;204;BR-101/SC;Norte;Engavetamento;1;3;;;;;1
20/12/2011;07:32:00;145;sem vítima;219,8000030517578;BR-101/SC;Sul;Colisão Traseira;1;3;;;;;1
20/12/2011;07:45:00;155;sem vítima;614,4000244140625;BR-376/PR;Norte;Colisão Traseira;1;2;;;;;1
20/12/2011;07:10:00;132;sem vítima;622,4000244140625;BR-376/PR;Sul;Tombamento;1;2;;;;;1
21/12/2011;12:51:00;298;com vítima;1;BR-101/SC;Norte;Colisão Traseira;2;4;1;;;;1
21/12/2011;21:16:00;532;sem vítima;3;BR-101/SC;Sul;Choque - Defensa, barreira ou "submarino";1;1;;;;;1
21/12/2011;16:34:00;414;sem vítima;79,5;BR-101/SC;Sul;Colisão Lateral;2;2;;;;;1
21/12/2011;06:15:00;102;com vítima;89,5;BR-101/SC;Norte;Atropelamento - Morador;1;1;;;;1;3
21/12/2011;23:02:00;555;sem vítima;124;BR-101/SC;Sul;Saida de Pista;1;1;;;;;1
21/12/2011;09:55:00;213;sem vítima;207;BR-101/SC;Sul;Colisão Traseira;2;2;;;;;1
21/12/2011;12:29:00;290;com vítima;626,4000244140625;BR-376/PR;Norte;Colisão Lateral;1;1;1;;;;1
21/12/2011;10:07:00;222;sem vítima;670;BR-376/PR;Sul;Colisão Traseira;1;2;;;;;1
21/12/2011;07:56:00;145;sem vítima;672,7999877929688;BR-376/PR;Sul;Colisão Traseira;1;3;;;;;1
22/12/2011;10:19:00;224;sem vítima;33;BR-101/SC;Sul;Colisão Traseira;2;2;;;;;1
22/12/2011;16:45:00;414;com vítima;71;BR-101/SC;Sul;Engavetamento;1;3;2;;;;1
22/12/2011;08:16:00;173;sem vítima;74,80000305175781;BR-101/SC;Norte;Tombamento;1;1;;;;;1
22/12/2011;17:06:00;423;sem vítima;112,19999694824219;BR-101/SC;Sul;Engavetamento;3;4;;;;;1
22/12/2011;10:32:00;229;com vítima;119;BR-101/SC;Norte;Colisão Lateral;1;3;5;;;;1
22/12/2011;09:49:00;213;sem vítima;121;BR-101/SC;Sul;Engavetamento;1;4;;;;;1
22/12/2011;20:33:00;522;sem vítima;619,5999755859375;BR-376/PR;Sul;Colisão Traseira;1;2;;;;;1
22/12/2011;07:28:00;147;sem vítima;655;BR-376/PR;Norte;Colisão Traseira;1;4;;;;;1
23/12/2011;20:29:00;532;sem vítima;75;BR-101/SC;Sul;Colisão Traseira;1;2;;;;;1
23/12/2011;04:02:00;76;com vítima;94;BR-116/PR;Sul;Colisão Traseira;3;2;;1;;;2
23/12/2011;05:36:00;102;com vítima;94,9000015258789;BR-101/SC;Sul;Tombamento;2;2;2;;;;1
23/12/2011;09:57:00;206;sem vítima;208;BR-101/SC;Sul;Colisão Lateral;1;2;;;;;1
23/12/2011;16:08:00;401;sem vítima;651,2999877929688;BR-376/PR;Norte;Engavetamento;1;5;;;;;1
23/12/2011;10:47:00;226;sem vítima;671,2000122070312;BR-376/PR;Sul;Colisão Traseira;2;3;;;;;1
23/12/2011;18:42:00;489;sem vítima;671,2000122070312;BR-376/PR;Sul;Saida de Pista;1;1;;;;;1
24/12/2011;18:30:00;433;sem vítima;12;BR-101/SC;Sul;Saida de Pista;1;1;;;;;1
24/12/2011;06:58:00;127;sem vítima;123;BR-101/SC;Sul;Colisão Traseira;1;2;;;;;1
25/12/2011;17:05:00;266;sem vítima;129,8000030517578;BR-101/SC;Sul;Engavetamento;1;3;;;;;1
25/12/2011;13:35:00;196;sem vítima;140,89999389648438;BR-101/SC;Sul;Colisão Traseira;1;2;;;;;1
25/12/2011;10:40:00;137;com vítima;616;BR-376/PR;Norte;Colisão Traseira;1;1;1;;;;1
26/12/2011;19:40:00;444;sem vítima;46,79999923706055;BR-101/SC;Sul;Colisão Traseira;1;2;;;;;1
26/12/2011;14:10:00;305;com vítima;106;BR-116/PR;Norte;Colisão Traseira;1;1;1;;;;1
26/12/2011;13:08:00;278;sem vítima;121;BR-101/SC;Sul;Engavetamento;1;4;;;;;1
26/12/2011;13:42:00;295;sem vítima;151;BR-101/SC;Sul;Colisão Traseira;1;3;;;;;1
26/12/2011;19:24:00;438;sem vítima;659;BR-376/PR;Sul;Saida de Pista;1;1;;;;;1
27/12/2011;17:56:00;473;sem vítima;88,5;BR-101/SC;Sul;Engavetamento;1;6;;;;;1
27/12/2011;13:13:00;278;sem vítima;92;BR-101/SC;Sul;Colisão Traseira;1;2;;;;;1
27/12/2011;22:08:00;481;sem vítima;96;BR-101/SC;Sul;Colisão Traseira;1;2;;;;;1
27/12/2011;14:14:00;301;sem vítima;105,30000305175781;BR-116/PR;Norte;Colisão Traseira;1;2;;;;;1
27/12/2011;09:57:00;205;sem vítima;134;BR-101/SC;Norte;Colisão Lateral;1;2;;;;;1
27/12/2011;09:20:00;182;com vítima;666,5;BR-376/PR;Norte;Tombamento;2;1;;1;;;2
28/12/2011;15:27:00;256;sem vítima;32;BR-101/SC;Norte;Saida de Pista;1;1;;;;;1
28/12/2011;03:20:00;32;com vítima;128,8000030517578;BR-101/SC;Sul;Colisão Traseira;1;2;;1;1;;2
28/12/2011;14:00:00;222;sem vítima;136;BR-101/SC;Sul;Colisão Lateral;1;2;;;;;1
28/12/2011;01:50:00;17;sem vítima;139,1999969482422;BR-101/SC;Sul;Choque - Defensa, barreira ou "submarino";1;1;;;;;1
28/12/2011;02:25:00;21;sem vítima;140,60000610351562;BR-101/SC;Sul;Saida de Pista;1;2;;;;;1
28/12/2011;11:22:00;167;com vítima;208;BR-101/SC;Sul;Colisão Lateral;1;1;1;;;;1
28/12/2011;16:21:00;281;sem vítima;635,4000244140625;BR-376/PR;Sul;Colisão Lateral;1;2;;;;;1
28/12/2011;01:24:00;12;sem vítima;635,5;BR-376/PR;Sul;Colisão Lateral;1;3;;;;;1
28/12/2011;10:28:00;149;com vítima;665;BR-376/PR;Sul;Tombamento;1;1;2;;;;1
28/12/2011;23:44:00;434;sem vítima;681;BR-376/PR;Norte;Colisão Lateral;2;2;;;;;1
29/12/2011;11:38:00;216;sem vítima;11,800000190734863;BR-101/SC;Norte;Colisão Traseira;2;2;;;;;1
29/12/2011;12:35:00;241;sem vítima;13;BR-101/SC;Norte;Colisão Traseira;1;2;;;;;1
29/12/2011;16:34:00;334;sem vítima;81;BR-101/SC;Sul;Engavetamento;2;2;;;;;1
29/12/2011;17:28:00;366;sem vítima;100,5;BR-101/SC;Norte;Colisão Traseira;1;2;;;;;1
29/12/2011;21:15:00;451;sem vítima;101;BR-101/SC;Sul;Colisão Lateral;2;3;;;;;1
29/12/2011;19:18:00;417;com vítima;102;BR-101/SC;Sul;Colisão Traseira;1;1;;1;;;2
29/12/2011;11:18:00;207;sem vítima;111;BR-101/SC;Sul;Colisão Traseira;1;2;;;;;1
29/12/2011;10:18:00;188;sem vítima;111,80000305175781;BR-101/SC;Sul;Colisão Traseira;2;2;;;;;1
29/12/2011;15:20:00;307;sem vítima;615;BR-376/PR;Sul;Colisão Frontal;1;2;;;;;1
29/12/2011;19:03:00;408;com vítima;658;BR-376/PR;Sul;Capotamento;1;3;2;;;;1
30/12/2011;16:33:00;352;sem vítima;2;BR-101/SC;Sul;Colisão Lateral;1;2;;;;;1
30/12/2011;10:53:00;209;sem vítima;154,8000030517578;BR-101/SC;Sul;Saida de Pista;1;1;;;;;1
30/12/2011;18:39:00;415;com vítima;155;BR-101/SC;Norte;Colisão Frontal;1;2;1;;;;1
30/12/2011;08:23:00;138;sem vítima;197,5;BR-101/SC;Sul;Choque - Objeto sobre a pista;2;4;;;;;1
30/12/2011;04:02:00;58;sem vítima;669;BR-376/PR;Sul;Tombamento;1;1;;;;;1
30/12/2011;20:33:00;446;com vítima;670,5;BR-376/PR;Sul;Colisão Traseira;1;1;;;1;;2
31/12/2011;06:02:00;106;sem vítima;6;BR-101/SC;Sul;Colisão Traseira;1;2;;;;;1
31/12/2011;07:38:00;135;com vítima;75,30000305175781;BR-101/SC;Sul;Colisão Lateral;1;2;1;;;;1
31/12/2011;12:30:00;244;sem vítima;205;BR-101/SC;Sul;Tombamento;1;1;;;;;1
31/12/2011;08:43:00;144;sem vítima;679;BR-376/PR;Sul;Colisão Lateral;1;2;;;;;1
01/01/2012;16:06:00;307;com vítima;637,5;BR-376/PR;Norte;Colisão Traseira;1;7;3;;1;;2
02/01/2012;12:39:00;299;sem vítima;1,350000023841858;BR-101/SC;Sul;Colisão Lateral;1;2;;;;;1
02/01/2012;14:45:00;367;sem vítima;156,89999389648438;BR-101/SC;Norte;Colisão Traseira;1;2;;;;;1
02/01/2012;11:35:00;271;sem vítima;651,5999755859375;BR-376/PR;Norte;Colisão Traseira;1;3;;;;;1
02/01/2012;07:50:00;164;com vítima;665;BR-376/PR;Norte;Tombamento;1;0;1;;;;1
03/01/2012;05:37:00;100;sem vítima;41;BR-101/SC;Norte;Choque - Defensa, barreira ou "submarino";1;1;;;;;1
03/01/2012;08:40:00;163;sem vítima;123,30000305175781;BR-101/SC;Norte;Choque - Poste;1;1;;;;;1
03/01/2012;13:10:00;271;sem vítima;157;BR-101/SC;Norte;Colisão Traseira;1;2;;;;;1
03/01/2012;21:24:00;490;sem vítima;220;BR-101/SC;Norte;Colisão Traseira;1;2;;;;;1
04/01/2012;10:50:00;221;sem vítima;62,099998474121094;BR-101/SC;Sul;Colisão Traseira;1;2;;;;;1
04/01/2012;19:56:00;466;sem vítima;79;BR-101/SC;Norte;Colisão Traseira;1;2;;;;;1
04/01/2012;06:29:00;97;com vítima;93;BR-116/PR;Norte;Engavetamento;2;3;;1;;;2
04/01/2012;08:47:00;182;sem vítima;123,5;BR-101/SC;Norte;Engavetamento;1;3;;;;;1
04/01/2012;23:49:00;535;sem vítima;184,6999969482422;BR-101/SC;Sul;Choque - Outros;2;2;;;;;1
05/01/2012;10:11:00;169;sem vítima;14,199999809265137;BR-101/SC;Norte;Colisão Traseira;2;2;;;;;1
05/01/2012;01:51:00;23;com vítima;92,19999694824219;BR-101/SC;Sul;Colisão Traseira;1;1;1;1;;;2
05/01/2012;08:33:00;131;sem vítima;125,5999984741211;BR-101/SC;Norte;Outros;1;1;;;;;1
05/01/2012;14:24:00;274;sem vítima;193,3000030517578;BR-101/SC;Sul;Outros;1;1;;;;;1
05/01/2012;19:08:00;398;sem vítima;211,5;BR-101/SC;Sul;Colisão Traseira;1;2;;;;;1
05/01/2012;14:02:00;268;sem vítima;219;BR-101/SC;Sul;Colisão Traseira;1;2;;;;;1
05/01/2012;16:57:00;355;sem vítima;671,1599731445312;BR-376/PR;Norte;Colisão Traseira;2;3;;;;;1
05/01/2012;21:59:00;446;sem vítima;672,4000244140625;BR-376/PR;Sul;Choque - Defensa, barreira ou "submarino";2;2;;;;;1
06/01/2012;16:30:00;326;sem vítima;9,5;BR-101/SC;Sul;Colisão Traseira;1;3;;;;;1
06/01/2012;20:52:00;420;sem vítima;102,5999984741211;BR-116/PR;Sul;Colisão Traseira;1;2;;;;;1
06/01/2012;08:35:00;136;sem vítima;114,80000305175781;BR-116/PR;Norte;Colisão Traseira;1;2;;;;;1
06/01/2012;00:02:00;2;com vítima;121;BR-101/SC;Norte;Colisão Traseira;1;2;;;1;;2
06/01/2012;21:48:00;436;sem vítima;131,5;BR-101/SC;Norte;Colisão Lateral;1;2;;;;;1
06/01/2012;08:13:00;122;sem vítima;163,10000610351562;BR-101/SC;Sul;Choque - Defensa, barreira ou "submarino";1;2;;;;;1
06/01/2012;04:56:00;72;sem vítima;203;BR-101/SC;Norte;Saida de Pista;1;1;;;;;1
06/01/2012;06:40:00;89;sem vítima;638,5999755859375;BR-376/PR;Norte;Colisão Lateral;1;2;;;;;1
06/01/2012;21:10:00;428;sem vítima;651,5;BR-376/PR;Sul;Colisão Traseira;2;3;;;;;1
06/01/2012;11:58:00;193;sem vítima;654;BR-376/PR;Sul;Colisão Lateral;1;3;;;;;1
06/01/2012;19:43:00;404;sem vítima;655,7000122070312;BR-376/PR;Sul;Colisão Traseira;1;2;;;;;1
06/01/2012;16:26:00;324;sem vítima;658;BR-376/PR;Sul;Tombamento;1;2;;;;;1
07/01/2012;17:16:00;364;sem vítima;1,350000023841858;BR-101/SC;Norte;Colisão Traseira;1;2;;;;;1
07/01/2012;05:56:00;87;com vítima;72;BR-116/PR;Norte;Colisão Traseira;1;2;3;;;;1
07/01/2012;08:46:00;156;sem vítima;106;BR-116/PR;Norte;Saida de Pista;1;2;;;;;1
07/01/2012;12:29:00;245;sem vítima;120;BR-101/SC;Norte;Colisão Traseira;1;2;;;;;1
07/01/2012;11:01:00;213;sem vítima;128,6999969482422;BR-101/SC;Norte;Colisão Traseira;2;3;;;;;1
07/01/2012;06:06:00;88;sem vítima;131;BR-101/SC;Norte;Colisão Lateral;1;2;;;;;1
07/01/2012;11:33:00;222;sem vítima;197;BR-101/SC;Norte;Colisão Traseira;1;3;;;;;1
07/01/2012;09:56:00;188;sem vítima;644,2000122070312;BR-376/PR;Norte;Colisão Lateral;1;2;;;;;1
07/01/2012;14:06:00;282;sem vítima;672;BR-376/PR;Sul;Colisão Traseira;1;2;;;;;1
08/01/2012;12:49:00;219;sem vítima;146;BR-101/SC;Sul;Colisão Lateral;1;2;;;;;1
08/01/2012;18:03:00;319;sem vítima;183;BR-101/SC;Sul;Colisão Traseira;1;5;;;;;1
08/01/2012;14:42:00;250;sem vítima;629;BR-376/PR;Norte;Colisão Lateral;1;2;;;;;1
09/01/2012;12:05:00;231;sem vítima;1,350000023841858;BR-101/SC;Sul;Colisão Lateral;2;2;;;;;1
09/01/2012;16:59:00;340;sem vítima;124;BR-101/SC;Sul;Saida de Pista;1;2;;;;;1
09/01/2012;06:42:00;89;com vítima;176;BR-101/SC;Norte;Tombamento;1;0;;;;1;3
09/01/2012;13:05:00;258;com vítima;638,5;BR-376/PR;Norte;Colisão Lateral;1;1;;;1;;2
09/01/2012;23:06:00;438;sem vítima;671,2000122070312;BR-376/PR;Sul;Colisão Lateral;2;2;;;;;1
10/01/2012;08:16:00;136;sem vítima;1,350000023841858;BR-101/SC;Sul;Colisão Traseira;1;2;;;;;1
10/01/2012;19:36:00;412;sem vítima;118,80000305175781;BR-101/SC;Sul;Colisão Lateral;1;2;;;;;1
10/01/2012;16:17:00;337;sem vítima;615,5;BR-376/PR;Sul;Colisão Lateral;1;2;;;;;1
11/01/2012;15:23:00;295;sem vítima;30;BR-101/SC;Sul;Saida de Pista;1;1;;;;;1
11/01/2012;06:35:00;96;com vítima;41;BR-101/SC;Norte;Choque - Defensa, barreira ou "submarino";1;2;2;;;;1
11/01/2012;13:48:00;254;com vítima;97,80000305175781;BR-116/PR;Sul;Saida de Pista;1;0;;1;;;2
11/01/2012;13:52:00;257;sem vítima;98;BR-116/PR;Sul;;1;1;;;;;1
11/01/2012;11:28:00;210;sem vítima;111;BR-101/SC;Norte;Choque - Defensa, barreira ou "submarino";1;1;;;;;1
11/01/2012;02:54:00;48;com vítima;193;BR-101/SC;Sul;Tombamento;1;1;1;1;;;2
11/01/2012;23:48:00;495;sem vítima;639,5;BR-376/PR;Norte;Choque - Defensa, barreira ou "submarino";1;1;;;;;1
11/01/2012;08:45:00;140;sem vítima;671,2000122070312;BR-376/PR;Sul;Saida de Pista;1;1;;;;;1
12/01/2012;15:49:00;375;sem vítima;81;BR-116/PR;Norte;Colisão Lateral;1;2;;;;;1
12/01/2012;16:08:00;389;sem vítima;174,10000610351562;BR-101/SC;Sul;Saida de Pista;1;1;;;;;1
12/01/2012;15:29:00;362;sem vítima;219;BR-101/SC;Sul;Colisão Traseira;1;3;;;;;1
12/01/2012;10:27:00;233;sem vítima;651,4000244140625;BR-376/PR;Norte;Colisão Traseira;1;2;;;;;1
13/01/2012;15:22:00;378;sem vítima;51;BR-101/SC;Sul;Outros;1;1;;;;;1
13/01/2012;11:48:00;277;sem vítima;101,0999984741211;BR-116/PR;Norte;Colisão Lateral;1;4;;;;;1
13/01/2012;20:55:00;518;sem vítima;117;BR-101/SC;Sul;Colisão Traseira;1;2;;;;;1
13/01/2012;11:14:00;259;sem vítima;188;BR-101/SC;Sul;Tombamento;1;1;;;;;1
13/01/2012;13:16:00;326;sem vítima;197;BR-101/SC;Sul;Colisão Lateral;1;2;;;;;1
13/01/2012;17:07:00;421;sem vítima;668;BR-376/PR;Norte;Colisão Traseira;2;2;;;;;1
13/01/2012;17:01:00;418;sem vítima;671,2000122070312;BR-376/PR;Sul;Saida de Pista;1;1;;;;;1
13/01/2012;09:18:00;192;sem vítima;681;BR-376/PR;Norte;Colisão Traseira;1;4;;;;;1
14/01/2012;07:50:00;107;sem vítima;10;BR-101/SC;Sul;Colisão Traseira;2;3;;;;;1
14/01/2012;11:43:00;199;sem vítima;117,69999694824219;BR-101/SC;Norte;Colisão Traseira;1;3;;;;;1
14/01/2012;08:28:00;127;sem vítima;157,39999389648438;BR-101/SC;Norte;Choque - Suporte de Sinalização;1;1;;;;;1
14/01/2012;05:24:00;69;sem vítima;200,89999389648438;BR-101/SC;Norte;Colisão Traseira;1;2;;;;;1
14/01/2012;07:22:00;93;sem vítima;664,5;BR-376/PR;Sul;Colisão Lateral;1;2;;;;;1
14/01/2012;09:11:00;139;com vítima;666,2999877929688;BR-376/PR;Sul;Colisão Traseira;1;3;1;;;;1
14/01/2012;19:36:00;388;sem vítima;672,7999877929688;BR-376/PR;Sul;Saida de Pista;1;1;;;;;1
16/01/2012;20:37:00;434;com vítima;129,3000030517578;BR-101/SC;Norte;Queda de Moto;1;2;;1;;;2
16/01/2012;03:59:00;60;sem vítima;177,6999969482422;BR-101/SC;Norte;Colisão Traseira;1;2;;;;;1