data;horario;n_da_ocorrencia;tipo_de_ocorrencia;km;trecho;sentido;tipo_de_acidente;caminhao;ilesos;levemente_feridos;moderadamente_feridos;gravemente_feridos;mortos;3
16/01/2012;23:21:00;467;sem vítima;189;BR-101/SC;Norte;Engavetamento;2;4;;;;;1
16/01/2012;19:11:00;406;sem vítima;208;BR-101/SC;Sul;Saida de Pista;1;1;;;;;1
16/01/2012;06:34:00;89;sem vítima;211;BR-101/SC;Norte;Colisão Lateral;1;4;;;;;1
16/01/2012;20:10:00;425;sem vítima;655,7999877929688;BR-376/PR;Norte;Tombamento;1;3;;;;;1
17/01/2012;00:23:00;5;com vítima;100;BR-116/PR;Norte;Colisão Traseira;2;1;;;1;;2
17/01/2012;07:59:00;93;com vítima;106;BR-116/PR;Norte;Colisão Traseira;2;1;1;;;;1
17/01/2012;12:30:00;206;sem vítima;109;BR-116/PR;Norte;Colisão Traseira;1;2;;;;;1
17/01/2012;12:36:00;213;sem vítima;109;BR-116/PR;Sul;Colisão Traseira;1;2;;;;;1
17/01/2012;10:43:00;153;sem vítima;123;BR-101/SC;Norte;Colisão Traseira;1;2;;;;;1
17/01/2012;11:35:00;175;sem vítima;136;BR-101/SC;Norte;Colisão Traseira;1;2;;;;;1
17/01/2012;07:11:00;79;sem vítima;665;BR-376/PR;Sul;Saida de Pista;1;1;;;;;1
17/01/2012;04:37:00;49;sem vítima;670,9000244140625;BR-376/PR;Norte;Tombamento;1;1;;;;;1
18/01/2012;10:08:00;199;sem vítima;114;BR-101/SC;Norte;Colisão Lateral;2;2;;;;;1
18/01/2012;09:35:00;178;sem vítima;157,39999389648438;BR-101/SC;Sul;Colisão Traseira;1;7;;;;;1
18/01/2012;09:54:00;192;sem vítima;189,1999969482422;BR-101/SC;Sul;Colisão Lateral;2;2;;;;;1
18/01/2012;02:31:00;52;com vítima;191;BR-101/SC;Sul;Choque - Objeto sobre a pista;1;1;;1;;;2
18/01/2012;14:42:00;314;sem vítima;618;BR-376/PR;Sul;Colisão Lateral;1;2;;;;;1
18/01/2012;13:20:00;281;sem vítima;644,0999755859375;BR-376/PR;Sul;Tombamento;1;1;;;;;1
18/01/2012;09:32:00;175;sem vítima;655;BR-376/PR;Sul;Saida de Pista;1;1;;;;;1
18/01/2012;09:54:00;191;com vítima;666;BR-376/PR;Sul;Colisão Traseira;3;2;;2;1;;2
18/01/2012;13:48:00;293;sem vítima;671,2000122070312;BR-376/PR;Sul;Colisão Traseira;1;2;;;;;1
19/01/2012;01:43:00;45;sem vítima;65;BR-101/SC;Sul;Saida de Pista;1;1;;;;;1
19/01/2012;09:22:00;193;sem vítima;140;BR-101/SC;Sul;Colisão Traseira;1;3;;;;;1
19/01/2012;15:46:00;357;sem vítima;219;BR-101/SC;Norte;Colisão Traseira;1;2;;;;;1
19/01/2012;19:15:00;433;com vítima;627;BR-376/PR;Norte;Colisão Lateral;1;1;;1;;;2
19/01/2012;13:21:00;291;sem vítima;662;BR-376/PR;Norte;Engavetamento;1;4;;;;;1
20/01/2012;11:11:00;218;sem vítima;25;BR-101/SC;Norte;Capotamento;1;2;;;;;1
20/01/2012;15:07:00;310;sem vítima;99;BR-101/SC;Sul;Choque - Defensa, barreira ou "submarino";1;1;;;;;1
20/01/2012;10:26:00;204;sem vítima;111;BR-101/SC;Sul;Colisão Traseira;2;2;;;;;1
20/01/2012;13:10:00;263;sem vítima;113;BR-101/SC;Norte;Choque - Objeto sobre a pista;1;2;;;;;1
20/01/2012;09:40:00;196;sem vítima;117,9000015258789;BR-101/SC;Norte;Colisão Traseira;1;2;;;;;1
20/01/2012;08:06:00;138;sem vítima;121;BR-101/SC;Norte;Colisão Traseira;1;2;;;;;1
20/01/2012;11:00:00;216;sem vítima;135,8000030517578;BR-101/SC;Norte;Colisão Traseira;1;2;;;;;1
20/01/2012;08:55:00;172;sem vítima;670,5;BR-376/PR;Sul;Colisão Lateral;2;2;;;;;1
21/01/2012;09:36:00;217;sem vítima;79,6500015258789;BR-101/SC;Sul;Colisão Lateral;1;2;;;;;1
21/01/2012;09:41:00;219;sem vítima;79,6500015258789;BR-101/SC;Sul;Colisão Lateral;1;3;;;;;1
21/01/2012;09:48:00;224;sem vítima;79,6500015258789;BR-101/SC;Sul;Colisão Lateral;1;3;;;;;1
21/01/2012;09:42:00;220;com vítima;136;BR-101/SC;Sul;Colisão Lateral;1;1;1;;;;1
21/01/2012;12:03:00;278;sem vítima;645;BR-376/PR;Norte;Colisão Lateral;1;3;;;;;1
21/01/2012;14:47:00;359;com vítima;648;BR-376/PR;Norte;Colisão Traseira;2;1;;;1;;2
21/01/2012;17:33:00;426;com vítima;668;BR-376/PR;Sul;Colisão Traseira;1;2;;;1;;2
22/01/2012;16:01:00;325;com vítima;40,5;BR-101/SC;Norte;Colisão Lateral;1;2;2;;;;1
22/01/2012;11:36:00;208;sem vítima;114,80000305175781;BR-116/PR;Norte;Colisão Lateral;2;4;;;;;1
22/01/2012;14:35:00;279;sem vítima;124;BR-101/SC;Sul;Choque - Defensa, barreira ou "submarino";1;7;;;;;1
22/01/2012;18:00:00;371;sem vítima;157;BR-101/SC;Norte;Choque - Defensa, barreira ou "submarino";1;1;;;;;1
22/01/2012;06:13:00;90;sem vítima;157,39999389648438;BR-101/SC;Norte;Choque - Cancela de Pedagio;1;1;;;;;1
22/01/2012;09:31:00;160;sem vítima;165;BR-101/SC;Sul;Choque - Objeto sobre a pista;1;1;;;;;1
22/01/2012;11:33:00;205;sem vítima;198;BR-101/SC;Norte;Colisão Traseira;1;2;;;;;1
22/01/2012;15:54:00;322;sem vítima;638;BR-376/PR;Norte;Saida de Pista;1;1;;;;;1
22/01/2012;11:05:00;191;sem vítima;665;BR-376/PR;Sul;Saida de Pista;1;1;;;;;1
23/01/2012;11:49:00;246;com vítima;41;BR-101/SC;Norte;Tombamento;1;0;;;1;;2
23/01/2012;23:51:00;511;sem vítima;56,5;BR-101/SC;Norte;Tombamento;1;1;;;;;1
23/01/2012;08:52:00;172;com vítima;97,4000015258789;BR-116/PR;Sul;Saida de Pista;1;1;1;;;;1
23/01/2012;20:21:00;460;sem vítima;125,5;BR-101/SC;Sul;Tombamento;1;1;;;;;1
23/01/2012;12:29:00;258;sem vítima;197;BR-101/SC;Sul;Choque - Outros;1;2;;;;;1
23/01/2012;07:52:00;145;sem vítima;206;BR-101/SC;Sul;Engavetamento;1;3;;;;;1
23/01/2012;10:58:00;233;sem vítima;678;BR-376/PR;Sul;Colisão Traseira;1;2;;;;;1
24/01/2012;15:01:00;286;sem vítima;17;BR-101/SC;Norte;Capotamento;1;2;;;;;1
24/01/2012;19:38:00;395;sem vítima;71;BR-101/SC;Norte;Saida de Pista;1;2;;;;;1
24/01/2012;11:14:00;202;sem vítima;93,19999694824219;BR-116/PR;Norte;Colisão Lateral;1;2;;;;;1
24/01/2012;21:33:00;437;sem vítima;100;BR-101/SC;Norte;Saida de Pista;1;1;;;;;1
24/01/2012;08:39:00;127;sem vítima;109,30000305175781;BR-116/PR;Norte;Saida de Pista;1;3;;;;;1
24/01/2012;21:02:00;431;sem vítima;144,39999389648438;BR-101/SC;Norte;Colisão Traseira;1;2;;;;;1
24/01/2012;17:18:00;342;sem vítima;150;BR-101/SC;Sul;Colisão Transversal;2;2;;;;;1
24/01/2012;02:07:00;25;sem vítima;175,10000610351562;BR-101/SC;Sul;Choque - Defensa, barreira ou "submarino";1;1;;;;;1
24/01/2012;17:06:00;336;sem vítima;206,6999969482422;BR-101/SC;Sul;Choque - Defensa, barreira ou "submarino";1;1;;;;;1
24/01/2012;08:36:00;125;sem vítima;209;BR-101/SC;Norte;Outros;1;1;;;;;1
24/01/2012;07:28:00;93;com vítima;215;BR-101/SC;Norte;Colisão Transversal;1;1;1;;;;1
24/01/2012;08:36:00;126;sem vítima;219,8000030517578;BR-101/SC;Norte;Colisão Traseira;1;2;;;;;1
24/01/2012;20:15:00;413;sem vítima;619;BR-376/PR;Sul;Colisão Traseira;1;3;;;;;1
24/01/2012;05:11:00;63;sem vítima;637;BR-376/PR;Norte;Choque - Defensa, barreira ou "submarino";1;1;;;;;1
25/01/2012;16:54:00;348;sem vítima;105;BR-116/PR;Sul;Colisão Traseira;1;2;;;;;1
25/01/2012;18:31:00;391;com vítima;114,0999984741211;BR-101/SC;Norte;Engavetamento;1;3;1;;;;1
25/01/2012;14:36:00;293;sem vítima;118;BR-101/SC;Sul;Colisão Traseira;1;2;;;;;1
25/01/2012;07:36:00;117;sem vítima;137,5;BR-101/SC;Sul;Colisão Transversal;1;3;;;;;1
25/01/2012;10:58:00;224;sem vítima;189,8000030517578;BR-101/SC;Norte;Colisão Traseira;2;2;;;;;1
25/01/2012;10:43:00;215;sem vítima;195;BR-101/SC;Sul;Colisão Lateral;1;2;;;;;1
26/01/2012;15:02:00;314;sem vítima;102;BR-101/SC;Sul;Colisão Traseira;2;2;;;;;1
26/01/2012;14:07:00;298;sem vítima;109,19999694824219;BR-116/PR;Sul;Tombamento;1;1;;;;;1
26/01/2012;14:24:00;303;sem vítima;138,1999969482422;BR-101/SC;Norte;Colisão Traseira;2;3;;;;;1
26/01/2012;13:09:00;271;sem vítima;157,39999389648438;BR-101/SC;Norte;Colisão Traseira;1;3;;;;;1
26/01/2012;14:37:00;305;sem vítima;157,39999389648438;BR-101/SC;Norte;Colisão Traseira;1;2;;;;;1
26/01/2012;08:59:00;138;com vítima;203,3000030517578;BR-101/SC;Sul;Engavetamento;1;4;1;;;;1
26/01/2012;09:28:00;159;sem vítima;629,0999755859375;BR-376/PR;Sul;Colisão Frontal;1;5;;;;;1
26/01/2012;09:55:00;173;sem vítima;635;BR-376/PR;Norte;Colisão Traseira;2;2;;;;;1
26/01/2012;06:02:00;71;sem vítima;635,4000244140625;BR-376/PR;Norte;Choque - Defensa, barreira ou "submarino";1;1;;;;;1
26/01/2012;12:50:00;264;sem vítima;673;BR-376/PR;Sul;Choque - Suporte de Sinalização;1;2;;;;;1
26/01/2012;13:01:00;267;sem vítima;673;BR-376/PR;Sul;Choque - Defensa, barreira ou "submarino";1;1;;;;;1
27/01/2012;11:08:00;187;sem vítima;1,350000023841858;BR-101/SC;Sul;Colisão Traseira;2;2;;;;;1
27/01/2012;08:00:00;120;sem vítima;199;BR-101/SC;Sul;Colisão Transversal;1;2;;;;;1
28/01/2012;10:45:00;196;sem vítima;88,5;BR-116/PR;Norte;Outros;1;2;;;;;1
28/01/2012;16:19:00;324;com vítima;92;BR-101/SC;Norte;Colisão Traseira;1;1;;1;;;2
28/01/2012;11:01:00;203;sem vítima;100,80000305175781;BR-101/SC;Sul;Colisão Traseira;1;2;;;;;1
28/01/2012;17:12:00;340;com vítima;105,5;BR-116/PR;Norte;Colisão Lateral;1;2;1;;;;1
29/01/2012;19:21:00;347;sem vítima;94;BR-116/PR;Norte;Colisão Traseira;1;2;;;;;1
29/01/2012;17:30:00;288;sem vítima;95;BR-101/SC;Norte;Colisão Traseira;1;2;;;;;1
29/01/2012;15:54:00;270;sem vítima;145,9499969482422;BR-101/SC;Norte;Tombamento;2;4;;;;;1
29/01/2012;08:48:00;146;com vítima;206;BR-101/SC;Norte;Outros;1;2;1;;;;1
29/01/2012;10:48:00;180;com vítima;658;BR-376/PR;Norte;Colisão Traseira;1;1;1;;;;1
30/01/2012;22:56:00;533;sem vítima;48,70000076293945;BR-101/SC;Norte;Tombamento;2;4;;;;;1
30/01/2012;14:37:00;313;sem vítima;69,5;BR-101/SC;Sul;Colisão Traseira;1;2;;;;;1
30/01/2012;17:04:00;388;sem vítima;80;BR-101/SC;Sul;Colisão Traseira;1;2;;;;;1
30/01/2012;19:43:00;461;sem vítima;105;BR-101/SC;Sul;Tombamento;1;1;;;;;1
30/01/2012;16:11:00;358;sem vítima;112;BR-101/SC;Norte;Colisão Traseira;2;2;;;;;1
30/01/2012;14:41:00;315;sem vítima;614,4000244140625;BR-376/PR;Sul;Colisão Lateral;2;3;;;;;1
30/01/2012;13:22:00;285;com vítima;623;BR-376/PR;Sul;Colisão Lateral;1;1;2;2;;;2
31/01/2012;10:07:00;180;sem vítima;51,400001525878906;BR-101/SC;Sul;Engavetamento;1;3;;;;;1
31/01/2012;18:55:00;423;sem vítima;79;BR-101/SC;Sul;Colisão Traseira;2;2;;;;;1
31/01/2012;07:43:00;93;sem vítima;90;BR-116/PR;Sul;Colisão Traseira;1;2;;;;;1
31/01/2012;08:54:00;145;sem vítima;117,30000305175781;BR-101/SC;Sul;Colisão Lateral;1;2;;;;;1
31/01/2012;07:28:00;89;sem vítima;157,39999389648438;BR-101/SC;Sul;Colisão Traseira;1;2;;;;;1
31/01/2012;16:53:00;366;sem vítima;157,39999389648438;BR-101/SC;Sul;Colisão Traseira;2;2;;;;;1
31/01/2012;08:39:00;130;sem vítima;209,5;BR-101/SC;Norte;Colisão Lateral;1;2;;;;;1
01/02/2012;14:06:00;327;sem vítima;79,4000015258789;BR-101/SC;Norte;Choque - Defensa, barreira ou "submarino";1;1;;;;;1
01/02/2012;08:35:00;147;sem vítima;109;BR-101/SC;Norte;Colisão Lateral;1;2;;;;;1
01/02/2012;11:47:00;265;sem vítima;111;BR-116/PR;Sul;Colisão Lateral;1;2;;;;;1
01/02/2012;20:20:00;488;com vítima;207;BR-101/SC;Sul;Colisão Lateral;1;1;1;;;;1
01/02/2012;19:07:00;459;sem vítima;617;BR-376/PR;Sul;Colisão Lateral;1;2;;;;;1
01/02/2012;15:11:00;343;sem vítima;635,5;BR-376/PR;Sul;Colisão Lateral;1;2;;;;;1
01/02/2012;05:52:00;82;sem vítima;675;BR-376/PR;Sul;Colisão Lateral;2;4;;;;;1
02/02/2012;15:14:00;309;sem vítima;85;BR-101/SC;Sul;Colisão Traseira;2;2;;;;;1
02/02/2012;08:29:00;130;sem vítima;101;BR-116/PR;Sul;Tombamento;1;1;;;;;1
02/02/2012;11:53:00;241;sem vítima;124;BR-101/SC;Norte;Engavetamento;1;4;;;;;1
02/02/2012;08:14:00;123;sem vítima;217;BR-101/SC;Norte;Colisão Traseira;1;3;;;;;1
02/02/2012;07:59:00;115;com vítima;615;BR-376/PR;Sul;Tombamento;1;1;1;;;;1
03/02/2012;16:26:00;363;com vítima;42;BR-101/SC;Sul;Engavetamento;3;3;;1;;;2
03/02/2012;19:46:00;433;sem vítima;56,099998474121094;BR-101/SC;Sul;Saida de Pista;1;1;;;;;1
03/02/2012;15:15:00;334;com vítima;115,69999694824219;BR-101/SC;Norte;Atropelamento - Funcionário;1;1;1;;;;1
03/02/2012;00:28:00;9;com vítima;135,1999969482422;BR-101/SC;Sul;Colisão Traseira;1;3;;;3;;2
03/02/2012;16:12:00;356;com vítima;179;BR-101/SC;Sul;Colisão Traseira;1;1;;;1;;2
03/02/2012;11:22:00;239;sem vítima;217;BR-101/SC;Norte;Colisão Lateral;1;2;;;;;1
04/02/2012;06:08:00;86;sem vítima;89;BR-116/PR;Sul;Colisão Lateral;1;2;;;;;1
04/02/2012;03:50:00;61;sem vítima;665;BR-376/PR;Norte;Saida de Pista;1;1;;;;;1
05/02/2012;20:41:00;439;sem vítima;86;BR-101/SC;Norte;Colisão Lateral;1;3;;;;;1
05/02/2012;15:25:00;281;sem vítima;91,5;BR-101/SC;Sul;Colisão Lateral;1;2;;;;;1
05/02/2012;23:32:00;509;sem vítima;100;BR-101/SC;Norte;Colisão Traseira;1;2;;;;;1
05/02/2012;16:40:00;319;com vítima;137,1999969482422;BR-101/SC;Norte;Colisão Traseira;1;1;;;2;;2
05/02/2012;10:08:00;163;sem vítima;157;BR-101/SC;Norte;Colisão Lateral;1;3;;;;;1
06/02/2012;09:45:00;163;sem vítima;66,30000305175781;BR-101/SC;Norte;Capotamento;1;2;;;;;1
06/02/2012;10:09:00;179;sem vítima;84,80000305175781;BR-116/PR;Norte;Colisão Traseira;1;2;;;;;1
06/02/2012;13:58:00;267;sem vítima;101;BR-116/PR;Norte;Colisão Lateral;1;2;;;;;1
06/02/2012;06:35:00;88;com vítima;145;BR-101/SC;Norte;Colisão Traseira;2;3;2;;;;1
06/02/2012;23:00:00;489;sem vítima;189;BR-101/SC;Norte;Colisão Lateral;1;3;;;;;1
06/02/2012;16:55:00;353;com vítima;191;BR-101/SC;Sul;Colisão Traseira;1;1;;1;;;2
06/02/2012;06:31:00;86;sem vítima;219,8000030517578;BR-101/SC;Norte;Colisão Traseira;1;2;;;;;1
06/02/2012;00:16:00;6;sem vítima;664;BR-376/PR;Sul;Colisão Traseira;1;7;;;;;1
07/02/2012;08:03:00;121;sem vítima;1,350000023841858;BR-101/SC;Sul;Choque - Defensa, barreira ou "submarino";1;1;;;;;1
07/02/2012;16:28:00;382;sem vítima;1,350000023841858;BR-101/SC;Norte;Colisão Traseira;1;4;;;;;1
07/02/2012;10:44:00;205;com vítima;48;BR-101/SC;Norte;Tombamento;2;1;1;;;;1
07/02/2012;19:34:00;454;sem vítima;93;BR-101/SC;Norte;Colisão Traseira;1;2;;;;;1
07/02/2012;09:34:00;178;sem vítima;124,5;BR-101/SC;Sul;Colisão Traseira;1;2;;;;;1
07/02/2012;07:20:00;100;sem vítima;639,7999877929688;BR-376/PR;Sul;Choque - Objeto sobre a pista;1;2;;;;;1
07/02/2012;00:50:00;13;com vítima;644,5999755859375;BR-376/PR;Norte;Colisão Traseira;1;1;1;;;;1
07/02/2012;02:15:00;42;com vítima;667,5;BR-376/PR;Sul;Tombamento;1;0;;1;;;2
08/02/2012;02:36:00;27;sem vítima;137,8000030517578;BR-101/SC;Norte;Colisão Traseira;2;2;;;;;1
08/02/2012;17:28:00;382;sem vítima;208,5;BR-101/SC;Norte;Colisão Traseira;1;2;;;;;1
08/02/2012;08:21:00;117;sem vítima;219,8000030517578;BR-101/SC;Norte;Choque - Cancela de Pedagio;1;1;;;;;1
08/02/2012;00:36:00;9;sem vítima;655,4000244140625;BR-376/PR;Norte;Saida de Pista;1;1;;;;;1
08/02/2012;11:19:00;212;sem vítima;673;BR-376/PR;Sul;Colisão Transversal;1;3;;;;;1
09/02/2012;10:28:00;208;sem vítima;5;BR-101/SC;Norte;Colisão Lateral;1;2;;;;;1
09/02/2012;21:28:00;478;com vítima;98;BR-101/SC;Norte;Colisão Traseira;1;2;;1;;;2
09/02/2012;12:26:00;257;sem vítima;111,5999984741211;BR-101/SC;Norte;Engavetamento;1;3;;;;;1
09/02/2012;09:48:00;185;sem vítima;206,5;BR-101/SC;Sul;Colisão Traseira;1;2;;;;;1
09/02/2012;10:03:00;193;sem vítima;207;BR-101/SC;Sul;Colisão Traseira;1;2;;;;;1
09/02/2012;17:10:00;396;com vítima;218;BR-101/SC;Norte;Colisão Traseira;1;2;2;;;;1
09/02/2012;17:53:00;414;com vítima;618,2000122070312;BR-376/PR;Sul;Colisão Traseira;1;1;1;;;;1
09/02/2012;07:48:00;122;sem vítima;620;BR-376/PR;Norte;Colisão Lateral;1;3;;;;;1
09/02/2012;15:38:00;355;sem vítima;632,7999877929688;BR-376/PR;Norte;Engavetamento;3;5;;;;;1
09/02/2012;17:12:00;399;com vítima;666;BR-376/PR;Sul;Colisão Traseira;2;1;1;;;;1
10/02/2012;12:49:00;230;sem vítima;1,350000023841858;BR-101/SC;Sul;Colisão Traseira;1;2;;;;;1
10/02/2012;13:39:00;248;sem vítima;4;BR-101/SC;Sul;Colisão Traseira;1;2;;;;;1
10/02/2012;00:37:00;14;sem vítima;66,5;BR-101/SC;Norte;Saida de Pista;1;1;;;;;1
10/02/2012;19:45:00;352;sem vítima;79,4000015258789;BR-101/SC;Sul;Colisão Traseira;1;2;;;;;1
10/02/2012;04:47:00;61;com vítima;88,30000305175781;BR-101/SC;Norte;Tombamento;1;0;;1;;;2
10/02/2012;18:04:00;346;com vítima;111;BR-116/PR;Sul;Colisão Traseira;2;1;;1;;;2
10/02/2012;18:04:00;347;sem vítima;117;BR-101/SC;Norte;Colisão Traseira;1;2;;;;;1
10/02/2012;16:15:00;297;com vítima;119;BR-101/SC;Sul;Colisão Traseira;1;1;1;;;;1
10/02/2012;17:03:00;321;com vítima;124;BR-101/SC;Norte;Colisão Traseira;1;1;2;;;;1
10/02/2012;15:51:00;288;sem vítima;131,6999969482422;BR-101/SC;Norte;Colisão Traseira;1;3;;;;;1
10/02/2012;14:41:00;260;sem vítima;157;BR-101/SC;Sul;Colisão Traseira;2;2;;;;;1
10/02/2012;18:41:00;365;sem vítima;203;BR-101/SC;Norte;Engavetamento;1;4;;;;;1
10/02/2012;19:59:00;390;sem vítima;214;BR-101/SC;Norte;Colisão Traseira;1;2;;;;;1
10/02/2012;15:05:00;268;sem vítima;665,7999877929688;BR-376/PR;Norte;Colisão Traseira;2;2;;;;;1
10/02/2012;10:06:00;157;sem vítima;669;BR-376/PR;Norte;Tombamento;1;1;;;;;1
11/02/2012;12:43:00;270;sem vítima;57,79999923706055;BR-101/SC;Norte;Tombamento;1;1;;;;;1
12/02/2012;01:09:00;8;sem vítima;206;BR-101/SC;Norte;Choque - Defensa, barreira ou "submarino";1;1;;;;;1
12/02/2012;13:12:00;226;sem vítima;681;BR-376/PR;Sul;Choque - Suporte de Sinalização;1;1;;;;;1
13/02/2012;03:35:00;36;sem vítima;106,0999984741211;BR-116/PR;Sul;Colisão Traseira;1;2;;;;;1
13/02/2012;08:30:00;130;sem vítima;219;BR-101/SC;Norte;Colisão Traseira;1;2;;;;;1
13/02/2012;17:20:00;402;sem vítima;219;BR-101/SC;Norte;Colisão Traseira;1;2;;;;;1
14/02/2012;14:41:00;249;sem vítima;66,5;BR-101/SC;Norte;Colisão Traseira;1;2;;;;;1
14/02/2012;22:49:00;421;com vítima;87,5999984741211;BR-116/PR;Sul;Colisão Traseira;2;0;;1;1;;2
14/02/2012;08:07:00;110;sem vítima;109;BR-116/PR;Sul;Saida de Pista;1;2;;;;;1
14/02/2012;13:32:00;237;sem vítima;135,3000030517578;BR-101/SC;Norte;Colisão Traseira;1;2;;;;;1
14/02/2012;13:50:00;254;sem vítima;137,5;BR-101/SC;Norte;Engavetamento;1;3;;;;;1
14/02/2012;08:55:00;131;sem vítima;138,3000030517578;BR-101/SC;Norte;Colisão Lateral;1;2;;;;;1
14/02/2012;06:40:00;74;com vítima;157,39999389648438;BR-101/SC;Sul;Colisão Traseira;1;1;1;;;;1
14/02/2012;16:49:00;323;sem vítima;184;BR-101/SC;Sul;Colisão Traseira;1;1;;;;;1
14/02/2012;05:23:00;63;sem vítima;191;BR-101/SC;Sul;Saida de Pista;1;1;;;;;1
14/02/2012;07:07:00;80;sem vítima;207;BR-101/SC;Sul;Choque - Defensa, barreira ou "submarino";1;1;;;;;1
14/02/2012;11:01:00;175;sem vítima;219,8000030517578;BR-101/SC;Sul;Choque - Outros;1;1;;;;;1
14/02/2012;22:20:00;413;sem vítima;634,4000244140625;BR-376/PR;Norte;Saida de Pista;1;2;;;;;1
15/02/2012;21:42:00;475;sem vítima;14;BR-101/SC;Norte;Colisão Traseira;2;2;;;;;1
15/02/2012;16:29:00;367;sem vítima;54;BR-101/SC;Sul;Saida de Pista;1;2;;;;;1
15/02/2012;05:40:00;81;sem vítima;71,5999984741211;BR-101/SC;Sul;Saida de Pista;1;1;;;;;1
15/02/2012;15:38:00;339;sem vítima;108,9000015258789;BR-116/PR;Sul;Tombamento;3;3;;;;;1
15/02/2012;15:12:00;324;sem vítima;113,5;BR-116/PR;Norte;Tombamento;1;1;;;;;1
15/02/2012;14:40:00;313;sem vítima;114;BR-116/PR;Norte;Engavetamento;3;3;;;;;1
15/02/2012;17:01:00;486;sem vítima;115;BR-116/PR;Norte;Tombamento;2;4;;;;;1
15/02/2012;16:33:00;368;com vítima;130;BR-101/SC;Sul;Saida de Pista;2;2;;2;;;2
15/02/2012;12:44:00;273;sem vítima;207,5;BR-101/SC;Sul;Colisão Traseira;1;2;;;;;1
16/02/2012;10:44:00;149;sem vítima;1;BR-101/SC;Sul;Colisão Traseira;1;2;;;;;1
16/02/2012;14:03:00;273;sem vítima;76;BR-101/SC;Sul;Colisão Lateral;1;2;;;;;1
16/02/2012;00:25:00;5;sem vítima;98,30000305175781;BR-116/PR;Norte;Colisão Lateral;2;2;;;;;1
16/02/2012;08:01:00;137;sem vítima;103;BR-116/PR;Norte;Colisão Traseira;2;3;;;;;1
16/02/2012;18:16:00;377;sem vítima;113;BR-116/PR;Norte;Saida de Pista;1;2;;;;;1
16/02/2012;17:59:00;360;sem vítima;113,5;BR-101/SC;Sul;Colisão Traseira;1;2;;;;;1
16/02/2012;10:40:00;209;sem vítima;219,8000030517578;BR-101/SC;Norte;Choque - Outros;1;1;;;;;1
16/02/2012;19:14:00;403;sem vítima;219,8000030517578;BR-101/SC;Norte;Colisão Transversal;1;4;;;;;1
16/02/2012;22:41:00;452;sem vítima;635;BR-376/PR;Sul;Colisão Traseira;2;2;;;;;1
16/02/2012;09:08:00;163;sem vítima;655,5;BR-376/PR;Norte;Saida de Pista;1;1;;;;;1
16/02/2012;05:13:00;92;sem vítima;665,5999755859375;BR-376/PR;Sul;Colisão Lateral;2;3;;;;;1
17/02/2012;23:48:00;507;sem vítima;131,3000030517578;BR-101/SC;Sul;Colisão Traseira;1;2;;;;;1
17/02/2012;06:38:00;94;sem vítima;139,5;BR-101/SC;Sul;Colisão Lateral;2;7;;;;;1
17/02/2012;15:57:00;334;sem vítima;671,7000122070312;BR-376/PR;Sul;Saida de Pista;1;1;;;;;1
18/02/2012;09:42:00;208;sem vítima;79,6500015258789;BR-101/SC;Sul;Colisão Lateral;1;2;;;;;1
18/02/2012;12:49:00;299;com vítima;105;BR-101/SC;Sul;Engavetamento;1;4;1;;;;1
18/02/2012;13:00:00;303;sem vítima;106;BR-101/SC;Sul;Engavetamento;1;5;;;;;1
18/02/2012;08:57:00;191;sem vítima;122;BR-101/SC;Norte;Colisão Traseira;1;2;;;;;1
18/02/2012;05:13:00;98;sem vítima;166;BR-101/SC;Norte;Outros;1;4;;;;;1
18/02/2012;07:41:00;157;sem vítima;180,39999389648438;BR-101/SC;Sul;Colisão Traseira;1;4;;;;;1
18/02/2012;14:23:00;333;sem vítima;668;BR-376/PR;Sul;Choque - Defensa, barreira ou "submarino";2;2;;;;;1
19/02/2012;10:47:00;218;com vítima;673,9500122070312;BR-376/PR;Sul;Engavetamento;1;4;;1;5;2;3
20/02/2012;13:57:00;277;sem vítima;109;BR-116/PR;Sul;Saida de Pista;1;2;;;;;1
20/02/2012;18:57:00;387;sem vítima;111;BR-116/PR;Sul;Saida de Pista;1;1;;;;;1
20/02/2012;17:00:00;349;sem vítima;114,69999694824219;BR-116/PR;Norte;Tombamento;1;1;;;;;1
20/02/2012;20:31:00;417;sem vítima;177;BR-101/SC;Sul;Tombamento;1;1;;;;;1
20/02/2012;14:09:00;280;sem vítima;678;BR-376/PR;Norte;Colisão Traseira;1;3;;;;;1
21/02/2012;19:21:00;403;sem vítima;80,19999694824219;BR-116/PR;Norte;Colisão Traseira;2;2;;;;;1
21/02/2012;18:05:00;374;com vítima;81;BR-116/PR;Norte;Tombamento;1;0;1;;;;1
21/02/2012;13:58:00;270;sem vítima;118;BR-101/SC;Norte;Colisão Traseira;1;2;;;;;1
21/02/2012;16:44:00;344;sem vítima;184;BR-101/SC;Sul;Engavetamento;1;6;;;;;1
21/02/2012;20:32:00;439;sem vítima;639,5999755859375;BR-376/PR;Sul;Saida de Pista;1;1;;;;;1
21/02/2012;17:30:00;363;sem vítima;648,9000244140625;BR-376/PR;Norte;Colisão Traseira;1;2;;;;;1