data;horario;n_da_ocorrencia;tipo_de_ocorrencia;km;trecho;sentido;tipo_de_acidente;caminhao;ilesos;levemente_feridos;moderadamente_feridos;gravemente_feridos;mortos;3
11/05/2012;01:35:00;34;sem vítima;617,8;BR-376/PR;Norte;Colisão Traseira;2;2;;;;;1
11/05/2012;08:59:00;148;sem vítima;644,551;BR-376/PR;Norte;Colisão Lateral;1;5;;;;;1
11/05/2012;08:44:00;146;sem vítima;645,859;BR-376/PR;Sul;Saida de Pista;1;1;;;;;1
12/05/2012;11:43:00;185;sem vítima;131,5;BR-101/SC;Sul;Engavetamento;1;3;;;;;1
12/05/2012;05:27:00;77;sem vítima;197;BR-101/SC;Norte;Choque - Defensa, barreira ou "submarino";1;2;;;;;1
13/05/2012;21:03:00;352;com vítima;57,35;BR-101/SC;Norte;Colisão Lateral;1;2;;1;;;2
13/05/2012;20:10:00;339;sem vítima;629,445;BR-376/PR;Norte;Tombamento;1;2;;;;;1
14/05/2012;08:00:00;111;sem vítima;37;BR-101/SC;Sul;Colisão Lateral;1;2;;;;;1
14/05/2012;18:09:00;329;sem vítima;39,5;BR-101/SC;Sul;Colisão Traseira;1;2;;;;;1
14/05/2012;13:41:00;234;sem vítima;115;BR-101/SC;Norte;Colisão Traseira;1;2;;;;;1
14/05/2012;12:24:00;215;sem vítima;205;BR-101/SC;Norte;Colisão Traseira;1;2;;;;;1
15/05/2012;07:57:00;99;com vítima;33;BR-101/SC;Norte;Engavetamento;2;3;1;;;;1
15/05/2012;12:00:00;203;sem vítima;78,4;BR-101/SC;Sul;Colisão Lateral;1;3;;;;;1
15/05/2012;08:26:00;111;sem vítima;118;BR-101/SC;Sul;Colisão Lateral;1;2;;;;;1
15/05/2012;22:05:00;366;sem vítima;121,4;BR-101/SC;Sul;Colisão Lateral;1;2;;;;;1
15/05/2012;23:11:00;379;sem vítima;203,1;BR-101/SC;Sul;Colisão Lateral;1;2;;;;;1
15/05/2012;17:43:00;295;sem vítima;617;BR-376/PR;Norte;Colisão Traseira;1;2;;;;;1
15/05/2012;14:19:00;238;sem vítima;665;BR-376/PR;Sul;Saida de Pista;1;1;;;;;1
15/05/2012;14:56:00;250;sem vítima;674;BR-376/PR;Sul;Colisão Traseira;2;2;;;;;1
16/05/2012;18:12:00;282;sem vítima;16,3;BR-101/SC;Norte;Saida de Pista;1;1;;;;;1
16/05/2012;07:43:00;87;com vítima;105,005;BR-116/PR;Norte;Colisão Traseira;1;2;1;;;;1
16/05/2012;13:49:00;200;sem vítima;116,2;BR-101/SC;Norte;Colisão Traseira;1;3;;;;;1
16/05/2012;09:24:00;123;sem vítima;132,3;BR-101/SC;Norte;Colisão Lateral;1;11;;;;;1
16/05/2012;00:13:00;3;sem vítima;646,755;BR-376/PR;Norte;Saida de Pista;1;2;;;;;1
16/05/2012;06:16:00;60;com vítima;651,15;BR-376/PR;Sul;Colisão Traseira;1;2;1;;;;1
16/05/2012;22:19:00;326;sem vítima;673;BR-376/PR;Sul;Colisão Traseira;2;2;;;;;1
16/05/2012;20:01:00;307;sem vítima;673,2;BR-376/PR;Norte;Capotamento;1;2;;;;;1
17/05/2012;16:16:00;299;sem vítima;52,8;BR-101/SC;Sul;Engavetamento;3;3;;;;;1
17/05/2012;12:32:00;222;sem vítima;57;BR-101/SC;Sul;Colisão Traseira;1;2;;;;;1
17/05/2012;11:39:00;203;sem vítima;98,9;BR-116/PR;Sul;Saida de Pista;1;2;;;;;1
17/05/2012;09:34:00;150;sem vítima;136;BR-101/SC;Norte;Colisão Lateral;1;2;;;;;1
17/05/2012;11:25:00;196;sem vítima;136;BR-101/SC;Norte;Colisão Traseira;1;2;;;;;1
17/05/2012;07:33:00;108;sem vítima;157,4;BR-101/SC;Norte;Choque - Cancela de Pedagio;1;1;;;;;1
17/05/2012;18:01:00;329;sem vítima;209,2;BR-101/SC;Sul;Colisão Lateral;1;2;;;;;1
17/05/2012;07:08:00;98;sem vítima;631,5;BR-376/PR;Sul;Colisão Traseira;2;3;;;;;1
17/05/2012;10:47:00;181;sem vítima;667,7;BR-376/PR;Sul;Colisão Traseira;2;2;;;;;1
17/05/2012;07:00:00;92;com vítima;668,5;BR-376/PR;Sul;Engavetamento;2;2;1;;;;1
18/05/2012;01:13:00;17;sem vítima;1,35;BR-101/SC;Norte;Colisão Traseira;2;2;;;;;1
18/05/2012;05:33:00;63;com vítima;71;BR-101/SC;Sul;Colisão Traseira;2;2;;1;;;2
18/05/2012;20:27:00;356;com vítima;104,1;BR-116/PR;Norte;Colisão Frontal;2;2;1;;;;1
18/05/2012;18:38:00;327;sem vítima;106;BR-116/PR;Sul;Saida de Pista;1;1;;;;;1
18/05/2012;20:03:00;347;sem vítima;109,2;BR-116/PR;Norte;Saida de Pista;1;1;;;;;1
18/05/2012;23:05:00;399;sem vítima;112,2;BR-101/SC;Norte;Colisão Lateral;1;2;;;;;1
18/05/2012;00:45:00;12;sem vítima;123;BR-101/SC;Norte;Colisão Traseira;1;2;;;;;1
18/05/2012;14:45:00;248;sem vítima;172,3;BR-101/SC;Sul;Colisão Traseira;2;2;;;;;1
18/05/2012;09:15:00;140;sem vítima;617;BR-376/PR;Norte;Colisão Traseira;2;2;;;;;1
18/05/2012;16:06:00;274;sem vítima;658;BR-376/PR;Norte;Colisão Traseira;1;2;;;;;1
18/05/2012;06:33:00;76;sem vítima;660,55;BR-376/PR;Norte;Tombamento;1;1;;;;;1
18/05/2012;12:55:00;213;sem vítima;666,314;BR-376/PR;Sul;Colisão Traseira;4;4;;;;;1
19/05/2012;11:55:00;214;sem vítima;8;BR-101/SC;Norte;Colisão Lateral;1;2;;;;;1
19/05/2012;09:15:00;155;sem vítima;75;BR-101/SC;Norte;Colisão Lateral;1;2;;;;;1
19/05/2012;05:04:00;81;com vítima;143,7;BR-101/SC;Sul;Colisão Traseira;1;1;1;1;;;2
19/05/2012;07:31:00;119;sem vítima;220;BR-101/SC;Norte;Colisão Traseira;1;2;;;;;1
19/05/2012;23:21:00;385;com vítima;665,047;BR-376/PR;Sul;Colisão Traseira;2;1;;;;1;3
20/05/2012;12:05:00;165;sem vítima;37,1;BR-101/SC;Norte;Choque - Defensa, barreira ou "submarino";1;2;;;;;1
20/05/2012;17:03:00;259;sem vítima;83,5;BR-101/SC;Norte;Colisão Traseira;1;2;;;;;1
20/05/2012;15:11:00;216;sem vítima;99,1;BR-101/SC;Sul;Colisão Lateral;1;3;;;;;1
20/05/2012;07:30:00;88;sem vítima;157,4;BR-101/SC;Norte;Colisão Traseira;1;2;;;;;1
20/05/2012;19:40:00;300;sem vítima;216;BR-101/SC;Sul;Colisão Lateral;1;3;;;;;1
21/05/2012;09:14:00;161;sem vítima;50,2;BR-101/SC;Sul;Colisão Traseira;1;2;;;;;1
21/05/2012;08:55:00;155;sem vítima;105,8;BR-116/PR;Norte;Colisão Traseira;1;4;;;;;1
21/05/2012;08:24:00;133;com vítima;203;BR-101/SC;Sul;Engavetamento;1;3;1;;;;1
21/05/2012;08:32:00;136;sem vítima;210;BR-101/SC;Norte;Colisão Lateral;1;2;;;;;1
21/05/2012;07:17:00;109;sem vítima;214,5;BR-101/SC;Norte;Colisão Lateral;1;2;;;;;1
21/05/2012;18:01:00;331;sem vítima;651,231;BR-376/PR;Norte;Colisão Lateral;1;2;;;;;1
22/05/2012;14:22:00;251;sem vítima;70,3;BR-101/SC;Norte;Colisão Lateral;1;2;;;;;1
22/05/2012;15:53:00;286;sem vítima;152;BR-101/SC;Norte;Colisão Lateral;1;3;;;;;1
22/05/2012;18:38:00;343;com vítima;205;BR-101/SC;Sul;Colisão Lateral;1;1;;;1;;2
22/05/2012;21:52:00;388;sem vítima;671,7;BR-376/PR;Sul;Saida de Pista;1;1;;;;;1
22/05/2012;09:46:00;163;sem vítima;671,8;BR-376/PR;Norte;Colisão Traseira;2;2;;;;;1
23/05/2012;00:36:00;5;sem vítima;82,899;BR-116/PR;Norte;Capotamento;1;2;;;;;1
23/05/2012;11:29:00;184;sem vítima;91,8;BR-116/PR;Sul;Colisão Traseira;2;2;;;;;1
23/05/2012;04:30:00;52;sem vítima;116,3;BR-101/SC;Sul;Saida de Pista;1;1;;;;;1
23/05/2012;13:01:00;201;com vítima;203;BR-101/SC;Sul;Engavetamento;1;3;1;;;;1
23/05/2012;02:26:00;29;sem vítima;616,8;BR-376/PR;Norte;Colisão Lateral;1;2;;;;;1
23/05/2012;19:48:00;331;sem vítima;671;BR-376/PR;Sul;Colisão Traseira;1;2;;;;;1
23/05/2012;00:36:00;6;com vítima;673,98;BR-376/PR;Sul;Colisão Traseira;2;1;;1;;;2
24/05/2012;15:43:00;274;sem vítima;79,8;BR-101/SC;Sul;Colisão Lateral;1;2;;;;;1
24/05/2012;18:41:00;342;com vítima;86,021;BR-101/SC;Norte;Colisão Traseira;2;1;1;;;;1
24/05/2012;16:40:00;301;sem vítima;102,5;BR-101/SC;Sul;Saida de Pista;1;1;;;;;1
24/05/2012;23:28:00;387;sem vítima;112;BR-101/SC;Sul;Colisão Lateral;1;2;;;;;1
24/05/2012;11:21:00;188;sem vítima;157,4;BR-101/SC;Norte;Colisão Traseira;2;2;;;;;1
24/05/2012;19:59:00;355;com vítima;192,3;BR-101/SC;Norte;Tombamento;1;0;1;;;;1
25/05/2012;07:26:00;87;sem vítima;10;BR-101/SC;Norte;Colisão Traseira;2;2;;;;;1
25/05/2012;09:55:00;145;sem vítima;44,9;BR-101/SC;Norte;Saida de Pista;1;2;;;;;1
25/05/2012;10:13:00;153;com vítima;110,05;BR-101/SC;Norte;Saida de Pista;1;0;1;;;;1
25/05/2012;19:35:00;335;com vítima;117,5;BR-101/SC;Sul;Engavetamento;1;3;1;;;;1
25/05/2012;19:13:00;328;sem vítima;120;BR-101/SC;Norte;Colisão Traseira;1;2;;;;;1
25/05/2012;15:01:00;243;com vítima;123;BR-101/SC;Norte;Engavetamento;1;4;1;;;;1
25/05/2012;22:42:00;366;sem vítima;132,2;BR-101/SC;Sul;Colisão Traseira;1;2;;;;;1
25/05/2012;17:31:00;298;sem vítima;203,6;BR-101/SC;Sul;Colisão Lateral;2;2;;;;;1
25/05/2012;16:48:00;274;sem vítima;208;BR-101/SC;Sul;Colisão Traseira;2;2;;;;;1
25/05/2012;13:19:00;207;com vítima;210,5;BR-101/SC;Sul;Colisão Frontal;1;1;;;;1;3
25/05/2012;01:13:00;20;com vítima;215,8;BR-101/SC;Sul;Saida de Pista;1;1;;1;;;2
25/05/2012;04:03:00;54;sem vítima;676,3;BR-376/PR;Sul;Saida de Pista;1;1;;;;;1
26/05/2012;08:56:00;160;com vítima;39,4;BR-101/SC;Norte;Colisão Lateral;1;1;1;;;;1
26/05/2012;05:38:00;95;sem vítima;45;BR-101/SC;Norte;Choque - Defensa, barreira ou "submarino";1;2;;;;;1
26/05/2012;19:42:00;360;sem vítima;120,8;BR-101/SC;Norte;Colisão Traseira;1;2;;;;;1
26/05/2012;10:48:00;190;sem vítima;664,053;BR-376/PR;Sul;Choque - Defensa, barreira ou "submarino";1;1;;;;;1
28/05/2012;13:22:00;230;sem vítima;79;BR-101/SC;Sul;Choque - Cancela de Pedagio;1;2;;;;;1
28/05/2012;16:07:00;305;sem vítima;94,032;BR-116/PR;Sul;Engavetamento;2;3;;;;;1
28/05/2012;07:35:00;131;sem vítima;99,2;BR-116/PR;Norte;Engavetamento;1;3;;;;;1
28/05/2012;08:26:00;129;sem vítima;126,3;BR-101/SC;Sul;Colisão Lateral;1;2;;;;;1
28/05/2012;11:53:00;205;sem vítima;147,6;BR-101/SC;Norte;Engavetamento;1;3;;;;;1
28/05/2012;14:43:00;264;com vítima;147,95;BR-101/SC;Sul;Colisão Lateral;1;1;1;;;;1
29/05/2012;08:31:00;140;sem vítima;24,6;BR-101/SC;Sul;Tombamento;1;1;;;;;1
29/05/2012;21:31:00;388;sem vítima;90;BR-101/SC;Sul;Colisão Traseira;1;2;;;;;1
29/05/2012;14:18:00;250;sem vítima;113,1;BR-116/PR;Norte;Colisão Lateral;1;2;;;;;1
29/05/2012;07:58:00;128;sem vítima;140,49;BR-101/SC;Sul;Choque - Elemento de Drenagem;1;1;;;;;1
29/05/2012;11:47:00;203;sem vítima;665;BR-376/PR;Norte;Colisão Lateral;2;2;;;;;1
30/05/2012;22:32:00;372;sem vítima;33,5;BR-101/SC;Norte;Colisão Lateral;2;2;;;;;1
30/05/2012;13:49:00;257;com vítima;41,7;BR-101/SC;Norte;Engavetamento;3;2;;1;;;2
30/05/2012;06:11:00;96;com vítima;57,6;BR-101/SC;Norte;Tombamento;1;0;2;;;;1
30/05/2012;14:37:00;269;sem vítima;132,25;BR-101/SC;Norte;Colisão Transversal;1;2;;;;;1
30/05/2012;09:17:00;153;sem vítima;205;BR-101/SC;Sul;Colisão Lateral;1;2;;;;;1
30/05/2012;18:51:00;335;com vítima;216;BR-101/SC;Norte;Colisão Traseira;1;1;1;;;;1
31/05/2012;00:44:00;17;sem vítima;5,2;BR-101/SC;Norte;Saida de Pista;1;1;;;;;1
31/05/2012;14:01:00;202;sem vítima;39;BR-101/SC;Sul;Colisão Traseira;2;2;;;;;1
31/05/2012;14:31:00;211;com vítima;73,2;BR-116/PR;Sul;Choque - Defensa, barreira ou "submarino";1;0;;;1;;2
31/05/2012;21:14:00;333;sem vítima;95,8;BR-116/PR;Sul;Saida de Pista;1;1;;;;;1
31/05/2012;17:33:00;278;sem vítima;102;BR-116/PR;Sul;Colisão Traseira;2;3;;;;;1
31/05/2012;19:21:00;304;com vítima;124;BR-101/SC;Norte;Colisão Lateral;1;1;1;;;;1
31/05/2012;16:11:00;247;sem vítima;188;BR-101/SC;Norte;Outros;1;3;;;;;1
31/05/2012;19:03:00;298;sem vítima;629,763;BR-376/PR;Norte;Colisão Lateral;1;3;;;;;1
31/05/2012;15:55:00;240;sem vítima;666;BR-376/PR;Norte;Choque - Elemento de Drenagem;1;1;;;;;1
31/05/2012;15:17:00;226;sem vítima;668;BR-376/PR;Norte;Saida de Pista;1;1;;;;;1
01/06/2012;11:56:00;188;sem vítima;49,9;BR-101/SC;Sul;Colisão Traseira;2;2;;;;;1
01/06/2012;15:08:00;245;sem vítima;111,317;BR-101/SC;Norte;Colisão Traseira;2;3;;;;;1
01/06/2012;21:31:00;383;com vítima;629,504;BR-376/PR;Sul;Colisão Traseira;1;1;;1;;;2
02/06/2012;10:44:00;177;sem vítima;170;BR-101/SC;Sul;Colisão Lateral;1;2;;;;;1
02/06/2012;10:16:00;169;sem vítima;201,4;BR-101/SC;Norte;Engavetamento;1;5;;;;;1
02/06/2012;12:08:00;210;com vítima;204,4;BR-101/SC;Norte;Colisão Lateral;1;1;;1;;;2
02/06/2012;19:38:00;347;sem vítima;204,5;BR-101/SC;Sul;Colisão Lateral;1;2;;;;;1
02/06/2012;17:57:00;320;sem vítima;210;BR-101/SC;Norte;Colisão Lateral;1;2;;;;;1
02/06/2012;10:15:00;168;sem vítima;614,4;BR-376/PR;Sul;Colisão Traseira;1;2;;;;;1
03/06/2012;04:29:00;59;sem vítima;81,777;BR-116/PR;Sul;Saida de Pista;1;1;;;;;1
03/06/2012;03:01:00;45;sem vítima;83,507;BR-116/PR;Sul;Tombamento;1;1;;;;;1
03/06/2012;08:53:00;110;sem vítima;116,3;BR-101/SC;Norte;Colisão Lateral;1;2;;;;;1
03/06/2012;16:21:00;225;sem vítima;157,523;BR-101/SC;Norte;Colisão Lateral;1;2;;;;;1
03/06/2012;15:09:00;192;sem vítima;158,2;BR-101/SC;Norte;Colisão Traseira;1;2;;;;;1
03/06/2012;10:47:00;134;sem vítima;211,4;BR-101/SC;Norte;Colisão Lateral;1;2;;;;;1
03/06/2012;14:08:00;176;sem vítima;219,3;BR-101/SC;Norte;Colisão Lateral;1;2;;;;;1
03/06/2012;23:20:00;335;sem vítima;654,33;BR-376/PR;Norte;Saida de Pista;1;2;;;;;1
03/06/2012;21:39:00;318;com vítima;668,618;BR-376/PR;Sul;Saida de Pista;1;0;1;;;;1
04/06/2012;07:46:00;100;sem vítima;4,727;BR-101/SC;Sul;Tombamento;1;1;;;;;1
04/06/2012;11:11:00;168;sem vítima;41;BR-101/SC;Sul;Colisão Lateral;1;4;;;;;1
04/06/2012;21:16:00;328;sem vítima;49,9;BR-101/SC;Norte;Colisão Lateral;2;2;;;;;1
04/06/2012;09:36:00;138;com vítima;83;BR-101/SC;Norte;Colisão Traseira;1;2;1;;;;1
04/06/2012;15:40:00;240;sem vítima;105,8;BR-116/PR;Norte;Saida de Pista;1;1;;;;;1
04/06/2012;05:01:00;68;sem vítima;131,3;BR-101/SC;Sul;Outros;1;1;;;;;1
04/06/2012;10:00:00;147;sem vítima;204,85;BR-101/SC;Norte;Colisão Traseira;1;2;;;;;1
04/06/2012;01:56:00;29;sem vítima;625,8;BR-376/PR;Sul;Saida de Pista;1;1;;;;;1
04/06/2012;11:13:00;170;sem vítima;650,713;BR-376/PR;Sul;Choque - Defensa, barreira ou "submarino";1;1;;;;;1
04/06/2012;21:29:00;336;com vítima;662,7;BR-376/PR;Sul;Colisão Traseira;2;1;;1;;;2
05/06/2012;06:49:00;56;sem vítima;139,4;BR-101/SC;Sul;Colisão Traseira;1;2;;;;;1
05/06/2012;00:10:00;7;com vítima;202,065;BR-101/SC;Sul;Colisão Lateral;1;1;1;;;;1
05/06/2012;17:17:00;256;sem vítima;209;BR-101/SC;Sul;Colisão Lateral;1;2;;;;;1
05/06/2012;17:18:00;257;sem vítima;209;BR-101/SC;Sul;Colisão Lateral;1;2;;;;;1
05/06/2012;14:11:00;195;sem vítima;666,21;BR-376/PR;Sul;Colisão Traseira;1;2;;;;;1
06/06/2012;18:11:00;348;sem vítima;38,8;BR-101/SC;Sul;Colisão Lateral;1;2;;;;;1
06/06/2012;22:57:00;439;sem vítima;40;BR-101/SC;Sul;Colisão Traseira;2;2;;;;;1
06/06/2012;14:19:00;252;sem vítima;47,95;BR-101/SC;Norte;Colisão Traseira;1;2;;;;;1
06/06/2012;19:01:00;369;sem vítima;117;BR-101/SC;Sul;Colisão Lateral;1;2;;;;;1
06/06/2012;12:08:00;222;sem vítima;118,6;BR-101/SC;Sul;Colisão Traseira;1;2;;;;;1
06/06/2012;08:30:00;138;sem vítima;157,4;BR-101/SC;Norte;Choque - Cancela de Pedagio;1;1;;;;;1
06/06/2012;09:54:00;170;sem vítima;203,9;BR-101/SC;Sul;Colisão Traseira;1;2;;;;;1
06/06/2012;22:54:00;437;sem vítima;614,82;BR-376/PR;Norte;Saida de Pista;1;1;;;;;1
06/06/2012;09:27:00;167;sem vítima;653;BR-376/PR;Sul;Saida de Pista;1;2;;;;;1
07/06/2012;14:52:00;216;sem vítima;27,9;BR-101/SC;Sul;Colisão Traseira;1;2;;;;;1
07/06/2012;09:01:00;136;sem vítima;51,6;BR-101/SC;Sul;Engavetamento;2;5;;;;;1
07/06/2012;00:57:00;12;sem vítima;101,8;BR-116/PR;Sul;Choque - Defensa, barreira ou "submarino";1;1;;;;;1
07/06/2012;17:12:00;272;sem vítima;110,6;BR-116/PR;Norte;Colisão Lateral;1;2;;;;;1
07/06/2012;00:46:00;11;sem vítima;220;BR-101/SC;Sul;Colisão Traseira;1;2;;;;;1
07/06/2012;18:14:00;285;com vítima;618;BR-376/PR;Sul;Colisão Traseira;1;2;1;;;;1
08/06/2012;07:02:00;68;com vítima;57,8;BR-101/SC;Sul;Colisão Lateral;1;2;1;;;;1
08/06/2012;18:41:00;295;com vítima;109,47;BR-101/SC;Norte;Atropelamento - Andarilho;1;2;;;;1;3
08/06/2012;02:50:00;36;sem vítima;157,38;BR-101/SC;Sul;Colisão Lateral;1;2;;;;;1
09/06/2012;21:37:00;325;sem vítima;13,9;BR-101/SC;Sul;Colisão Lateral;1;2;;;;;1
09/06/2012;10:35:00;135;sem vítima;114;BR-101/SC;Sul;Engavetamento;1;3;;;;;1
10/06/2012;20:53:00;336;sem vítima;77;BR-101/SC;Norte;Colisão Lateral;2;2;;;;;1
10/06/2012;02:21:00;34;sem vítima;97,58;BR-116/PR;Sul;Saida de Pista;1;1;;;;;1
10/06/2012;23:21:00;368;sem vítima;129,7;BR-101/SC;Norte;Saida de Pista;1;2;;;;;1
10/06/2012;17:12:00;253;sem vítima;635,48;BR-376/PR;Norte;Objeto lançado contra veículo;1;2;;;;;1
11/06/2012;22:53:00;357;com vítima;98,3;BR-116/PR;Norte;Colisão Traseira;1;1;;;;1;3
11/06/2012;09:31:00;126;sem vítima;113,9;BR-101/SC;Norte;Colisão Lateral;1;2;;;;;1
11/06/2012;16:33:00;274;sem vítima;120,9;BR-101/SC;Norte;Choque - Defensa, barreira ou "submarino";1;3;;;;;1
11/06/2012;18:22:00;307;com vítima;618,913;BR-376/PR;Norte;Atropelamento - Usuário;2;1;1;;;1;3
11/06/2012;11:48:00;179;sem vítima;667,522;BR-376/PR;Sul;Tombamento;1;1;;;;;1
12/06/2012;12:45:00;205;sem vítima;37,911;BR-101/SC;Norte;Colisão Traseira;1;2;;;;;1
12/06/2012;07:34:00;93;sem vítima;42,101;BR-101/SC;Sul;Colisão Transversal;1;2;;;;;1
12/06/2012;12:20:00;197;sem vítima;42,155;BR-101/SC;Sul;Colisão Traseira;2;2;;;;;1
12/06/2012;22:46:00;400;com vítima;44,75;BR-101/SC;Norte;Colisão Lateral;1;1;;;1;;2
12/06/2012;16:11:00;284;sem vítima;57;BR-101/SC;Norte;Colisão Traseira;1;2;;;;;1
12/06/2012;18:37:00;344;sem vítima;123,6;BR-101/SC;Norte;Colisão Lateral;1;2;;;;;1
12/06/2012;22:16:00;394;sem vítima;125,3;BR-101/SC;Norte;Colisão Traseira;1;2;;;;;1
12/06/2012;08:55:00;134;sem vítima;132,18;BR-101/SC;Norte;Colisão Lateral;1;2;;;;;1
12/06/2012;04:39:00;60;com vítima;136,5;BR-101/SC;Sul;Colisão Traseira;1;2;;1;;;2
12/06/2012;15:11:00;257;sem vítima;149,15;BR-101/SC;Sul;Colisão Traseira;1;2;;;;;1
12/06/2012;18:51:00;349;sem vítima;202;BR-101/SC;Sul;Colisão Traseira;2;2;;;;;1
12/06/2012;14:28:00;233;sem vítima;212,196;BR-101/SC;Sul;Colisão Lateral;1;2;;;;;1
13/06/2012;00:01:00;404;sem vítima;10,172;BR-101/SC;Sul;Colisão Lateral;2;2;;;;;1
13/06/2012;15:26:00;269;sem vítima;79,5;BR-101/SC;Sul;Colisão Lateral;1;2;;;;;1
13/06/2012;13:38:00;233;sem vítima;94,076;BR-116/PR;Norte;Colisão Traseira;2;2;;;;;1
13/06/2012;16:05:00;286;com vítima;119,405;BR-101/SC;Norte;Engavetamento;3;2;1;;;;1
13/06/2012;19:12:00;340;sem vítima;120,845;BR-101/SC;Sul;Colisão Traseira;1;2;;;;;1
13/06/2012;09:24:00;143;sem vítima;142,3;BR-101/SC;Norte;Colisão Lateral;1;2;;;;;1
13/06/2012;18:03:00;324;com vítima;199,13;BR-101/SC;Sul;Colisão Traseira;1;1;;2;;;2
13/06/2012;11:35:00;201;com vítima;201,824;BR-101/SC;Norte;Colisão Traseira;1;1;;1;;;2
13/06/2012;04:24:00;69;sem vítima;671,7;BR-376/PR;Sul;Saida de Pista;1;1;;;;;1
13/06/2012;23:17:00;392;com vítima;672,973;BR-376/PR;Sul;Colisão Traseira;2;1;1;;;;1
14/06/2012;21:47:00;333;sem vítima;96,8;BR-101/SC;Sul;Colisão Lateral;1;2;;;;;1
14/06/2012;17:18:00;276;sem vítima;131,673;BR-101/SC;Sul;Colisão Lateral;2;2;;;;;1
14/06/2012;17:33:00;282;com vítima;660,521;BR-376/PR;Norte;Tombamento;3;2;1;;;;1
15/06/2012;12:36:00;208;sem vítima;102,2;BR-116/PR;Sul;Colisão Lateral;2;3;;;;;1
15/06/2012;18:49:00;344;sem vítima;108;BR-116/PR;Sul;Colisão Traseira;1;2;;;;;1
15/06/2012;11:30:00;185;sem vítima;112,1;BR-101/SC;Norte;Colisão Lateral;1;2;;;;;1
15/06/2012;08:09:00;118;sem vítima;164,533;BR-101/SC;Sul;Choque - Objeto sobre a pista;1;2;;;;;1
15/06/2012;08:16:00;138;sem vítima;200,555;BR-101/SC;Sul;Colisão Lateral;1;2;;;;;1
15/06/2012;08:16:00;119;com vítima;203,612;BR-101/SC;Sul;Colisão Traseira;1;1;2;;;;1
15/06/2012;20:00:00;363;sem vítima;637,2;BR-376/PR;Sul;Choque - Outros;1;2;;;;;1
16/06/2012;18:12:00;283;com vítima;71,8;BR-101/SC;Sul;Colisão Lateral;1;1;1;;;;1
16/06/2012;10:00:00;144;sem vítima;79,65;BR-101/SC;Norte;Choque - Cancela de Pedagio;1;2;;;;;1
16/06/2012;19:47:00;308;sem vítima;90,6;BR-116/PR;Sul;Colisão Traseira;1;2;;;;;1
16/06/2012;16:19:00;257;sem vítima;114,876;BR-101/SC;Sul;Choque - Defensa, barreira ou "submarino";1;2;;;;;1
16/06/2012;16:03:00;248;sem vítima;119;BR-101/SC;Sul;Colisão Lateral;2;3;;;;;1
16/06/2012;09:01:00;127;com vítima;126,65;BR-101/SC;Sul;Tombamento;1;2;1;;;;1
16/06/2012;09:15:00;132;sem vítima;615,03;BR-376/PR;Sul;Colisão Lateral;1;2;;;;;1
17/06/2012;18:48:00;264;com vítima;101,1;BR-101/SC;Sul;Engavetamento;1;7;1;3;1;;2
17/06/2012;21:42:00;303;sem vítima;201,9;BR-101/SC;Norte;Colisão Traseira;1;2;;;;;1
17/06/2012;11:05:00;132;com vítima;204,843;BR-101/SC;Norte;Colisão Lateral;1;1;1;;;;1
17/06/2012;19:19:00;267;com vítima;631,83;BR-376/PR;Norte;Colisão Lateral;1;3;1;;;;1
18/06/2012;15:27:00;230;sem vítima;1;BR-101/SC;Sul;Colisão Traseira;1;2;;;;;1
18/06/2012;10:02:00;127;sem vítima;50,9;BR-101/SC;Norte;Colisão Lateral;1;2;;;;;1
18/06/2012;10:29:00;138;sem vítima;105,95;BR-116/PR;Norte;Saida de Pista;1;1;;;;;1
18/06/2012;10:57:00;147;com vítima;106,383;BR-116/PR;Norte;Colisão Traseira;3;3;2;;;;1
18/06/2012;18:36:00;282;com vítima;150,801;BR-101/SC;Norte;Colisão Traseira;1;1;1;;;;1
18/06/2012;15:02:00;223;sem vítima;656,8;BR-376/PR;Norte;Outros;1;2;;;;;1
19/06/2012;18:18:00;316;com vítima;116,8;BR-101/SC;Norte;Engavetamento;2;3;1;;;;1
19/06/2012;18:21:00;318;sem vítima;118,5;BR-101/SC;Norte;Engavetamento;1;3;;;;;1
19/06/2012;18:35:00;322;sem vítima;205,631;BR-101/SC;Sul;Colisão Traseira;1;2;;;;;1
19/06/2012;19:25:00;338;sem vítima;205,654;BR-101/SC;Sul;Colisão Traseira;1;2;;;;;1
19/06/2012;14:42:00;242;sem vítima;210,3;BR-101/SC;Norte;Colisão Lateral;1;4;;;;;1
19/06/2012;14:23:00;234;sem vítima;653,8;BR-376/PR;Norte;Colisão Lateral;2;2;;;;;1
19/06/2012;06:54:00;81;sem vítima;665,768;BR-376/PR;Sul;Saida de Pista;1;1;;;;;1
20/06/2012;19:45:00;320;sem vítima;38,055;BR-101/SC;Norte;Colisão Traseira;1;2;;;;;1
20/06/2012;14:31:00;232;sem vítima;38,903;BR-101/SC;Sul;Colisão Lateral;1;2;;;;;1
20/06/2012;22:45:00;358;sem vítima;60;BR-101/SC;Sul;Colisão Traseira;2;2;;;;;1
20/06/2012;14:38:00;229;sem vítima;111,8;BR-101/SC;Sul;Colisão Traseira;1;2;;;;;1
20/06/2012;21:11:00;346;sem vítima;137,8;BR-101/SC;Sul;Colisão Lateral;1;2;;;;;1
20/06/2012;18:48:00;308;com vítima;199,75;BR-101/SC;Sul;Colisão Traseira;1;2;1;;;;1
20/06/2012;19:16:00;315;sem vítima;200,11;BR-101/SC;Sul;Engavetamento;1;4;;;;;1
20/06/2012;16:18:00;339;sem vítima;206,4;BR-101/SC;Sul;Colisão Traseira;2;2;;;;;1
20/06/2012;16:18:00;261;sem vítima;206,47;BR-101/SC;Sul;Colisão Lateral;1;2;;;;;1
20/06/2012;06:47:00;84;sem vítima;654,816;BR-376/PR;Norte;Colisão Lateral;1;2;;;;;1