data;horario;n_da_ocorrencia;tipo_de_ocorrencia;km;trecho;sentido;tipo_de_acidente;caminhao;ilesos;levemente_feridos;moderadamente_feridos;gravemente_feridos;mortos;3
20/06/2012;13:48:00;217;sem vítima;673,644;BR-376/PR;Norte;Colisão Traseira;1;2;;;;;1
20/06/2012;19:37:00;318;sem vítima;681,917;BR-376/PR;Sul;Colisão Traseira;1;2;;;;;1
21/06/2012;21:32:00;368;sem vítima;47,3;BR-101/SC;Norte;Colisão Traseira;2;2;;;;;1
21/06/2012;23:46:00;400;sem vítima;57;BR-101/SC;Sul;Colisão Traseira;2;2;;;;;1
21/06/2012;17:47:00;315;com vítima;104,076;BR-116/PR;Sul;Colisão Lateral;1;2;1;;;;1
21/06/2012;18:41:00;335;sem vítima;107,9;BR-116/PR;Norte;Colisão Lateral;1;2;;;;;1
21/06/2012;16:06:00;269;sem vítima;117,346;BR-101/SC;Sul;Colisão Lateral;2;3;;;;;1
21/06/2012;15:50:00;264;sem vítima;136,751;BR-101/SC;Sul;Colisão Traseira;1;2;;;;;1
21/06/2012;00:26:00;8;sem vítima;164,932;BR-101/SC;Sul;Colisão Lateral;1;2;;;;;1
21/06/2012;06:01:00;72;com vítima;178,74;BR-101/SC;Sul;Colisão Traseira;2;1;;2;;;2
21/06/2012;09:20:00;128;sem vítima;665,6;BR-376/PR;Sul;Colisão Lateral;1;3;;;;;1
22/06/2012;06:33:00;73;sem vítima;1,001;BR-101/SC;Norte;Colisão Traseira;1;2;;;;;1
22/06/2012;18:26:00;302;com vítima;41;BR-101/SC;Norte;Colisão Frontal;1;1;;1;;;2
22/06/2012;08:18:00;97;sem vítima;100;BR-116/PR;Norte;Saida de Pista;1;1;;;;;1
22/06/2012;19:50:00;342;sem vítima;105,241;BR-116/PR;Norte;Saida de Pista;1;1;;;;;1
22/06/2012;08:34:00;105;sem vítima;110,5;BR-116/PR;Sul;Saida de Pista;1;2;;;;;1
22/06/2012;18:22:00;301;sem vítima;616,439;BR-376/PR;Sul;Engavetamento;2;4;;;;;1
22/06/2012;12:50:00;186;sem vítima;669,9;BR-376/PR;Norte;Colisão Traseira;2;2;;;;;1
23/06/2012;12:12:00;190;sem vítima;111,3;BR-101/SC;Norte;Colisão Traseira;2;2;;;;;1
23/06/2012;19:15:00;346;sem vítima;157,371;BR-101/SC;Sul;Colisão Lateral;1;2;;;;;1
23/06/2012;11:09:00;167;sem vítima;202,246;BR-101/SC;Sul;Colisão Lateral;1;2;;;;;1
23/06/2012;01:00:00;20;sem vítima;219,8;BR-101/SC;Norte;Colisão Traseira;1;2;;;;;1
23/06/2012;23:31:00;399;sem vítima;631,618;BR-376/PR;Norte;Colisão Lateral;1;2;;;;;1
23/06/2012;07:13:00;87;sem vítima;669,55;BR-376/PR;Sul;Colisão Lateral;1;2;;;;;1
24/06/2012;18:47:00;280;sem vítima;7,4;BR-101/SC;Norte;Colisão Traseira;1;2;;;;;1
24/06/2012;10:48:00;124;sem vítima;45,3;BR-101/SC;Norte;Colisão Lateral;1;4;;;;;1
24/06/2012;13:45:00;162;sem vítima;66;BR-101/SC;Sul;Colisão Lateral;1;2;;;;;1
24/06/2012;09:32:00;100;sem vítima;191,1;BR-101/SC;Norte;Colisão Lateral;1;3;;;;;1
24/06/2012;00:19:00;12;sem vítima;641,809;BR-376/PR;Sul;Saida de Pista;1;1;;;;;1
25/06/2012;08:12:00;74;sem vítima;41;BR-101/SC;Norte;Objeto lançado contra veículo;1;2;;;;;1
25/06/2012;16:20:00;259;com vítima;114,714;BR-116/PR;Norte;Colisão Lateral;1;1;;1;;;2
25/06/2012;12:58:00;185;sem vítima;117,1;BR-101/SC;Norte;Choque - Defensa, barreira ou "submarino";1;1;;;;;1
25/06/2012;10:36:00;136;sem vítima;207,7;BR-101/SC;Norte;Engavetamento;1;3;;;;;1
25/06/2012;19:08:00;318;sem vítima;219,4;BR-101/SC;Sul;Colisão Traseira;1;2;;;;;1
25/06/2012;14:29:00;206;sem vítima;616,9;BR-376/PR;Norte;Colisão Traseira;2;2;;;;;1
25/06/2012;10:37:00;137;sem vítima;645;BR-376/PR;Sul;Colisão Lateral;1;2;;;;;1
25/06/2012;12:40:00;181;sem vítima;658;BR-376/PR;Norte;Choque - Defensa, barreira ou "submarino";1;1;;;;;1
25/06/2012;22:36:00;360;sem vítima;671,698;BR-376/PR;Sul;Saida de Pista;1;1;;;;;1
26/06/2012;00:54:00;14;sem vítima;14,392;BR-101/SC;Norte;Colisão Traseira;2;2;;;;;1
26/06/2012;07:53:00;96;sem vítima;14,5;BR-101/SC;Sul;Choque - Poste;1;1;;;;;1
26/06/2012;14:10:00;238;sem vítima;215,9;BR-101/SC;Sul;Colisão Lateral;1;2;;;;;1
26/06/2012;21:42:00;382;sem vítima;651,623;BR-376/PR;Sul;Colisão Lateral;1;4;;;;;1
27/06/2012;09:44:00;143;sem vítima;43,766;BR-101/SC;Sul;Choque - Defensa, barreira ou "submarino";1;1;;;;;1
27/06/2012;12:59:00;228;sem vítima;73,052;BR-101/SC;Sul;Colisão Traseira;2;2;;;;;1
27/06/2012;19:15:00;354;sem vítima;102,504;BR-116/PR;Sul;Saida de Pista;1;2;;;;;1
27/06/2012;17:19:00;319;sem vítima;107,579;BR-116/PR;Sul;Tombamento;1;2;;;;;1
27/06/2012;15:13:00;267;sem vítima;111,2;BR-101/SC;Norte;Capotamento;1;2;;;;;1
27/06/2012;12:06:00;210;sem vítima;141,995;BR-101/SC;Norte;Engavetamento;2;3;;;;;1
27/06/2012;15:02:00;260;sem vítima;145,8;BR-101/SC;Norte;Colisão Lateral;1;2;;;;;1
27/06/2012;06:41:00;80;sem vítima;155,8;BR-101/SC;Norte;Colisão Traseira;1;2;;;;;1
27/06/2012;07:39:00;144;sem vítima;196,1;BR-101/SC;Norte;Colisão Lateral;1;2;;;;;1
27/06/2012;07:54:00;96;com vítima;199,868;BR-101/SC;Sul;Colisão Traseira;1;1;;1;;;2
27/06/2012;11:09:00;184;sem vítima;617;BR-376/PR;Sul;Colisão Traseira;2;2;;;;;1
27/06/2012;19:16:00;356;sem vítima;631,17;BR-376/PR;Sul;Atropelamento de Animal;1;1;;;;;1
27/06/2012;16:01:00;288;sem vítima;678;BR-376/PR;Sul;Tombamento;1;1;;;;;1
28/06/2012;15:33:00;239;sem vítima;87,5;BR-116/PR;Norte;Colisão Lateral;1;2;;;;;1
28/06/2012;12:04:00;183;sem vítima;117;BR-101/SC;Norte;Colisão Lateral;1;2;;;;;1
28/06/2012;17:36:00;293;sem vítima;117,2;BR-101/SC;Sul;Colisão Traseira;1;2;;;;;1
28/06/2012;12:10:00;187;com vítima;120,695;BR-101/SC;Sul;Tombamento;1;0;1;;;;1
28/06/2012;22:27:00;376;sem vítima;128,1;BR-101/SC;Sul;Colisão Traseira;1;2;;;;;1
28/06/2012;14:17:00;216;sem vítima;139;BR-101/SC;Sul;Colisão Transversal;1;2;;;;;1
28/06/2012;18:17:00;312;sem vítima;214;BR-101/SC;Norte;Colisão Lateral;1;2;;;;;1
28/06/2012;12:37:00;194;com vítima;667,119;BR-376/PR;Sul;Tombamento;1;0;;1;;;2
29/06/2012;20:24:00;383;sem vítima;83,433;BR-101/SC;Sul;Colisão Lateral;1;2;;;;;1
29/06/2012;20:57:00;396;sem vítima;105,4;BR-116/PR;Sul;Choque - Objeto sobre a pista;2;2;;;;;1
29/06/2012;17:18:00;325;sem vítima;116,555;BR-101/SC;Sul;Colisão Lateral;1;2;;;;;1
29/06/2012;00:58:00;14;sem vítima;129,4;BR-101/SC;Sul;Colisão Lateral;1;2;;;;;1
29/06/2012;08:08:00;104;sem vítima;205,5;BR-101/SC;Sul;Colisão Traseira;1;2;;;;;1
29/06/2012;17:16:00;319;sem vítima;205,709;BR-101/SC;Sul;Colisão Lateral;1;2;;;;;1
29/06/2012;04:27:00;54;sem vítima;624,082;BR-376/PR;Norte;Saida de Pista;1;1;;;;;1
29/06/2012;22:18:00;406;sem vítima;668,567;BR-376/PR;Sul;Colisão Lateral;2;2;;;;;1
30/06/2012;18:35:00;339;com vítima;84,938;BR-101/SC;Sul;Colisão Traseira;1;1;1;;;;1
30/06/2012;10:35:00;168;sem vítima;95,8;BR-116/PR;Norte;Colisão Traseira;1;3;;;;;1
30/06/2012;10:36:00;169;com vítima;118,743;BR-101/SC;Sul;Colisão Traseira;1;3;1;;;;1
30/06/2012;17:52:00;331;com vítima;134,384;BR-101/SC;Sul;Queda de Moto;1;2;1;;;;1
30/06/2012;08:07:00;112;sem vítima;206,1;BR-101/SC;Norte;Colisão Lateral;1;2;;;;;1
30/06/2012;10:17:00;150;sem vítima;206,993;BR-101/SC;Sul;Colisão Traseira;1;4;;;;;1
01/07/2012;15:04:00;228;sem vítima;14,2;BR-101/SC;Norte;Colisão Traseira;2;2;;;;;1
01/07/2012;11:30:00;158;sem vítima;206,986;BR-101/SC;Sul;Colisão Lateral;1;2;;;;;1
02/07/2012;22:50:00;354;sem vítima;14,2;BR-101/SC;Norte;Colisão Traseira;2;3;;;;;1
02/07/2012;16:16:00;264;sem vítima;167;BR-101/SC;Sul;Saida de Pista;1;1;;;;;1
02/07/2012;15:36:00;247;sem vítima;617,5;BR-376/PR;Norte;Colisão Lateral;1;2;;;;;1
02/07/2012;13:20:00;201;sem vítima;635,35;BR-376/PR;Sul;Outros;1;1;;;;;1
03/07/2012;17:37:00;298;sem vítima;37,3;BR-101/SC;Sul;Colisão Traseira;1;2;;;;;1
03/07/2012;08:07:00;92;sem vítima;122,5;BR-101/SC;Sul;Engavetamento;2;3;;;;;1
03/07/2012;19:02:00;334;com vítima;204,896;BR-101/SC;Sul;Colisão Traseira;1;2;;;;1;3
03/07/2012;18:56:00;359;sem vítima;205,4;BR-101/SC;Sul;Colisão Lateral;1;2;;;;;1
03/07/2012;18:12:00;312;sem vítima;205,8;BR-101/SC;Sul;Colisão Lateral;1;3;;;;;1
03/07/2012;12:03:00;175;sem vítima;667,101;BR-376/PR;Sul;Tombamento;1;1;;;;;1
03/07/2012;10:51:00;148;sem vítima;673;BR-376/PR;Sul;Colisão Traseira;2;2;;;;;1
04/07/2012;08:09:00;106;sem vítima;79,65;BR-101/SC;Sul;Colisão Traseira;2;2;;;;;1
04/07/2012;15:52:00;281;sem vítima;86,2;BR-116/PR;Sul;Colisão Lateral;1;2;;;;;1
04/07/2012;14:23:00;244;sem vítima;92,1;BR-116/PR;Sul;Colisão Lateral;1;2;;;;;1
04/07/2012;16:56:00;310;com vítima;111,8;BR-101/SC;Sul;Colisão Traseira;1;7;1;;;;1
04/07/2012;20:37:00;380;sem vítima;150,7;BR-101/SC;Sul;Colisão Traseira;2;2;;;;;1
04/07/2012;14:12:00;238;sem vítima;156;BR-101/SC;Sul;Colisão Traseira;1;3;;;;;1
04/07/2012;19:38:00;361;sem vítima;207,5;BR-101/SC;Sul;Colisão Traseira;1;2;;;;;1
04/07/2012;10:25:00;163;com vítima;219,8;BR-101/SC;Norte;Colisão Lateral;1;1;1;;;;1
05/07/2012;04:14:00;67;com vítima;219,387;BR-101/SC;Sul;Colisão Traseira;1;1;1;;;1;3
05/07/2012;18:48:00;328;sem vítima;667,22;BR-376/PR;Sul;Tombamento;1;2;;;;;1
05/07/2012;23:12:00;404;sem vítima;668,532;BR-376/PR;Norte;Colisão Traseira;2;2;;;;;1
06/07/2012;21:11:00;380;com vítima;10;BR-101/SC;Norte;Colisão Traseira;1;3;1;;;;1
06/07/2012;14:07:00;241;sem vítima;78,5;BR-101/SC;Norte;Colisão Lateral;1;2;;;;;1
06/07/2012;09:08:00;148;sem vítima;114,8;BR-116/PR;Norte;Colisão Lateral;1;2;;;;;1
06/07/2012;18:13:00;333;sem vítima;184,5;BR-101/SC;Norte;Colisão Traseira;1;2;;;;;1
06/07/2012;00:22:00;5;sem vítima;219,868;BR-101/SC;Norte;Colisão Traseira;1;2;;;;;1
06/07/2012;13:23:00;230;com vítima;617,4;BR-376/PR;Norte;Tombamento;2;1;1;;;;1
06/07/2012;17:31:00;314;sem vítima;666,152;BR-376/PR;Norte;Outros;2;2;;;;;1
07/07/2012;16:38:00;243;sem vítima;117,226;BR-101/SC;Sul;Colisão Transversal;1;2;;;;;1
07/07/2012;22:53:00;319;com vítima;203,414;BR-101/SC;Norte;Queda de Moto;1;2;;2;;;2
07/07/2012;02:14:00;25;sem vítima;206,02;BR-101/SC;Sul;Colisão Traseira;1;2;;;;;1
07/07/2012;01:49:00;17;sem vítima;627,826;BR-376/PR;Norte;Atropelamento de Animal;2;2;;;;;1
07/07/2012;05:24:00;55;sem vítima;679,411;BR-376/PR;Sul;Choque - Defensa, barreira ou "submarino";1;5;;;;;1
08/07/2012;07:08:00;72;sem vítima;53,9;BR-101/SC;Norte;Colisão Lateral;1;2;;;;;1
08/07/2012;12:57:00;159;sem vítima;111,1;BR-116/PR;Sul;Colisão Lateral;1;2;;;;;1
08/07/2012;09:34:00;113;sem vítima;215;BR-101/SC;Sul;Colisão Lateral;1;2;;;;;1
08/07/2012;00:16:00;3;sem vítima;661,458;BR-376/PR;Norte;Choque - Defensa, barreira ou "submarino";1;1;;;;;1
08/07/2012;03:24:00;40;sem vítima;664,049;BR-376/PR;Sul;Tombamento;1;1;;;;;1
08/07/2012;10:16:00;120;sem vítima;671,7;BR-376/PR;Sul;Saida de Pista;1;1;;;;;1
09/07/2012;01:21:00;20;sem vítima;40,372;BR-101/SC;Norte;Choque - Defensa, barreira ou "submarino";1;1;;;;;1
09/07/2012;05:15:00;66;sem vítima;79,65;BR-101/SC;Sul;Colisão Traseira;2;2;;;;;1
09/07/2012;13:44:00;201;sem vítima;116,82;BR-101/SC;Sul;Colisão Traseira;1;2;;;;;1
09/07/2012;16:59:00;265;sem vítima;119;BR-101/SC;Norte;Colisão Traseira;1;2;;;;;1
09/07/2012;10:06:00;148;sem vítima;157,4;BR-101/SC;Norte;Choque - Cancela de Pedagio;1;1;;;;;1
09/07/2012;16:02:00;245;sem vítima;163,2;BR-101/SC;Norte;Saida de Pista;1;3;;;;;1
09/07/2012;10:55:00;160;sem vítima;628,5;BR-376/PR;Norte;Saida de Pista;1;2;;;;;1
10/07/2012;15:42:00;250;sem vítima;105,5;BR-101/SC;Norte;Colisão Traseira;2;2;;;;;1
10/07/2012;18:14:00;301;sem vítima;115,3;BR-101/SC;Sul;Colisão Frontal;1;2;;;;;1
10/07/2012;08:21:00;100;sem vítima;116,85;BR-101/SC;Sul;Colisão Traseira;1;2;;;;;1
10/07/2012;18:27:00;304;sem vítima;122,8;BR-101/SC;Norte;Colisão Traseira;1;2;;;;;1
10/07/2012;15:02:00;231;sem vítima;157;BR-101/SC;Sul;Choque - Defensa, barreira ou "submarino";1;1;;;;;1
11/07/2012;11:56:00;176;sem vítima;174,9;BR-101/SC;Norte;Tombamento;1;1;;;;;1
11/07/2012;07:26:00;75;sem vítima;204,8;BR-101/SC;Norte;Colisão Traseira;1;3;;;;;1
11/07/2012;11:07:00;160;sem vítima;219,8;BR-101/SC;Sul;Choque - Defensa, barreira ou "submarino";1;1;;;;;1
11/07/2012;12:08:00;202;sem vítima;643,5;BR-376/PR;Norte;Colisão Traseira;1;5;;;;;1
11/07/2012;13:40:00;204;sem vítima;665;BR-376/PR;Sul;Colisão Lateral;1;2;;;;;1
12/07/2012;14:46:00;244;sem vítima;33,6;BR-101/SC;Sul;Engavetamento;1;4;;;;;1
12/07/2012;09:42:00;136;sem vítima;117;BR-101/SC;Sul;Colisão Traseira;1;2;;;;;1
12/07/2012;16:47:00;282;sem vítima;120;BR-101/SC;Norte;Outros - Sequência;1;1;;;;;1
12/07/2012;09:39:00;134;sem vítima;134,5;BR-101/SC;Sul;Engavetamento;3;3;;;;;1
12/07/2012;22:35:00;392;com vítima;149,5;BR-101/SC;Norte;Choque - Objeto sobre a pista;1;2;;1;;;2
12/07/2012;11:39:00;175;sem vítima;157;BR-101/SC;Sul;Choque - Outros;1;1;;;;;1
12/07/2012;07:28:00;88;sem vítima;214;BR-101/SC;Sul;Saida de Pista;1;1;;;;;1
12/07/2012;06:08:00;79;com vítima;670,4;BR-376/PR;Sul;Colisão Traseira;2;1;;;1;;2
13/07/2012;17:16:00;310;sem vítima;16,9;BR-101/SC;Norte;Saida de Pista;1;2;;;;;1
13/07/2012;08:34:00;135;sem vítima;93,6;BR-116/PR;Sul;Colisão Lateral;1;2;;;;;1
13/07/2012;18:24:00;332;com vítima;138,25;BR-101/SC;Sul;Colisão Transversal;1;1;1;1;;;2
13/07/2012;05:39:00;90;com vítima;140;BR-101/SC;Sul;Colisão Traseira;1;1;;;1;;2
13/07/2012;17:54:00;323;sem vítima;163;BR-101/SC;Sul;Colisão Traseira;1;4;;;;;1
13/07/2012;05:08:00;81;com vítima;203,3;BR-101/SC;Sul;Colisão Traseira;2;1;;2;;;2
13/07/2012;18:52:00;341;sem vítima;204;BR-101/SC;Sul;Colisão Traseira;1;2;;;;;1
13/07/2012;12:57:00;225;sem vítima;206;BR-101/SC;Sul;Colisão Traseira;1;2;;;;;1
14/07/2012;14:19:00;228;sem vítima;133;BR-101/SC;Sul;Colisão Lateral;1;3;;;;;1
14/07/2012;12:54:00;202;sem vítima;133,4;BR-101/SC;Sul;Colisão Lateral;1;2;;;;;1
14/07/2012;08:22:00;104;com vítima;197,3;BR-101/SC;Sul;Tombamento;1;0;;1;;;2
15/07/2012;18:36:00;309;sem vítima;213,3;BR-101/SC;Norte;Engavetamento;1;5;;;;;1
15/07/2012;20:25:00;350;com vítima;637,3;BR-376/PR;Norte;Atropelamento - Outros;1;1;1;;;;1
16/07/2012;18:30:00;356;sem vítima;41;BR-101/SC;Sul;Colisão Lateral;1;2;;;;;1
16/07/2012;09:23:00;121;sem vítima;73;BR-101/SC;Norte;Colisão Traseira;1;2;;;;;1
16/07/2012;17:28:00;332;sem vítima;78,3;BR-101/SC;Sul;Tombamento;1;1;;;;;1
16/07/2012;00:13:00;3;sem vítima;626,1;BR-376/PR;Sul;Saida de Pista;1;1;;;;;1
16/07/2012;05:59:00;60;sem vítima;635,5;BR-376/PR;Norte;Saida de Pista;1;1;;;;;1
16/07/2012;13:50:00;246;sem vítima;643,2;BR-376/PR;Sul;Tombamento;1;1;;;;;1
16/07/2012;14:24:00;251;com vítima;664,001;BR-376/PR;Sul;Colisão Traseira;1;1;;1;;;2
16/07/2012;09:42:00;136;sem vítima;667;BR-376/PR;Sul;Colisão Lateral;1;2;;;;;1
17/07/2012;11:04:00;147;sem vítima;4,5;BR-101/SC;Sul;Colisão Traseira;1;2;;;;;1
17/07/2012;04:56:00;64;sem vítima;79,65;BR-101/SC;Sul;Choque - Suporte de Sinalização;1;2;;;;;1
17/07/2012;08:15:00;99;sem vítima;90,6;BR-116/PR;Sul;Engavetamento;1;3;;;;;1
17/07/2012;14:04:00;203;sem vítima;128;BR-101/SC;Sul;Colisão Traseira;1;2;;;;;1
17/07/2012;19:53:00;296;sem vítima;157;BR-101/SC;Sul;Colisão Lateral;1;2;;;;;1
17/07/2012;03:59:00;56;sem vítima;175,4;BR-101/SC;Sul;Choque - Defensa, barreira ou "submarino";1;1;;;;;1
17/07/2012;12:31:00;173;sem vítima;186;BR-101/SC;Sul;Colisão Traseira;1;3;;;;;1
17/07/2012;06:27:00;76;sem vítima;190,9;BR-101/SC;Sul;Colisão Traseira;1;2;;;;;1
17/07/2012;01:39:00;32;sem vítima;195,7;BR-101/SC;Norte;Atropelamento de Animal;1;1;;;;;1
17/07/2012;10:09:00;128;com vítima;626,75;BR-376/PR;Sul;Colisão Traseira;1;3;1;;;;1
17/07/2012;11:49:00;160;sem vítima;659,1;BR-376/PR;Sul;Saida de Pista;1;1;;;;;1
17/07/2012;12:27:00;169;sem vítima;671,05;BR-376/PR;Sul;Colisão Lateral;1;2;;;;;1
17/07/2012;07:17:00;83;sem vítima;677,4;BR-376/PR;Sul;Colisão Traseira;1;2;;;;;1
18/07/2012;11:40:00;153;sem vítima;29,9;BR-101/SC;Norte;Engavetamento;2;3;;;;;1
18/07/2012;17:58:00;282;sem vítima;32,5;BR-101/SC;Norte;Colisão Traseira;1;3;;;;;1
18/07/2012;10:38:00;127;sem vítima;79,3;BR-101/SC;Sul;Colisão Traseira;2;2;;;;;1
18/07/2012;10:24:00;119;sem vítima;102;BR-116/PR;Norte;Saida de Pista;1;1;;;;;1
18/07/2012;06:50:00;56;sem vítima;123,5;BR-101/SC;Sul;Colisão Lateral;2;2;;;;;1
18/07/2012;02:19:00;28;sem vítima;176;BR-101/SC;Sul;Choque - Defensa, barreira ou "submarino";1;1;;;;;1
18/07/2012;13:22:00;177;com vítima;619,1;BR-376/PR;Sul;Colisão Traseira;1;1;1;;;;1
19/07/2012;12:49:00;195;sem vítima;1,35;BR-101/SC;Sul;Engavetamento;1;3;;;;;1
19/07/2012;05:58:00;64;sem vítima;91,9;BR-116/PR;Sul;Saida de Pista;1;1;;;;;1
19/07/2012;19:41:00;321;com vítima;97,9;BR-101/SC;Norte;Colisão Frontal;1;2;;1;;;2
19/07/2012;21:07:00;339;sem vítima;97,9;BR-101/SC;Norte;Colisão Transversal;1;2;;;;;1
19/07/2012;15:28:00;243;sem vítima;108;BR-116/PR;Sul;Colisão Traseira;2;3;;;;;1
19/07/2012;03:49:00;47;sem vítima;158,5;BR-101/SC;Sul;Saida de Pista;1;2;;;;;1
19/07/2012;08:28:00;109;sem vítima;219,8;BR-101/SC;Sul;Choque - Suporte de Sinalização;1;1;;;;;1
20/07/2012;07:33:00;121;com vítima;90,7;BR-116/PR;Sul;Colisão Traseira;1;1;;1;;;2
20/07/2012;00:51:00;14;sem vítima;92,9;BR-116/PR;Sul;Saida de Pista;1;1;;;;;1
20/07/2012;18:39:00;355;sem vítima;107,1;BR-101/SC;Norte;Colisão Lateral;1;3;;;;;1
20/07/2012;08:31:00;136;sem vítima;123;BR-101/SC;Norte;Engavetamento;2;5;;;;;1
20/07/2012;14:46:00;275;sem vítima;135;BR-101/SC;Norte;Colisão Lateral;1;2;;;;;1
20/07/2012;10:56:00;197;sem vítima;157,4;BR-101/SC;Sul;Colisão Lateral;1;2;;;;;1
20/07/2012;15:00:00;283;sem vítima;204,5;BR-101/SC;Sul;Colisão Traseira;1;2;;;;;1
20/07/2012;19:12:00;368;sem vítima;205;BR-101/SC;Sul;Colisão Lateral;1;2;;;;;1
20/07/2012;09:26:00;160;sem vítima;638,9;BR-376/PR;Norte;Colisão Traseira;1;3;;;;;1
20/07/2012;15:22:00;291;com vítima;652,4;BR-376/PR;Norte;Tombamento;1;0;1;;1;;2
20/07/2012;13:06:00;242;sem vítima;666,4;BR-376/PR;Sul;Saida de Pista;1;1;;;;;1
21/07/2012;21:02:00;361;sem vítima;1,35;BR-101/SC;Sul;Choque - Suporte de Sinalização;1;1;;;;;1
21/07/2012;05:07:00;74;sem vítima;49,57;BR-101/SC;Norte;Tombamento;1;1;;;;;1
21/07/2012;09:59:00;158;com vítima;101,001;BR-116/PR;Norte;Colisão Traseira;1;4;2;;;;1
21/07/2012;19:34:00;345;sem vítima;207,6;BR-101/SC;Norte;Colisão Lateral;1;2;;;;;1
22/07/2012;07:43:00;104;sem vítima;148,2;BR-101/SC;Sul;Colisão Lateral;1;2;;;;;1
22/07/2012;20:54:00;365;com vítima;638,1;BR-376/PR;Norte;Choque - Defensa, barreira ou "submarino";1;0;;1;;;2
23/07/2012;08:10:00;123;sem vítima;54,3;BR-101/SC;Sul;Colisão Traseira;1;2;;;;;1
23/07/2012;16:20:00;292;sem vítima;65,9;BR-101/SC;Norte;Colisão Lateral;1;2;;;;;1
23/07/2012;21:40:00;346;sem vítima;614,9;BR-376/PR;Norte;Tombamento;1;2;;;;;1
23/07/2012;21:18:00;343;sem vítima;644,5;BR-376/PR;Sul;Colisão Traseira;1;2;;;;;1
23/07/2012;14:38:00;238;sem vítima;679,15;BR-376/PR;Sul;Colisão Traseira;1;2;;;;;1
24/07/2012;13:13:00;190;sem vítima;1,8;BR-101/SC;Norte;Colisão Lateral;1;2;;;;;1
24/07/2012;20:44:00;359;sem vítima;167,5;BR-101/SC;Norte;Saida de Pista;1;1;;;;;1
24/07/2012;19:07:00;337;com vítima;202,5;BR-101/SC;Sul;Engavetamento;2;3;;1;;;2
24/07/2012;17:54:00;314;sem vítima;209,5;BR-101/SC;Sul;Colisão Lateral;1;2;;;;;1
24/07/2012;10:26:00;141;sem vítima;213,8;BR-101/SC;Sul;Colisão Lateral;1;6;;;;;1
24/07/2012;06:30:00;74;com vítima;615,5;BR-376/PR;Norte;Colisão Transversal;1;1;1;;2;5;3
24/07/2012;11:07:00;159;sem vítima;635,4;BR-376/PR;Sul;Colisão Lateral;1;2;;;;;1
24/07/2012;18:04:00;322;sem vítima;671,7;BR-376/PR;Sul;Saida de Pista;1;3;;;;;1
25/07/2012;22:55:00;322;sem vítima;45,8;BR-101/SC;Norte;Saida de Pista;1;1;;;;;1
25/07/2012;12:39:00;164;sem vítima;48,1;BR-101/SC;Norte;Saida de Pista;1;2;;;;;1
25/07/2012;12:24:00;156;com vítima;189,9;BR-101/SC;Sul;Tombamento;1;0;;1;;;2
25/07/2012;07:15:00;84;sem vítima;211;BR-101/SC;Sul;Colisão Lateral;1;3;;;;;1
25/07/2012;21:18:00;308;sem vítima;211,5;BR-101/SC;Sul;Colisão Lateral;1;4;;;;;1
25/07/2012;17:04:00;235;com vítima;651,7;BR-376/PR;Sul;Colisão Traseira;1;1;1;;;;1
25/07/2012;12:46:00;167;sem vítima;664;BR-376/PR;Norte;Colisão Traseira;1;2;;;;;1
25/07/2012;22:21:00;320;sem vítima;668,5;BR-376/PR;Sul;Tombamento;1;1;;;;;1
26/07/2012;23:42:00;308;com vítima;11,8;BR-101/SC;Norte;Colisão Traseira;1;4;1;;;;1
26/07/2012;06:29:00;41;sem vítima;66,3;BR-101/SC;Norte;Saida de Pista;1;2;;;;;1
26/07/2012;15:35:00;192;sem vítima;180;BR-101/SC;Norte;Colisão Lateral;2;2;;;;;1
26/07/2012;19:41:00;277;sem vítima;205,8;BR-101/SC;Sul;Colisão Lateral;1;2;;;;;1
26/07/2012;15:56:00;199;sem vítima;211,3;BR-101/SC;Norte;Saida de Pista;1;3;;;;;1
26/07/2012;05:19:00;35;sem vítima;623,7;BR-376/PR;Norte;Tombamento;1;1;;;;;1
26/07/2012;09:11:00;87;com vítima;646,3;BR-376/PR;Norte;Colisão Traseira;2;2;;1;;;2
26/07/2012;08:22:00;80;sem vítima;646,4;BR-376/PR;Sul;Choque - Defensa, barreira ou "submarino";1;1;;;;;1
27/07/2012;11:22:00;124;sem vítima;2;BR-101/SC;Norte;Engavetamento;2;4;;;;;1
27/07/2012;20:03:00;298;sem vítima;39,9;BR-101/SC;Sul;Colisão Traseira;2;2;;;;;1
27/07/2012;10:30:00;106;sem vítima;75,4;BR-101/SC;Sul;Saida de Pista;1;1;;;;;1
27/07/2012;13:45:00;174;sem vítima;93,338;BR-116/PR;Sul;Tombamento;1;1;;;;;1
27/07/2012;07:42:00;62;sem vítima;96,8;BR-116/PR;Sul;Colisão Lateral;1;2;;;;;1
27/07/2012;17:00:00;242;sem vítima;116,2;BR-101/SC;Norte;Colisão Lateral;1;2;;;;;1
27/07/2012;04:26:00;32;sem vítima;149;BR-101/SC;Norte;Colisão Traseira;1;2;;;;;1
27/07/2012;01:31:00;16;sem vítima;657,9;BR-376/PR;Norte;Choque - Defensa, barreira ou "submarino";1;1;;;;;1
27/07/2012;18:53:00;281;sem vítima;662,148;BR-376/PR;Norte;Tombamento;1;1;;;;;1
27/07/2012;13:18:00;162;sem vítima;665,7;BR-376/PR;Sul;Saida de Pista;1;1;;;;;1
27/07/2012;00:27:00;7;com vítima;677,7;BR-376/PR;Norte;Colisão Traseira;2;1;;;1;;2
28/07/2012;06:43:00;76;sem vítima;92,2;BR-116/PR;Sul;Colisão Traseira;2;2;;;;;1
28/07/2012;08:54:00;113;sem vítima;94;BR-116/PR;Sul;Colisão Traseira;2;2;;;;;1
28/07/2012;05:05:00;63;sem vítima;140,3;BR-101/SC;Sul;Colisão Traseira;1;2;;;;;1
28/07/2012;21:02:00;328;sem vítima;158,4;BR-101/SC;Norte;Colisão Traseira;1;2;;;;;1