data;horario;n_da_ocorrencia;tipo_de_ocorrencia;km;trecho;sentido;tipo_de_acidente;caminhao;ilesos;levemente_feridos;moderadamente_feridos;gravemente_feridos;mortos;3
28/07/2012;11:19:00;161;com vítima;189,9;BR-101/SC;Sul;Colisão Traseira;1;2;;;;1;3
28/07/2012;11:11:00;155;com vítima;210,6;BR-101/SC;Norte;Engavetamento;1;2;1;;;;1
29/07/2012;14:28:00;203;sem vítima;679,331;BR-376/PR;Sul;Tombamento;1;1;;;;;1
30/07/2012;10:10:00;123;sem vítima;45,15;BR-101/SC;Norte;Colisão Traseira;2;2;;;;;1
30/07/2012;20:26:00;307;com vítima;196,2;BR-101/SC;Sul;Colisão Traseira;1;1;2;;;;1
30/07/2012;13:24:00;168;com vítima;657,001;BR-376/PR;Norte;Colisão Traseira;1;4;2;;;;1
30/07/2012;19:40:00;297;com vítima;673,099;BR-376/PR;Sul;Saida de Pista;1;0;;1;;;2
30/07/2012;19:17:00;289;sem vítima;679,3;BR-376/PR;Sul;Colisão Traseira;1;2;;;;;1
31/07/2012;18:06:00;242;sem vítima;55,1;BR-101/SC;Norte;Saida de Pista;1;1;;;;;1
31/07/2012;09:52:00;106;sem vítima;89,5;BR-116/PR;Sul;Saida de Pista;1;1;;;;;1
31/07/2012;10:13:00;112;sem vítima;90;BR-116/PR;Sul;Colisão Traseira;3;3;;;;;1
31/07/2012;06:50:00;65;com vítima;118,9;BR-101/SC;Norte;Colisão Traseira;2;1;1;;;;1
31/07/2012;07:26:00;70;sem vítima;121;BR-101/SC;Norte;Choque - Defensa, barreira ou "submarino";1;1;;;;;1
31/07/2012;10:36:00;115;sem vítima;157,4;BR-101/SC;Norte;Choque - Cancela de Pedagio;1;1;;;;;1
31/07/2012;17:10:00;232;sem vítima;206,5;BR-101/SC;Sul;Colisão Lateral;1;2;;;;;1
31/07/2012;12:39:00;153;sem vítima;618;BR-376/PR;Norte;Colisão Traseira;2;3;;;;;1
31/07/2012;21:56:00;297;sem vítima;635,558;BR-376/PR;Sul;Tombamento;1;1;;;;;1
31/07/2012;10:43:00;118;sem vítima;668,47;BR-376/PR;Sul;Tombamento;1;1;;;;;1
01/08/2012;17:16:00;271;sem vítima;36,973;BR-101/SC;Sul;Colisão Lateral;1;2;;;;;1
01/08/2012;10:15:00;138;sem vítima;64,1;BR-101/SC;Sul;Tombamento;1;2;;;;;1
01/08/2012;11:41:00;163;sem vítima;92;BR-116/PR;Sul;Colisão Traseira;2;2;;;;;1
01/08/2012;22:13:00;359;com vítima;111,538;BR-116/PR;Sul;Colisão Frontal;2;0;;;1;1;3
01/08/2012;18:22:00;304;com vítima;117,325;BR-101/SC;Norte;Colisão Lateral;1;1;;1;;;2
01/08/2012;14:03:00;205;sem vítima;182,6;BR-101/SC;Sul;Saida de Pista;1;1;;;;;1
01/08/2012;19:23:00;323;sem vítima;219,8;BR-101/SC;Sul;Colisão Lateral;1;2;;;;;1
01/08/2012;01:01:00;14;com vítima;654,115;BR-376/PR;Norte;Tombamento;1;0;1;;;;1
01/08/2012;05:04:00;54;sem vítima;664,317;BR-376/PR;Sul;Colisão Traseira;2;2;;;;;1
02/08/2012;16:14:00;248;sem vítima;84,5;BR-101/SC;Norte;Outros;1;1;;;;;1
02/08/2012;01:05:00;10;sem vítima;92,501;BR-116/PR;Sul;Saida de Pista;1;1;;;;;1
02/08/2012;04:45:00;56;sem vítima;92,9;BR-116/PR;Sul;Saida de Pista;1;1;;;;;1
02/08/2012;10:49:00;147;sem vítima;111,01;BR-116/PR;Sul;Colisão Traseira;1;2;;;;;1
02/08/2012;06:52:00;66;sem vítima;134,9;BR-101/SC;Sul;Choque - Defensa, barreira ou "submarino";1;2;;;;;1
02/08/2012;02:46:00;35;com vítima;188,1;BR-101/SC;Sul;Colisão Traseira;2;1;;1;;;2
02/08/2012;19:28:00;302;sem vítima;205,7;BR-101/SC;Sul;Colisão Lateral;1;2;;;;;1
02/08/2012;18:00:00;283;sem vítima;205,95;BR-101/SC;Norte;Engavetamento;1;3;;;;;1
02/08/2012;03:14:00;38;sem vítima;635,565;BR-376/PR;Sul;Saida de Pista;1;1;;;;;1
02/08/2012;07:57:00;118;sem vítima;636,5;BR-376/PR;Norte;Colisão Lateral;2;2;;;;;1
02/08/2012;17:41:00;280;com vítima;646,05;BR-376/PR;Sul;Atropelamento - Usuário;1;1;;;;1;3
02/08/2012;02:42:00;34;sem vítima;660,7;BR-376/PR;Sul;Engavetamento;2;3;;;;;1
03/08/2012;15:33:00;264;sem vítima;1,2;BR-101/SC;Sul;Colisão Traseira;1;2;;;;;1
03/08/2012;11:54:00;186;sem vítima;105;BR-101/SC;Norte;Colisão Lateral;1;2;;;;;1
03/08/2012;17:14:00;306;sem vítima;111;BR-116/PR;Sul;Colisão Traseira;1;2;;;;;1
03/08/2012;19:14:00;344;sem vítima;117,201;BR-101/SC;Sul;Colisão Traseira;1;2;;;;;1
03/08/2012;17:55:00;323;sem vítima;117,48;BR-101/SC;Sul;Colisão Traseira;1;3;;;;;1
03/08/2012;17:10:00;305;sem vítima;209,7;BR-101/SC;Norte;Colisão Lateral;1;2;;;;;1
03/08/2012;06:48:00;66;com vítima;210,9;BR-101/SC;Norte;Colisão Traseira;1;1;1;1;;;2
03/08/2012;19:37:00;352;sem vítima;219,8;BR-101/SC;Norte;Colisão Traseira;2;2;;;;;1
04/08/2012;07:06:00;68;sem vítima;45,8;BR-101/SC;Sul;Saida de Pista;1;1;;;;;1
04/08/2012;10:54:00;156;sem vítima;204;BR-101/SC;Sul;Colisão Lateral;1;2;;;;;1
05/08/2012;11:25:00;167;sem vítima;139,7;BR-101/SC;Sul;Colisão Traseira;2;2;;;;;1
05/08/2012;21:23:00;341;sem vítima;163,584;BR-101/SC;Sul;Colisão Lateral;1;2;;;;;1
05/08/2012;23:45:00;368;sem vítima;678,915;BR-376/PR;Norte;Saida de Pista;1;1;;;;;1
06/08/2012;12:24:00;217;sem vítima;27,778;BR-101/SC;Sul;Choque - Defensa, barreira ou "submarino";1;2;;;;;1
06/08/2012;15:47:00;279;sem vítima;207,2;BR-101/SC;Sul;Engavetamento;1;4;;;;;1
06/08/2012;13:28:00;232;sem vítima;622,249;BR-376/PR;Norte;Colisão Traseira;1;2;;;;;1
06/08/2012;05:58:00;85;sem vítima;660,9;BR-376/PR;Norte;Colisão Traseira;2;2;;;;;1
06/08/2012;08:37:00;132;sem vítima;670,5;BR-376/PR;Sul;Colisão Traseira;2;2;;;;;1
07/08/2012;13:15:00;217;sem vítima;45,544;BR-101/SC;Sul;Colisão Traseira;2;3;;;;;1
07/08/2012;06:45:00;93;sem vítima;77,16;BR-101/SC;Sul;Choque - Defensa, barreira ou "submarino";1;2;;;;;1
07/08/2012;18:37:00;336;sem vítima;165,1;BR-101/SC;Sul;Colisão Lateral;1;2;;;;;1
07/08/2012;09:47:00;149;sem vítima;665,5;BR-376/PR;Sul;Saida de Pista;1;2;;;;;1
08/08/2012;16:31:00;303;sem vítima;1,35;BR-101/SC;Sul;Colisão Traseira;1;3;;;;;1
08/08/2012;09:36:00;149;sem vítima;112,5;BR-101/SC;Sul;Choque - Defensa, barreira ou "submarino";1;1;;;;;1
08/08/2012;10:12:00;165;sem vítima;113,4;BR-101/SC;Sul;Colisão Traseira;1;4;;;;;1
08/08/2012;13:19:00;217;sem vítima;163;BR-101/SC;Norte;Colisão Lateral;1;2;;;;;1
08/08/2012;08:18:00;116;sem vítima;193,2;BR-101/SC;Sul;Colisão Lateral;1;5;;;;;1
09/08/2012;14:27:00;250;sem vítima;47,089;BR-101/SC;Sul;Colisão Traseira;1;2;;;;;1
09/08/2012;11:28:00;196;sem vítima;89,2;BR-116/PR;Sul;Colisão Traseira;2;2;;;;;1
09/08/2012;11:43:00;202;sem vítima;89,2;BR-116/PR;Sul;Colisão Traseira;2;2;;;;;1
09/08/2012;06:40:00;85;sem vítima;92,15;BR-116/PR;Sul;Tombamento;1;1;;;;;1
09/08/2012;12:20:00;219;sem vítima;119,05;BR-101/SC;Norte;Colisão Lateral;2;2;;;;;1
09/08/2012;18:52:00;340;sem vítima;135,491;BR-101/SC;Sul;Choque - Outros;1;1;;;;;1
09/08/2012;13:55:00;238;sem vítima;205,3;BR-101/SC;Norte;Colisão Traseira;1;2;;;;;1
09/08/2012;15:35:00;286;com vítima;206;BR-101/SC;Sul;Colisão Traseira;1;2;;1;;;2
09/08/2012;01:31:00;29;sem vítima;212,882;BR-101/SC;Sul;Colisão Lateral;1;2;;;;;1
09/08/2012;19:18:00;346;sem vítima;215;BR-101/SC;Norte;Colisão Traseira;1;2;;;;;1
09/08/2012;15:32:00;284;com vítima;644,262;BR-376/PR;Norte;Colisão Traseira;1;2;;1;;1;3
10/08/2012;22:18:00;397;sem vítima;1,42;BR-101/SC;Sul;Colisão Lateral;1;4;;;;;1
10/08/2012;06:32:00;82;sem vítima;12,7;BR-101/SC;Sul;Colisão Traseira;2;2;;;;;1
10/08/2012;06:13:00;79;sem vítima;56,9;BR-101/SC;Sul;Colisão Traseira;2;2;;;;;1
10/08/2012;17:33:00;305;sem vítima;192,4;BR-101/SC;Norte;Colisão Lateral;1;2;;;;;1
10/08/2012;12:46:00;198;sem vítima;679,2;BR-376/PR;Norte;Choque - Defensa, barreira ou "submarino";1;1;;;;;1
11/08/2012;02:14:00;45;com vítima;104,675;BR-101/SC;Norte;Colisão Lateral;1;1;1;;;;1
11/08/2012;12:21:00;168;com vítima;144,1;BR-101/SC;Sul;Colisão Lateral;1;2;2;;;;1
11/08/2012;17:20:00;275;sem vítima;155;BR-101/SC;Sul;Choque - Outros;1;3;;;;;1
11/08/2012;19:06:00;304;sem vítima;203,541;BR-101/SC;Sul;Colisão Frontal;2;2;;;;;1
11/08/2012;14:24:00;207;sem vítima;677;BR-376/PR;Norte;Colisão Lateral;1;2;;;;;1
11/08/2012;04:44:00;66;sem vítima;680,049;BR-376/PR;Norte;Tombamento;1;1;;;;;1
12/08/2012;14:12:00;170;sem vítima;14,8;BR-101/SC;Norte;Tombamento;1;1;;;;;1
12/08/2012;07:33:00;71;sem vítima;79,4;BR-101/SC;Norte;Choque - Defensa, barreira ou "submarino";1;1;;;;;1
12/08/2012;15:11:00;191;sem vítima;114,8;BR-116/PR;Norte;Colisão Lateral;2;3;;;;;1
13/08/2012;07:36:00;117;sem vítima;53,1;BR-101/SC;Norte;Colisão Traseira;1;2;;;;;1
13/08/2012;16:45:00;311;com vítima;92,4;BR-116/PR;Sul;Colisão Lateral;1;1;;;1;;2
13/08/2012;19:20:00;362;sem vítima;98,854;BR-116/PR;Sul;Tombamento;1;1;;;;;1
13/08/2012;15:25:00;284;sem vítima;116,8;BR-101/SC;Sul;Colisão Traseira;2;2;;;;;1
13/08/2012;19:19:00;364;sem vítima;145,289;BR-101/SC;Norte;Choque - Defensa, barreira ou "submarino";1;2;;;;;1
13/08/2012;08:58:00;153;sem vítima;206,2;BR-101/SC;Sul;Colisão Traseira;1;3;;;;;1
14/08/2012;11:59:00;209;sem vítima;79,288;BR-101/SC;Norte;Colisão Traseira;1;2;;;;;1
14/08/2012;13:33:00;246;com vítima;103,758;BR-116/PR;Norte;Atropelamento - Outros;1;1;;;1;;2
14/08/2012;11:16:00;187;sem vítima;107;BR-116/PR;Sul;Colisão Traseira;1;2;;;;;1
14/08/2012;11:40:00;199;sem vítima;109,5;BR-116/PR;Norte;Saida de Pista;1;1;;;;;1
14/08/2012;14:47:00;318;sem vítima;172,5;BR-101/SC;Norte;Colisão Lateral;2;2;;;;;1
14/08/2012;03:43:00;56;sem vítima;655,178;BR-376/PR;Norte;Saida de Pista;1;1;;;;;1
14/08/2012;07:12:00;96;com vítima;673,046;BR-376/PR;Sul;Colisão Traseira;2;1;;;1;;2
15/08/2012;14:26:00;206;sem vítima;46,709;BR-101/SC;Sul;Colisão Traseira;2;2;;;;;1
15/08/2012;23:55:00;389;sem vítima;66,5;BR-101/SC;Sul;Choque - Objeto sobre a pista;1;3;;;;;1
15/08/2012;16:09:00;260;sem vítima;110,7;BR-101/SC;Norte;Saida de Pista;1;2;;;;;1
15/08/2012;08:55:00;122;sem vítima;202,503;BR-101/SC;Norte;Colisão Traseira;1;2;;;;;1
15/08/2012;18:10:00;297;sem vítima;203,3;BR-101/SC;Sul;Engavetamento;2;3;;;;;1
16/08/2012;11:46:00;191;sem vítima;48;BR-101/SC;Sul;Engavetamento;1;3;;;;;1
16/08/2012;11:04:00;179;sem vítima;98,5;BR-101/SC;Norte;Colisão Traseira;2;2;;;;;1
16/08/2012;13:27:00;219;sem vítima;109,814;BR-116/PR;Norte;Saida de Pista;1;1;;;;;1
16/08/2012;19:59:00;360;com vítima;117,831;BR-101/SC;Sul;Colisão Lateral;1;1;;1;;;2
16/08/2012;19:15:00;349;sem vítima;123,733;BR-101/SC;Sul;Engavetamento;1;3;;;;;1
16/08/2012;11:37:00;188;sem vítima;209;BR-101/SC;Sul;Colisão Traseira;1;3;;;;;1
16/08/2012;13:02:00;212;sem vítima;219,8;BR-101/SC;Sul;Engavetamento;3;3;;;;;1
16/08/2012;04:24:00;76;sem vítima;635,5;BR-376/PR;Sul;Colisão Traseira;1;2;;;;;1
16/08/2012;06:56:00;99;com vítima;657,15;BR-376/PR;Norte;Tombamento;1;0;1;;;;1
16/08/2012;19:09:00;345;sem vítima;666,219;BR-376/PR;Sul;Saida de Pista;1;1;;;;;1
17/08/2012;02:47:00;50;com vítima;32,2;BR-101/SC;Sul;Colisão Transversal;2;2;;1;;;2
17/08/2012;10:07:00;165;sem vítima;88,9;BR-116/PR;Sul;Tombamento;1;1;;;;;1
17/08/2012;11:19:00;191;sem vítima;90,3;BR-116/PR;Sul;Colisão Traseira;1;4;;;;;1
17/08/2012;16:35:00;300;sem vítima;121,449;BR-101/SC;Norte;Colisão Traseira;1;2;;;;;1
17/08/2012;19:32:00;361;sem vítima;157,375;BR-101/SC;Sul;Colisão Traseira;2;2;;;;;1
17/08/2012;10:48:00;183;sem vítima;217,001;BR-101/SC;Norte;Engavetamento;1;3;;;;;1
17/08/2012;05:18:00;78;sem vítima;635,5;BR-376/PR;Norte;Saida de Pista;1;1;;;;;1
17/08/2012;12:41:00;222;sem vítima;635,5;BR-376/PR;Norte;Colisão Traseira;2;3;;;;;1
17/08/2012;20:12:00;371;com vítima;672,917;BR-376/PR;Sul;Colisão Traseira;1;3;;1;;;2
17/08/2012;20:16:00;373;com vítima;681,546;BR-376/PR;Sul;Tombamento;2;1;1;1;;;2
18/08/2012;07:18:00;86;sem vítima;1,35;BR-101/SC;Sul;Colisão Traseira;2;2;;;;;1
18/08/2012;21:52:00;361;sem vítima;9,797;BR-101/SC;Norte;Colisão Traseira;1;2;;;;;1
18/08/2012;05:17:00;68;com vítima;68,84;BR-101/SC;Norte;Colisão Traseira;1;1;;;;1;3
18/08/2012;01:41:00;28;sem vítima;73,742;BR-116/PR;Sul;Colisão Traseira;2;2;;;;;1
18/08/2012;01:57:00;31;sem vítima;93,432;BR-101/SC;Sul;Tombamento;1;1;;;;;1
18/08/2012;10:46:00;150;sem vítima;113,827;BR-116/PR;Norte;Colisão Lateral;1;2;;;;;1
19/08/2012;01:58:00;19;com vítima;74,913;BR-101/SC;Sul;Colisão Traseira;2;1;1;;;;1
19/08/2012;18:10:00;264;sem vítima;650,1;BR-376/PR;Norte;Colisão Traseira;1;5;;;;;1
20/08/2012;16:34:00;285;sem vítima;1,325;BR-101/SC;Sul;Colisão Traseira;1;2;;;;;1
20/08/2012;18:44:00;328;sem vítima;106,447;BR-116/PR;Sul;Saida de Pista;1;1;;;;;1
20/08/2012;16:58:00;297;sem vítima;117,201;BR-101/SC;Sul;Colisão Traseira;1;2;;;;;1
20/08/2012;07:32:00;94;sem vítima;123,001;BR-101/SC;Sul;Colisão Lateral;1;2;;;;;1
20/08/2012;16:08:00;274;sem vítima;126;BR-101/SC;Norte;Colisão Lateral;1;2;;;;;1
20/08/2012;19:00:00;335;sem vítima;205,5;BR-101/SC;Sul;Colisão Lateral;1;2;;;;;1
21/08/2012;20:32:00;387;sem vítima;39,882;BR-101/SC;Norte;Choque - Suporte de Sinalização;1;1;;;;;1
21/08/2012;17:01:00;298;sem vítima;75,102;BR-101/SC;Norte;Choque - Defensa, barreira ou "submarino";1;2;;;;;1
21/08/2012;08:31:00;113;sem vítima;111,5;BR-116/PR;Sul;Colisão Traseira;3;3;;;;;1
21/08/2012;14:52:00;231;sem vítima;635,4;BR-376/PR;Sul;Colisão Traseira;2;2;;;;;1
22/08/2012;00:15:00;6;com vítima;37,581;BR-101/SC;Norte;Atropelamento - Outros;1;1;;;;1;3
22/08/2012;21:55:00;393;sem vítima;57,011;BR-101/SC;Norte;Colisão Lateral;1;2;;;;;1
22/08/2012;05:09:00;77;sem vítima;87,8;BR-101/SC;Norte;Outros;1;1;;;;;1
22/08/2012;11:48:00;194;com vítima;119,144;BR-101/SC;Sul;Atropelamento - Ciclista;2;3;;;1;;2
22/08/2012;08:16:00;116;com vítima;193,05;BR-101/SC;Sul;Colisão Traseira;1;4;1;;;;1
22/08/2012;12:18:00;200;sem vítima;199,001;BR-101/SC;Norte;Choque - Outros;1;2;;;;;1
22/08/2012;13:10:00;218;sem vítima;201,49;BR-101/SC;Sul;Colisão Frontal;1;2;;;;;1
22/08/2012;20:07:00;362;sem vítima;667,687;BR-376/PR;Sul;Colisão Traseira;2;2;;;;;1
23/08/2012;11:52:00;209;sem vítima;54,85;BR-101/SC;Norte;Choque - Defensa, barreira ou "submarino";1;1;;;;;1
23/08/2012;08:40:00;125;sem vítima;89,793;BR-116/PR;Sul;Colisão Lateral;3;3;;;;;1
23/08/2012;07:18:00;90;sem vítima;108,163;BR-101/SC;Sul;Colisão Lateral;2;2;;;;;1
23/08/2012;05:22:00;69;sem vítima;122,7;BR-101/SC;Norte;Choque - Defensa, barreira ou "submarino";1;1;;;;;1
23/08/2012;06:12:00;76;sem vítima;129,087;BR-101/SC;Norte;Colisão Traseira;2;3;;;;;1
23/08/2012;14:19:00;251;sem vítima;155,6;BR-101/SC;Norte;Tombamento;1;1;;;;;1
23/08/2012;08:25:00;112;sem vítima;626;BR-376/PR;Sul;Colisão Traseira;1;2;;;;;1
24/08/2012;16:30:00;262;sem vítima;87,726;BR-101/SC;Sul;Saida de Pista;1;1;;;;;1
24/08/2012;07:23:00;87;sem vítima;91,8;BR-116/PR;Sul;Tombamento;1;1;;;;;1
24/08/2012;18:42:00;303;sem vítima;107,98;BR-116/PR;Norte;Engavetamento;2;4;;;;;1
24/08/2012;17:55:00;290;sem vítima;131,6;BR-101/SC;Norte;Colisão Traseira;1;2;;;;;1
24/08/2012;11:00:00;147;sem vítima;140,5;BR-101/SC;Norte;Colisão Lateral;1;2;;;;;1
24/08/2012;19:17:00;312;com vítima;198,7;BR-101/SC;Norte;Colisão Lateral;1;1;;1;;;2
24/08/2012;11:12:00;150;sem vítima;622,9;BR-376/PR;Sul;Saida de Pista;1;1;;;;;1
25/08/2012;13:41:00;244;sem vítima;1,35;BR-101/SC;Sul;Colisão Traseira;1;2;;;;;1
25/08/2012;20:22:00;387;sem vítima;1,35;BR-101/SC;Sul;Colisão Traseira;1;2;;;;;1
25/08/2012;06:56:00;90;sem vítima;6;BR-101/SC;Sul;Colisão Traseira;2;2;;;;;1
25/08/2012;21:31:00;403;sem vítima;106,849;BR-116/PR;Norte;Colisão Lateral;1;3;;;;;1
25/08/2012;06:02:00;77;sem vítima;169,001;BR-101/SC;Sul;Colisão Traseira;2;4;;;;;1
25/08/2012;08:10:00;115;sem vítima;219,8;BR-101/SC;Norte;Choque - Defensa, barreira ou "submarino";1;1;;;;;1
25/08/2012;20:32:00;390;sem vítima;666,542;BR-376/PR;Norte;Choque - Talude;1;1;;;;;1
26/08/2012;10:02:00;120;sem vítima;16,5;BR-101/SC;Sul;Colisão Lateral;1;2;;;;;1
26/08/2012;19:21:00;297;com vítima;93,4;BR-101/SC;Sul;Colisão Traseira;1;1;1;;;;1
26/08/2012;14:39:00;201;com vítima;137,182;BR-101/SC;Norte;Atropelamento - Morador;1;1;;;1;;2
26/08/2012;09:17:00;114;sem vítima;655,8;BR-376/PR;Norte;Colisão Lateral;1;2;;;;;1
27/08/2012;16:19:00;235;sem vítima;111,2;BR-116/PR;Norte;Colisão Traseira;1;2;;;;;1
27/08/2012;15:21:00;206;sem vítima;126,5;BR-101/SC;Sul;Colisão Traseira;1;2;;;;;1
27/08/2012;16:06:00;231;com vítima;164,3;BR-101/SC;Sul;Colisão Traseira;1;1;;1;;;2
27/08/2012;07:59:00;76;sem vítima;202;BR-101/SC;Norte;Colisão Traseira;1;2;;;;;1
27/08/2012;16:07:00;233;sem vítima;204;BR-101/SC;Sul;Colisão Traseira;1;2;;;;;1
27/08/2012;13:20:00;147;sem vítima;654;BR-376/PR;Norte;Colisão Lateral;1;2;;;;;1
28/08/2012;07:47:00;70;sem vítima;48,8;BR-101/SC;Norte;Tombamento;1;1;;;;;1
28/08/2012;21:02:00;289;sem vítima;86,5;BR-116/PR;Sul;Colisão Traseira;2;2;;;;;1
28/08/2012;09:59:00;104;sem vítima;114,001;BR-101/SC;Sul;Colisão Traseira;1;2;;;;;1
28/08/2012;02:08:00;26;sem vítima;170,571;BR-101/SC;Norte;Tombamento;2;2;;;;;1
28/08/2012;14:53:00;170;sem vítima;205,2;BR-101/SC;Sul;Colisão Traseira;1;2;;;;;1
28/08/2012;01:05:00;18;sem vítima;665,2;BR-376/PR;Sul;Saida de Pista;1;1;;;;;1
28/08/2012;23:25:00;314;sem vítima;671,936;BR-376/PR;Sul;Colisão Traseira;2;2;;;;;1
29/08/2012;02:23:00;26;sem vítima;1,506;BR-101/SC;Sul;Choque - Suporte de Sinalização;1;1;;;;;1
29/08/2012;10:58:00;144;sem vítima;54,5;BR-101/SC;Norte;Colisão Traseira;1;3;;;;;1
29/08/2012;07:05:00;71;sem vítima;57,4;BR-101/SC;Norte;Choque - Defensa, barreira ou "submarino";1;1;;;;;1
29/08/2012;08:52:00;116;sem vítima;97;BR-116/PR;Sul;Colisão Lateral;2;2;;;;;1
29/08/2012;19:08:00;307;sem vítima;127,927;BR-101/SC;Sul;Engavetamento;1;4;;;;;1
29/08/2012;07:01:00;69;com vítima;158,4;BR-101/SC;Norte;Colisão Traseira;1;2;2;;;;1
29/08/2012;07:49:00;81;sem vítima;213;BR-101/SC;Norte;Engavetamento;1;4;;;;;1
29/08/2012;10:22:00;139;sem vítima;617,505;BR-376/PR;Norte;Tombamento;1;2;;;;;1
29/08/2012;04:07:00;47;sem vítima;635,5;BR-376/PR;Norte;Saida de Pista;1;1;;;;;1
29/08/2012;14:11:00;201;sem vítima;655,633;BR-376/PR;Norte;Tombamento;1;1;;;;;1
29/08/2012;01:03:00;8;sem vítima;661,686;BR-376/PR;Norte;Saida de Pista;1;1;;;;;1
30/08/2012;15:42:00;280;sem vítima;116,96;BR-101/SC;Norte;Colisão Traseira;2;3;;;;;1
30/08/2012;14:43:00;261;sem vítima;205,1;BR-101/SC;Norte;Colisão Lateral;1;2;;;;;1
30/08/2012;03:16:00;51;com vítima;209,19;BR-101/SC;Sul;Colisão Lateral;1;1;;1;;;2
30/08/2012;07:08:00;85;sem vítima;670,665;BR-376/PR;Norte;Saida de Pista;1;1;;;;;1
31/08/2012;14:03:00;228;com vítima;25,9;BR-101/SC;Norte;Atropelamento - Ciclista;2;3;;1;1;;2
31/08/2012;13:37:00;219;sem vítima;73,9;BR-101/SC;Sul;Colisão Lateral;1;2;;;;;1
31/08/2012;07:14:00;71;sem vítima;80,98;BR-101/SC;Sul;Choque - Defensa, barreira ou "submarino";1;1;;;;;1
31/08/2012;17:52:00;324;sem vítima;117,084;BR-101/SC;Norte;Colisão Traseira;2;2;;;;;1
31/08/2012;10:30:00;163;sem vítima;119,811;BR-101/SC;Norte;Colisão Lateral;1;2;;;;;1
31/08/2012;12:33:00;198;sem vítima;134,337;BR-101/SC;Sul;Colisão Traseira;1;2;;;;;1
31/08/2012;07:52:00;89;com vítima;157,8;BR-101/SC;Sul;Colisão Traseira;1;1;;;1;;2
31/08/2012;02:23:00;32;sem vítima;175,034;BR-101/SC;Norte;Tombamento;1;1;;;;;1
31/08/2012;10:31:00;160;com vítima;207,35;BR-101/SC;Norte;Colisão Traseira;1;3;1;;;;1
31/08/2012;09:35:00;144;com vítima;669,7;BR-376/PR;Sul;Colisão Traseira;2;1;1;;;;1
01/09/2012;09:43:00;131;com vítima;79,65;BR-101/SC;Sul;Colisão Transversal;1;2;1;1;;;2
01/09/2012;15:39:00;234;sem vítima;98,978;BR-101/SC;Sul;Choque - Defensa, barreira ou "submarino";1;2;;;;;1
01/09/2012;19:14:00;320;sem vítima;115;BR-101/SC;Norte;Objeto lançado contra veículo;1;4;;;;;1
01/09/2012;08:25:00;109;com vítima;119;BR-101/SC;Norte;Choque - Defensa, barreira ou "submarino";1;2;1;;;;1
01/09/2012;10:36:00;150;com vítima;150,961;BR-101/SC;Sul;Colisão Lateral;1;2;;;1;1;3
01/09/2012;05:34:00;78;com vítima;647,514;BR-376/PR;Sul;Atropelamento - Usuário;2;2;;1;;;2
01/09/2012;11:36:00;163;sem vítima;660,001;BR-376/PR;Sul;Colisão Traseira;2;3;;;;;1
01/09/2012;06:26:00;82;com vítima;667,524;BR-376/PR;Sul;Tombamento;1;0;;1;;;2
02/09/2012;18:11:00;265;com vítima;12,628;BR-101/SC;Sul;Colisão Traseira;1;2;1;;;;1
02/09/2012;11:18:00;147;sem vítima;168;BR-101/SC;Norte;Colisão Lateral;1;2;;;;;1
02/09/2012;16:50:00;240;sem vítima;635,4;BR-376/PR;Norte;Colisão Transversal;1;2;;;;;1
02/09/2012;14:32:00;185;sem vítima;676;BR-376/PR;Norte;Colisão Transversal;1;2;;;;;1
03/09/2012;17:55:00;328;sem vítima;205,5;BR-101/SC;Sul;Colisão Traseira;1;2;;;;;1
03/09/2012;10:43:00;166;sem vítima;216,8;BR-101/SC;Norte;Colisão Lateral;1;2;;;;;1
03/09/2012;16:40:00;303;sem vítima;635,6;BR-376/PR;Sul;Colisão Lateral;1;2;;;;;1
03/09/2012;10:52:00;171;sem vítima;671,7;BR-376/PR;Sul;Saida de Pista;1;1;;;;;1
04/09/2012;17:53:00;297;sem vítima;29,6;BR-101/SC;Sul;Colisão Traseira;1;2;;;;;1
04/09/2012;05:33:00;57;com vítima;110,9;BR-116/PR;Norte;Saida de Pista;2;2;1;;;;1
04/09/2012;21:09:00;348;sem vítima;203,315;BR-101/SC;Sul;Colisão Transversal;1;2;;;;;1
04/09/2012;16:10:00;252;sem vítima;205,8;BR-101/SC;Sul;Colisão Traseira;1;2;;;;;1
04/09/2012;02:51:00;32;sem vítima;657,115;BR-376/PR;Sul;Tombamento;1;1;;;;;1
04/09/2012;09:12:00;120;sem vítima;658,5;BR-376/PR;Norte;Tombamento;1;1;;;;;1
04/09/2012;11:21:00;162;sem vítima;671,7;BR-376/PR;Sul;Saida de Pista;1;1;;;;;1
05/09/2012;15:48:00;253;sem vítima;40,236;BR-101/SC;Sul;Saida de Pista;1;1;;;;;1
05/09/2012;07:04:00;71;sem vítima;44,9;BR-101/SC;Norte;Colisão Traseira;1;2;;;;;1
05/09/2012;10:18:00;144;sem vítima;54,8;BR-101/SC;Sul;Colisão Lateral;1;2;;;;;1
05/09/2012;18:50:00;336;com vítima;89,9;BR-101/SC;Sul;Colisão Traseira;1;1;1;1;;;2
05/09/2012;10:16:00;145;sem vítima;94,989;BR-116/PR;Sul;Colisão Traseira;2;2;;;;;1
05/09/2012;07:57:00;83;sem vítima;97,5;BR-116/PR;Norte;Saida de Pista;1;1;;;;;1
05/09/2012;01:25:00;17;sem vítima;102,847;BR-101/SC;Sul;Colisão Traseira;1;2;;;;;1
05/09/2012;06:45:00;64;sem vítima;136,5;BR-101/SC;Sul;Colisão Traseira;1;1;;;;;1
05/09/2012;08:27:00;101;sem vítima;212,001;BR-101/SC;Sul;Colisão Traseira;2;3;;;;;1
05/09/2012;13:09:00;193;sem vítima;638,975;BR-376/PR;Norte;Saida de Pista;1;1;;;;;1