data;horario;n_da_ocorrencia;tipo_de_ocorrencia;km;trecho;sentido;tipo_de_acidente;caminhao;ilesos;levemente_feridos;moderadamente_feridos;gravemente_feridos;mortos;3
06/09/2012;12:17:00;244;sem vítima;41,6;BR-101/SC;Norte;Saida de Pista;1;2;;;;;1
06/09/2012;19:11:00;391;sem vítima;41,7;BR-101/SC;Sul;Colisão Lateral;1;2;;;;;1
06/09/2012;11:00:00;209;sem vítima;85,95;BR-101/SC;Norte;Saida de Pista;1;2;;;;;1
06/09/2012;17:40:00;355;sem vítima;106,3;BR-116/PR;Norte;Objeto lançado contra veículo;1;2;;;;;1
06/09/2012;12:44:00;248;sem vítima;204,001;BR-101/SC;Sul;Colisão Lateral;1;3;;;;;1
06/09/2012;15:00:00;299;sem vítima;205,001;BR-101/SC;Sul;Colisão Lateral;1;2;;;;;1
06/09/2012;15:40:00;315;sem vítima;635,2;BR-376/PR;Sul;Colisão Traseira;1;2;;;;;1
06/09/2012;08:10:00;142;com vítima;672,5;BR-376/PR;Sul;Colisão Traseira;2;1;1;;;;1
07/09/2012;13:14:00;287;sem vítima;97;BR-116/PR;Sul;Colisão Traseira;1;2;;;;;1
07/09/2012;05:14:00;95;sem vítima;207,481;BR-101/SC;Sul;Colisão Lateral;1;6;;;;;1
07/09/2012;21:40:00;480;sem vítima;635,229;BR-376/PR;Norte;Saida de Pista;1;1;;;;;1
07/09/2012;00:40:00;12;sem vítima;635,5;BR-376/PR;Norte;Colisão Lateral;1;2;;;;;1
07/09/2012;13:42:00;300;sem vítima;646,873;BR-376/PR;Sul;Colisão Traseira;1;2;;;;;1
07/09/2012;10:51:00;222;sem vítima;663,575;BR-376/PR;Sul;Tombamento;1;1;;;;;1
08/09/2012;22:10:00;365;sem vítima;124,3;BR-101/SC;Sul;Engavetamento;1;6;;;;;1
08/09/2012;10:04:00;136;sem vítima;157,7;BR-101/SC;Sul;Colisão Traseira;1;3;;;;;1
09/09/2012;23:12:00;384;com vítima;98,432;BR-116/PR;Norte;Colisão Lateral;1;2;1;;;;1
09/09/2012;17:48:00;299;com vítima;132,044;BR-101/SC;Norte;Engavetamento;1;4;1;;;;1
09/09/2012;10:25:00;145;sem vítima;145,964;BR-101/SC;Norte;Engavetamento;3;5;;;;;1
09/09/2012;14:41:00;223;sem vítima;157,381;BR-101/SC;Norte;Colisão Traseira;2;2;;;;;1
09/09/2012;04:00:00;56;com vítima;209,77;BR-101/SC;Sul;Engavetamento;1;7;2;;2;;2
10/09/2012;21:22:00;398;sem vítima;14,528;BR-101/SC;Norte;Saida de Pista;1;1;;;;;1
10/09/2012;16:04:00;313;sem vítima;32,753;BR-101/SC;Sul;Colisão Traseira;1;3;;;;;1
10/09/2012;18:51:00;362;sem vítima;36;BR-101/SC;Norte;Colisão Traseira;2;2;;;;;1
10/09/2012;06:40:00;89;sem vítima;204,7;BR-101/SC;Sul;Colisão Traseira;1;2;;;;;1
10/09/2012;14:49:00;278;sem vítima;207,919;BR-101/SC;Norte;Colisão Lateral;1;2;;;;;1
10/09/2012;02:35:00;43;sem vítima;659,508;BR-376/PR;Norte;Saida de Pista;1;1;;;;;1
11/09/2012;13:13:00;190;com vítima;84,877;BR-116/PR;Sul;Colisão Traseira;2;1;1;;;;1
11/09/2012;09:44:00;116;sem vítima;93,024;BR-116/PR;Sul;Saida de Pista;1;1;;;;;1
11/09/2012;13:11:00;193;sem vítima;116,9;BR-101/SC;Sul;Colisão Lateral;1;2;;;;;1
11/09/2012;19:17:00;316;sem vítima;120,601;BR-101/SC;Norte;Colisão Lateral;1;2;;;;;1
11/09/2012;21:26:00;347;com vítima;637,5;BR-376/PR;Norte;Tombamento;1;0;1;;;;1
11/09/2012;02:40:00;30;sem vítima;665,371;BR-376/PR;Sul;Saida de Pista;1;1;;;;;1
12/09/2012;21:47:00;361;sem vítima;52;BR-101/SC;Sul;Saida de Pista;1;1;;;;;1
12/09/2012;15:26:00;230;sem vítima;121,001;BR-101/SC;Norte;Colisão Traseira;1;2;;;;;1
12/09/2012;07:53:00;73;com vítima;142;BR-101/SC;Norte;Colisão Frontal;1;1;;;1;;2
12/09/2012;08:43:00;92;sem vítima;157,4;BR-101/SC;Sul;Choque - Suporte de Sinalização;1;1;;;;;1
12/09/2012;12:08:00;161;sem vítima;205,2;BR-101/SC;Sul;Colisão Lateral;1;2;;;;;1
12/09/2012;23:53:00;376;sem vítima;218,1;BR-101/SC;Sul;Saida de Pista;1;1;;;;;1
12/09/2012;06:22:00;48;sem vítima;666,2;BR-376/PR;Sul;Saida de Pista;1;1;;;;;1
13/09/2012;05:56:00;60;com vítima;30;BR-101/SC;Norte;Colisão Traseira;1;1;1;;;;1
13/09/2012;16:35:00;230;sem vítima;35,038;BR-101/SC;Sul;Colisão Lateral;1;2;;;;;1
13/09/2012;08:37:00;103;sem vítima;117,1;BR-101/SC;Norte;Colisão Traseira;1;2;;;;;1
13/09/2012;09:16:00;111;sem vítima;117,6;BR-101/SC;Norte;Colisão Traseira;1;2;;;;;1
13/09/2012;05:49:00;57;sem vítima;149,7;BR-101/SC;Norte;Colisão Traseira;2;2;;;;;1
13/09/2012;13:41:00;177;com vítima;177;BR-101/SC;Sul;Engavetamento;3;1;5;;;;1
13/09/2012;14:29:00;187;com vítima;187,3;BR-101/SC;Norte;Colisão Lateral;1;0;2;;;;1
13/09/2012;07:39:00;85;sem vítima;207;BR-101/SC;Sul;Colisão Traseira;1;3;;;;;1
13/09/2012;16:09:00;224;sem vítima;664,5;BR-376/PR;Sul;Saida de Pista;1;2;;;;;1
13/09/2012;11:26:00;149;sem vítima;665,8;BR-376/PR;Sul;Saida de Pista;1;1;;;;;1
14/09/2012;14:34:00;237;sem vítima;6,8;BR-101/SC;Sul;Colisão Traseira;1;2;;;;;1
14/09/2012;07:37:00;101;sem vítima;58;BR-101/SC;Sul;Choque - Defensa, barreira ou "submarino";2;2;;;;;1
14/09/2012;17:39:00;324;sem vítima;109,529;BR-116/PR;Sul;Saida de Pista;1;1;;;;;1
14/09/2012;18:21:00;340;sem vítima;137,392;BR-101/SC;Sul;Engavetamento;1;3;;;;;1
14/09/2012;00:28:00;11;sem vítima;155,081;BR-101/SC;Norte;Tombamento;1;1;;;;;1
14/09/2012;15:05:00;257;com vítima;157,4;BR-101/SC;Sul;Colisão Lateral;1;0;2;;;;1
14/09/2012;07:46:00;104;com vítima;203,001;BR-101/SC;Sul;Colisão Traseira;1;1;2;;;;1
14/09/2012;17:25:00;318;sem vítima;205,5;BR-101/SC;Sul;Colisão Lateral;1;2;;;;;1
14/09/2012;17:09:00;311;com vítima;648,276;BR-376/PR;Norte;Colisão Transversal;1;0;2;2;;2;3
14/09/2012;05:21:00;66;sem vítima;671,8;BR-376/PR;Sul;Outros;1;1;;;;;1
14/09/2012;17:59:00;333;sem vítima;679;BR-376/PR;Sul;Colisão Traseira;1;2;;;;;1
15/09/2012;00:00:00;38;sem vítima;27,753;BR-101/SC;Sul;Choque - Objeto sobre a pista;1;1;;;;;1
15/09/2012;03:31:00;69;sem vítima;113,24;BR-101/SC;Sul;Saida de Pista;1;1;;;;;1
15/09/2012;10:28:00;192;com vítima;120,258;BR-101/SC;Sul;Engavetamento;1;2;3;;;;1
15/09/2012;22:00:00;426;sem vítima;158,683;BR-101/SC;Sul;Colisão Lateral;2;2;;;;;1
15/09/2012;10:43:00;197;sem vítima;186,089;BR-101/SC;Sul;Tombamento;1;2;;;;;1
15/09/2012;10:47:00;199;sem vítima;619,977;BR-376/PR;Norte;Colisão Lateral;1;2;;;;;1
16/09/2012;13:28:00;202;sem vítima;57;BR-101/SC;Norte;Colisão Lateral;1;2;;;;;1
16/09/2012;17:44:00;282;sem vítima;79,45;BR-101/SC;Norte;Choque - Outros;1;2;;;;;1
16/09/2012;16:47:00;269;sem vítima;637;BR-376/PR;Norte;Engavetamento;1;5;;;;;1
16/09/2012;12:55:00;186;sem vítima;662,05;BR-376/PR;Sul;Colisão Traseira;2;3;;;;;1
17/09/2012;05:24:00;67;com vítima;35,65;BR-101/SC;Norte;Colisão Lateral;1;2;1;;;;1
17/09/2012;13:59:00;237;sem vítima;44,196;BR-101/SC;Norte;Engavetamento;3;3;;;;;1
17/09/2012;21:42:00;386;sem vítima;47,568;BR-101/SC;Norte;Colisão Lateral;1;3;;;;;1
17/09/2012;23:12:00;409;com vítima;67,4;BR-101/SC;Norte;Colisão Traseira;1;1;;;2;1;3
17/09/2012;16:59:00;315;sem vítima;93,2;BR-116/PR;Sul;Colisão Lateral;1;2;;;;;1
17/09/2012;10:15:00;155;com vítima;110,95;BR-116/PR;Norte;Tombamento;1;2;;1;;;2
17/09/2012;07:18:00;91;sem vítima;625,3;BR-376/PR;Sul;Colisão Traseira;2;2;;;;;1
18/09/2012;08:45:00;131;sem vítima;1,35;BR-101/SC;Sul;Choque - Defensa, barreira ou "submarino";1;2;;;;;1
18/09/2012;07:53:00;106;sem vítima;91;BR-101/SC;Sul;Colisão Traseira;2;3;;;;;1
18/09/2012;14:01:00;240;com vítima;114,8;BR-116/PR;Sul;Colisão Traseira;1;3;;2;;1;3
18/09/2012;12:21:00;210;sem vítima;117;BR-101/SC;Sul;Colisão Lateral;1;2;;;;;1
18/09/2012;15:06:00;265;sem vítima;118,05;BR-101/SC;Sul;Engavetamento;2;3;;;;;1
18/09/2012;12:35:00;217;com vítima;149,45;BR-101/SC;Sul;Colisão Traseira;1;1;2;;;;1
18/09/2012;17:19:00;307;sem vítima;196,031;BR-101/SC;Norte;Colisão Traseira;2;3;;;;;1
18/09/2012;15:25:00;271;com vítima;234,1;BR-101/SC;Sul;Colisão Traseira;1;1;1;;;;1
18/09/2012;11:21:00;193;sem vítima;622,35;BR-376/PR;Sul;Colisão Traseira;1;2;;;;;1
18/09/2012;14:54:00;256;sem vítima;671,7;BR-376/PR;Sul;Saida de Pista;1;1;;;;;1
19/09/2012;19:58:00;413;sem vítima;39,771;BR-101/SC;Norte;Colisão Lateral;2;2;;;;;1
19/09/2012;12:21:00;236;sem vítima;90,4;BR-116/PR;Sul;Colisão Lateral;1;3;;;;;1
19/09/2012;21:06:00;436;sem vítima;92,482;BR-116/PR;Sul;Choque - Defensa, barreira ou "submarino";1;1;;;;;1
19/09/2012;01:07:00;32;sem vítima;196;BR-101/SC;Sul;Atropelamento de Animal;1;1;;;;;1
19/09/2012;02:05:00;50;sem vítima;236;BR-101/SC;Sul;Outros;1;1;;;;;1
19/09/2012;16:16:00;323;sem vítima;635;BR-376/PR;Norte;Colisão Traseira;1;2;;;;;1
19/09/2012;15:11:00;296;sem vítima;665,1;BR-376/PR;Sul;Colisão Traseira;2;2;;;;;1
19/09/2012;14:02:00;260;sem vítima;671,7;BR-376/PR;Sul;Saida de Pista;1;1;;;;;1
20/09/2012;14:12:00;238;sem vítima;25,49;BR-101/SC;Norte;Saida de Pista;1;2;;;;;1
20/09/2012;17:34:00;328;sem vítima;57,3;BR-101/SC;Sul;Colisão Traseira;1;2;;;;;1
20/09/2012;19:13:00;361;com vítima;119;BR-101/SC;Norte;Colisão Transversal;1;1;1;;;;1
20/09/2012;08:37:00;126;sem vítima;205;BR-101/SC;Sul;Engavetamento;2;3;;;;;1
20/09/2012;20:40:00;392;com vítima;206,374;BR-101/SC;Sul;Engavetamento;1;4;1;;;;1
20/09/2012;07:17:00;96;com vítima;209,8;BR-101/SC;Norte;Colisão Lateral;1;2;;;;1;3
20/09/2012;07:51:00;112;com vítima;213,414;BR-101/SC;Norte;Colisão Lateral;2;2;;;;1;3
20/09/2012;14:26:00;243;sem vítima;657,3;BR-376/PR;Sul;Colisão Traseira;1;3;;;;;1
20/09/2012;18:59:00;379;sem vítima;666,4;BR-376/PR;Sul;Colisão Traseira;2;2;;;;;1
21/09/2012;12:33:00;169;sem vítima;14,612;BR-101/SC;Norte;Engavetamento;3;3;;;;;1
21/09/2012;08:12:00;83;sem vítima;40,9;BR-101/SC;Sul;Saida de Pista;1;1;;;;;1
21/09/2012;08:24:00;88;sem vítima;111,2;BR-116/PR;Norte;Tombamento;1;1;;;;;1
21/09/2012;09:33:00;112;sem vítima;111,823;BR-116/PR;Norte;Saida de Pista;1;1;;;;;1
21/09/2012;10:14:00;121;sem vítima;119;BR-101/SC;Sul;Colisão Traseira;1;2;;;;;1
21/09/2012;05:51:00;53;sem vítima;119,45;BR-101/SC;Norte;Tombamento;1;1;;;;;1
21/09/2012;18:00:00;294;com vítima;123;BR-101/SC;Norte;Engavetamento;2;2;2;;;;1
21/09/2012;18:06:00;295;sem vítima;146,12;BR-101/SC;Norte;Choque - Outros;1;1;;;;;1
21/09/2012;01:28:00;29;com vítima;147,357;BR-101/SC;Sul;Colisão Lateral;1;1;1;;;;1
21/09/2012;18:25:00;303;com vítima;163,391;BR-101/SC;Norte;Saida de Pista;1;1;1;;;;1
21/09/2012;10:23:00;125;sem vítima;204;BR-101/SC;Sul;Colisão Traseira;2;2;;;;;1
21/09/2012;02:57:00;37;sem vítima;205,042;BR-101/SC;Norte;Colisão Traseira;1;2;;;;;1
21/09/2012;23:44:00;378;sem vítima;208,14;BR-101/SC;Sul;Colisão Lateral;1;2;;;;;1
21/09/2012;09:34:00;114;sem vítima;635,5;BR-376/PR;Norte;Colisão Traseira;2;2;;;;;1
21/09/2012;10:35:00;130;sem vítima;639,5;BR-376/PR;Sul;Choque - Defensa, barreira ou "submarino";1;4;;;;;1
22/09/2012;15:39:00;269;sem vítima;119,001;BR-101/SC;Sul;Colisão Traseira;2;3;;;;;1
22/09/2012;05:18:00;71;sem vítima;213,7;BR-101/SC;Norte;Colisão Lateral;1;2;;;;;1
22/09/2012;12:03:00;204;sem vítima;680,476;BR-376/PR;Norte;Colisão Traseira;1;3;;;;;1
23/09/2012;08:25:00;114;com vítima;49,845;BR-101/SC;Sul;Tombamento;1;0;1;;;;1
23/09/2012;17:39:00;287;sem vítima;140,981;BR-101/SC;Norte;Colisão Traseira;1;2;;;;;1
23/09/2012;16:35:00;263;com vítima;199,6;BR-101/SC;Norte;Colisão Traseira;1;0;4;;;;1
23/09/2012;12:13:00;180;sem vítima;206,296;BR-101/SC;Norte;Colisão Lateral;1;2;;;;;1
23/09/2012;16:52:00;265;sem vítima;209,2;BR-101/SC;Norte;Colisão Lateral;1;2;;;;;1
23/09/2012;12:57:00;193;sem vítima;219,389;BR-101/SC;Sul;Colisão Traseira;1;2;;;;;1
24/09/2012;00:27:00;2;sem vítima;21,649;BR-101/SC;Sul;Colisão Lateral;2;2;;;;;1
24/09/2012;06:53:00;75;sem vítima;68;BR-101/SC;Norte;Colisão Lateral;1;2;;;;;1
24/09/2012;06:31:00;71;sem vítima;127,7;BR-101/SC;Norte;Colisão Traseira;2;2;;;;;1
24/09/2012;15:24:00;260;com vítima;139,1;BR-101/SC;Sul;Queda de Moto;1;2;1;;;;1
24/09/2012;23:28:00;409;com vítima;216,952;BR-101/SC;Sul;Colisão Traseira;1;2;;;;1;3
24/09/2012;09:50:00;139;com vítima;219,792;BR-101/SC;Sul;Colisão Lateral;1;2;2;;;;1
24/09/2012;18:04:00;328;sem vítima;628,124;BR-376/PR;Norte;Choque - Objeto sobre a pista;1;2;;;;;1
25/09/2012;19:23:00;350;sem vítima;8,9;BR-101/SC;Norte;Choque - Outros;1;1;;;;;1
25/09/2012;08:21:00;132;sem vítima;37;BR-101/SC;Norte;Colisão Lateral;1;2;;;;;1
25/09/2012;11:43:00;209;sem vítima;92,6;BR-116/PR;Sul;Colisão Traseira;1;2;;;;;1
25/09/2012;13:59:00;259;sem vítima;94,35;BR-116/PR;Sul;Colisão Lateral;1;2;;;;;1
25/09/2012;18:06:00;329;sem vítima;108,877;BR-116/PR;Norte;Tombamento;1;1;;;;;1
25/09/2012;17:28:00;320;sem vítima;110,941;BR-116/PR;Norte;Tombamento;1;1;;;;;1
25/09/2012;22:15:00;397;sem vítima;112,915;BR-101/SC;Norte;Saida de Pista;1;1;;;;;1
25/09/2012;09:24:00;161;sem vítima;158,6;BR-101/SC;Sul;Colisão Lateral;1;2;;;;;1
25/09/2012;09:14:00;168;sem vítima;216,85;BR-101/SC;Sul;Choque - Objeto sobre a pista;1;2;;;;;1
25/09/2012;18:19:00;331;sem vítima;655,595;BR-376/PR;Norte;Choque - Defensa, barreira ou "submarino";1;2;;;;;1
25/09/2012;22:18:00;398;sem vítima;663,073;BR-376/PR;Sul;Atropelamento de Animal;1;1;;;;;1
25/09/2012;08:41:00;141;sem vítima;672,001;BR-376/PR;Sul;Colisão Lateral;1;2;;;;;1
25/09/2012;12:05:00;219;sem vítima;679,5;BR-376/PR;Sul;Colisão Lateral;1;2;;;;;1
26/09/2012;21:28:00;369;sem vítima;21,164;BR-101/SC;Sul;Tombamento;1;1;;;;;1
26/09/2012;12:59:00;221;sem vítima;90,5;BR-116/PR;Sul;Colisão Traseira;2;2;;;;;1
26/09/2012;08:37:00;144;sem vítima;106,6;BR-116/PR;Sul;Saida de Pista;1;1;;;;;1
26/09/2012;10:36:00;188;com vítima;215,9;BR-101/SC;Norte;Colisão Traseira;1;2;2;;;;1
26/09/2012;03:06:00;57;sem vítima;627,857;BR-376/PR;Sul;Saida de Pista;1;1;;;;;1
26/09/2012;01:51:00;36;sem vítima;635,476;BR-376/PR;Norte;Colisão Lateral;2;2;;;;;1
26/09/2012;09:01:00;158;sem vítima;671,7;BR-376/PR;Sul;Saida de Pista;1;1;;;;;1
27/09/2012;16:32:00;298;sem vítima;30;BR-101/SC;Sul;Colisão Lateral;2;2;;;;;1
27/09/2012;21:35:00;367;sem vítima;38;BR-101/SC;Sul;Colisão Traseira;1;2;;;;;1
27/09/2012;09:21:00;160;sem vítima;53,9;BR-101/SC;Sul;Colisão Lateral;1;3;;;;;1
27/09/2012;22:14:00;376;sem vítima;89,8;BR-116/PR;Sul;Colisão Lateral;2;3;;;;;1
27/09/2012;09:30:00;163;sem vítima;93,5;BR-116/PR;Sul;Colisão Traseira;3;3;;;;;1
27/09/2012;07:32:00;110;sem vítima;93,8;BR-116/PR;Sul;Colisão Traseira;3;3;;;;;1
27/09/2012;13:05:00;231;sem vítima;110,4;BR-101/SC;Norte;Saida de Pista;1;1;;;;;1
27/09/2012;19:37:00;339;sem vítima;208,1;BR-101/SC;Norte;Colisão Traseira;1;2;;;;;1
27/09/2012;00:39:00;11;sem vítima;615,855;BR-376/PR;Sul;Colisão Traseira;2;2;;;;;1
28/09/2012;17:21:00;294;sem vítima;6,7;BR-101/SC;Norte;Colisão Lateral;1;2;;;;;1
28/09/2012;09:31:00;115;sem vítima;104,8;BR-116/PR;Sul;Saida de Pista;1;1;;;;;1
28/09/2012;19:09:00;333;sem vítima;205,3;BR-101/SC;Sul;Colisão Lateral;1;2;;;;;1
28/09/2012;08:21:00;92;sem vítima;234,5;BR-101/SC;Norte;Colisão Frontal;1;2;;;;;1
28/09/2012;16:00:00;270;sem vítima;243,5;BR-101/SC;Sul;Tombamento;1;1;;;;;1
28/09/2012;07:44:00;84;sem vítima;635,5;BR-376/PR;Norte;Choque - Cancela de Pedagio;1;1;;;;;1
28/09/2012;08:24:00;93;com vítima;656;BR-376/PR;Sul;Colisão Traseira;2;2;1;;;;1
28/09/2012;13:47:00;204;sem vítima;665,15;BR-376/PR;Sul;Colisão Lateral;2;2;;;;;1
28/09/2012;18:43:00;327;sem vítima;667,3;BR-376/PR;Sul;Saida de Pista;1;1;;;;;1
29/09/2012;10:40:00;129;sem vítima;92;BR-116/PR;Sul;Outros;2;2;;;;;1
29/09/2012;11:42:00;164;sem vítima;183,3;BR-101/SC;Sul;Engavetamento;1;5;;;;;1
29/09/2012;00:23:00;4;sem vítima;184,19;BR-101/SC;Sul;Tombamento;1;2;;;;;1
29/09/2012;06:37:00;60;com vítima;668,002;BR-376/PR;Sul;Tombamento;1;0;1;;;;1
29/09/2012;11:42:00;165;com vítima;668,6;BR-376/PR;Sul;Tombamento;1;0;1;;;;1
29/09/2012;16:18:00;261;sem vítima;671;BR-376/PR;Norte;Tombamento;1;1;;;;;1
30/09/2012;19:25:00;295;sem vítima;119,163;BR-101/SC;Norte;Colisão Lateral;1;2;;;;;1
30/09/2012;05:13:00;57;sem vítima;638,818;BR-376/PR;Norte;Saida de Pista;1;1;;;;;1
30/09/2012;08:04:00;109;sem vítima;652,332;BR-376/PR;Norte;Saida de Pista;1;1;;;;;1
01/11/2012;05:57:00;76;sem vítima;21,616;BR-101/SC;Norte;Colisão Traseira;1;2;;;;;1
01/11/2012;20:47:00;399;sem vítima;104,012;BR-116/PR;Sul;Saida de Pista;1;1;;;;;1
01/11/2012;09:25:00;146;sem vítima;106,9;BR-116/PR;Sul;Saida de Pista;1;1;;;;;1
01/11/2012;17:42:00;327;sem vítima;113,2;BR-101/SC;Norte;Queda de Moto;1;2;;;;;1
01/11/2012;11:00:00;181;sem vítima;114,266;BR-116/PR;Sul;Colisão Traseira;2;2;;;;;1
01/11/2012;15:57:00;280;sem vítima;134,8;BR-101/SC;Sul;Engavetamento;1;3;;;;;1
01/11/2012;21:19:00;407;sem vítima;205,45;BR-101/SC;Sul;Colisão Lateral;1;2;;;;;1
01/11/2012;03:54:00;77;sem vítima;207,5;BR-101/SC;Norte;Saida de Pista;1;3;;;;;1
01/11/2012;00:27:00;15;com vítima;629;BR-376/PR;Sul;Colisão Traseira;2;1;1;;;;1
01/11/2012;14:51:00;251;sem vítima;665,512;BR-376/PR;Sul;Colisão Traseira;2;2;;;;;1
02/11/2012;15:21:00;268;sem vítima;626,702;BR-376/PR;Sul;Colisão Traseira;2;2;;;;;1
03/11/2012;17:20:00;252;sem vítima;80,401;BR-116/PR;Sul;Saida de Pista;1;3;;;;;1
03/11/2012;00:35:00;17;com vítima;80,603;BR-116/PR;Sul;Choque - Defensa, barreira ou "submarino";1;1;1;1;;;2
03/11/2012;08:36:00;107;sem vítima;114,4;BR-116/PR;Sul;Colisão Traseira;1;2;;;;;1
03/11/2012;20:55:00;303;sem vítima;672,063;BR-376/PR;Sul;Colisão Lateral;1;1;;;;;1
04/11/2012;09:03:00;107;sem vítima;1,35;BR-101/SC;Sul;Colisão Traseira;2;2;;;;;1
04/11/2012;14:49:00;201;sem vítima;111,5;BR-101/SC;Norte;Engavetamento;1;3;;;;;1
04/11/2012;04:55:00;59;com vítima;209,5;BR-101/SC;Norte;Colisão Traseira;1;3;2;;;;1
05/11/2012;11:11:00;188;sem vítima;39;BR-101/SC;Norte;Colisão Lateral;1;2;;;;;1
05/11/2012;06:32:00;82;com vítima;105,001;BR-116/PR;Norte;Colisão Traseira;1;1;1;;;;1
05/11/2012;19:21:00;378;sem vítima;157,389;BR-101/SC;Norte;Colisão Traseira;1;2;;;;;1
05/11/2012;12:20:00;220;com vítima;203,7;BR-101/SC;Norte;Atropelamento - Andarilho;1;2;;;;1;3
05/11/2012;17:48:00;342;com vítima;207,109;BR-101/SC;Sul;Colisão Traseira;1;1;;1;1;;2
05/11/2012;13:14:00;241;sem vítima;630,975;BR-376/PR;Norte;Engavetamento;1;3;;;;;1
05/11/2012;14:50:00;274;com vítima;668,3;BR-376/PR;Norte;Colisão Lateral;1;1;1;;;;1
05/11/2012;05:55:00;76;sem vítima;671,7;BR-376/PR;Sul;Saida de Pista;1;1;;;;;1
06/11/2012;06:13:00;81;sem vítima;14,5;BR-101/SC;Norte;Colisão Lateral;1;2;;;;;1
06/11/2012;15:43:00;298;sem vítima;92,959;BR-116/PR;Sul;Choque - Defensa, barreira ou "submarino";1;1;;;;;1
06/11/2012;00:14:00;8;com vítima;107,149;BR-101/SC;Sul;Choque - Objeto sobre a pista;1;2;1;;;;1
06/11/2012;18:12:00;340;sem vítima;110,026;BR-116/PR;Sul;Saida de Pista;1;1;;;;;1
06/11/2012;11:20:00;189;sem vítima;123,206;BR-101/SC;Norte;Colisão Traseira;2;2;;;;;1
06/11/2012;08:33:00;131;sem vítima;205,2;BR-101/SC;Sul;Colisão Lateral;1;2;;;;;1
06/11/2012;09:14:00;150;sem vítima;207,8;BR-101/SC;Sul;Colisão Traseira;2;2;;;;;1
06/11/2012;05:38:00;76;sem vítima;635,4;BR-376/PR;Norte;Choque - Outros;1;2;;;;;1
06/11/2012;22:30:00;397;com vítima;663,696;BR-376/PR;Sul;Colisão Traseira;2;1;;1;;;2
06/11/2012;06:50:00;89;sem vítima;668,7;BR-376/PR;Norte;Colisão Lateral;2;2;;;;;1
07/11/2012;04:03:00;44;sem vítima;12,95;BR-101/SC;Norte;Colisão Traseira;1;2;;;;;1
07/11/2012;17:28:00;345;sem vítima;117,1;BR-101/SC;Norte;Colisão Traseira;1;2;;;;;1
07/11/2012;17:17:00;353;sem vítima;136,2;BR-101/SC;Norte;Colisão Traseira;1;2;;;;;1
07/11/2012;04:56:00;47;sem vítima;153,856;BR-101/SC;Norte;Colisão Lateral;1;2;;;;;1
07/11/2012;07:28:00;80;com vítima;167,6;BR-101/SC;Norte;Choque - Objeto sobre a pista;1;1;1;;;;1
07/11/2012;22:39:00;431;sem vítima;191,6;BR-101/SC;Sul;Choque - Defensa, barreira ou "submarino";1;1;;;;;1
07/11/2012;18:23:00;365;com vítima;203,625;BR-101/SC;Norte;Queda de Moto;1;1;;1;;;2
08/11/2012;20:01:00;318;sem vítima;2;BR-101/SC;Norte;Saida de Pista;1;1;;;;;1
08/11/2012;14:31:00;222;sem vítima;6,3;BR-101/SC;Norte;Choque - Defensa, barreira ou "submarino";1;1;;;;;1
08/11/2012;02:10:00;36;com vítima;72,104;BR-116/PR;Norte;Tombamento;1;0;;1;;;2
08/11/2012;07:19:00;72;com vítima;102,4;BR-116/PR;Sul;Colisão Lateral;1;3;;1;;;2
08/11/2012;14:07:00;217;sem vítima;108,3;BR-116/PR;Sul;Engavetamento;3;4;;;;;1
08/11/2012;22:11:00;350;sem vítima;111,1;BR-101/SC;Sul;Colisão Traseira;2;4;;;;;1
08/11/2012;14:44:00;224;sem vítima;150;BR-101/SC;Norte;Objeto lançado contra veículo;1;1;;;;;1
08/11/2012;13:32:00;210;sem vítima;222;BR-101/SC;Norte;Colisão Transversal;1;2;;;;;1
08/11/2012;18:39:00;286;sem vítima;233;BR-101/SC;Norte;Colisão Traseira;1;2;;;;;1
08/11/2012;13:18:00;205;com vítima;674,124;BR-376/PR;Sul;Colisão Traseira;4;4;2;1;;7;3
08/11/2012;12:27:00;190;sem vítima;675,87;BR-376/PR;Sul;Engavetamento;3;4;;;;;1
08/11/2012;11:17:00;160;sem vítima;679,171;BR-376/PR;Sul;Choque - Defensa, barreira ou "submarino";1;2;;;;;1
09/11/2012;17:35:00;331;sem vítima;6,5;BR-101/SC;Norte;Engavetamento;1;3;;;;;1
09/11/2012;11:04:00;179;sem vítima;17,8;BR-101/SC;Norte;Engavetamento;2;5;;;;;1
09/11/2012;07:48:00;103;sem vítima;41,6;BR-101/SC;Norte;Colisão Traseira;1;3;;;;;1
09/11/2012;02:26:00;45;sem vítima;72,101;BR-116/PR;Norte;Tombamento;1;1;;;;;1
09/11/2012;01:38:00;32;sem vítima;72,185;BR-116/PR;Norte;Saida de Pista;1;1;;;;;1
09/11/2012;02:42:00;50;sem vítima;72,301;BR-116/PR;Norte;Colisão Traseira;2;2;;;;;1
09/11/2012;22:56:00;422;sem vítima;72,737;BR-116/PR;Norte;Colisão Lateral;1;2;;;;;1
09/11/2012;08:42:00;127;sem vítima;108,8;BR-116/PR;Sul;Choque - Defensa, barreira ou "submarino";1;1;;;;;1
09/11/2012;06:06:00;74;sem vítima;112,4;BR-101/SC;Sul;Colisão Traseira;1;2;;;;;1
09/11/2012;11:17:00;184;sem vítima;113,1;BR-101/SC;Norte;Colisão Lateral;1;2;;;;;1
09/11/2012;19:08:00;373;com vítima;117;BR-101/SC;Sul;Colisão Traseira;1;2;1;;;;1
09/11/2012;10:35:00;168;com vítima;148;BR-101/SC;Norte;Atropelamento - Sem Informação;1;1;;1;;;2
09/11/2012;01:44:00;37;sem vítima;223;BR-101/SC;Norte;Colisão Traseira;1;2;;;;;1
09/11/2012;08:09:00;114;sem vítima;631,9;BR-376/PR;Sul;Outros;1;1;;;;;1