data;horario;n_da_ocorrencia;tipo_de_ocorrencia;km;trecho;sentido;tipo_de_acidente;caminhao;ilesos;levemente_feridos;moderadamente_feridos;gravemente_feridos;mortos;3
09/11/2012;14:15:00;238;sem vítima;658,658;BR-376/PR;Norte;Tombamento;1;1;;;;;1
09/11/2012;13:06:00;220;sem vítima;665,917;BR-376/PR;Sul;Saida de Pista;1;1;;;;;1
09/11/2012;05:02:00;67;sem vítima;671,701;BR-376/PR;Sul;Saida de Pista;1;1;;;;;1
09/11/2012;14:55:00;253;sem vítima;671,999;BR-376/PR;Sul;Colisão Lateral;1;7;;;;;1
10/11/2012;00:05:00;2;sem vítima;168,1;BR-101/SC;Norte;Atropelamento - Ciclista;1;2;;;;;1
10/11/2012;21:44:00;362;com vítima;197,821;BR-101/SC;Sul;Colisão Traseira;1;2;1;;;;1
10/11/2012;01:04:00;23;sem vítima;216;BR-101/SC;Sul;Saida de Pista;1;1;;;;;1
10/11/2012;07:07:00;93;sem vítima;674,434;BR-376/PR;Sul;Tombamento;1;1;;;;;1
11/11/2012;16:21:00;287;sem vítima;1,35;BR-101/SC;Norte;Colisão Traseira;2;2;;;;;1
11/11/2012;14:57:00;252;sem vítima;86,65;BR-101/SC;Norte;Colisão Traseira;2;2;;;;;1
11/11/2012;06:33:00;95;sem vítima;89,048;BR-101/SC;Norte;Saida de Pista;1;1;;;;;1
11/11/2012;05:28:00;86;sem vítima;111,1;BR-101/SC;Norte;Colisão Lateral;1;2;;;;;1
12/11/2012;18:07:00;287;sem vítima;1,35;BR-101/SC;Norte;Choque - Suporte de Sinalização;1;1;;;;;1
12/11/2012;20:15:00;313;sem vítima;11,8;BR-101/SC;Sul;Colisão Traseira;1;2;;;;;1
12/11/2012;18:47:00;297;com vítima;48,694;BR-101/SC;Sul;Saida de Pista;1;0;1;;;;1
12/11/2012;19:39:00;303;sem vítima;101,801;BR-116/PR;Sul;Choque - Defensa, barreira ou "submarino";1;1;;;;;1
12/11/2012;00:57:00;24;sem vítima;114,2;BR-101/SC;Norte;Choque - Defensa, barreira ou "submarino";1;1;;;;;1
12/11/2012;21:19:00;324;com vítima;117,2;BR-101/SC;Norte;Colisão Transversal;1;1;1;;;;1
12/11/2012;00:48:00;20;sem vítima;157;BR-101/SC;Sul;Colisão Traseira;1;2;;;;;1
12/11/2012;02:49:00;42;sem vítima;168,6;BR-101/SC;Norte;Tombamento;1;1;;;;;1
12/11/2012;10:54:00;156;com vítima;665,6;BR-376/PR;Sul;Colisão Lateral;1;1;1;;;;1
13/11/2012;08:40:00;118;sem vítima;1,35;BR-101/SC;Sul;Choque - Defensa, barreira ou "submarino";1;2;;;;;1
13/11/2012;15:40:00;284;sem vítima;103,4;BR-101/SC;Sul;Choque - Objeto sobre a pista;1;2;;;;;1
13/11/2012;14:48:00;259;com vítima;116;BR-101/SC;Norte;Colisão Traseira;1;1;1;;;;1
13/11/2012;19:44:00;353;sem vítima;211,05;BR-101/SC;Norte;Colisão Lateral;1;2;;;;;1
13/11/2012;02:32:00;40;sem vítima;635,901;BR-376/PR;Sul;Saida de Pista;1;1;;;;;1
13/11/2012;16:26:00;304;com vítima;673,44;BR-376/PR;Sul;Engavetamento;3;2;;;2;2;3
13/11/2012;11:42:00;195;sem vítima;679;BR-376/PR;Sul;Saida de Pista;1;1;;;;;1
14/11/2012;05:30:00;66;sem vítima;79,65;BR-101/SC;Norte;Colisão Traseira;1;2;;;;;1
14/11/2012;18:27:00;308;sem vítima;111,3;BR-101/SC;Sul;Colisão Traseira;1;2;;;;;1
14/11/2012;14:04:00;205;com vítima;115,8;BR-101/SC;Norte;Colisão Traseira;2;2;1;;;;1
14/11/2012;09:41:00;131;sem vítima;117;BR-101/SC;Norte;Colisão Transversal;1;2;;;;;1
14/11/2012;01:06:00;18;sem vítima;128,689;BR-101/SC;Norte;Colisão Traseira;2;2;;;;;1
14/11/2012;14:17:00;209;sem vítima;135,6;BR-101/SC;Norte;Choque - Defensa, barreira ou "submarino";1;1;;;;;1
14/11/2012;10:51:00;160;sem vítima;165;BR-101/SC;Sul;Colisão Lateral;1;2;;;;;1
14/11/2012;09:54:00;138;sem vítima;201,5;BR-101/SC;Sul;Colisão Traseira;2;2;;;;;1
14/11/2012;11:15:00;152;sem vítima;211,7;BR-101/SC;Norte;Colisão Transversal;1;2;;;;;1
14/11/2012;19:03:00;324;com vítima;653,864;BR-376/PR;Norte;Colisão Traseira;1;2;1;;;;1
14/11/2012;07:01:00;82;sem vítima;656,726;BR-376/PR;Norte;Tombamento;1;2;;;;;1
14/11/2012;06:34:00;74;sem vítima;659,415;BR-376/PR;Norte;Saida de Pista;1;1;;;;;1
14/11/2012;16:46:00;265;sem vítima;664,5;BR-376/PR;Norte;Colisão Traseira;1;2;;;;;1
14/11/2012;10:37:00;157;sem vítima;675,8;BR-376/PR;Sul;Saida de Pista;1;1;;;;;1
15/11/2012;17:40:00;287;sem vítima;40,835;BR-101/SC;Norte;Colisão Traseira;1;2;;;;;1
15/11/2012;12:22:00;196;sem vítima;50,5;BR-101/SC;Norte;Colisão Lateral;1;2;;;;;1
15/11/2012;07:55:00;108;sem vítima;54,5;BR-101/SC;Norte;Colisão Lateral;1;2;;;;;1
15/11/2012;07:53:00;105;sem vítima;111,095;BR-116/PR;Norte;Colisão Lateral;1;2;;;;;1
15/11/2012;12:51:00;210;com vítima;112;BR-116/PR;Norte;Colisão Lateral;1;1;;;1;;2
15/11/2012;15:02:00;237;sem vítima;157,4;BR-101/SC;Sul;Colisão Traseira;1;2;;;;;1
15/11/2012;07:32:00;94;sem vítima;189;BR-101/SC;Norte;Colisão Traseira;1;2;;;;;1
15/11/2012;08:05:00;109;sem vítima;231;BR-101/SC;Sul;Colisão Traseira;1;2;;;;;1
15/11/2012;11:20:00;171;com vítima;233,7;BR-101/SC;Sul;Colisão Transversal;1;1;;1;;;2
16/11/2012;00:17:00;3;com vítima;21,709;BR-101/SC;Norte;Tombamento;1;0;;1;;;2
16/11/2012;08:31:00;109;sem vítima;104,3;BR-116/PR;Sul;Tombamento;1;1;;;;;1
16/11/2012;18:11:00;316;com vítima;132,08;BR-101/SC;Norte;Tombamento;1;2;1;;;;1
16/11/2012;02:56:00;38;sem vítima;157,15;BR-101/SC;Sul;Colisão Transversal;1;2;;;;;1
16/11/2012;17:38:00;303;sem vítima;638,6;BR-376/PR;Norte;Colisão Traseira;3;3;;;;;1
16/11/2012;03:09:00;39;sem vítima;680,711;BR-376/PR;Sul;Colisão Traseira;3;3;;;;;1
17/11/2012;16:27:00;275;com vítima;149,2;BR-101/SC;Norte;Colisão Traseira;1;2;;3;;;2
17/11/2012;18:15:00;315;com vítima;154,85;BR-101/SC;Norte;Colisão Lateral;1;0;2;;;;1
18/11/2012;15:04:00;248;sem vítima;54,9;BR-101/SC;Norte;Colisão Traseira;2;2;;;;;1
18/11/2012;06:18:00;82;sem vítima;219,899;BR-101/SC;Sul;Colisão Lateral;1;2;;;;;1
18/11/2012;04:56:00;66;sem vítima;665,101;BR-376/PR;Norte;Saida de Pista;1;1;;;;;1
19/11/2012;09:00:00;130;sem vítima;1,35;BR-101/SC;Norte;Colisão Traseira;2;2;;;;;1
19/11/2012;18:41:00;381;sem vítima;158,6;BR-101/SC;Norte;Saida de Pista;1;1;;;;;1
19/11/2012;12:22:00;214;sem vítima;202,15;BR-101/SC;Sul;Colisão Lateral;1;2;;;;;1
19/11/2012;18:17:00;375;sem vítima;208;BR-101/SC;Norte;Colisão Lateral;1;2;;;;;1
19/11/2012;17:31:00;355;sem vítima;219;BR-101/SC;Norte;Colisão Traseira;1;2;;;;;1
19/11/2012;14:18:00;267;sem vítima;664,9;BR-376/PR;Sul;Colisão Traseira;1;2;;;;;1
20/11/2012;01:55:00;27;sem vítima;74,201;BR-116/PR;Norte;Saida de Pista;1;2;;;;;1
20/11/2012;06:02:00;65;sem vítima;76,725;BR-116/PR;Sul;Tombamento;1;1;;;;;1
20/11/2012;10:02:00;154;sem vítima;79,8;BR-101/SC;Sul;Choque - Suporte de Sinalização;1;1;;;;;1
20/11/2012;16:59:00;344;sem vítima;112,9;BR-101/SC;Norte;Colisão Lateral;1;2;;;;;1
20/11/2012;16:58:00;354;sem vítima;130,8;BR-101/SC;Norte;Colisão Lateral;1;2;;;;;1
20/11/2012;07:49:00;89;sem vítima;214;BR-101/SC;Norte;Colisão Traseira;1;2;;;;;1
20/11/2012;16:27:00;331;sem vítima;642,3;BR-376/PR;Sul;Colisão Traseira;2;2;;;;;1
20/11/2012;20:51:00;416;sem vítima;645,014;BR-376/PR;Sul;Colisão Traseira;2;2;;;;;1
20/11/2012;13:26:00;231;com vítima;646,238;BR-376/PR;Sul;Colisão Lateral;1;1;1;;;;1
20/11/2012;17:17:00;352;com vítima;652,762;BR-376/PR;Sul;Tombamento;1;0;;1;;;2
21/11/2012;22:28:00;393;sem vítima;87,6;BR-101/SC;Norte;Tombamento;1;1;;;;;1
21/11/2012;01:29:00;27;com vítima;105,4;BR-101/SC;Norte;Colisão Frontal;2;4;1;;;;1
21/11/2012;17:41:00;307;com vítima;113,1;BR-101/SC;Norte;Colisão Lateral;1;1;;1;;;2
21/11/2012;12:19:00;211;sem vítima;114,001;BR-116/PR;Norte;Saida de Pista;1;1;;;;;1
21/11/2012;07:03:00;80;sem vítima;658,95;BR-376/PR;Sul;Saida de Pista;1;1;;;;;1
21/11/2012;08:09:00;107;sem vítima;669,3;BR-376/PR;Norte;Colisão Lateral;1;2;;;;;1
22/11/2012;11:16:00;200;sem vítima;91,1;BR-101/SC;Norte;Colisão Traseira;1;2;;;;;1
22/11/2012;09:29:00;146;sem vítima;105,7;BR-116/PR;Norte;Colisão Lateral;1;2;;;;;1
22/11/2012;08:03:00;116;sem vítima;117,2;BR-101/SC;Sul;Colisão Lateral;1;2;;;;;1
22/11/2012;08:23:00;120;sem vítima;117,8;BR-101/SC;Sul;Colisão Traseira;1;2;;;;;1
22/11/2012;10:33:00;174;com vítima;617,5;BR-376/PR;Norte;Colisão Traseira;1;1;1;;;;1
22/11/2012;07:09:00;98;sem vítima;660,145;BR-376/PR;Norte;Tombamento;1;1;;;;;1
22/11/2012;17:46:00;330;sem vítima;672,809;BR-376/PR;Sul;Saida de Pista;1;1;;;;;1
22/11/2012;06:11:00;86;sem vítima;678,75;BR-376/PR;Sul;Tombamento;1;1;;;;;1
23/11/2012;07:00:00;99;sem vítima;47,9;BR-101/SC;Norte;Saida de Pista;1;1;;;;;1
23/11/2012;08:23:00;135;com vítima;58,463;BR-101/SC;Sul;Colisão Lateral;3;2;;1;;;2
23/11/2012;20:10:00;413;sem vítima;103,136;BR-116/PR;Sul;Colisão Traseira;1;2;;;;;1
23/11/2012;13:13:00;247;sem vítima;163,6;BR-101/SC;Sul;Saida de Pista;1;1;;;;;1
23/11/2012;18:06:00;373;sem vítima;163,6;BR-101/SC;Sul;Colisão Lateral;1;2;;;;;1
23/11/2012;17:24:00;353;sem vítima;205;BR-101/SC;Sul;Colisão Traseira;1;2;;;;;1
23/11/2012;22:05:00;475;sem vítima;209,896;BR-101/SC;Sul;Engavetamento;1;3;;;;;1
23/11/2012;10:07:00;175;sem vítima;215,2;BR-101/SC;Norte;Colisão Lateral;1;2;;;;;1
23/11/2012;09:27:00;160;com vítima;220,2;BR-101/SC;Norte;Colisão Transversal;1;1;2;;;;1
24/11/2012;05:36:00;66;sem vítima;71,2;BR-116/PR;Norte;Saida de Pista;1;1;;;;;1
24/11/2012;10:06:00;151;sem vítima;135,7;BR-101/SC;Norte;Colisão Lateral;1;4;;;;;1
24/11/2012;10:40:00;163;sem vítima;622,328;BR-376/PR;Sul;Engavetamento;2;3;;;;;1
24/11/2012;11:05:00;174;sem vítima;658,977;BR-376/PR;Norte;Saida de Pista;1;1;;;;;1
24/11/2012;07:59:00;105;sem vítima;668,083;BR-376/PR;Sul;Choque - Defensa, barreira ou "submarino";1;1;;;;;1
24/11/2012;08:47:00;124;sem vítima;668,4;BR-376/PR;Norte;Colisão Lateral;1;2;;;;;1
24/11/2012;08:43:00;121;sem vítima;668,6;BR-376/PR;Norte;Colisão Lateral;1;2;;;;;1
24/11/2012;07:53:00;103;sem vítima;675,073;BR-376/PR;Norte;Saida de Pista;1;1;;;;;1
24/11/2012;12:47:00;201;sem vítima;679,893;BR-376/PR;Sul;Engavetamento;3;8;;;;;1
25/11/2012;16:17:00;241;sem vítima;10,049;BR-101/SC;Sul;Colisão Lateral;1;2;;;;;1
25/11/2012;06:37:00;79;sem vítima;21,15;BR-101/SC;Sul;Saida de Pista;1;1;;;;;1
25/11/2012;10:19:00;143;com vítima;98,3;BR-116/PR;Norte;Colisão Traseira;1;1;2;;;;1
25/11/2012;16:35:00;242;sem vítima;136,5;BR-101/SC;Norte;Colisão Traseira;1;2;;;;;1
25/11/2012;06:01:00;74;sem vítima;142,4;BR-101/SC;Sul;Colisão Lateral;1;2;;;;;1
25/11/2012;15:53:00;225;sem vítima;194,2;BR-101/SC;Sul;Colisão Lateral;2;2;;;;;1
25/11/2012;23:38:00;370;sem vítima;235,1;BR-101/SC;Norte;Saida de Pista;1;2;;;;;1
25/11/2012;13:48:00;187;sem vítima;617,309;BR-376/PR;Norte;Saida de Pista;1;1;;;;;1
25/11/2012;06:13:00;75;sem vítima;661,1;BR-376/PR;Norte;Saida de Pista;1;1;;;;;1
26/11/2012;14:00:00;300;sem vítima;156,9;BR-101/SC;Norte;Colisão Lateral;1;2;;;;;1
26/11/2012;15:25:00;377;sem vítima;202;BR-101/SC;Sul;Colisão Lateral;1;47;;;;;1
26/11/2012;05:14:00;72;sem vítima;626,605;BR-376/PR;Sul;Colisão Traseira;2;2;;;;;1
26/11/2012;20:02:00;410;sem vítima;635,5;BR-376/PR;Sul;Colisão Traseira;2;2;;;;;1
26/11/2012;20:04:00;413;sem vítima;658,647;BR-376/PR;Norte;Tombamento;1;1;;;;;1
26/11/2012;22:09:00;437;com vítima;673,257;BR-376/PR;Sul;Colisão Traseira;2;1;1;;;;1
27/11/2012;20:33:00;389;sem vítima;1,35;BR-101/SC;Norte;Colisão Traseira;2;2;;;;;1
27/11/2012;20:51:00;398;sem vítima;5,229;BR-101/SC;Norte;Tombamento;1;1;;;;;1
27/11/2012;21:21:00;408;sem vítima;15,02;BR-101/SC;Sul;Saida de Pista;1;1;;;;;1
27/11/2012;18:45:00;351;sem vítima;31,2;BR-101/SC;Norte;Choque - Defensa, barreira ou "submarino";1;1;;;;;1
27/11/2012;08:02:00;114;sem vítima;33,208;BR-101/SC;Sul;Colisão Traseira;2;2;;;;;1
27/11/2012;09:25:00;164;sem vítima;113,938;BR-116/PR;Norte;Colisão Transversal;1;3;;;;;1
27/11/2012;13:43:00;239;sem vítima;125,2;BR-101/SC;Norte;Colisão Traseira;1;2;;;;;1
27/11/2012;07:15:00;94;sem vítima;129,001;BR-101/SC;Norte;Colisão Traseira;1;2;;;;;1
27/11/2012;11:45:00;209;sem vítima;614,634;BR-376/PR;Sul;Colisão Lateral;1;2;;;;;1
27/11/2012;08:00:00;113;com vítima;615,043;BR-376/PR;Sul;Colisão Traseira;1;2;1;;;;1
27/11/2012;14:38:00;259;sem vítima;668,047;BR-376/PR;Sul;Colisão Traseira;2;2;;;;;1
28/11/2012;17:39:00;313;sem vítima;1,35;BR-101/SC;Norte;Engavetamento;3;3;;;;;1
28/11/2012;10:56:00;167;sem vítima;79,8;BR-101/SC;Sul;Colisão Traseira;1;2;;;;;1
28/11/2012;03:07:00;44;sem vítima;106,09;BR-101/SC;Norte;Colisão Lateral;1;2;;;;;1
28/11/2012;14:00:00;231;com vítima;109;BR-116/PR;Norte;Colisão Traseira;1;1;1;;;;1
28/11/2012;17:26:00;307;sem vítima;142,2;BR-101/SC;Norte;Colisão Lateral;1;2;;;;;1
28/11/2012;12:55:00;209;sem vítima;145,354;BR-101/SC;Norte;Colisão Traseira;1;3;;;;;1
28/11/2012;11:20:00;179;sem vítima;157,4;BR-101/SC;Norte;Colisão Lateral;1;2;;;;;1
28/11/2012;16:52:00;295;com vítima;242,7;BR-101/SC;Sul;Tombamento;2;0;1;;1;;2
29/11/2012;15:24:00;280;com vítima;22,462;BR-101/SC;Norte;Tombamento;1;0;1;;;;1
29/11/2012;18:54:00;366;com vítima;113,323;BR-101/SC;Sul;Colisão Traseira;1;2;1;;;;1
29/11/2012;23:14:00;430;sem vítima;125,3;BR-101/SC;Sul;Colisão Traseira;1;2;;;;;1
29/11/2012;06:45:00;87;com vítima;168,3;BR-101/SC;Sul;Capotamento;1;0;1;;;;1
29/11/2012;18:00:00;347;sem vítima;205,55;BR-101/SC;Sul;Colisão Lateral;1;2;;;;;1
29/11/2012;11:47:00;205;sem vítima;206;BR-101/SC;Sul;Colisão Lateral;1;2;;;;;1
29/11/2012;20:47:00;392;com vítima;222,19;BR-101/SC;Sul;Colisão Lateral;1;1;;1;;;2
29/11/2012;02:23:00;47;sem vítima;677,372;BR-376/PR;Sul;Saida de Pista;1;1;;;;;1
30/11/2012;09:07:00;137;sem vítima;1,35;BR-101/SC;Sul;Colisão Traseira;1;2;;;;;1
30/11/2012;17:36:00;312;sem vítima;1,35;BR-101/SC;Sul;Colisão Traseira;1;2;;;;;1
30/11/2012;15:44:00;279;sem vítima;26,4;BR-101/SC;Norte;Engavetamento;2;3;;;;;1
30/11/2012;18:10:00;328;sem vítima;41;BR-101/SC;Norte;Colisão Lateral;1;2;;;;;1
30/11/2012;22:45:00;394;sem vítima;48,4;BR-101/SC;Norte;Saida de Pista;1;1;;;;;1
30/11/2012;03:35:00;50;sem vítima;92,401;BR-116/PR;Norte;Saida de Pista;1;2;;;;;1
30/11/2012;18:09:00;327;sem vítima;99;BR-101/SC;Sul;Colisão Traseira;1;2;;;;;1
30/11/2012;01:28:00;33;sem vítima;118,2;BR-101/SC;Norte;Colisão Traseira;2;2;;;;;1
30/11/2012;16:46:00;300;com vítima;157,575;BR-101/SC;Sul;Colisão Traseira;1;2;1;;;;1
30/11/2012;11:12:00;185;com vítima;242,3;BR-101/SC;Sul;Colisão Traseira;2;4;5;1;;;2
30/11/2012;09:07:00;136;sem vítima;635,3;BR-376/PR;Sul;Choque - Cancela de Pedagio;1;1;;;;;1
30/11/2012;23:30:00;417;sem vítima;656,7;BR-376/PR;Norte;Colisão Lateral;1;2;;;;;1
01/12/2012;03:54:00;56;com vítima;75,704;BR-101/SC;Sul;Colisão Traseira;2;2;;1;;;2
01/12/2012;08:01:00;119;sem vítima;79,8;BR-101/SC;Sul;Colisão Lateral;1;2;;;;;1
01/12/2012;13:03:00;234;sem vítima;107,606;BR-116/PR;Norte;Colisão Lateral;1;2;;;;;1
01/12/2012;06:04:00;89;sem vítima;127,25;BR-101/SC;Norte;Saida de Pista;1;1;;;;;1
01/12/2012;09:50:00;155;sem vítima;192,9;BR-101/SC;Norte;Colisão Transversal;1;2;;;;;1
01/12/2012;05:50:00;86;sem vítima;210;BR-101/SC;Norte;Colisão Traseira;1;2;;;;;1
01/12/2012;17:01:00;319;sem vítima;234;BR-101/SC;Norte;Colisão Lateral;1;2;;;;;1
01/12/2012;17:09:00;323;com vítima;234;BR-101/SC;Sul;Saida de Pista;1;1;1;;1;;2
01/12/2012;03:12:00;48;sem vítima;665,9;BR-376/PR;Norte;Saida de Pista;1;1;;;;;1
02/12/2012;23:15:00;398;sem vítima;1,35;BR-101/SC;Sul;Colisão Traseira;1;2;;;;;1
02/12/2012;01:21:00;33;sem vítima;72,288;BR-116/PR;Norte;Saida de Pista;1;1;;;;;1
02/12/2012;00:35:00;12;sem vítima;114,019;BR-101/SC;Norte;Tombamento;1;1;;;;;1
02/12/2012;18:38:00;298;sem vítima;635,5;BR-376/PR;Norte;Colisão Traseira;1;2;;;;;1
02/12/2012;07:57:00;91;sem vítima;643,8;BR-376/PR;Norte;Colisão Lateral;1;2;;;;;1
02/12/2012;10:07:00;122;com vítima;668,5;BR-376/PR;Sul;Tombamento;1;0;;;;1;3
03/12/2012;05:48:00;81;com vítima;77,391;BR-101/SC;Sul;Tombamento;2;1;2;;;;1
03/12/2012;12:01:00;203;sem vítima;94,1;BR-116/PR;Sul;Saida de Pista;1;1;;;;;1
03/12/2012;18:43:00;333;sem vítima;110,827;BR-116/PR;Sul;Engavetamento;2;6;;;;;1
03/12/2012;12:22:00;208;sem vítima;119,05;BR-101/SC;Norte;Saida de Pista;1;1;;;;;1
03/12/2012;12:08:00;205;com vítima;143,871;BR-101/SC;Norte;Colisão Traseira;1;2;1;;1;;2
03/12/2012;17:33:00;302;sem vítima;157,4;BR-101/SC;Sul;Colisão Traseira;2;2;;;;;1
03/12/2012;07:26:00;107;com vítima;178,13;BR-101/SC;Norte;Colisão Traseira;1;1;1;;;;1
03/12/2012;15:37:00;265;sem vítima;206,6;BR-101/SC;Sul;Colisão Traseira;1;2;;;;;1
04/12/2012;21:54:00;436;com vítima;162,2;BR-101/SC;Norte;Atropelamento - Usuário;1;1;;1;;;2
04/12/2012;18:49:00;393;com vítima;211,146;BR-101/SC;Sul;Capotamento;1;0;2;;;;1
04/12/2012;23:55:00;467;sem vítima;235;BR-101/SC;Sul;Saida de Pista;1;1;;;;;1
05/12/2012;11:53:00;225;sem vítima;146;BR-101/SC;Norte;Colisão Traseira;1;2;;;;;1
05/12/2012;12:20:00;233;sem vítima;146,5;BR-101/SC;Norte;Colisão Traseira;1;2;;;;;1
05/12/2012;12:23:00;234;com vítima;655,355;BR-376/PR;Norte;Tombamento;1;0;1;;;;1
05/12/2012;12:52:00;246;com vítima;665,027;BR-376/PR;Sul;Colisão Traseira;2;0;;2;;;2
06/12/2012;09:19:00;168;sem vítima;1,35;BR-101/SC;Sul;Colisão Traseira;2;2;;;;;1
06/12/2012;21:12:00;417;com vítima;84,375;BR-116/PR;Norte;Colisão Traseira;2;1;1;;;;1
06/12/2012;14:13:00;282;sem vítima;93,9;BR-116/PR;Sul;Saida de Pista;1;1;;;;;1
06/12/2012;11:16:00;228;com vítima;101,653;BR-116/PR;Sul;Engavetamento;2;2;;;;2;3
06/12/2012;23:11:00;441;com vítima;102,25;BR-116/PR;Norte;Colisão Frontal;1;0;1;;1;;2
06/12/2012;18:31:00;367;sem vítima;163,5;BR-101/SC;Sul;Colisão Lateral;1;2;;;;;1
06/12/2012;23:53:00;454;sem vítima;651,618;BR-376/PR;Sul;Engavetamento;3;9;;;;;1
07/12/2012;15:20:00;306;sem vítima;26,5;BR-101/SC;Sul;Choque - Defensa, barreira ou "submarino";1;2;;;;;1
07/12/2012;23:16:00;503;com vítima;34,05;BR-101/SC;Norte;Capotamento;1;3;1;;;;1
07/12/2012;13:22:00;264;sem vítima;103,7;BR-101/SC;Sul;Colisão Traseira;1;2;;;;;1
07/12/2012;12:20:00;239;sem vítima;209,918;BR-101/SC;Norte;Colisão Lateral;1;2;;;;;1
07/12/2012;12:51:00;251;sem vítima;212,056;BR-101/SC;Sul;Saida de Pista;1;2;;;;;1
07/12/2012;15:45:00;325;sem vítima;614,383;BR-376/PR;Sul;Outros;1;1;;;;;1
07/12/2012;20:16:00;442;com vítima;646;BR-376/PR;Norte;Colisão Traseira;1;1;1;;;;1
08/12/2012;23:20:00;421;sem vítima;73,479;BR-116/PR;Norte;Tombamento;1;1;;;;;1
08/12/2012;03:22:00;72;sem vítima;199,405;BR-101/SC;Sul;Colisão Lateral;1;2;;;;;1
08/12/2012;05:33:00;113;sem vítima;210,9;BR-101/SC;Norte;Choque - Suporte de Sinalização;1;1;;;;;1
08/12/2012;15:43:00;280;com vítima;617,25;BR-376/PR;Norte;Tombamento;1;3;1;;;;1
08/12/2012;19:23:00;359;sem vítima;650,646;BR-376/PR;Sul;Colisão Traseira;2;2;;;;;1
08/12/2012;19:07:00;356;sem vítima;675,349;BR-376/PR;Sul;Saida de Pista;1;2;;;;;1
08/12/2012;11:03:00;195;com vítima;676,4;BR-376/PR;Sul;Tombamento;1;0;1;;;;1
08/12/2012;12:55:00;221;sem vítima;679,1;BR-376/PR;Sul;Colisão Traseira;1;3;;;;;1
09/12/2012;08:01:00;100;sem vítima;50,05;BR-101/SC;Norte;Colisão Traseira;1;2;;;;;1
09/12/2012;18:56:00;343;sem vítima;87;BR-101/SC;Norte;Colisão Traseira;1;2;;;;;1
09/12/2012;22:17:00;421;sem vítima;101,91;BR-116/PR;Sul;Colisão Traseira;1;2;;;;;1
09/12/2012;07:26:00;89;com vítima;191,1;BR-101/SC;Sul;Colisão Lateral;1;1;;;1;;2
10/12/2012;14:46:00;259;sem vítima;1,35;BR-101/SC;Norte;Colisão Traseira;2;2;;;;;1
10/12/2012;14:23:00;251;com vítima;102,194;BR-116/PR;Norte;Colisão Lateral;2;2;;1;;;2
10/12/2012;06:46:00;87;com vítima;111,049;BR-101/SC;Sul;Colisão Traseira;3;2;1;;;;1
10/12/2012;20:03:00;371;sem vítima;139,2;BR-101/SC;Sul;Choque - Outros;1;1;;;;;1
10/12/2012;13:53:00;249;sem vítima;668,474;BR-376/PR;Sul;Colisão Traseira;1;2;;;;;1
10/12/2012;21:39:00;391;sem vítima;680,297;BR-376/PR;Sul;Engavetamento;2;5;;;;;1
11/12/2012;16:27:00;319;com vítima;43,4;BR-101/SC;Norte;Colisão Lateral;1;0;2;;;;1
11/12/2012;19:43:00;393;sem vítima;79,4;BR-101/SC;Norte;Engavetamento;1;3;;;;;1
11/12/2012;07:08:00;93;sem vítima;107,922;BR-116/PR;Norte;Colisão Lateral;1;3;;;;;1
11/12/2012;11:06:00;175;sem vítima;118;BR-101/SC;Norte;Colisão Lateral;2;2;;;;;1
11/12/2012;15:59:00;310;sem vítima;184,55;BR-101/SC;Norte;Colisão Lateral;1;2;;;;;1
11/12/2012;02:57:00;55;sem vítima;219,4;BR-101/SC;Norte;Colisão Traseira;1;2;;;;;1
11/12/2012;21:00:00;425;sem vítima;635,6;BR-376/PR;Sul;Tombamento;1;1;;;;;1
11/12/2012;00:29:00;18;sem vítima;668,427;BR-376/PR;Sul;Tombamento;1;1;;;;;1
11/12/2012;17:56:00;351;sem vítima;671,7;BR-376/PR;Sul;Saida de Pista;1;1;;;;;1
12/12/2012;12:00:00;239;com vítima;14,6;BR-101/SC;Sul;Colisão Lateral;1;1;;1;;;2
12/12/2012;09:25:00;177;sem vítima;77,875;BR-116/PR;Sul;Saida de Pista;1;2;;;;;1
12/12/2012;12:46:00;257;sem vítima;199,5;BR-101/SC;Sul;Colisão Transversal;1;2;;;;;1
12/12/2012;07:16:00;115;com vítima;207,7;BR-101/SC;Sul;Colisão Lateral;1;2;1;;;;1
12/12/2012;18:22:00;377;sem vítima;209;BR-101/SC;Sul;Colisão Traseira;1;2;;;;;1
12/12/2012;17:48:00;362;sem vítima;211;BR-101/SC;Norte;Colisão Lateral;1;2;;;;;1
12/12/2012;09:27:00;178;sem vítima;671,536;BR-376/PR;Norte;Tombamento;1;1;;;;;1
12/12/2012;08:15:00;142;sem vítima;676,111;BR-376/PR;Norte;Saida de Pista;1;1;;;;;1
13/12/2012;13:45:00;299;sem vítima;55;BR-101/SC;Sul;Choque - Defensa, barreira ou "submarino";1;1;;;;;1
13/12/2012;14:43:00;290;com vítima;104,5;BR-101/SC;Sul;Atropelamento - Morador;1;1;;;1;;2
13/12/2012;07:03:00;105;sem vítima;113,072;BR-101/SC;Norte;Colisão Lateral;1;2;;;;;1
13/12/2012;12:35:00;250;sem vítima;113,5;BR-101/SC;Sul;Colisão Traseira;2;2;;;;;1
13/12/2012;13:01:00;257;sem vítima;124,5;BR-101/SC;Sul;Colisão Traseira;1;2;;;;;1
13/12/2012;08:58:00;147;sem vítima;157,4;BR-101/SC;Sul;Colisão Traseira;1;4;;;;;1
13/12/2012;23:16:00;458;sem vítima;219,9;BR-101/SC;Norte;Colisão Traseira;2;2;;;;;1
13/12/2012;17:22:00;351;com vítima;656,87;BR-376/PR;Norte;Choque - Defensa, barreira ou "submarino";1;0;1;;;;1
13/12/2012;17:08:00;345;sem vítima;659,5;BR-376/PR;Sul;Saida de Pista;1;1;;;;;1