data;horario;n_da_ocorrencia;tipo_de_ocorrencia;km;trecho;sentido;tipo_de_acidente;caminhao;ilesos;levemente_feridos;moderadamente_feridos;gravemente_feridos;mortos;3
13/12/2012;17:05:00;343;sem vítima;659,83;BR-376/PR;Sul;Saida de Pista;1;1;;;;;1
13/12/2012;12:28:00;247;sem vítima;666,3;BR-376/PR;Sul;Colisão Traseira;1;2;;;;;1
14/12/2012;05:34:00;77;sem vítima;1,26;BR-101/SC;Sul;Choque - Defensa, barreira ou "submarino";1;1;;;;;1
14/12/2012;14:13:00;226;sem vítima;4,65;BR-101/SC;Sul;Colisão Lateral;1;2;;;;;1
14/12/2012;08:35:00;114;com vítima;48,6;BR-101/SC;Sul;Saida de Pista;1;0;;1;;;2
14/12/2012;03:13:00;60;sem vítima;49,05;BR-101/SC;Norte;Tombamento;1;1;;;;;1
14/12/2012;05:10:00;72;sem vítima;93,9;BR-116/PR;Norte;Colisão Traseira;1;2;;;;;1
14/12/2012;13:34:00;213;sem vítima;107;BR-101/SC;Sul;Colisão Lateral;1;2;;;;;1
14/12/2012;14:34:00;240;com vítima;112,9;BR-101/SC;Norte;Colisão Traseira;2;2;1;;;;1
14/12/2012;10:47:00;165;sem vítima;122,6;BR-101/SC;Sul;Colisão Traseira;1;2;;;;;1
14/12/2012;03:46:00;64;sem vítima;126,1;BR-101/SC;Norte;Choque - Defensa, barreira ou "submarino";1;2;;;;;1
14/12/2012;21:35:00;364;sem vítima;207;BR-101/SC;Sul;Colisão Traseira;2;2;;;;;1
14/12/2012;07:21:00;154;sem vítima;657,1;BR-376/PR;Sul;Saida de Pista;1;1;;;;;1
14/12/2012;07:03:00;90;sem vítima;657,6;BR-376/PR;Sul;Colisão Traseira;2;2;;;;;1
14/12/2012;06:30:00;85;sem vítima;659,5;BR-376/PR;Sul;Engavetamento;4;7;;;;;1
14/12/2012;15:19:00;258;sem vítima;664,564;BR-376/PR;Norte;Tombamento;1;1;;;;;1
14/12/2012;10:59:00;171;sem vítima;673,5;BR-376/PR;Sul;Colisão Traseira;2;2;;;;;1
15/12/2012;14:49:00;282;sem vítima;15;BR-101/SC;Norte;Choque - Suporte de Sinalização;1;1;;;;;1
15/12/2012;19:37:00;392;sem vítima;105,5;BR-101/SC;Sul;Colisão Traseira;1;2;;;;;1
15/12/2012;07:54:00;109;com vítima;129,3;BR-101/SC;Norte;Colisão Transversal;1;1;;1;;;2
15/12/2012;13:12:00;254;sem vítima;624,5;BR-376/PR;Sul;Saida de Pista;1;2;;;;;1
16/12/2012;16:33:00;289;sem vítima;1,35;BR-101/SC;Sul;Colisão Lateral;1;2;;;;;1
16/12/2012;14:40:00;250;com vítima;70,8;BR-101/SC;Norte;Colisão Lateral;1;1;1;;;;1
16/12/2012;15:17:00;263;sem vítima;656,3;BR-376/PR;Norte;Saida de Pista;1;1;;;;;1
17/12/2012;19:33:00;377;sem vítima;25,2;BR-101/SC;Sul;Choque - Defensa, barreira ou "submarino";1;1;;;;;1
17/12/2012;13:03:00;212;sem vítima;99,5;BR-101/SC;Norte;Colisão Traseira;1;2;;;;;1
17/12/2012;06:59:00;73;com vítima;134;BR-101/SC;Norte;Colisão Lateral;1;2;;1;;;2
17/12/2012;08:27:00;104;sem vítima;136,5;BR-101/SC;Norte;Colisão Traseira;2;3;;;;;1
17/12/2012;10:59:00;168;sem vítima;204,3;BR-101/SC;Sul;Colisão Traseira;1;2;;;;;1
17/12/2012;07:20:00;83;com vítima;665,55;BR-376/PR;Sul;Tombamento;1;0;2;;;;1
18/12/2012;04:25:00;47;com vítima;84,078;BR-101/SC;Norte;Colisão Traseira;2;1;;;;1;3
18/12/2012;00:50:00;10;sem vítima;111;BR-116/PR;Norte;;2;2;;;;;1
18/12/2012;14:14:00;233;sem vítima;113;BR-116/PR;Norte;;1;1;;;;;1
18/12/2012;14:07:00;231;sem vítima;114,7;BR-116/PR;Sul;Colisão Traseira;3;3;;;;;1
18/12/2012;12:57:00;205;sem vítima;117;BR-101/SC;Norte;Colisão Traseira;2;3;;;;;1
18/12/2012;18:34:00;351;sem vítima;145,2;BR-101/SC;Norte;Engavetamento;1;5;;;;;1
18/12/2012;15:03:00;258;sem vítima;210,1;BR-101/SC;Norte;Colisão Traseira;1;2;;;;;1
18/12/2012;07:25:00;117;sem vítima;215,5;BR-101/SC;Norte;Colisão Traseira;1;2;;;;;1
18/12/2012;05:35:00;56;com vítima;225,65;BR-101/SC;Norte;Engavetamento;1;2;1;;2;;2
19/12/2012;17:43:00;336;com vítima;49,662;BR-101/SC;Norte;Choque - Defensa, barreira ou "submarino";1;0;;1;;;2
19/12/2012;11:48:00;210;sem vítima;111,05;BR-101/SC;Norte;Tombamento;1;1;;;;;1
19/12/2012;08:42:00;137;sem vítima;112,036;BR-101/SC;Norte;Tombamento;1;1;;;;;1
19/12/2012;16:16:00;302;sem vítima;118,309;BR-101/SC;Norte;Colisão Traseira;1;2;;;;;1
19/12/2012;19:56:00;379;sem vítima;123,05;BR-101/SC;Norte;Colisão Lateral;1;2;;;;;1
19/12/2012;00:16:00;4;sem vítima;135,1;BR-101/SC;Norte;Colisão Lateral;1;3;;;;;1
19/12/2012;13:25:00;242;com vítima;137,8;BR-101/SC;Norte;Colisão Traseira;2;2;;1;;;2
19/12/2012;08:52:00;138;com vítima;146,1;BR-101/SC;Norte;Colisão Traseira;1;2;1;;;;1
19/12/2012;14:39:00;263;sem vítima;192,911;BR-101/SC;Norte;Tombamento;1;1;;;;;1
19/12/2012;07:17:00;102;sem vítima;202,9;BR-101/SC;Sul;Colisão Traseira;1;2;;;;;1
19/12/2012;09:25:00;150;sem vítima;614,4;BR-376/PR;Norte;Colisão Traseira;1;2;;;;;1
19/12/2012;16:00:00;294;sem vítima;651;BR-376/PR;Norte;Choque - Defensa, barreira ou "submarino";1;1;;;;;1
19/12/2012;15:11:00;271;sem vítima;658,6;BR-376/PR;Norte;Colisão Lateral;1;2;;;;;1
19/12/2012;11:04:00;187;sem vítima;658,9;BR-376/PR;Norte;Saida de Pista;1;1;;;;;1
19/12/2012;17:44:00;339;com vítima;659,65;BR-376/PR;Sul;Tombamento;1;1;1;;;;1
19/12/2012;17:46:00;412;sem vítima;659,9;BR-376/PR;Sul;Saida de Pista;1;1;;;;;1
19/12/2012;20:55:00;398;sem vítima;660,8;BR-376/PR;Sul;Colisão Lateral;2;2;;;;;1
20/12/2012;12:17:00;237;sem vítima;101,8;BR-116/PR;Sul;Engavetamento;3;3;;;;;1
20/12/2012;13:20:00;258;sem vítima;111,2;BR-101/SC;Sul;Choque - Outros;1;1;;;;;1
20/12/2012;04:34:00;59;sem vítima;111,32;BR-116/PR;Norte;Saida de Pista;1;2;;;;;1
20/12/2012;19:31:00;429;sem vítima;114,885;BR-101/SC;Norte;Engavetamento;2;3;;;;;1
20/12/2012;18:32:00;411;sem vítima;130,1;BR-101/SC;Sul;Colisão Traseira;1;2;;;;;1
20/12/2012;22:14:00;472;sem vítima;625,87;BR-376/PR;Norte;Colisão Traseira;1;2;;;;;1
20/12/2012;11:48:00;222;sem vítima;636,071;BR-376/PR;Sul;Colisão Traseira;1;2;;;;;1
21/12/2012;16:37:00;375;com vítima;5,374;BR-101/SC;Sul;Colisão Lateral;1;2;1;;;;1
21/12/2012;06:07:00;97;sem vítima;52,6;BR-101/SC;Norte;Colisão Traseira;1;4;;;;;1
21/12/2012;02:23:00;47;sem vítima;62;BR-101/SC;Norte;Atropelamento de Animal;1;1;;;;;1
21/12/2012;19:04:00;445;com vítima;116,099;BR-101/SC;Norte;Colisão Lateral;1;1;1;1;;;2
21/12/2012;20:16:00;478;sem vítima;123,2;BR-101/SC;Sul;Colisão Traseira;1;2;;;;;1
21/12/2012;16:07:00;362;sem vítima;197,9;BR-101/SC;Sul;Choque - Objeto sobre a pista;1;3;;;;;1
21/12/2012;21:28:00;537;sem vítima;219,8;BR-101/SC;Sul;Saida de Pista;1;2;;;;;1
21/12/2012;04:51:00;78;com vítima;243,6;BR-101/SC;Norte;Tombamento;1;0;1;;;;1
21/12/2012;13:26:00;286;sem vítima;635,4;BR-376/PR;Sul;Choque - Defensa, barreira ou "submarino";1;2;;;;;1
21/12/2012;21:23:00;501;sem vítima;651,598;BR-376/PR;Sul;Outros;1;1;;;;;1
21/12/2012;19:09:00;446;sem vítima;659,433;BR-376/PR;Sul;Saida de Pista;1;1;;;;;1
21/12/2012;18:27:00;418;sem vítima;668,072;BR-376/PR;Sul;Saida de Pista;1;1;;;;;1
21/12/2012;13:02:00;277;sem vítima;668,7;BR-376/PR;Sul;Choque - Defensa, barreira ou "submarino";1;1;;;;;1
22/12/2012;06:12:00;93;sem vítima;1,35;BR-101/SC;Sul;Choque - Defensa, barreira ou "submarino";1;1;;;;;1
22/12/2012;12:42:00;261;sem vítima;1,8;BR-101/SC;Sul;Colisão Lateral;1;2;;;;;1
22/12/2012;14:44:00;301;sem vítima;3,2;BR-101/SC;Sul;Colisão Traseira;1;2;;;;;1
22/12/2012;12:57:00;267;sem vítima;140,012;BR-101/SC;Sul;Colisão Lateral;1;2;;;;;1
22/12/2012;00:38:00;8;sem vítima;174,788;BR-101/SC;Sul;Tombamento;1;1;;;;;1
22/12/2012;12:31:00;281;sem vítima;230,5;BR-101/SC;Sul;Colisão Traseira;1;2;;;;;1
22/12/2012;16:58:00;372;sem vítima;231,6;BR-101/SC;Sul;Colisão Lateral;1;2;;;;;1
23/12/2012;13:02:00;226;sem vítima;231,5;BR-101/SC;Sul;Colisão Lateral;1;2;;;;;1
23/12/2012;15:05:00;289;sem vítima;232,5;BR-101/SC;Sul;Colisão Traseira;1;2;;;;;1
23/12/2012;09:39:00;153;com vítima;664,258;BR-376/PR;Sul;Colisão Lateral;1;2;;1;;;2
23/12/2012;09:07:00;140;com vítima;667,55;BR-376/PR;Sul;Tombamento;1;0;;;;1;3
24/12/2012;14:25:00;212;sem vítima;107;BR-101/SC;Norte;Colisão Traseira;2;2;;;;;1
24/12/2012;12:41:00;187;com vítima;107,35;BR-101/SC;Sul;Colisão Transversal;1;1;;;1;1;3
24/12/2012;09:08:00;110;sem vítima;660;BR-376/PR;Sul;Colisão Traseira;1;4;;;;;1
24/12/2012;11:20:00;158;com vítima;671,5;BR-376/PR;Sul;Colisão Traseira;2;1;1;;;;1
25/12/2012;18:20:00;323;sem vítima;41,2;BR-101/SC;Norte;Colisão Traseira;1;2;;;;;1
25/12/2012;07:34:00;68;sem vítima;157,4;BR-101/SC;Sul;Choque - Defensa, barreira ou "submarino";1;1;;;;;1
26/12/2012;15:51:00;347;com vítima;114,799;BR-116/PR;Sul;Choque - Defensa, barreira ou "submarino";1;0;1;1;;;2
26/12/2012;12:10:00;218;sem vítima;123,3;BR-101/SC;Sul;Engavetamento;1;3;;;;;1
26/12/2012;22:29:00;491;sem vítima;136,001;BR-101/SC;Sul;Colisão Traseira;1;5;;;;;1
26/12/2012;14:32:00;298;sem vítima;205,6;BR-101/SC;Sul;Colisão Lateral;1;2;;;;;1
26/12/2012;06:05:00;64;sem vítima;233,7;BR-101/SC;Sul;Tombamento;1;2;;;;;1
26/12/2012;15:13:00;320;sem vítima;617,908;BR-376/PR;Sul;Choque - Defensa, barreira ou "submarino";1;1;;;;;1
27/12/2012;14:11:00;251;com vítima;48,8;BR-101/SC;Sul;Saida de Pista;1;3;1;;;;1
27/12/2012;17:34:00;324;sem vítima;108,772;BR-116/PR;Norte;Saida de Pista;1;1;;;;;1
27/12/2012;19:48:00;362;sem vítima;114,237;BR-116/PR;Sul;Saida de Pista;1;1;;;;;1
27/12/2012;18:17:00;334;sem vítima;142,5;BR-101/SC;Sul;Choque - Defensa, barreira ou "submarino";1;3;;;;;1
27/12/2012;07:32:00;117;sem vítima;218,9;BR-101/SC;Norte;Saida de Pista;1;1;;;;;1
27/12/2012;12:01:00;213;sem vítima;233,5;BR-101/SC;Norte;Colisão Lateral;1;2;;;;;1
27/12/2012;18:04:00;333;sem vítima;652,522;BR-376/PR;Sul;Tombamento;1;1;;;;;1
27/12/2012;19:18:00;352;sem vítima;664,084;BR-376/PR;Norte;Colisão Traseira;2;2;;;;;1
27/12/2012;08:33:00;140;sem vítima;670,7;BR-376/PR;Sul;Colisão Traseira;1;2;;;;;1
27/12/2012;16:55:00;311;sem vítima;674,935;BR-376/PR;Norte;Tombamento;1;1;;;;;1
27/12/2012;00:24:00;5;sem vítima;681,001;BR-376/PR;Sul;Colisão Traseira;2;2;;;;;1
28/12/2012;17:32:00;350;sem vítima;1,35;BR-101/SC;Sul;Colisão Lateral;1;2;;;;;1
28/12/2012;11:17:00;184;sem vítima;31,7;BR-101/SC;Sul;Colisão Traseira;2;2;;;;;1
28/12/2012;16:21:00;315;sem vítima;68,05;BR-101/SC;Sul;Colisão Traseira;2;2;;;;;1
28/12/2012;15:12:00;286;sem vítima;71,657;BR-101/SC;Sul;Choque - Defensa, barreira ou "submarino";1;1;;;;;1
28/12/2012;18:41:00;373;sem vítima;94;BR-101/SC;Sul;Saida de Pista;1;1;;;;;1
28/12/2012;22:31:00;465;sem vítima;101,9;BR-101/SC;Norte;Atropelamento de Animal;1;1;;;;;1
28/12/2012;22:16:00;439;sem vítima;140,522;BR-101/SC;Sul;Saida de Pista;1;1;;;;;1
28/12/2012;22:58:00;452;sem vítima;170,2;BR-101/SC;Norte;Colisão Lateral;1;2;;;;;1
28/12/2012;12:55:00;230;sem vítima;619,2;BR-376/PR;Sul;Colisão Traseira;1;4;;;;;1
28/12/2012;12:54:00;228;sem vítima;629,05;BR-376/PR;Sul;Colisão Traseira;1;2;;;;;1
28/12/2012;00:16:00;5;com vítima;672,888;BR-376/PR;Sul;Colisão Traseira;1;3;1;;;;1
28/12/2012;23:02:00;456;sem vítima;681;BR-376/PR;Sul;Colisão Lateral;1;2;;;;;1
29/12/2012;14:31:00;296;sem vítima;1,35;BR-101/SC;Sul;Colisão Traseira;1;2;;;;;1
29/12/2012;19:41:00;426;sem vítima;1,35;BR-101/SC;Sul;Colisão Lateral;1;2;;;;;1
29/12/2012;12:38:00;262;sem vítima;21,7;BR-101/SC;Norte;Saida de Pista;1;1;;;;;1
29/12/2012;15:38:00;322;sem vítima;71,2;BR-116/PR;Sul;Saida de Pista;1;1;;;;;1
29/12/2012;00:33:00;14;sem vítima;73,6;BR-101/SC;Sul;Choque - Defensa, barreira ou "submarino";1;1;;;;;1
29/12/2012;10:00:00;192;sem vítima;107,05;BR-116/PR;Sul;Engavetamento;1;4;;;;;1
29/12/2012;06:22:00;90;sem vítima;165,5;BR-101/SC;Sul;Colisão Traseira;1;5;;;;;1
29/12/2012;19:06:00;407;sem vítima;631,753;BR-376/PR;Sul;Saida de Pista;1;1;;;;;1
29/12/2012;23:22:00;503;sem vítima;652,5;BR-376/PR;Sul;Outros;1;2;;;;;1
29/12/2012;16:09:00;335;sem vítima;659,1;BR-376/PR;Norte;Saida de Pista;1;3;;;;;1
30/12/2012;14:49:00;270;sem vítima;73,4;BR-101/SC;Sul;Colisão Traseira;1;2;;;;;1
30/12/2012;05:51:00;83;sem vítima;194,3;BR-101/SC;Sul;Atropelamento de Animal;1;1;;;;;1
30/12/2012;04:44:00;67;sem vítima;670,001;BR-376/PR;Sul;Saida de Pista;1;1;;;;;1
30/12/2012;14:58:00;274;sem vítima;681;BR-376/PR;Sul;Queda de Moto;1;2;;;;;1
31/12/2012;13:26:00;211;com vítima;1,35;BR-101/SC;Sul;Choque - Suporte de Sinalização;1;0;1;;;;1
31/12/2012;10:36:00;162;sem vítima;219,8;BR-101/SC;Sul;;1;2;;;;;1
31/12/2012;10:27:00;158;sem vítima;634,072;BR-376/PR;Sul;Objeto lançado contra veículo;1;2;;;;;1
31/12/2012;05:16:00;74;com vítima;668,2;BR-376/PR;Sul;Tombamento;1;0;2;;;;1
01/01/2013;15:53:00;324;com vítima;117,2;BR-101/SC;Sul;Tombamento;1;0;1;;;;1
01/01/2013;13:23:00;256;sem vítima;129;BR-101/SC;Norte;Colisão Lateral;1;2;;;;;1
01/01/2013;11:25:00;195;sem vítima;146,399;BR-101/SC;Norte;Colisão Traseira;1;2;;;;;1
02/01/2013;18:54:00;390;sem vítima;118,2;BR-101/SC;Norte;Colisão Traseira;2;3;;;;;1
02/01/2013;20:55:00;428;sem vítima;124,1;BR-101/SC;Norte;Colisão Traseira;2;2;;;;;1
02/01/2013;07:28:00;119;sem vítima;158;BR-101/SC;Norte;Colisão Traseira;1;2;;;;;1
02/01/2013;16:28:00;335;sem vítima;161,5;BR-101/SC;Norte;Colisão Traseira;1;4;;;;;1
02/01/2013;16:50:00;346;com vítima;203,434;BR-101/SC;Norte;Engavetamento;2;3;3;;;;1
02/01/2013;17:53:00;378;sem vítima;203,434;BR-101/SC;Norte;Colisão Transversal;1;2;;;;;1
02/01/2013;13:47:00;285;sem vítima;203,936;BR-101/SC;Sul;Colisão Traseira;1;2;;;;;1
02/01/2013;23:58:00;485;com vítima;643,801;BR-376/PR;Norte;Engavetamento;1;3;3;;;;1
02/01/2013;11:42:00;245;sem vítima;646,5;BR-376/PR;Norte;Colisão Lateral;1;2;;;;;1
02/01/2013;03:14:00;57;sem vítima;652,5;BR-376/PR;Sul;Choque - Defensa, barreira ou "submarino";1;1;;;;;1
03/01/2013;16:46:00;327;sem vítima;4;BR-101/SC;Sul;Colisão Traseira;1;2;;;;;1
03/01/2013;02:15:00;34;sem vítima;55,95;BR-101/SC;Sul;Tombamento;1;2;;;;;1
03/01/2013;16:51:00;329;sem vítima;111,8;BR-101/SC;Sul;Engavetamento;1;4;;;;;1
03/01/2013;09:59:00;158;sem vítima;136,115;BR-101/SC;Norte;Colisão Lateral;1;2;;;;;1
03/01/2013;18:42:00;376;com vítima;206,9;BR-101/SC;Sul;Colisão Lateral;1;1;1;;;;1
03/01/2013;06:34:00;80;com vítima;618,5;BR-376/PR;Norte;Colisão Traseira;1;2;;1;;;2
03/01/2013;22:22:00;432;sem vítima;624;BR-376/PR;Sul;Colisão Traseira;2;2;;;;;1
03/01/2013;10:00:00;159;sem vítima;632,5;BR-376/PR;Norte;Saida de Pista;1;1;;;;;1
03/01/2013;16:16:00;319;sem vítima;635,4;BR-376/PR;Sul;Colisão Traseira;1;2;;;;;1
03/01/2013;03:47:00;45;sem vítima;660,001;BR-376/PR;Sul;Choque - Defensa, barreira ou "submarino";1;2;;;;;1
04/01/2013;15:25:00;245;sem vítima;1;BR-101/SC;Sul;Colisão Lateral;1;2;;;;;1
04/01/2013;08:40:00;112;sem vítima;117,5;BR-101/SC;Sul;Colisão Lateral;1;2;;;;;1
04/01/2013;10:20:00;162;sem vítima;210,93;BR-101/SC;Norte;Colisão Lateral;1;2;;;;;1
04/01/2013;17:12:00;294;com vítima;654,6;BR-376/PR;Sul;Tombamento;1;0;1;;;;1
04/01/2013;04:09:00;59;sem vítima;667,601;BR-376/PR;Sul;Tombamento;1;1;;;;;1
04/01/2013;15:59:00;260;sem vítima;672,5;BR-376/PR;Sul;Colisão Traseira;2;4;;;;;1
05/01/2013;09:51:00;130;sem vítima;1,35;BR-101/SC;Sul;Colisão Traseira;1;5;;;;;1
05/01/2013;00:44:00;7;sem vítima;79,65;BR-101/SC;Sul;Colisão Traseira;1;2;;;;;1
05/01/2013;10:06:00;134;com vítima;117,466;BR-101/SC;Norte;Colisão Transversal;1;1;;;;1;3
05/01/2013;16:21:00;289;sem vítima;141;BR-101/SC;Norte;Colisão Traseira;2;2;;;;;1
05/01/2013;10:12:00;136;sem vítima;157,4;BR-101/SC;Sul;Colisão Traseira;1;2;;;;;1
06/01/2013;15:39:00;292;sem vítima;1,35;BR-101/SC;Norte;Choque - Defensa, barreira ou "submarino";1;1;;;;;1
06/01/2013;06:57:00;70;sem vítima;73,5;BR-101/SC;Sul;Colisão Traseira;1;2;;;;;1
06/01/2013;23:33:00;458;sem vítima;669,55;BR-376/PR;Sul;Colisão Traseira;1;2;;;;;1
06/01/2013;20:32:00;417;sem vítima;671,7;BR-376/PR;Sul;Saida de Pista;1;1;;;;;1
07/01/2013;08:06:00;100;com vítima;135;BR-101/SC;Norte;Colisão Traseira;1;6;;2;;;2
07/01/2013;05:38:00;70;sem vítima;157;BR-101/SC;Sul;Colisão Traseira;1;2;;;;;1
07/01/2013;10:17:00;144;sem vítima;615,145;BR-376/PR;Sul;Saida de Pista;1;2;;;;;1
07/01/2013;09:42:00;137;sem vítima;669,3;BR-376/PR;Sul;Saida de Pista;1;1;;;;;1
08/01/2013;11:29:00;155;sem vítima;107,1;BR-116/PR;Norte;Colisão Traseira;1;2;;;;;1
08/01/2013;10:40:00;140;sem vítima;116,94;BR-101/SC;Sul;Saida de Pista;1;1;;;;;1
08/01/2013;18:30:00;307;sem vítima;117,5;BR-101/SC;Sul;Colisão Traseira;1;6;;;;;1
08/01/2013;07:21:00;81;sem vítima;117,8;BR-101/SC;Sul;Colisão Traseira;1;2;;;;;1
08/01/2013;06:39:00;71;sem vítima;173,4;BR-101/SC;Norte;Choque - Defensa, barreira ou "submarino";3;4;;;;;1
08/01/2013;11:22:00;151;sem vítima;205;BR-101/SC;Sul;Colisão Traseira;1;3;;;;;1
08/01/2013;18:40:00;304;sem vítima;206,9;BR-101/SC;Sul;Engavetamento;1;3;;;;;1
08/01/2013;07:05:00;78;sem vítima;617,8;BR-376/PR;Norte;Colisão Traseira;2;2;;;;;1
08/01/2013;13:32:00;194;sem vítima;656,714;BR-376/PR;Norte;Engavetamento;1;4;;;;;1
08/01/2013;01:41:00;28;sem vítima;665,078;BR-376/PR;Norte;Tombamento;1;1;;;;;1
09/01/2013;11:39:00;191;sem vítima;4,02;BR-101/SC;Sul;Tombamento;1;1;;;;;1
09/01/2013;15:46:00;278;com vítima;48,81;BR-101/SC;Sul;Saida de Pista;1;0;1;;;;1
09/01/2013;04:38:00;59;com vítima;57,697;BR-101/SC;Norte;Saida de Pista;1;0;;2;;;2
09/01/2013;13:11:00;225;sem vítima;113,133;BR-116/PR;Norte;Saida de Pista;1;1;;;;;1
09/01/2013;16:55:00;302;sem vítima;115,8;BR-101/SC;Norte;Colisão Traseira;1;2;;;;;1
09/01/2013;14:56:00;253;sem vítima;134,306;BR-101/SC;Norte;Colisão Lateral;1;2;;;;;1
09/01/2013;17:25:00;312;com vítima;196,6;BR-101/SC;Norte;Colisão Traseira;1;1;1;;;;1
09/01/2013;18:54:00;343;sem vítima;209,5;BR-101/SC;Norte;Colisão Lateral;1;2;;;;;1
09/01/2013;08:12:00;105;sem vítima;219,8;BR-101/SC;Norte;Colisão Traseira;2;2;;;;;1
09/01/2013;14:39:00;251;com vítima;651,265;BR-376/PR;Norte;Choque - Defensa, barreira ou "submarino";1;1;1;;;;1
09/01/2013;15:54:00;282;sem vítima;659,3;BR-376/PR;Sul;Saida de Pista;1;1;;;;;1
10/01/2013;05:50:00;60;sem vítima;78,85;BR-101/SC;Norte;Colisão Lateral;1;2;;;;;1
10/01/2013;04:16:00;46;sem vítima;96,177;BR-116/PR;Sul;Colisão Traseira;2;2;;;;;1
10/01/2013;20:30:00;380;sem vítima;117;BR-101/SC;Sul;Colisão Traseira;1;2;;;;;1
10/01/2013;11:18:00;173;sem vítima;127;BR-101/SC;Sul;Choque - Objeto sobre a pista;1;2;;;;;1
10/01/2013;16:04:00;280;sem vítima;133;BR-101/SC;Sul;Saida de Pista;1;1;;;;;1
10/01/2013;08:48:00;112;sem vítima;157,5;BR-101/SC;Sul;Colisão Traseira;2;7;;;;;1
10/01/2013;19:54:00;370;sem vítima;208,4;BR-101/SC;Sul;Colisão Lateral;1;2;;;;;1
10/01/2013;18:08:00;327;sem vítima;660,523;BR-376/PR;Norte;Tombamento;1;5;;;;;1
10/01/2013;06:58:00;71;sem vítima;671,4;BR-376/PR;Sul;Saida de Pista;1;1;;;;;1
11/01/2013;15:41:00;270;sem vítima;6,2;BR-101/SC;Sul;Colisão Lateral;1;1;;;;;1
11/01/2013;00:55:00;12;sem vítima;97,56;BR-101/SC;Norte;Atropelamento de Animal;1;1;;;;;1
11/01/2013;17:17:00;314;sem vítima;109,62;BR-116/PR;Sul;Saida de Pista;2;3;;;;;1
11/01/2013;15:15:00;261;sem vítima;130,484;BR-101/SC;Sul;Colisão Lateral;1;2;;;;;1
11/01/2013;04:13:00;51;sem vítima;203,789;BR-101/SC;Norte;Colisão Traseira;1;3;;;;;1
11/01/2013;14:26:00;244;com vítima;205,2;BR-101/SC;Sul;Colisão Traseira;1;1;1;;;;1
11/01/2013;17:26:00;320;sem vítima;212,4;BR-101/SC;Norte;Colisão Lateral;1;2;;;;;1
11/01/2013;03:14:00;37;sem vítima;635,4;BR-376/PR;Norte;Colisão Traseira;2;2;;;;;1
11/01/2013;16:06:00;278;sem vítima;671,7;BR-376/PR;Sul;Saida de Pista;1;1;;;;;1
12/01/2013;12:17:00;194;sem vítima;1,35;BR-101/SC;Norte;Colisão Traseira;1;2;;;;;1
12/01/2013;14:32:00;242;sem vítima;79,6;BR-101/SC;Sul;Colisão Traseira;1;2;;;;;1
12/01/2013;22:15:00;406;sem vítima;117,809;BR-101/SC;Norte;Colisão Traseira;1;4;;;;;1
12/01/2013;01:25:00;25;sem vítima;151,001;BR-101/SC;Sul;Choque - Defensa, barreira ou "submarino";1;1;;;;;1
12/01/2013;01:14:00;24;com vítima;196,5;BR-101/SC;Sul;Colisão Lateral;1;2;1;;;;1
12/01/2013;18:04:00;336;com vítima;213,1;BR-101/SC;Norte;Colisão Traseira;1;1;2;;;;1
12/01/2013;14:40:00;277;sem vítima;230;BR-101/SC;Sul;Colisão Traseira;1;2;;;;;1
12/01/2013;15:50:00;300;sem vítima;232,4;BR-101/SC;Sul;Colisão Traseira;1;2;;;;;1
12/01/2013;16:34:00;301;sem vítima;623,479;BR-376/PR;Sul;Colisão Lateral;1;2;;;;;1
12/01/2013;16:48:00;302;sem vítima;673,959;BR-376/PR;Sul;Colisão Traseira;1;2;;;;;1
13/01/2013;17:03:00;316;sem vítima;1,35;BR-101/SC;Sul;Choque - Defensa, barreira ou "submarino";1;1;;;;;1
13/01/2013;14:21:00;241;sem vítima;38,995;BR-101/SC;Sul;Tombamento;1;1;;;;;1
13/01/2013;23:04:00;440;sem vítima;46,5;BR-101/SC;Sul;Colisão Lateral;1;3;;;;;1
13/01/2013;16:30:00;300;sem vítima;48,653;BR-101/SC;Sul;Tombamento;1;1;;;;;1
13/01/2013;12:09:00;202;sem vítima;91,3;BR-101/SC;Norte;Engavetamento;1;4;;;;;1
13/01/2013;10:58:00;178;sem vítima;94;BR-116/PR;Norte;Colisão Traseira;2;2;;;;;1
13/01/2013;12:32:00;214;sem vítima;152,9;BR-101/SC;Sul;Colisão Traseira;1;2;;;;;1
13/01/2013;11:31:00;191;sem vítima;191,8;BR-101/SC;Sul;Colisão Lateral;1;3;;;;;1
14/01/2013;22:45:00;408;sem vítima;52,9;BR-101/SC;Sul;Colisão Lateral;1;5;;;;;1
14/01/2013;10:32:00;147;sem vítima;73,2;BR-116/PR;Norte;Tombamento;1;1;;;;;1
14/01/2013;01:56:00;39;com vítima;102,5;BR-101/SC;Norte;Colisão Traseira;2;1;1;;;;1
14/01/2013;19:36:00;361;sem vítima;207;BR-101/SC;Sul;Colisão Lateral;1;2;;;;;1
14/01/2013;23:26:00;417;sem vítima;234,1;BR-101/SC;Norte;Saida de Pista;1;2;;;;;1
14/01/2013;23:22:00;414;sem vítima;660,05;BR-376/PR;Sul;Saida de Pista;1;1;;;;;1
14/01/2013;07:33:00;86;com vítima;663,95;BR-376/PR;Sul;Colisão Traseira;1;2;;;;1;3
15/01/2013;18:59:00;322;sem vítima;19,9;BR-101/SC;Sul;Saida de Pista;1;1;;;;;1
15/01/2013;04:28:00;47;sem vítima;29,412;BR-101/SC;Sul;Saida de Pista;1;1;;;;;1
15/01/2013;17:57:00;304;sem vítima;45,5;BR-101/SC;Norte;Colisão Traseira;2;2;;;;;1
15/01/2013;11:04:00;157;sem vítima;87,5;BR-116/PR;Norte;Capotamento;1;3;;;;;1
15/01/2013;11:05:00;158;sem vítima;111,05;BR-101/SC;Sul;Colisão Traseira;1;4;;;;;1