data;horario;n_da_ocorrencia;tipo_de_ocorrencia;km;trecho;sentido;tipo_de_acidente;caminhao;ilesos;levemente_feridos;moderadamente_feridos;gravemente_feridos;mortos;3
18/02/2013;10:18:00;154;sem vítima;157,4;BR-101/SC;Norte;Colisão Traseira;1;2;;;;;1
18/02/2013;10:51:00;162;sem vítima;203;BR-101/SC;Sul;Colisão Traseira;1;2;;;;;1
19/02/2013;09:52:00;158;sem vítima;108,732;BR-116/PR;Sul;Saida de Pista;1;1;;;;;1
19/02/2013;00:14:00;12;sem vítima;124,066;BR-101/SC;Norte;Saida de Pista;1;2;;;;;1
19/02/2013;12:15:00;224;sem vítima;138,5;BR-101/SC;Norte;Colisão Lateral;1;3;;;;;1
19/02/2013;03:38:00;47;sem vítima;206,622;BR-101/SC;Sul;Choque - Defensa, barreira ou "submarino";1;1;;;;;1
19/02/2013;23:14:00;437;sem vítima;208;BR-101/SC;Norte;Colisão Traseira;1;2;;;;;1
19/02/2013;13:07:00;239;sem vítima;233,5;BR-101/SC;Norte;Colisão Traseira;1;2;;;;;1
19/02/2013;13:41:00;249;sem vítima;650,5;BR-376/PR;Sul;Choque - Defensa, barreira ou "submarino";1;1;;;;;1
19/02/2013;13:43:00;253;sem vítima;667;BR-376/PR;Sul;Colisão Lateral;1;2;;;;;1
19/02/2013;20:52:00;407;sem vítima;671,7;BR-376/PR;Sul;Saida de Pista;1;1;;;;;1
20/02/2013;08:54:00;158;sem vítima;32;BR-101/SC;Norte;Colisão Traseira;1;2;;;;;1
20/02/2013;07:33:00;105;sem vítima;79,5;BR-101/SC;Norte;Choque - Cancela de Pedagio;1;1;;;;;1
20/02/2013;16:14:00;310;sem vítima;81,19;BR-101/SC;Sul;Colisão Traseira;1;2;;;;;1
20/02/2013;18:53:00;354;sem vítima;108,601;BR-116/PR;Sul;Tombamento;1;1;;;;;1
20/02/2013;05:38:00;64;sem vítima;118,635;BR-101/SC;Norte;Colisão Transversal;1;3;;;;;1
20/02/2013;16:17:00;313;sem vítima;201,5;BR-101/SC;Sul;Colisão Traseira;1;2;;;;;1
20/02/2013;10:45:00;193;sem vítima;209;BR-101/SC;Norte;Colisão Lateral;2;2;;;;;1
20/02/2013;12:14:00;221;sem vítima;219,8;BR-101/SC;Sul;Colisão Lateral;1;2;;;;;1
20/02/2013;07:06:00;87;com vítima;665,231;BR-376/PR;Sul;Tombamento;2;1;1;;;;1
20/02/2013;18:18:00;347;sem vítima;665,4;BR-376/PR;Sul;Tombamento;1;1;;;;;1
20/02/2013;23:18:00;432;sem vítima;666,201;BR-376/PR;Sul;Tombamento;1;1;;;;;1
21/02/2013;00:44:00;17;sem vítima;75,515;BR-101/SC;Norte;Atropelamento - Outros;1;1;;;;;1
21/02/2013;07:18:00;89;sem vítima;79,4;BR-101/SC;Sul;Colisão Traseira;1;2;;;;;1
21/02/2013;16:29:00;295;sem vítima;82,042;BR-101/SC;Sul;Colisão Traseira;2;2;;;;;1
21/02/2013;22:49:00;407;sem vítima;97,501;BR-116/PR;Sul;Saida de Pista;1;1;;;;;1
21/02/2013;22:15:00;397;sem vítima;667,066;BR-376/PR;Sul;Saida de Pista;1;1;;;;;1
21/02/2013;20:48:00;381;sem vítima;671,7;BR-376/PR;Sul;Saida de Pista;1;1;;;;;1
21/02/2013;22:17:00;398;sem vítima;671,7;BR-376/PR;Sul;Saida de Pista;1;1;;;;;1
21/02/2013;13:18:00;232;com vítima;673,5;BR-376/PR;Norte;Colisão Traseira;2;1;;1;;;2
22/02/2013;15:31:00;313;sem vítima;39,797;BR-101/SC;Sul;Saida de Pista;1;1;;;;;1
22/02/2013;15:31:00;319;sem vítima;39,797;BR-101/SC;Sul;Saida de Pista;1;1;;;;;1
22/02/2013;16:20:00;388;sem vítima;39,8;BR-101/SC;Norte;Colisão Traseira;1;2;;;;;1
22/02/2013;12:52:00;244;sem vítima;39,85;BR-101/SC;Sul;Engavetamento;1;3;;;;;1
22/02/2013;16:13:00;326;sem vítima;39,9;BR-101/SC;Sul;Saida de Pista;1;1;;;;;1
22/02/2013;12:45:00;243;sem vítima;39,95;BR-101/SC;Sul;Colisão Traseira;2;2;;;;;1
22/02/2013;06:11:00;75;sem vítima;46,412;BR-101/SC;Sul;Colisão Traseira;1;2;;;;;1
22/02/2013;15:33:00;315;sem vítima;71,538;BR-101/SC;Norte;Colisão Traseira;2;2;;;;;1
22/02/2013;09:18:00;151;sem vítima;90,68;BR-116/PR;Sul;Saida de Pista;1;1;;;;;1
22/02/2013;07:22:00;98;sem vítima;93,05;BR-116/PR;Sul;Saida de Pista;1;1;;;;;1
22/02/2013;15:54:00;320;sem vítima;116,7;BR-101/SC;Sul;Colisão Traseira;1;2;;;;;1
22/02/2013;12:27:00;233;sem vítima;135;BR-101/SC;Norte;Engavetamento;1;2;;;;;1
22/02/2013;12:28:00;234;sem vítima;157,4;BR-101/SC;Sul;Colisão Traseira;2;2;;;;;1
22/02/2013;13:01:00;247;sem vítima;158,663;BR-101/SC;Sul;Colisão Lateral;1;2;;;;;1
22/02/2013;12:39:00;240;sem vítima;193;BR-101/SC;Norte;Colisão Lateral;1;2;;;;;1
22/02/2013;06:05:00;80;sem vítima;219,8;BR-101/SC;Sul;Colisão Traseira;1;2;;;;;1
22/02/2013;04:41:00;59;com vítima;640,3;BR-376/PR;Norte;Saida de Pista;1;0;1;;;;1
22/02/2013;11:49:00;220;com vítima;666,668;BR-376/PR;Sul;Engavetamento;3;2;;1;;;2
22/02/2013;10:29:00;181;com vítima;672,757;BR-376/PR;Sul;Colisão Traseira;2;1;;1;;;2
22/02/2013;14:46:00;296;sem vítima;673,264;BR-376/PR;Norte;Colisão Traseira;2;2;;;;;1
22/02/2013;16:24:00;332;sem vítima;673,349;BR-376/PR;Sul;Colisão Traseira;2;2;;;;;1
23/02/2013;15:56:00;312;sem vítima;55,147;BR-101/SC;Norte;Colisão Lateral;1;3;;;;;1
23/02/2013;14:53:00;280;sem vítima;72,232;BR-101/SC;Sul;Colisão Lateral;1;3;;;;;1
23/02/2013;20:54:00;403;sem vítima;97,651;BR-116/PR;Sul;Saida de Pista;1;1;;;;;1
23/02/2013;17:43:00;350;sem vítima;204,904;BR-101/SC;Norte;Atropelamento - Morador;1;2;;;;;1
23/02/2013;14:30:00;274;sem vítima;234,643;BR-101/SC;Sul;Queda de Moto;1;2;;;;;1
24/02/2013;16:01:00;229;sem vítima;75,66;BR-116/PR;Norte;Colisão Traseira;1;3;;;;;1
24/02/2013;22:41:00;387;sem vítima;83,431;BR-101/SC;Sul;Colisão Traseira;2;2;;;;;1
24/02/2013;22:49:00;389;sem vítima;142,2;BR-101/SC;Norte;Colisão Lateral;1;3;;;;;1
24/02/2013;22:49:00;390;sem vítima;635,401;BR-376/PR;Norte;Colisão Traseira;1;3;;;;;1
25/02/2013;20:56:00;341;com vítima;55,36;BR-101/SC;Sul;Colisão Traseira;1;2;1;;;;1
25/02/2013;05:10:00;45;com vítima;62,434;BR-101/SC;Norte;Colisão Frontal;1;1;1;;;1;3
25/02/2013;12:14:00;177;sem vítima;82;BR-101/SC;Norte;Saida de Pista;1;1;;;;;1
25/02/2013;23:12:00;366;sem vítima;157,3;BR-101/SC;Sul;Colisão Traseira;2;2;;;;;1
25/02/2013;00:05:00;5;com vítima;652,534;BR-376/PR;Norte;Tombamento;1;0;1;;;;1
25/02/2013;08:47:00;105;sem vítima;665,674;BR-376/PR;Sul;Tombamento;1;1;;;;;1
26/02/2013;10:20:00;134;sem vítima;106;BR-116/PR;Sul;Colisão Traseira;1;2;;;;;1
26/02/2013;21:06:00;316;sem vítima;109,445;BR-116/PR;Sul;Tombamento;1;1;;;;;1
26/02/2013;16:42:00;252;com vítima;674,454;BR-376/PR;Sul;Colisão Transversal;1;4;;1;;;2
26/02/2013;10:04:00;127;sem vítima;675,001;BR-376/PR;Norte;Saida de Pista;1;1;;;;;1
27/02/2013;21:18:00;366;com vítima;9,504;BR-101/SC;Norte;Atropelamento - Usuário;1;1;;1;;;2
27/02/2013;15:24:00;253;com vítima;102,464;BR-116/PR;Sul;Tombamento;1;0;1;;;;1
27/02/2013;10:34:00;153;sem vítima;116,9;BR-101/SC;Norte;Tombamento;2;2;;;;;1
27/02/2013;08:12:00;96;sem vítima;163;BR-101/SC;Sul;Choque - Defensa, barreira ou "submarino";1;2;;;;;1
28/02/2013;23:43:00;370;sem vítima;46,402;BR-101/SC;Sul;Colisão Traseira;2;2;;;;;1
28/02/2013;21:30:00;343;sem vítima;92,634;BR-116/PR;Norte;Saida de Pista;1;1;;;;;1
28/02/2013;14:05:00;200;sem vítima;100,05;BR-101/SC;Norte;Colisão Frontal;1;2;;;;;1
28/02/2013;17:06:00;264;sem vítima;101,001;BR-101/SC;Sul;Colisão Lateral;1;2;;;;;1
28/02/2013;10:27:00;131;sem vítima;107,001;BR-116/PR;Sul;Colisão Traseira;2;2;;;;;1
28/02/2013;09:46:00;119;sem vítima;107,9;BR-116/PR;Sul;Saida de Pista;1;1;;;;;1
28/02/2013;16:06:00;249;sem vítima;157,4;BR-101/SC;Norte;Colisão Traseira;1;2;;;;;1
28/02/2013;19:06:00;310;sem vítima;205,552;BR-101/SC;Sul;Colisão Traseira;1;2;;;;;1
28/02/2013;14:03:00;199;sem vítima;207;BR-101/SC;Sul;Colisão Lateral;1;2;;;;;1
28/02/2013;17:54:00;282;sem vítima;207,75;BR-101/SC;Norte;Colisão Traseira;1;2;;;;;1
01/03/2013;19:21:00;343;sem vítima;43,024;BR-101/SC;Sul;Colisão Lateral;1;2;;;;;1
01/03/2013;12:23:00;191;sem vítima;101,8;BR-116/PR;Sul;Saida de Pista;1;1;;;;;1
01/03/2013;22:35:00;407;sem vítima;117,687;BR-101/SC;Sul;Colisão Lateral;1;2;;;;;1
01/03/2013;10:58:00;162;sem vítima;163,5;BR-101/SC;Norte;Colisão Lateral;1;2;;;;;1
01/03/2013;02:27:00;44;com vítima;171;BR-101/SC;Sul;Saida de Pista;1;0;;2;;;2
01/03/2013;01:23:00;26;sem vítima;192,001;BR-101/SC;Sul;Colisão Lateral;1;2;;;;;1
01/03/2013;16:55:00;276;sem vítima;209,3;BR-101/SC;Sul;Colisão Traseira;1;2;;;;;1
01/03/2013;18:50:00;332;sem vítima;209,3;BR-101/SC;Sul;Colisão Lateral;1;2;;;;;1
01/03/2013;16:41:00;270;sem vítima;617,829;BR-376/PR;Norte;Saida de Pista;1;1;;;;;1
02/03/2013;10:26:00;161;sem vítima;670;BR-376/PR;Sul;Colisão Traseira;1;3;;;;;1
02/03/2013;06:26:00;83;sem vítima;674,001;BR-376/PR;Sul;Saida de Pista;1;1;;;;;1
03/03/2013;12:10:00;185;sem vítima;43,95;BR-101/SC;Sul;Colisão Lateral;1;2;;;;;1
03/03/2013;15:08:00;244;sem vítima;157,4;BR-101/SC;Norte;Colisão Traseira;1;2;;;;;1
04/03/2013;19:06:00;321;sem vítima;6,292;BR-101/SC;Norte;Colisão Traseira;2;2;;;;;1
04/03/2013;06:08:00;64;sem vítima;27,7;BR-101/SC;Sul;Colisão Lateral;1;2;;;;;1
04/03/2013;03:36:00;45;sem vítima;33,568;BR-101/SC;Norte;Tombamento;1;1;;;;;1
04/03/2013;17:31:00;294;sem vítima;39,5;BR-101/SC;Sul;Saida de Pista;1;1;;;;;1
04/03/2013;18:51:00;317;sem vítima;45,8;BR-101/SC;Norte;Colisão Traseira;1;2;;;;;1
04/03/2013;08:20:00;101;sem vítima;132,5;BR-101/SC;Sul;Colisão Traseira;1;3;;;;;1
04/03/2013;18:02:00;304;sem vítima;157,4;BR-101/SC;Norte;Colisão Traseira;1;2;;;;;1
04/03/2013;05:16:00;59;sem vítima;224,097;BR-101/SC;Norte;Colisão Traseira;1;4;;;;;1
04/03/2013;05:24:00;60;sem vítima;655,33;BR-376/PR;Norte;Tombamento;1;1;;;;;1
05/03/2013;02:55:00;37;sem vítima;21,662;BR-101/SC;Norte;Saida de Pista;1;1;;;;;1
05/03/2013;07:07:00;72;sem vítima;40,912;BR-101/SC;Norte;Tombamento;1;2;;;;;1
05/03/2013;09:53:00;127;sem vítima;169,252;BR-101/SC;Sul;Colisão Lateral;1;2;;;;;1
05/03/2013;09:41:00;122;sem vítima;175,121;BR-101/SC;Norte;Saida de Pista;1;1;;;;;1
05/03/2013;15:35:00;227;sem vítima;179,8;BR-101/SC;Norte;Colisão Traseira;1;3;;;;;1
05/03/2013;18:07:00;256;sem vítima;179,8;BR-101/SC;Sul;Choque - Defensa, barreira ou "submarino";1;1;;;;;1
05/03/2013;07:25:00;76;sem vítima;180,33;BR-101/SC;Sul;Choque - Defensa, barreira ou "submarino";1;1;;;;;1
05/03/2013;11:21:00;159;sem vítima;204,745;BR-101/SC;Sul;Colisão Traseira;1;2;;;;;1
05/03/2013;16:57:00;246;sem vítima;207;BR-101/SC;Sul;Colisão Traseira;1;2;;;;;1
05/03/2013;12:06:00;175;sem vítima;209,33;BR-101/SC;Norte;Colisão Lateral;1;2;;;;;1
05/03/2013;09:21:00;111;sem vítima;216,371;BR-101/SC;Norte;Saida de Pista;1;1;;;;;1
05/03/2013;15:20:00;220;sem vítima;666;BR-376/PR;Norte;Colisão Lateral;1;3;;;;;1
06/03/2013;04:21:00;47;sem vítima;5,801;BR-101/SC;Sul;Saida de Pista;1;1;;;;;1
06/03/2013;02:04:00;37;sem vítima;98,529;BR-116/PR;Sul;Saida de Pista;1;1;;;;;1
06/03/2013;16:30:00;252;sem vítima;111,1;BR-116/PR;Norte;Colisão Traseira;1;2;;;;;1
06/03/2013;18:06:00;284;sem vítima;119,922;BR-101/SC;Norte;Engavetamento;2;3;;;;;1
06/03/2013;14:14:00;221;com vítima;130,569;BR-101/SC;Sul;Colisão Lateral;1;1;1;;;;1
06/03/2013;06:41:00;69;sem vítima;138,2;BR-101/SC;Norte;Colisão Traseira;2;2;;;;;1
06/03/2013;12:28:00;193;sem vítima;203,1;BR-101/SC;Sul;Colisão Traseira;1;3;;;;;1
06/03/2013;02:49:00;42;com vítima;212,512;BR-101/SC;Norte;Colisão Frontal;1;1;;;1;;2
06/03/2013;02:53:00;43;com vítima;232,497;BR-101/SC;Norte;Colisão Frontal;1;1;;;;1;3
06/03/2013;19:31:00;309;com vítima;626,538;BR-376/PR;Norte;Atropelamento - Morador;1;1;;;;1;3
07/03/2013;18:08:00;296;sem vítima;14,5;BR-101/SC;Norte;Choque - Defensa, barreira ou "submarino";1;1;;;;;1
07/03/2013;17:42:00;286;sem vítima;39,124;BR-101/SC;Sul;Engavetamento;1;4;;;;;1
07/03/2013;18:31:00;306;sem vítima;55,1;BR-101/SC;Sul;Colisão Traseira;2;2;;;;;1
07/03/2013;17:58:00;292;sem vítima;93,4;BR-116/PR;Sul;Colisão Traseira;1;2;;;;;1
07/03/2013;08:16:00;104;com vítima;94,9;BR-116/PR;Sul;Colisão Traseira;2;1;;1;;;2
07/03/2013;16:04:00;253;com vítima;205,3;BR-101/SC;Sul;Colisão Lateral;1;1;;1;;;2
07/03/2013;09:51:00;137;sem vítima;227,423;BR-101/SC;Norte;Saida de Pista;1;1;;;;;1
08/03/2013;11:09:00;146;com vítima;93,9;BR-116/PR;Sul;Colisão Traseira;1;3;1;;;;1
08/03/2013;01:37:00;25;sem vítima;93,926;BR-101/SC;Sul;Colisão Traseira;1;2;;;;;1
08/03/2013;16:55:00;273;sem vítima;115,543;BR-101/SC;Sul;Saida de Pista;1;1;;;;;1
08/03/2013;15:55:00;251;sem vítima;124,686;BR-101/SC;Sul;Engavetamento;1;3;;;;;1
08/03/2013;08:50:00;91;sem vítima;157,004;BR-101/SC;Sul;Colisão Traseira;1;2;;;;;1
08/03/2013;01:02:00;20;sem vítima;180,511;BR-101/SC;Sul;Choque - Defensa, barreira ou "submarino";1;1;;;;;1
08/03/2013;15:56:00;252;sem vítima;192,6;BR-101/SC;Norte;Colisão Traseira;1;2;;;;;1
08/03/2013;08:43:00;94;sem vítima;210,1;BR-101/SC;Norte;Colisão Traseira;1;2;;;;;1
08/03/2013;23:10:00;399;sem vítima;212,423;BR-101/SC;Sul;Colisão Traseira;2;2;;;;;1
08/03/2013;01:29:00;24;sem vítima;217,952;BR-101/SC;Sul;Saida de Pista;2;3;;;;;1
09/03/2013;15:48:00;251;sem vítima;22,058;BR-101/SC;Norte;Choque - Defensa, barreira ou "submarino";1;1;;;;;1
09/03/2013;08:21:00;110;sem vítima;112,9;BR-101/SC;Norte;Saida de Pista;1;1;;;;;1
09/03/2013;10:59:00;160;sem vítima;112,9;BR-101/SC;Norte;Colisão Lateral;1;2;;;;;1
09/03/2013;13:00:00;193;com vítima;147,7;BR-101/SC;Sul;Colisão Lateral;1;2;1;;;;1
09/03/2013;05:51:00;78;sem vítima;169,143;BR-101/SC;Norte;Saida de Pista;1;2;;;;;1
09/03/2013;06:58:00;93;sem vítima;638,5;BR-376/PR;Sul;Colisão Traseira;2;2;;;;;1
09/03/2013;12:12:00;180;sem vítima;661;BR-376/PR;Sul;Saida de Pista;1;1;;;;;1
09/03/2013;01:15:00;31;sem vítima;664,919;BR-376/PR;Sul;Colisão Traseira;2;2;;;;;1
09/03/2013;05:03:00;69;com vítima;674,64;BR-376/PR;Sul;Saida de Pista;1;0;1;;;;1
10/03/2013;16:37:00;280;com vítima;673,9;BR-376/PR;Sul;Saida de Pista;1;0;1;;;;1
11/03/2013;03:32:00;47;sem vítima;98,513;BR-101/SC;Sul;Saida de Pista;1;1;;;;;1
11/03/2013;17:02:00;316;sem vítima;122,719;BR-101/SC;Sul;Colisão Lateral;2;2;;;;;1
11/03/2013;06:58:00;87;sem vítima;206,425;BR-101/SC;Sul;Engavetamento;1;3;;;;;1
12/03/2013;20:33:00;318;sem vítima;1,885;BR-101/SC;Norte;Colisão Lateral;1;2;;;;;1
12/03/2013;21:20:00;332;sem vítima;3,566;BR-101/SC;Norte;Choque - Defensa, barreira ou "submarino";2;2;;;;;1
12/03/2013;09:36:00;103;sem vítima;74,087;BR-116/PR;Sul;Saida de Pista;2;2;;;;;1
12/03/2013;05:46:00;60;sem vítima;130,446;BR-101/SC;Norte;Tombamento;1;1;;;;;1
12/03/2013;16:33:00;251;sem vítima;157,7;BR-101/SC;Norte;Colisão Lateral;1;2;;;;;1
12/03/2013;15:22:00;222;com vítima;212,2;BR-101/SC;Sul;Colisão Lateral;1;1;1;;;;1
12/03/2013;18:38:00;283;sem vítima;650,745;BR-376/PR;Sul;Tombamento;1;1;;;;;1
12/03/2013;15:54:00;238;sem vítima;681,757;BR-376/PR;Sul;Colisão Frontal;2;3;;;;;1
13/03/2013;16:52:00;296;sem vítima;10,4;BR-101/SC;Sul;Colisão Lateral;1;2;;;;;1
13/03/2013;04:21:00;52;sem vítima;48,528;BR-101/SC;Sul;Saida de Pista;1;1;;;;;1
13/03/2013;14:58:00;246;sem vítima;142,5;BR-101/SC;Sul;Colisão Lateral;1;2;;;;;1
13/03/2013;13:14:00;216;sem vítima;146,5;BR-101/SC;Sul;Tombamento;1;1;;;;;1
14/03/2013;19:14:00;374;com vítima;133,3;BR-101/SC;Sul;Colisão Transversal;1;1;1;;;;1
14/03/2013;04:21:00;58;sem vítima;162,609;BR-101/SC;Norte;Saida de Pista;1;1;;;;;1
14/03/2013;17:28:00;335;sem vítima;219,9;BR-101/SC;Norte;Colisão Traseira;1;2;;;;;1
14/03/2013;22:05:00;405;sem vítima;664,232;BR-376/PR;Norte;Colisão Traseira;2;2;;;;;1
14/03/2013;08:27:00;119;com vítima;666,386;BR-376/PR;Sul;Colisão Traseira;3;3;;1;;;2
14/03/2013;02:25:00;35;sem vítima;671,545;BR-376/PR;Sul;Tombamento;1;1;;;;;1
15/03/2013;19:10:00;281;sem vítima;1,35;BR-101/SC;Sul;Colisão Traseira;1;2;;;;;1
15/03/2013;04:15:00;53;sem vítima;1,598;BR-101/SC;Norte;Saida de Pista;1;1;;;;;1
15/03/2013;16:10:00;222;sem vítima;79,4;BR-101/SC;Sul;Colisão Lateral;1;2;;;;;1
15/03/2013;07:25:00;86;sem vítima;103,732;BR-101/SC;Norte;Choque - Defensa, barreira ou "submarino";1;1;;;;;1
15/03/2013;08:44:00;102;sem vítima;104,194;BR-101/SC;Norte;Engavetamento;1;3;;;;;1
15/03/2013;14:16:00;199;sem vítima;107,606;BR-116/PR;Sul;Saida de Pista;1;2;;;;;1
15/03/2013;16:30:00;227;sem vítima;112,25;BR-101/SC;Norte;Colisão Lateral;1;2;;;;;1
15/03/2013;16:03:00;221;sem vítima;120,6;BR-101/SC;Sul;Engavetamento;1;6;;;;;1
15/03/2013;11:02:00;146;com vítima;204;BR-101/SC;Sul;Engavetamento;1;3;1;;;;1
15/03/2013;22:28:00;338;sem vítima;208,403;BR-101/SC;Norte;Colisão Lateral;1;2;;;;;1
15/03/2013;19:35:00;287;sem vítima;210,454;BR-101/SC;Sul;Colisão Traseira;2;2;;;;;1
15/03/2013;08:21:00;97;sem vítima;216,001;BR-101/SC;Norte;Colisão Lateral;1;2;;;;;1
15/03/2013;21:44:00;330;sem vítima;243,601;BR-101/SC;Sul;Colisão Traseira;1;2;;;;;1
15/03/2013;16:24:00;226;sem vítima;635,5;BR-376/PR;Sul;Colisão Traseira;1;2;;;;;1
15/03/2013;12:47:00;182;sem vítima;650,648;BR-376/PR;Sul;Colisão Traseira;2;2;;;;;1
15/03/2013;05:04:00;57;sem vítima;668,474;BR-376/PR;Sul;Tombamento;1;1;;;;;1
16/03/2013;18:25:00;278;sem vítima;1,35;BR-101/SC;Norte;Choque - Defensa, barreira ou "submarino";1;1;;;;;1
16/03/2013;06:47:00;77;com vítima;48,007;BR-101/SC;Norte;Tombamento;1;0;1;;;;1
16/03/2013;06:50:00;111;sem vítima;48,5;BR-101/SC;Sul;Colisão Traseira;1;1;;;;;1
16/03/2013;21:18:00;319;sem vítima;49,216;BR-101/SC;Sul;Colisão Traseira;3;3;;;;;1
16/03/2013;22:01:00;331;sem vítima;70;BR-101/SC;Sul;Colisão Traseira;2;2;;;;;1
16/03/2013;13:09:00;193;sem vítima;87,374;BR-116/PR;Sul;Colisão Traseira;1;2;;;;;1
16/03/2013;13:41:00;200;com vítima;113,5;BR-101/SC;Norte;Colisão Traseira;1;1;1;;;;1
16/03/2013;14:01:00;208;sem vítima;119,5;BR-101/SC;Sul;Engavetamento;2;4;;;;;1
16/03/2013;15:03:00;225;com vítima;134,5;BR-101/SC;Sul;Colisão Traseira;1;2;1;;;;1
16/03/2013;04:48:00;64;sem vítima;157,44;BR-101/SC;Sul;Colisão Lateral;1;2;;;;;1
17/03/2013;05:01:00;71;sem vítima;10,569;BR-101/SC;Norte;Atropelamento de Animal;1;2;;;;;1
17/03/2013;11:40:00;174;sem vítima;157,5;BR-101/SC;Norte;Colisão Traseira;2;2;;;;;1
17/03/2013;00:04:00;5;sem vítima;668,005;BR-376/PR;Sul;Outros;1;1;;;;;1
17/03/2013;15:36:00;242;sem vítima;671,7;BR-376/PR;Sul;Saida de Pista;1;1;;;;;1
18/03/2013;21:40:00;338;sem vítima;40,121;BR-101/SC;Sul;Choque - Defensa, barreira ou "submarino";1;2;;;;;1
18/03/2013;14:57:00;237;com vítima;151,624;BR-101/SC;Norte;Colisão Traseira;1;3;1;;;;1
18/03/2013;17:03:00;271;sem vítima;157,3;BR-101/SC;Sul;Colisão Traseira;1;3;;;;;1
18/03/2013;22:17:00;346;sem vítima;197,343;BR-101/SC;Norte;Choque - Defensa, barreira ou "submarino";1;4;;;;;1
18/03/2013;08:13:00;83;sem vítima;214,001;BR-101/SC;Norte;Colisão Lateral;1;2;;;;;1
18/03/2013;17:15:00;279;com vítima;668,534;BR-376/PR;Sul;Tombamento;1;1;1;;;;1
19/03/2013;03:49:00;45;com vítima;29,371;BR-101/SC;Sul;Saida de Pista;1;1;1;;;;1
19/03/2013;14:53:00;223;sem vítima;96,666;BR-116/PR;Sul;Colisão Lateral;2;2;;;;;1
19/03/2013;07:11:00;71;sem vítima;233,001;BR-101/SC;Sul;Colisão Lateral;2;2;;;;;1
19/03/2013;14:25:00;218;sem vítima;644,7;BR-376/PR;Norte;Colisão Traseira;1;2;;;;;1
19/03/2013;06:36:00;66;com vítima;652,3;BR-376/PR;Sul;Saida de Pista;1;0;1;;;;1
19/03/2013;12:27:00;178;com vítima;652,313;BR-376/PR;Sul;Colisão Traseira;2;1;1;;;;1
19/03/2013;01:48:00;33;sem vítima;652,395;BR-376/PR;Sul;Tombamento;1;1;;;;;1
19/03/2013;15:04:00;225;sem vítima;659,71;BR-376/PR;Norte;Tombamento;1;1;;;;;1
19/03/2013;11:48:00;164;sem vítima;665,1;BR-376/PR;Sul;Colisão Traseira;1;3;;;;;1
19/03/2013;13:35:00;203;sem vítima;675,9;BR-376/PR;Sul;Colisão Lateral;3;3;;;;;1
19/03/2013;14:20:00;216;sem vítima;679,6;BR-376/PR;Norte;Colisão Traseira;2;2;;;;;1
20/03/2013;18:07:00;284;sem vítima;3,57;BR-101/SC;Norte;Colisão Traseira;1;2;;;;;1
20/03/2013;00:00:00;1;sem vítima;10,474;BR-101/SC;Sul;Saida de Pista;1;1;;;;;1
20/03/2013;16:25:00;282;sem vítima;48,75;BR-101/SC;Sul;Tombamento;1;1;;;;;1
20/03/2013;16:25:00;256;com vítima;48,8;BR-101/SC;Sul;Tombamento;1;0;1;;;;1
20/03/2013;16:25:00;279;sem vítima;48,8;BR-101/SC;Sul;Saida de Pista;1;2;;;;;1
20/03/2013;14:23:00;216;sem vítima;79,4;BR-101/SC;Sul;Colisão Traseira;1;2;;;;;1
20/03/2013;16:00:00;244;sem vítima;98,1;BR-116/PR;Sul;Saida de Pista;1;1;;;;;1
20/03/2013;13:30:00;203;com vítima;106,3;BR-116/PR;Norte;Saida de Pista;1;1;1;;;;1
20/03/2013;07:48:00;89;com vítima;111,482;BR-101/SC;Sul;Tombamento;2;1;;1;;;2
20/03/2013;15:54:00;242;sem vítima;113,3;BR-101/SC;Sul;Colisão Lateral;1;2;;;;;1
20/03/2013;15:26:00;231;sem vítima;180,2;BR-101/SC;Sul;Engavetamento;1;3;;;;;1
20/03/2013;08:16:00;101;sem vítima;216,3;BR-101/SC;Norte;Engavetamento;3;3;;;;;1
20/03/2013;18:51:00;297;sem vítima;219,8;BR-101/SC;Sul;Colisão Traseira;2;2;;;;;1
20/03/2013;06:53:00;69;sem vítima;659,8;BR-376/PR;Norte;Outros;1;1;;;;;1
20/03/2013;11:45:00;170;sem vítima;666,3;BR-376/PR;Sul;Saida de Pista;1;1;;;;;1
20/03/2013;00:29:00;19;sem vítima;671,172;BR-376/PR;Sul;Saida de Pista;1;1;;;;;1
21/03/2013;07:43:00;108;com vítima;111,496;BR-101/SC;Sul;Colisão Traseira;3;3;;1;;;2
21/03/2013;14:02:00;240;com vítima;111,838;BR-101/SC;Norte;Engavetamento;2;3;;;;1;3
21/03/2013;17:20:00;322;sem vítima;162,85;BR-101/SC;Sul;Colisão Lateral;1;2;;;;;1
21/03/2013;11:29:00;186;sem vítima;201;BR-101/SC;Sul;Colisão Lateral;1;2;;;;;1
21/03/2013;17:43:00;330;sem vítima;208,4;BR-101/SC;Sul;Colisão Traseira;2;2;;;;;1
21/03/2013;19:28:00;371;sem vítima;209,304;BR-101/SC;Sul;Colisão Lateral;1;2;;;;;1
21/03/2013;17:22:00;323;sem vítima;209,412;BR-101/SC;Norte;Colisão Lateral;1;2;;;;;1
22/03/2013;05:09:00;73;sem vítima;11;BR-101/SC;Norte;Choque - Objeto sobre a pista;1;2;;;;;1
22/03/2013;18:09:00;385;com vítima;111,7;BR-101/SC;Sul;Colisão Lateral;1;1;1;;;;1
22/03/2013;17:30:00;366;sem vítima;219,8;BR-101/SC;Sul;Colisão Traseira;1;2;;;;;1
22/03/2013;23:17:00;466;sem vítima;677,901;BR-376/PR;Sul;Saida de Pista;1;1;;;;;1
22/03/2013;19:32:00;415;sem vítima;679,745;BR-376/PR;Sul;Colisão Traseira;2;2;;;;;1
23/03/2013;20:59:00;339;sem vítima;1,3;BR-101/SC;Sul;Colisão Traseira;1;2;;;;;1
23/03/2013;05:53:00;71;sem vítima;1,35;BR-101/SC;Sul;Colisão Traseira;1;2;;;;;1