data;horario;n_da_ocorrencia;tipo_de_ocorrencia;km;trecho;sentido;tipo_de_acidente;caminhao;ilesos;levemente_feridos;moderadamente_feridos;gravemente_feridos;mortos;3
23/03/2013;09:49:00;148;com vítima;95,05;BR-116/PR;Norte;Outros - Sequência;1;1;2;;;;1
23/03/2013;01:38:00;34;sem vítima;163,606;BR-101/SC;Sul;Colisão Lateral;1;2;;;;;1
23/03/2013;06:52:00;76;com vítima;180,5;BR-101/SC;Norte;Colisão Traseira;1;3;;;;1;3
23/03/2013;11:14:00;184;sem vítima;622,5;BR-376/PR;Norte;Colisão Lateral;1;2;;;;;1
24/03/2013;07:23:00;72;sem vítima;1,35;BR-101/SC;Norte;Outros - Sequência;1;1;;;;;1
24/03/2013;16:40:00;222;com vítima;71,33;BR-116/PR;Norte;Engavetamento;5;4;;;;1;3
24/03/2013;18:41:00;258;com vítima;73,215;BR-101/SC;Sul;Saida de Pista;1;9;2;;;;1
24/03/2013;21:16:00;303;sem vítima;109,3;BR-116/PR;Norte;Colisão Traseira;1;4;;;;;1
24/03/2013;05:41:00;55;sem vítima;640,5;BR-376/PR;Sul;Saida de Pista;1;1;;;;;1
24/03/2013;15:05:00;194;sem vítima;666,4;BR-376/PR;Norte;Colisão Traseira;1;5;;;;;1
25/03/2013;20:54:00;358;sem vítima;44,283;BR-101/SC;Sul;Colisão Traseira;1;2;;;;;1
25/03/2013;05:53:00;60;sem vítima;45,8;BR-101/SC;Norte;Colisão Traseira;2;2;;;;;1
25/03/2013;18:45:00;324;sem vítima;197,569;BR-101/SC;Norte;Colisão Lateral;1;2;;;;;1
25/03/2013;09:46:00;142;sem vítima;198,3;BR-101/SC;Norte;Objeto lançado contra veículo;1;3;;;;;1
25/03/2013;08:20:00;104;sem vítima;216,2;BR-101/SC;Norte;Colisão Traseira;1;2;;;;;1
25/03/2013;20:59:00;359;com vítima;650,717;BR-376/PR;Sul;Atropelamento - Morador;1;1;;;;1;3
26/03/2013;17:34:00;282;com vítima;75;BR-101/SC;Sul;Colisão Lateral;1;1;1;;;;1
26/03/2013;23:20:00;384;com vítima;85,505;BR-116/PR;Sul;Colisão Traseira;1;2;;;1;;2
26/03/2013;20:31:00;340;sem vítima;113,7;BR-101/SC;Sul;Colisão Lateral;1;2;;;;;1
26/03/2013;20:22:00;337;com vítima;115,8;BR-101/SC;Norte;Colisão Traseira;1;1;1;;;;1
26/03/2013;18:30:00;300;sem vítima;213;BR-101/SC;Norte;Engavetamento;1;3;;;;;1
26/03/2013;20:10:00;335;sem vítima;216,5;BR-101/SC;Norte;Colisão Traseira;1;2;;;;;1
26/03/2013;06:37:00;64;sem vítima;660,1;BR-376/PR;Sul;Engavetamento;5;5;;;;;1
26/03/2013;13:03:00;192;sem vítima;673;BR-376/PR;Sul;Tombamento;1;1;;;;;1
27/03/2013;06:40:00;63;sem vítima;44,5;BR-101/SC;Norte;Colisão Traseira;1;2;;;;;1
27/03/2013;18:29:00;333;sem vítima;102,574;BR-116/PR;Sul;Colisão Lateral;1;2;;;;;1
27/03/2013;07:46:00;99;com vítima;114,627;BR-101/SC;Norte;Colisão Traseira;1;1;;1;;;2
27/03/2013;07:10:00;72;sem vítima;142,3;BR-101/SC;Norte;Colisão Lateral;2;2;;;;;1
27/03/2013;18:34:00;335;sem vítima;212,5;BR-101/SC;Sul;Colisão Lateral;1;2;;;;;1
27/03/2013;16:53:00;293;sem vítima;632;BR-376/PR;Sul;Colisão Traseira;2;3;;;;;1
27/03/2013;13:31:00;214;sem vítima;638,601;BR-376/PR;Sul;Choque - Defensa, barreira ou "submarino";1;2;;;;;1
27/03/2013;00:42:00;10;sem vítima;641,573;BR-376/PR;Norte;Colisão Traseira;2;2;;;;;1
28/03/2013;08:27:00;116;sem vítima;69,1;BR-101/SC;Norte;Choque - Defensa, barreira ou "submarino";1;2;;;;;1
28/03/2013;08:06:00;107;sem vítima;113,4;BR-101/SC;Sul;Engavetamento;1;4;;;;;1
28/03/2013;10:43:00;190;sem vítima;194,6;BR-101/SC;Sul;Colisão Traseira;1;2;;;;;1
28/03/2013;20:07:00;420;sem vítima;207,347;BR-101/SC;Sul;Colisão Traseira;1;2;;;;;1
28/03/2013;07:26:00;94;sem vítima;671,7;BR-376/PR;Sul;Saida de Pista;2;2;;;;;1
28/03/2013;20:24:00;425;sem vítima;671,7;BR-376/PR;Sul;Saida de Pista;1;1;;;;;1
28/03/2013;19:10:00;392;sem vítima;673,3;BR-376/PR;Norte;Saida de Pista;1;2;;;;;1
29/03/2013;15:20:00;263;sem vítima;16,586;BR-101/SC;Sul;Tombamento;1;1;;;;;1
29/03/2013;18:58:00;337;sem vítima;152,4;BR-101/SC;Sul;Objeto lançado contra veículo;1;4;;;;;1
29/03/2013;12:39:00;221;sem vítima;618,07;BR-376/PR;Sul;Tombamento;1;1;;;;;1
29/03/2013;16:36:00;291;com vítima;671,6;BR-376/PR;Sul;Colisão Lateral;2;2;1;;;;1
29/03/2013;09:31:00;154;sem vítima;671,7;BR-376/PR;Sul;Saida de Pista;1;1;;;;;1
30/03/2013;19:48:00;294;sem vítima;88,442;BR-101/SC;Sul;Colisão Traseira;1;2;;;;;1
30/03/2013;11:52:00;159;sem vítima;113,5;BR-101/SC;Norte;Colisão Lateral;1;2;;;;;1
30/03/2013;16:32:00;242;sem vítima;126,189;BR-101/SC;Norte;Engavetamento;1;7;;;;;1
30/03/2013;00:00:00;1;sem vítima;127,4;BR-101/SC;Norte;Saida de Pista;1;2;;;;;1
30/03/2013;02:59:00;29;sem vítima;142,6;BR-101/SC;Sul;Outros;1;2;;;;;1
30/03/2013;09:25:00;111;com vítima;205,2;BR-101/SC;Sul;Colisão Traseira;1;2;2;;;;1
30/03/2013;09:13:00;105;sem vítima;668,6;BR-376/PR;Sul;Colisão Lateral;1;2;;;;;1
31/03/2013;22:55:00;432;com vítima;644,9;BR-376/PR;Sul;Colisão Transversal;1;2;1;;;;1
01/04/2013;11:12:00;172;sem vítima;19;BR-101/SC;Norte;Colisão Lateral;1;2;;;;;1
01/04/2013;18:49:00;360;sem vítima;34,5;BR-101/SC;Sul;Colisão Traseira;1;2;;;;;1
01/04/2013;15:09:00;255;com vítima;100,1;BR-101/SC;Norte;Engavetamento;1;3;1;;;;1
01/04/2013;01:45:00;29;com vítima;100,439;BR-101/SC;Sul;Colisão Traseira;2;1;;;;1;3
01/04/2013;08:14:00;91;sem vítima;205,1;BR-101/SC;Sul;Engavetamento;1;4;;;;;1
01/04/2013;15:22:00;259;sem vítima;210,237;BR-101/SC;Norte;Colisão Lateral;1;2;;;;;1
02/04/2013;00:04:00;1;sem vítima;48,3;BR-101/SC;Sul;Colisão Traseira;2;2;;;;;1
02/04/2013;06:20:00;60;sem vítima;82,3;BR-101/SC;Norte;Colisão Lateral;2;3;;;;;1
02/04/2013;14:57:00;215;sem vítima;109;BR-101/SC;Sul;Colisão Lateral;1;2;;;;;1
02/04/2013;18:29:00;295;sem vítima;115;BR-101/SC;Norte;Colisão Lateral;1;2;;;;;1
02/04/2013;18:46:00;302;sem vítima;123,1;BR-101/SC;Sul;Colisão Lateral;1;2;;;;;1
02/04/2013;19:57:00;323;sem vítima;142;BR-101/SC;Norte;Colisão Traseira;1;2;;;;;1
02/04/2013;22:52:00;359;sem vítima;151,1;BR-101/SC;Norte;Colisão Traseira;2;3;;;;;1
02/04/2013;14:17:00;206;sem vítima;206;BR-101/SC;Sul;Colisão Traseira;1;4;;;;;1
02/04/2013;18:11:00;287;sem vítima;207,625;BR-101/SC;Sul;Colisão Lateral;1;2;;;;;1
02/04/2013;17:40:00;280;sem vítima;209,8;BR-101/SC;Sul;Colisão Traseira;1;2;;;;;1
02/04/2013;13:37:00;197;sem vítima;212,046;BR-101/SC;Norte;Colisão Traseira;1;2;;;;;1
02/04/2013;03:28:00;41;sem vítima;627,5;BR-376/PR;Norte;Atropelamento de Animal;1;1;;;;;1
03/04/2013;12:02:00;183;sem vítima;33,1;BR-101/SC;Sul;Colisão Traseira;1;2;;;;;1
03/04/2013;17:31:00;275;sem vítima;59,694;BR-101/SC;Norte;Colisão Traseira;2;2;;;;;1
03/04/2013;17:27:00;273;com vítima;109,625;BR-116/PR;Sul;Engavetamento;4;4;5;;;;1
03/04/2013;11:20:00;171;sem vítima;139;BR-101/SC;Sul;Colisão Traseira;1;2;;;;;1
03/04/2013;13:33:00;206;sem vítima;149,001;BR-101/SC;Norte;Colisão Lateral;1;2;;;;;1
03/04/2013;18:20:00;292;sem vítima;209,15;BR-101/SC;Norte;Colisão Traseira;2;3;;;;;1
03/04/2013;19:26:00;309;sem vítima;211,001;BR-101/SC;Sul;Colisão Lateral;1;2;;;;;1
03/04/2013;06:34:00;61;sem vítima;235,4;BR-101/SC;Norte;Colisão Traseira;1;2;;;;;1
03/04/2013;07:47:00;92;sem vítima;636,6;BR-376/PR;Norte;Colisão Traseira;1;2;;;;;1
04/04/2013;01:33:00;31;sem vítima;1,1;BR-101/SC;Norte;Colisão Traseira;1;2;;;;;1
04/04/2013;01:31:00;30;com vítima;108,811;BR-101/SC;Sul;Colisão Lateral;2;3;1;;;1;3
04/04/2013;16:51:00;321;sem vítima;131,6;BR-101/SC;Sul;Colisão Lateral;1;5;;;;;1
04/04/2013;10:38:00;191;sem vítima;212,1;BR-101/SC;Norte;Colisão Transversal;1;2;;;;;1
04/04/2013;22:06:00;416;sem vítima;212,221;BR-101/SC;Sul;Colisão Traseira;1;2;;;;;1
04/04/2013;10:51:00;196;sem vítima;212,8;BR-101/SC;Sul;Colisão Lateral;1;3;;;;;1
04/04/2013;12:44:00;235;sem vítima;672,142;BR-376/PR;Sul;Choque - Defensa, barreira ou "submarino";1;1;;;;;1
05/04/2013;16:48:00;321;sem vítima;30,5;BR-101/SC;Norte;Colisão Lateral;2;2;;;;;1
05/04/2013;12:55:00;223;sem vítima;119,15;BR-101/SC;Sul;Saida de Pista;1;1;;;;;1
05/04/2013;08:37:00;127;sem vítima;199,995;BR-101/SC;Sul;Saida de Pista;1;2;;;;;1
05/04/2013;10:34:00;174;sem vítima;667,298;BR-376/PR;Sul;Colisão Traseira;1;2;;;;;1
05/04/2013;13:23:00;238;sem vítima;670;BR-376/PR;Sul;Engavetamento;2;3;;;;;1
06/04/2013;10:47:00;178;sem vítima;39,4;BR-101/SC;Norte;Colisão Lateral;1;2;;;;;1
06/04/2013;19:05:00;354;sem vítima;57,661;BR-101/SC;Sul;Colisão Traseira;2;2;;;;;1
06/04/2013;07:15:00;98;sem vítima;100,081;BR-116/PR;Sul;Saida de Pista;1;1;;;;;1
06/04/2013;00:53:00;21;sem vítima;203,136;BR-101/SC;Sul;Colisão Traseira;1;2;;;;;1
06/04/2013;19:50:00;355;sem vítima;208,5;BR-101/SC;Norte;Colisão Traseira;1;2;;;;;1
06/04/2013;08:50:00;124;sem vítima;234,338;BR-101/SC;Norte;Capotamento;2;4;;;;;1
06/04/2013;16:11:00;296;sem vítima;648,1;BR-376/PR;Sul;Colisão Traseira;1;2;;;;;1
06/04/2013;10:38:00;173;sem vítima;654,5;BR-376/PR;Sul;Colisão Traseira;1;2;;;;;1
06/04/2013;03:21:00;50;sem vítima;669,201;BR-376/PR;Sul;Colisão Traseira;2;2;;;;;1
07/04/2013;17:02:00;270;sem vítima;219,9;BR-101/SC;Sul;Colisão Lateral;1;2;;;;;1
07/04/2013;05:41:00;78;sem vítima;619,461;BR-376/PR;Norte;Colisão Traseira;1;3;;;;;1
07/04/2013;11:09:00;185;sem vítima;667,5;BR-376/PR;Norte;Colisão Traseira;2;3;;;;;1
07/04/2013;08:52:00;120;com vítima;668,65;BR-376/PR;Sul;Colisão Traseira;1;1;;;;1;3
08/04/2013;07:13:00;71;com vítima;113;BR-101/SC;Norte;Queda de Moto;1;1;1;;;;1
08/04/2013;19:34:00;313;com vítima;144,793;BR-101/SC;Sul;Colisão Traseira;1;1;1;;;;1
08/04/2013;10:12:00;130;com vítima;152,85;BR-101/SC;Sul;Colisão Lateral;1;2;;1;;;2
08/04/2013;17:47:00;286;com vítima;207;BR-101/SC;Sul;Colisão Lateral;1;1;1;;;;1
08/04/2013;08:10:00;87;sem vítima;215;BR-101/SC;Norte;Colisão Traseira;1;2;;;;;1
08/04/2013;13:42:00;208;com vítima;667,522;BR-376/PR;Sul;Tombamento;1;0;1;;;;1
08/04/2013;15:55:00;247;sem vítima;672,2;BR-376/PR;Sul;Saida de Pista;1;1;;;;;1
09/04/2013;18:53:00;313;sem vítima;202,471;BR-101/SC;Norte;Colisão Lateral;1;3;;;;;1
09/04/2013;18:26:00;307;sem vítima;671,515;BR-376/PR;Sul;Saida de Pista;1;1;;;;;1
10/04/2013;19:51:00;393;com vítima;41,121;BR-101/SC;Sul;Choque - Defensa, barreira ou "submarino";1;2;;;;1;3
10/04/2013;03:29:00;47;com vítima;57,665;BR-101/SC;Norte;Tombamento;1;0;1;;;;1
10/04/2013;06:31:00;73;sem vítima;93,5;BR-101/SC;Norte;Engavetamento;2;4;;;;;1
10/04/2013;08:56:00;138;sem vítima;93,8;BR-101/SC;Sul;Colisão Lateral;1;2;;;;;1
10/04/2013;11:35:00;219;sem vítima;95,5;BR-101/SC;Norte;Colisão Frontal;2;3;;;;;1
10/04/2013;13:05:00;250;sem vítima;101,9;BR-101/SC;Norte;Engavetamento;3;3;;;;;1
10/04/2013;17:01:00;338;sem vítima;101,9;BR-101/SC;Norte;Colisão Traseira;2;2;;;;;1
10/04/2013;11:27:00;216;sem vítima;104,65;BR-101/SC;Norte;Choque - Suporte de Sinalização;1;2;;;;;1
10/04/2013;06:50:00;79;com vítima;110,6;BR-101/SC;Norte;Capotamento;1;1;2;;;;1
10/04/2013;06:59:00;82;sem vítima;149;BR-101/SC;Sul;Colisão Traseira;1;3;;;;;1
10/04/2013;09:20:00;150;sem vítima;157,4;BR-101/SC;Norte;Colisão Traseira;1;2;;;;;1
10/04/2013;18:00:00;359;com vítima;209,039;BR-101/SC;Norte;Atropelamento - Usuário;1;1;;;1;;2
10/04/2013;20:22:00;398;sem vítima;614,5;BR-376/PR;Sul;Colisão Lateral;1;2;;;;;1
10/04/2013;15:17:00;308;sem vítima;644,205;BR-376/PR;Sul;Tombamento;1;1;;;;;1
11/04/2013;19:27:00;308;sem vítima;16,789;BR-101/SC;Sul;Colisão Traseira;2;2;;;;;1
11/04/2013;04:56:00;53;sem vítima;29,24;BR-101/SC;Sul;Tombamento;1;1;;;;;1
11/04/2013;06:17:00;62;sem vítima;86,731;BR-116/PR;Sul;Tombamento;1;1;;;;;1
11/04/2013;15:22:00;233;sem vítima;219,9;BR-101/SC;Sul;Choque - Defensa, barreira ou "submarino";1;1;;;;;1
11/04/2013;21:25:00;331;sem vítima;674,941;BR-376/PR;Norte;Tombamento;1;1;;;;;1
12/04/2013;18:11:00;307;sem vítima;37,285;BR-101/SC;Sul;Colisão Traseira;1;2;;;;;1
12/04/2013;17:00:00;289;sem vítima;39,8;BR-101/SC;Sul;Saida de Pista;2;2;;;;;1
12/04/2013;16:33:00;275;sem vítima;125,001;BR-101/SC;Sul;Choque - Defensa, barreira ou "submarino";1;1;;;;;1
12/04/2013;05:36:00;55;com vítima;130,117;BR-101/SC;Sul;Choque - Defensa, barreira ou "submarino";3;3;;;1;;2
12/04/2013;20:57:00;375;sem vítima;209,5;BR-101/SC;Norte;Colisão Lateral;1;2;;;;;1
12/04/2013;20:04:00;353;sem vítima;619,238;BR-376/PR;Sul;Colisão Lateral;1;2;;;;;1
12/04/2013;17:16:00;295;sem vítima;651,288;BR-376/PR;Norte;Colisão Traseira;1;2;;;;;1
12/04/2013;10:35:00;149;sem vítima;668,3;BR-376/PR;Norte;Colisão Traseira;1;2;;;;;1
12/04/2013;14:42:00;238;sem vítima;669,1;BR-376/PR;Norte;Colisão Lateral;1;2;;;;;1
13/04/2013;19:49:00;324;sem vítima;0,2;BR-101/SC;Sul;Colisão Traseira;2;4;;;;;1
13/04/2013;02:19:00;40;sem vítima;25,911;BR-101/SC;Norte;Saida de Pista;1;1;;;;;1
13/04/2013;14:53:00;219;sem vítima;99,2;BR-116/PR;Sul;Colisão Traseira;1;2;;;;;1
13/04/2013;14:05:00;197;sem vítima;115,4;BR-101/SC;Norte;Outros;1;1;;;;;1
13/04/2013;10:09:00;134;sem vítima;120,8;BR-101/SC;Norte;Colisão Lateral;2;2;;;;;1
13/04/2013;05:29:00;70;sem vítima;181,837;BR-101/SC;Norte;Colisão Traseira;1;2;;;;;1
14/04/2013;15:34:00;220;com vítima;79,6;BR-101/SC;Norte;Colisão Traseira;1;1;1;;;;1
14/04/2013;16:55:00;253;sem vítima;100,2;BR-116/PR;Sul;Saida de Pista;1;1;;;;;1
14/04/2013;18:28:00;278;sem vítima;100,293;BR-101/SC;Sul;Colisão Traseira;1;3;;;;;1
14/04/2013;01:20:00;30;sem vítima;102,2;BR-116/PR;Sul;Saida de Pista;1;1;;;;;1
14/04/2013;05:33:00;71;sem vítima;106,936;BR-101/SC;Norte;Saida de Pista;1;1;;;;;1
14/04/2013;06:39:00;76;sem vítima;170,541;BR-101/SC;Norte;Colisão Traseira;1;2;;;;;1
14/04/2013;22:00:00;337;sem vítima;671,4;BR-376/PR;Norte;Outros;1;1;;;;;1
15/04/2013;17:20:00;289;com vítima;33,481;BR-101/SC;Norte;Tombamento;1;0;1;;;;1
15/04/2013;11:30:00;179;com vítima;111,955;BR-101/SC;Sul;Outros - Sequência;1;5;;1;;;2
15/04/2013;10:48:00;172;sem vítima;199,3;BR-101/SC;Sul;Colisão Lateral;1;2;;;;;1
15/04/2013;06:56:00;76;com vítima;210,45;BR-101/SC;Norte;Colisão Transversal;1;1;1;;;;1
16/04/2013;07:42:00;84;sem vítima;74;BR-101/SC;Sul;Colisão Traseira;2;2;;;;;1
16/04/2013;07:30:00;78;sem vítima;112,001;BR-101/SC;Norte;Colisão Traseira;2;2;;;;;1
16/04/2013;08:23:00;96;sem vítima;120,128;BR-101/SC;Sul;Colisão Traseira;3;3;;;;;1
16/04/2013;09:22:00;133;sem vítima;124,8;BR-101/SC;Norte;Colisão Transversal;1;2;;;;;1
16/04/2013;06:50:00;67;sem vítima;170,18;BR-101/SC;Sul;Colisão Lateral;1;2;;;;;1
16/04/2013;14:39:00;245;sem vítima;176,8;BR-101/SC;Norte;Colisão Transversal;1;2;;;;;1
17/04/2013;07:09:00;70;sem vítima;1,35;BR-101/SC;Norte;Choque - Suporte de Sinalização;1;1;;;;;1
17/04/2013;19:08:00;339;com vítima;61,614;BR-101/SC;Sul;Colisão Traseira;1;1;;1;;;2
17/04/2013;07:27:00;79;sem vítima;99,001;BR-116/PR;Norte;Saida de Pista;2;2;;;;;1
17/04/2013;23:54:00;396;com vítima;102,001;BR-116/PR;Sul;Colisão Traseira;2;3;1;;;;1
17/04/2013;14:29:00;236;sem vítima;150,913;BR-101/SC;Norte;Colisão Frontal;1;2;;;;;1
17/04/2013;17:17:00;300;com vítima;162,887;BR-101/SC;Sul;Colisão Frontal;1;1;;1;;;2
17/04/2013;08:04:00;84;com vítima;216,5;BR-101/SC;Norte;Colisão Traseira;1;1;;;;1;3
17/04/2013;13:15:00;213;sem vítima;673,1;BR-376/PR;Sul;Saida de Pista;1;1;;;;;1
18/04/2013;15:34:00;273;sem vítima;1,35;BR-101/SC;Sul;Choque - Defensa, barreira ou "submarino";1;1;;;;;1
18/04/2013;23:38:00;384;sem vítima;44,8;BR-101/SC;Sul;Colisão Traseira;1;2;;;;;1
18/04/2013;23:21:00;379;com vítima;95,55;BR-116/PR;Sul;Colisão Traseira;2;1;;;2;;2
18/04/2013;13:27:00;235;sem vítima;103,65;BR-101/SC;Sul;Colisão Traseira;1;2;;;;;1
18/04/2013;09:59:00;161;sem vítima;117,2;BR-101/SC;Norte;Colisão Traseira;1;2;;;;;1
18/04/2013;22:33:00;368;com vítima;122,593;BR-101/SC;Norte;Colisão Traseira;1;1;2;;;;1
18/04/2013;13:53:00;244;com vítima;203,977;BR-101/SC;Sul;Colisão Lateral;1;1;;1;;;2
18/04/2013;16:13:00;282;com vítima;210,144;BR-101/SC;Norte;Choque - Elemento de Drenagem;1;1;;;;1;3
18/04/2013;12:32:00;217;com vítima;219,5;BR-101/SC;Norte;Colisão Traseira;1;1;1;;;;1
19/04/2013;01:41:00;24;com vítima;1,35;BR-101/SC;Norte;Choque - Outros;1;1;1;;;;1
19/04/2013;11:08:00;178;sem vítima;1,8;BR-101/SC;Norte;Colisão Traseira;3;3;;;;;1
19/04/2013;22:15:00;401;com vítima;36,6;BR-101/SC;Sul;Colisão Traseira;1;1;;;1;;2
19/04/2013;07:50:00;92;sem vítima;82,955;BR-101/SC;Sul;Choque - Defensa, barreira ou "submarino";1;2;;;;;1
19/04/2013;15:39:00;265;sem vítima;86,05;BR-101/SC;Norte;Engavetamento;1;4;;;;;1
19/04/2013;06:02:00;58;sem vítima;98,7;BR-101/SC;Sul;Colisão Traseira;1;2;;;;;1
19/04/2013;14:50:00;245;sem vítima;112,5;BR-101/SC;Norte;Colisão Lateral;1;2;;;;;1
19/04/2013;18:54:00;347;sem vítima;157,499;BR-101/SC;Sul;Colisão Traseira;2;2;;;;;1
19/04/2013;13:44:00;227;sem vítima;194,421;BR-101/SC;Norte;Colisão Traseira;1;2;;;;;1
19/04/2013;15:05:00;253;sem vítima;199,048;BR-101/SC;Sul;Colisão Lateral;1;2;;;;;1
19/04/2013;10:03:00;143;sem vítima;205,637;BR-101/SC;Sul;Colisão Lateral;2;4;;;;;1
19/04/2013;08:05:00;98;com vítima;206,947;BR-101/SC;Sul;Engavetamento;4;5;;1;;;2
19/04/2013;21:51:00;398;com vítima;229,318;BR-101/SC;Sul;Colisão Lateral;1;2;1;1;;;2
19/04/2013;14:48:00;244;sem vítima;658,129;BR-376/PR;Sul;Saida de Pista;1;1;;;;;1
20/04/2013;15:00:00;260;sem vítima;97,9;BR-116/PR;Sul;Colisão Lateral;1;2;;;;;1
20/04/2013;07:08:00;88;sem vítima;100,001;BR-116/PR;Sul;Colisão Traseira;2;2;;;;;1
20/04/2013;02:15:00;39;com vítima;107,415;BR-101/SC;Sul;Tombamento;1;0;1;;;2;3
20/04/2013;07:43:00;103;sem vítima;107,415;BR-101/SC;Sul;Colisão Traseira;1;2;;;;;1
20/04/2013;08:18:00;115;com vítima;658,2;BR-376/PR;Sul;Engavetamento;1;2;1;;;;1
20/04/2013;16:39:00;283;sem vítima;659,001;BR-376/PR;Sul;Colisão Traseira;1;2;;;;;1
20/04/2013;17:10:00;292;sem vítima;672,283;BR-376/PR;Sul;Engavetamento;2;6;;;;;1
20/04/2013;10:44:00;175;sem vítima;672,5;BR-376/PR;Sul;Engavetamento;1;3;;;;;1
20/04/2013;05:51:00;74;sem vítima;672,8;BR-376/PR;Sul;Colisão Traseira;2;2;;;;;1
20/04/2013;06:05:00;78;com vítima;673,5;BR-376/PR;Sul;Saida de Pista;1;0;;;;1;3
21/04/2013;08:15:00;90;sem vítima;113,9;BR-116/PR;Sul;Colisão Lateral;1;2;;;;;1
21/04/2013;13:15:00;168;sem vítima;123;BR-101/SC;Sul;Colisão Transversal;1;2;;;;;1
21/04/2013;20:56:00;306;sem vítima;163,114;BR-101/SC;Sul;Colisão Lateral;1;2;;;;;1
21/04/2013;15:12:00;197;com vítima;648,318;BR-376/PR;Norte;Colisão Transversal;1;2;1;;;;1
22/04/2013;09:26:00;105;sem vítima;157,3;BR-101/SC;Sul;Choque - Suporte de Sinalização;1;1;;;;;1
23/04/2013;15:20:00;239;sem vítima;86,814;BR-101/SC;Sul;Engavetamento;1;3;;;;;1
23/04/2013;23:03:00;354;sem vítima;95,001;BR-101/SC;Sul;Choque - Defensa, barreira ou "submarino";1;2;;;;;1
23/04/2013;06:51:00;68;sem vítima;200,7;BR-101/SC;Sul;Colisão Traseira;1;3;;;;;1
23/04/2013;10:25:00;150;sem vítima;651,6;BR-376/PR;Sul;Colisão Traseira;1;2;;;;;1
23/04/2013;06:40:00;64;com vítima;652,44;BR-376/PR;Sul;Tombamento;2;5;1;;;;1
23/04/2013;00:45:00;12;sem vítima;675,704;BR-376/PR;Norte;Colisão Traseira;2;2;;;;;1
24/04/2013;18:50:00;339;sem vítima;26,027;BR-101/SC;Norte;Saida de Pista;1;1;;;;;1
24/04/2013;05:25:00;38;sem vítima;33,001;BR-101/SC;Sul;Colisão Traseira;1;2;;;;;1
24/04/2013;10:29:00;136;sem vítima;50,3;BR-101/SC;Norte;Choque - Defensa, barreira ou "submarino";1;1;;;;;1
24/04/2013;11:08:00;151;sem vítima;79,65;BR-101/SC;Sul;Choque - Defensa, barreira ou "submarino";1;1;;;;;1
24/04/2013;08:35:00;91;sem vítima;139,5;BR-101/SC;Sul;Colisão Traseira;1;2;;;;;1
24/04/2013;15:33:00;251;sem vítima;163,565;BR-101/SC;Sul;Colisão Lateral;1;2;;;;;1
24/04/2013;09:09:00;103;sem vítima;193,298;BR-101/SC;Norte;Colisão Lateral;1;2;;;;;1
24/04/2013;13:29:00;201;sem vítima;204,812;BR-101/SC;Norte;Colisão Traseira;1;2;;;;;1
24/04/2013;22:17:00;386;com vítima;206,995;BR-101/SC;Sul;Queda de Moto;1;2;;;;2;3
24/04/2013;07:51:00;72;sem vítima;209,82;BR-101/SC;Norte;Colisão Lateral;1;2;;;;;1
24/04/2013;08:46:00;94;sem vítima;210,824;BR-101/SC;Norte;Colisão Traseira;1;4;;;;;1
24/04/2013;12:03:00;163;sem vítima;641,001;BR-376/PR;Sul;Choque - Defensa, barreira ou "submarino";1;1;;;;;1
24/04/2013;16:16:00;273;sem vítima;666,202;BR-376/PR;Sul;Saida de Pista;1;1;;;;;1
24/04/2013;19:57:00;358;com vítima;667,225;BR-376/PR;Sul;Colisão Traseira;2;1;1;;;;1
25/04/2013;08:17:00;90;sem vítima;79,65;BR-101/SC;Sul;Colisão Traseira;1;2;;;;;1
25/04/2013;10:34:00;143;sem vítima;79,65;BR-101/SC;Sul;Colisão Traseira;1;2;;;;;1
25/04/2013;20:38:00;354;sem vítima;93,399;BR-116/PR;Sul;Colisão Traseira;2;2;;;;;1
25/04/2013;12:34:00;200;sem vítima;100,173;BR-116/PR;Sul;Colisão Traseira;2;2;;;;;1
25/04/2013;04:06:00;51;sem vítima;137,001;BR-101/SC;Norte;Saida de Pista;1;1;;;;;1
25/04/2013;15:07:00;250;sem vítima;189,445;BR-101/SC;Sul;Colisão Lateral;1;2;;;;;1
25/04/2013;07:54:00;81;sem vítima;203,9;BR-101/SC;Norte;Colisão Traseira;1;2;;;;;1
25/04/2013;14:05:00;229;sem vítima;208,398;BR-101/SC;Norte;Colisão Lateral;1;2;;;;;1
25/04/2013;13:24:00;219;sem vítima;235,77;BR-101/SC;Norte;Colisão Traseira;1;2;;;;;1
25/04/2013;03:59:00;52;com vítima;619,259;BR-376/PR;Sul;Colisão Traseira;1;2;4;;;;1
25/04/2013;09:57:00;127;sem vítima;641,2;BR-376/PR;Sul;Colisão Traseira;1;2;;;;;1
26/04/2013;16:06:00;279;com vítima;121;BR-101/SC;Sul;Choque - Objeto sobre a pista;1;1;1;;;;1
26/04/2013;05:01:00;79;com vítima;145;BR-101/SC;Norte;Colisão Traseira;1;1;;1;;;2
26/04/2013;14:28:00;238;com vítima;161,81;BR-101/SC;Norte;Colisão Transversal;1;1;1;;;;1
26/04/2013;17:25:00;315;com vítima;162,9;BR-101/SC;Norte;Colisão Transversal;1;2;1;;;;1
26/04/2013;19:06:00;354;sem vítima;621;BR-376/PR;Norte;Colisão Traseira;2;2;;;;;1
26/04/2013;19:36:00;360;com vítima;635,482;BR-376/PR;Norte;Colisão Lateral;1;3;1;;;;1
27/04/2013;06:17:00;74;sem vítima;9;BR-101/SC;Norte;Colisão Traseira;1;2;;;;;1
27/04/2013;05:19:00;72;sem vítima;89,514;BR-116/PR;Sul;Tombamento;1;1;;;;;1
27/04/2013;01:09:00;29;com vítima;191,585;BR-101/SC;Sul;Tombamento;1;0;2;;;;1