data;horario;n_da_ocorrencia;tipo_de_ocorrencia;km;trecho;sentido;tipo_de_acidente;caminhao;ilesos;levemente_feridos;moderadamente_feridos;gravemente_feridos;mortos;3
27/04/2013;19:16:00;340;com vítima;205,398;BR-101/SC;Norte;Colisão Traseira;1;2;1;;;;1
28/04/2013;09:38:00;124;com vítima;68,701;BR-101/SC;Sul;Capotamento;1;1;1;;;;1
28/04/2013;16:25:00;231;com vítima;81,366;BR-116/PR;Sul;Capotamento;1;1;1;;;;1
28/04/2013;02:54:00;43;sem vítima;101,263;BR-116/PR;Sul;Saida de Pista;1;1;;;;;1
28/04/2013;08:23:00;101;sem vítima;157,468;BR-101/SC;Norte;Colisão Lateral;1;2;;;;;1
28/04/2013;16:55:00;242;sem vítima;163,5;BR-101/SC;Sul;Colisão Traseira;1;2;;;;;1
28/04/2013;17:20:00;252;sem vítima;163,5;BR-101/SC;Sul;Colisão Lateral;1;2;;;;;1
28/04/2013;17:39:00;259;sem vítima;163,5;BR-101/SC;Sul;Colisão Traseira;1;2;;;;;1
28/04/2013;15:05:00;204;sem vítima;206,001;BR-101/SC;Sul;Colisão Traseira;1;2;;;;;1
28/04/2013;07:12:00;82;sem vítima;622,042;BR-376/PR;Norte;Colisão Lateral;2;2;;;;;1
28/04/2013;16:23:00;230;sem vítima;671,7;BR-376/PR;Sul;Saida de Pista;1;1;;;;;1
29/04/2013;17:40:00;281;sem vítima;7,608;BR-101/SC;Sul;Saida de Pista;1;1;;;;;1
29/04/2013;12:25:00;183;sem vítima;33,5;BR-101/SC;Norte;Colisão Lateral;1;2;;;;;1
29/04/2013;15:21:00;237;sem vítima;33,81;BR-101/SC;Sul;Colisão Traseira;2;3;;;;;1
29/04/2013;15:23:00;239;sem vítima;117,809;BR-101/SC;Sul;Colisão Lateral;1;2;;;;;1
29/04/2013;08:35:00;99;com vítima;126,155;BR-101/SC;Norte;Colisão Lateral;1;1;1;;;;1
29/04/2013;16:30:00;257;com vítima;210,852;BR-101/SC;Norte;Colisão Frontal;1;2;1;;;;1
30/04/2013;13:04:00;197;sem vítima;41,5;BR-101/SC;Norte;Colisão Traseira;1;2;;;;;1
30/04/2013;19:17:00;315;sem vítima;116,8;BR-101/SC;Sul;Colisão Traseira;1;2;;;;;1
30/04/2013;16:06:00;255;com vítima;146,1;BR-101/SC;Norte;Colisão Frontal;1;1;1;;;;1
01/05/2013;04:19:00;50;sem vítima;116,305;BR-101/SC;Norte;Capotamento;1;2;;;;;1
01/05/2013;04:41:00;53;com vítima;125,478;BR-101/SC;Sul;Choque - Defensa, barreira ou "submarino";1;2;;;;1;3
02/05/2013;12:22:00;188;sem vítima;48,5;BR-101/SC;Norte;Colisão Traseira;1;2;;;;;1
02/05/2013;05:19:00;60;sem vítima;93,001;BR-116/PR;Norte;Colisão Lateral;1;2;;;;;1
02/05/2013;08:21:00;106;sem vítima;111,2;BR-101/SC;Sul;Engavetamento;1;3;;;;;1
02/05/2013;17:37:00;284;sem vítima;114,7;BR-101/SC;Sul;Colisão Transversal;1;2;;;;;1
02/05/2013;17:58:00;292;sem vítima;117,2;BR-101/SC;Norte;Colisão Lateral;1;2;;;;;1
02/05/2013;15:10:00;241;sem vítima;123,4;BR-101/SC;Sul;Colisão Lateral;1;2;;;;;1
02/05/2013;16:39:00;263;sem vítima;135,492;BR-101/SC;Sul;Choque - Outros;1;1;;;;;1
02/05/2013;12:39:00;191;sem vítima;157,4;BR-101/SC;Sul;Colisão Lateral;1;2;;;;;1
02/05/2013;10:42:00;155;com vítima;668,285;BR-376/PR;Sul;Tombamento;1;0;;1;;;2
03/05/2013;12:48:00;192;sem vítima;1,35;BR-101/SC;Norte;Colisão Traseira;1;2;;;;;1
03/05/2013;15:37:00;238;com vítima;230,3;BR-101/SC;Sul;Colisão Lateral;1;1;2;;;;1
03/05/2013;11:52:00;180;sem vítima;625,3;BR-376/PR;Sul;Colisão Traseira;2;2;;;;;1
03/05/2013;01:11:00;25;sem vítima;659,128;BR-376/PR;Norte;Colisão Traseira;1;2;;;;;1
03/05/2013;20:28:00;330;sem vítima;671,7;BR-376/PR;Sul;Saida de Pista;1;1;;;;;1
04/05/2013;08:56:00;109;sem vítima;32,5;BR-101/SC;Sul;Colisão Traseira;1;2;;;;;1
04/05/2013;20:09:00;323;sem vítima;622,83;BR-376/PR;Sul;Colisão Frontal;1;7;;;;;1
04/05/2013;07:08:00;79;sem vítima;667,6;BR-376/PR;Sul;Tombamento;1;1;;;;;1
05/05/2013;14:39:00;212;com vítima;40,746;BR-101/SC;Sul;Saida de Pista;1;0;1;;;;1
05/05/2013;01:23:00;22;sem vítima;48,45;BR-101/SC;Sul;Saida de Pista;1;1;;;;;1
05/05/2013;23:38:00;392;sem vítima;102,766;BR-116/PR;Sul;Saida de Pista;1;2;;;;;1
05/05/2013;22:16:00;366;sem vítima;105,763;BR-116/PR;Norte;Saida de Pista;1;1;;;;;1
05/05/2013;23:47:00;394;sem vítima;107,862;BR-116/PR;Sul;Saida de Pista;1;1;;;;;1
05/05/2013;12:17:00;178;com vítima;114,033;BR-101/SC;Norte;Colisão Transversal;1;2;1;;;;1
05/05/2013;09:37:00;126;sem vítima;174,079;BR-101/SC;Norte;Choque - Defensa, barreira ou "submarino";1;1;;;;;1
05/05/2013;23:27:00;388;sem vítima;174,467;BR-101/SC;Norte;Colisão Lateral;1;2;;;;;1
05/05/2013;20:43:00;345;sem vítima;222,2;BR-101/SC;Sul;Colisão Traseira;1;2;;;;;1
05/05/2013;23:18:00;385;sem vítima;232,8;BR-101/SC;Sul;Saida de Pista;1;1;;;;;1
05/05/2013;08:12:00;87;com vítima;235,2;BR-101/SC;Sul;Saida de Pista;1;0;1;;;;1
05/05/2013;09:45:00;129;sem vítima;651,6;BR-376/PR;Norte;Colisão Traseira;1;4;;;;;1
05/05/2013;23:32:00;391;sem vítima;657,8;BR-376/PR;Norte;Outros;1;1;;;;;1
06/05/2013;16:35:00;278;sem vítima;115,899;BR-101/SC;Norte;Colisão Lateral;1;2;;;;;1
06/05/2013;02:38:00;32;sem vítima;139,55;BR-101/SC;Sul;Colisão Traseira;1;2;;;;;1
06/05/2013;08:35:00;95;sem vítima;142,45;BR-101/SC;Sul;Colisão Lateral;1;2;;;;;1
06/05/2013;11:04:00;149;sem vítima;199,8;BR-101/SC;Sul;Colisão Lateral;1;2;;;;;1
06/05/2013;09:14:00;107;sem vítima;204,7;BR-101/SC;Sul;Colisão Traseira;1;2;;;;;1
06/05/2013;09:00:00;103;sem vítima;208,2;BR-101/SC;Sul;Colisão Lateral;1;2;;;;;1
06/05/2013;15:35:00;243;sem vítima;618,42;BR-376/PR;Sul;Choque - Defensa, barreira ou "submarino";1;2;;;;;1
06/05/2013;16:58:00;284;sem vítima;635,4;BR-376/PR;Norte;Colisão Traseira;1;2;;;;;1
06/05/2013;19:31:00;324;sem vítima;637,612;BR-376/PR;Sul;Choque - Objeto sobre a pista;1;2;;;;;1
06/05/2013;00:00:00;27;sem vítima;656,683;BR-376/PR;Norte;Colisão Lateral;1;2;;;;;1
07/05/2013;13:30:00;225;sem vítima;0,3;BR-101/SC;Sul;Colisão Traseira;1;3;;;;;1
07/05/2013;15:12:00;252;sem vítima;105,856;BR-101/SC;Sul;Colisão Lateral;1;3;;;;;1
07/05/2013;18:45:00;325;sem vítima;107,368;BR-101/SC;Norte;Colisão Traseira;1;2;;;;;1
07/05/2013;17:46:00;308;sem vítima;117,684;BR-101/SC;Sul;Colisão Lateral;1;2;;;;;1
07/05/2013;19:25:00;335;sem vítima;170,3;BR-101/SC;Sul;Choque - Defensa, barreira ou "submarino";1;3;;;;;1
07/05/2013;12:01:00;184;sem vítima;635,4;BR-376/PR;Sul;Colisão Traseira;2;2;;;;;1
07/05/2013;18:06:00;316;com vítima;667,518;BR-376/PR;Sul;Tombamento;1;0;;1;;1;3
07/05/2013;08:37:00;112;sem vítima;672,72;BR-376/PR;Sul;Colisão Lateral;1;2;;;;;1
08/05/2013;11:59:00;170;sem vítima;1,35;BR-101/SC;Sul;Colisão Traseira;1;2;;;;;1
08/05/2013;13:04:00;189;sem vítima;71,001;BR-101/SC;Sul;Colisão Lateral;2;4;;;;;1
08/05/2013;15:36:00;241;sem vítima;107,569;BR-101/SC;Norte;Colisão Lateral;1;2;;;;;1
08/05/2013;19:24:00;314;sem vítima;113,723;BR-101/SC;Sul;Colisão Traseira;2;3;;;;;1
08/05/2013;18:54:00;303;sem vítima;117,193;BR-101/SC;Sul;Colisão Traseira;2;2;;;;;1
08/05/2013;08:20:00;101;sem vítima;191,071;BR-101/SC;Sul;Tombamento;1;1;;;;;1
08/05/2013;09:27:00;126;sem vítima;192,7;BR-101/SC;Norte;Colisão Lateral;1;2;;;;;1
08/05/2013;13:24:00;196;sem vítima;219,9;BR-101/SC;Norte;Colisão Traseira;1;3;;;;;1
08/05/2013;22:19:00;344;sem vítima;615,6;BR-376/PR;Sul;Colisão Lateral;2;3;;;;;1
08/05/2013;00:06:00;3;sem vítima;635,4;BR-376/PR;Norte;Colisão Traseira;2;2;;;;;1
08/05/2013;00:39:00;10;sem vítima;671,2;BR-376/PR;Sul;Colisão Traseira;2;2;;;;;1
08/05/2013;06:30:00;72;com vítima;673,394;BR-376/PR;Sul;Colisão Traseira;2;0;1;1;;1;3
09/05/2013;10:33:00;148;sem vítima;48,001;BR-101/SC;Norte;Colisão Traseira;1;2;;;;;1
09/05/2013;03:24:00;42;com vítima;62,445;BR-101/SC;Sul;Tombamento;1;0;1;;;;1
09/05/2013;10:35:00;149;sem vítima;97;BR-116/PR;Sul;Colisão Lateral;1;2;;;;;1
09/05/2013;18:51:00;284;sem vítima;107,118;BR-101/SC;Norte;Colisão Traseira;2;2;;;;;1
09/05/2013;05:17:00;57;sem vítima;142,801;BR-101/SC;Norte;Atropelamento de Animal;1;1;;;;;1
09/05/2013;19:27:00;299;sem vítima;162,612;BR-101/SC;Sul;Colisão Lateral;1;2;;;;;1
09/05/2013;07:37:00;91;com vítima;198,5;BR-101/SC;Norte;Outros;2;1;1;;;;1
09/05/2013;08:35:00;104;sem vítima;204;BR-101/SC;Sul;Colisão Traseira;1;3;;;;;1
09/05/2013;12:50:00;181;sem vítima;215,1;BR-101/SC;Norte;Colisão Traseira;1;2;;;;;1
09/05/2013;07:38:00;92;com vítima;621,3;BR-376/PR;Sul;Colisão Traseira;1;1;1;;;;1
09/05/2013;07:14:00;79;com vítima;622,9;BR-376/PR;Sul;Engavetamento;5;6;4;1;;;2
09/05/2013;08:14:00;101;com vítima;626,2;BR-376/PR;Norte;Engavetamento;2;3;;;1;;2
10/05/2013;06:35:00;48;sem vítima;0,4;BR-101/SC;Sul;Saida de Pista;1;1;;;;;1
10/05/2013;15:24:00;231;sem vítima;49,45;BR-101/SC;Sul;Colisão Lateral;1;2;;;;;1
10/05/2013;18:48:00;311;sem vítima;61,815;BR-101/SC;Sul;Choque - Objeto sobre a pista;1;2;;;;;1
10/05/2013;16:43:00;271;sem vítima;112,212;BR-101/SC;Sul;Colisão Lateral;1;2;;;;;1
10/05/2013;11:17:00;136;sem vítima;117,281;BR-101/SC;Sul;Colisão Lateral;1;2;;;;;1
10/05/2013;11:55:00;156;sem vítima;139,001;BR-101/SC;Sul;Colisão Lateral;1;2;;;;;1
10/05/2013;17:52:00;289;com vítima;159,889;BR-101/SC;Sul;Colisão Traseira;1;1;1;;;;1
10/05/2013;20:50:00;346;com vítima;194,502;BR-101/SC;Sul;Engavetamento;2;5;2;;;1;3
10/05/2013;18:09:00;299;sem vítima;667,4;BR-376/PR;Norte;Choque - Talude;1;1;;;;;1
11/05/2013;17:33:00;254;sem vítima;20;BR-101/SC;Sul;Colisão Traseira;1;2;;;;;1
11/05/2013;19:36:00;282;sem vítima;81,379;BR-101/SC;Norte;Colisão Lateral;1;2;;;;;1
11/05/2013;23:22:00;324;sem vítima;85,269;BR-116/PR;Norte;Saida de Pista;1;1;;;;;1
11/05/2013;06:25:00;54;com vítima;105,8;BR-116/PR;Sul;Engavetamento;2;2;2;;;;1
11/05/2013;00:24:00;13;com vítima;113,487;BR-116/PR;Sul;Colisão Lateral;1;1;;1;;;2
11/05/2013;14:09:00;176;sem vítima;164,662;BR-101/SC;Norte;Saida de Pista;1;1;;;;;1
11/05/2013;18:46:00;273;sem vítima;208,25;BR-101/SC;Norte;Engavetamento;1;5;;;;;1
11/05/2013;00:23:00;12;com vítima;215,401;BR-101/SC;Sul;Colisão Traseira;1;1;;;;1;3
11/05/2013;01:44:00;27;sem vítima;219,801;BR-101/SC;Norte;Colisão Traseira;2;2;;;;;1
11/05/2013;01:58:00;30;sem vítima;653,553;BR-376/PR;Norte;Choque - Defensa, barreira ou "submarino";1;1;;;;;1
12/05/2013;19:26:00;267;sem vítima;45,61;BR-101/SC;Sul;Saida de Pista;1;1;;;;;1
12/05/2013;14:14:00;168;sem vítima;80;BR-101/SC;Sul;Colisão Traseira;1;2;;;;;1
12/05/2013;19:39:00;259;sem vítima;185,006;BR-101/SC;Sul;Colisão Traseira;1;2;;;;;1
12/05/2013;08:54:00;97;sem vítima;672,06;BR-376/PR;Sul;Saida de Pista;1;1;;;;;1
13/05/2013;09:53:00;161;sem vítima;52,8;BR-101/SC;Norte;Colisão Traseira;1;2;;;;;1
13/05/2013;19:35:00;338;sem vítima;101,7;BR-116/PR;Sul;Colisão Lateral;1;2;;;;;1
13/05/2013;10:46:00;178;sem vítima;102,856;BR-116/PR;Sul;Colisão Traseira;1;2;;;;;1
13/05/2013;10:50:00;181;sem vítima;121,249;BR-101/SC;Norte;Colisão Lateral;1;2;;;;;1
13/05/2013;01:39:00;24;com vítima;137,3;BR-101/SC;Sul;Choque - Defensa, barreira ou "submarino";1;2;1;;;;1
13/05/2013;10:07:00;164;sem vítima;671,7;BR-376/PR;Sul;Saida de Pista;1;1;;;;;1
14/05/2013;04:36:00;60;sem vítima;2,07;BR-101/SC;Sul;Colisão Traseira;2;2;;;;;1
14/05/2013;08:40:00;116;sem vítima;4,001;BR-101/SC;Norte;Choque - Defensa, barreira ou "submarino";1;2;;;;;1
14/05/2013;00:10:00;8;com vítima;15,207;BR-101/SC;Sul;Colisão Frontal;1;1;;;;1;3
14/05/2013;11:21:00;173;sem vítima;96,909;BR-101/SC;Sul;Colisão Lateral;1;2;;;;;1
14/05/2013;08:53:00;124;sem vítima;140,4;BR-101/SC;Sul;Colisão Traseira;1;2;;;;;1
14/05/2013;09:01:00;129;sem vítima;141,2;BR-101/SC;Norte;Colisão Lateral;1;3;;;;;1
14/05/2013;14:46:00;228;sem vítima;205,119;BR-101/SC;Sul;Colisão Lateral;1;2;;;;;1
14/05/2013;08:27:00;112;sem vítima;614,54;BR-376/PR;Sul;Colisão Traseira;1;2;;;;;1
14/05/2013;14:21:00;221;sem vítima;635,4;BR-376/PR;Norte;Choque - Defensa, barreira ou "submarino";1;1;;;;;1
15/05/2013;08:07:00;101;sem vítima;84,6;BR-101/SC;Sul;Colisão Lateral;1;2;;;;;1
15/05/2013;08:21:00;106;com vítima;106,656;BR-116/PR;Sul;Atropelamento - Funcionário;1;1;;;;1;3
15/05/2013;17:32:00;282;sem vítima;209,749;BR-101/SC;Sul;Colisão Traseira;1;2;;;;;1
15/05/2013;03:48:00;54;sem vítima;235,73;BR-101/SC;Norte;Saida de Pista;1;1;;;;;1
15/05/2013;19:59:00;321;com vítima;645,7;BR-376/PR;Sul;Atropelamento - Andarilho;1;1;;1;;;2
15/05/2013;03:59:00;55;com vítima;674,5;BR-376/PR;Norte;Colisão Traseira;2;0;2;;;;1
15/05/2013;06:01:00;68;sem vítima;676,5;BR-376/PR;Sul;Colisão Traseira;1;2;;;;;1
16/05/2013;12:59:00;175;sem vítima;17,091;BR-101/SC;Norte;Colisão Traseira;2;2;;;;;1
16/05/2013;14:18:00;192;com vítima;77,625;BR-116/PR;Sul;Tombamento;1;1;1;;;;1
16/05/2013;07:01:00;70;com vítima;85,121;BR-101/SC;Sul;Atropelamento - Morador;1;1;;;1;;2
16/05/2013;14:28:00;196;sem vítima;102,15;BR-116/PR;Sul;Colisão Traseira;1;2;;;;;1
16/05/2013;23:41:00;330;sem vítima;106,701;BR-116/PR;Sul;Engavetamento;3;4;;;;;1
16/05/2013;06:08:00;64;sem vítima;109,5;BR-116/PR;Sul;Saida de Pista;1;1;;;;;1
16/05/2013;13:35:00;187;sem vítima;157,4;BR-101/SC;Norte;Colisão Traseira;1;3;;;;;1
16/05/2013;11:18:00;140;sem vítima;206,58;BR-101/SC;Norte;Colisão Traseira;2;3;;;;;1
16/05/2013;05:43:00;61;sem vítima;652,3;BR-376/PR;Sul;Saida de Pista;1;1;;;;;1
16/05/2013;17:25:00;254;sem vítima;655,6;BR-376/PR;Norte;Saida de Pista;1;2;;;;;1
16/05/2013;12:04:00;159;sem vítima;666,183;BR-376/PR;Sul;Saida de Pista;1;1;;;;;1
17/05/2013;15:10:00;240;sem vítima;34;BR-101/SC;Norte;Colisão Frontal;1;2;;;;;1
17/05/2013;03:06:00;57;sem vítima;87,757;BR-116/PR;Norte;Saida de Pista;1;1;;;;;1
17/05/2013;04:53:00;71;sem vítima;109,501;BR-116/PR;Norte;Tombamento;1;1;;;;;1
17/05/2013;10:25:00;155;sem vítima;122,5;BR-101/SC;Sul;Colisão Traseira;2;3;;;;;1
17/05/2013;17:27:00;298;sem vítima;157,52;BR-101/SC;Sul;Colisão Traseira;1;3;;;;;1
17/05/2013;12:21:00;187;com vítima;212,886;BR-101/SC;Sul;Colisão Traseira;1;1;1;;;;1
17/05/2013;07:19:00;93;sem vítima;651,3;BR-376/PR;Norte;Outros;3;3;;;;;1
17/05/2013;07:30:00;103;sem vítima;657,5;BR-376/PR;Norte;Colisão Traseira;1;4;;;;;1
17/05/2013;03:36:00;60;sem vítima;671,001;BR-376/PR;Sul;Colisão Traseira;1;2;;;;;1
18/05/2013;00:35:00;15;sem vítima;17,845;BR-101/SC;Sul;Colisão Traseira;1;2;;;;;1
18/05/2013;17:23:00;256;com vítima;102,5;BR-116/PR;Sul;Engavetamento;1;3;2;;;;1
18/05/2013;17:17:00;252;sem vítima;103,3;BR-101/SC;Sul;Colisão Lateral;1;2;;;;;1
18/05/2013;07:06:00;73;com vítima;206,446;BR-101/SC;Sul;Colisão Traseira;1;2;;1;;;2
18/05/2013;14:53:00;207;sem vítima;635,5;BR-376/PR;Sul;Colisão Lateral;1;2;;;;;1
18/05/2013;07:25:00;80;com vítima;668,5;BR-376/PR;Norte;Colisão Lateral;1;4;1;;;;1
18/05/2013;11:56:00;168;sem vítima;679,781;BR-376/PR;Sul;Engavetamento;2;3;;;;;1
19/05/2013;19:39:00;265;sem vítima;2,4;BR-101/SC;Sul;Colisão Traseira;1;2;;;;;1
19/05/2013;06:49:00;66;sem vítima;203,9;BR-101/SC;Sul;Colisão Traseira;2;3;;;;;1
19/05/2013;20:56:00;293;com vítima;206,323;BR-101/SC;Norte;Colisão Traseira;1;1;1;;;;1
19/05/2013;12:53:00;149;sem vítima;660,5;BR-376/PR;Norte;Saida de Pista;1;1;;;;;1
20/05/2013;06:48:00;73;sem vítima;1,61;BR-101/SC;Norte;Colisão Frontal;1;2;;;;;1
20/05/2013;17:00:00;273;sem vítima;2,126;BR-101/SC;Sul;Colisão Traseira;2;2;;;;;1
20/05/2013;14:52:00;238;com vítima;134;BR-101/SC;Norte;Colisão Traseira;1;1;;2;;;2
20/05/2013;11:17:00;179;sem vítima;151,3;BR-101/SC;Sul;Choque - Objeto sobre a pista;2;2;;;;;1
20/05/2013;19:47:00;333;com vítima;162,856;BR-101/SC;Sul;Colisão Transversal;1;1;1;;;;1
21/05/2013;10:10:00;146;sem vítima;106,101;BR-116/PR;Sul;Colisão Lateral;1;2;;;;;1
21/05/2013;10:18:00;150;sem vítima;138,5;BR-101/SC;Norte;Colisão Traseira;1;3;;;;;1
21/05/2013;11:36:00;178;sem vítima;142,5;BR-101/SC;Sul;Colisão Lateral;1;3;;;;;1
21/05/2013;10:32:00;153;sem vítima;164,139;BR-101/SC;Sul;Colisão Traseira;1;3;;;;;1
21/05/2013;06:52:00;85;sem vítima;208,9;BR-101/SC;Sul;Colisão Transversal;1;2;;;;;1
22/05/2013;23:54:00;327;sem vítima;1,605;BR-101/SC;Norte;Saida de Pista;2;2;;;;;1
22/05/2013;11:52:00;181;sem vítima;103,1;BR-116/PR;Sul;Colisão Lateral;1;2;;;;;1
22/05/2013;15:09:00;224;sem vítima;123,1;BR-101/SC;Sul;Colisão Lateral;1;2;;;;;1
22/05/2013;11:26:00;170;sem vítima;149,7;BR-101/SC;Sul;Colisão Lateral;1;3;;;;;1
22/05/2013;05:44:00;71;com vítima;149,8;BR-101/SC;Sul;Colisão Traseira;2;1;1;;;;1
22/05/2013;14:43:00;218;sem vítima;164,758;BR-101/SC;Sul;Colisão Traseira;2;2;;;;;1
22/05/2013;07:37:00;87;sem vítima;211,8;BR-101/SC;Norte;Colisão Lateral;1;2;;;;;1
22/05/2013;19:50:00;281;sem vítima;628,216;BR-376/PR;Norte;Colisão Lateral;2;2;;;;;1
22/05/2013;10:04:00;147;sem vítima;640,897;BR-376/PR;Sul;Choque - Defensa, barreira ou "submarino";1;1;;;;;1
22/05/2013;11:35:00;172;sem vítima;640,97;BR-376/PR;Norte;Colisão Traseira;1;2;;;;;1
22/05/2013;09:43:00;140;sem vítima;652,069;BR-376/PR;Sul;Saida de Pista;1;1;;;;;1
22/05/2013;00:32:00;26;sem vítima;655,258;BR-376/PR;Norte;Tombamento;1;1;;;;;1
22/05/2013;15:16:00;227;sem vítima;658,736;BR-376/PR;Norte;Saida de Pista;1;1;;;;;1
22/05/2013;23:51:00;326;sem vítima;670,771;BR-376/PR;Norte;Tombamento;1;1;;;;;1
23/05/2013;15:44:00;246;sem vítima;41,8;BR-101/SC;Sul;Colisão Lateral;1;2;;;;;1
23/05/2013;00:57:00;24;sem vítima;71,963;BR-116/PR;Norte;Colisão Traseira;2;2;;;;;1
23/05/2013;16:50:00;280;sem vítima;163,599;BR-101/SC;Sul;Colisão Lateral;1;2;;;;;1
23/05/2013;10:17:00;162;com vítima;199,005;BR-101/SC;Sul;Colisão Traseira;1;1;;1;;;2
23/05/2013;19:46:00;337;sem vítima;208,001;BR-101/SC;Sul;Colisão Traseira;1;2;;;;;1
23/05/2013;13:22:00;205;sem vítima;635,141;BR-376/PR;Norte;Colisão Traseira;1;2;;;;;1
24/05/2013;00:42:00;23;sem vítima;48,573;BR-101/SC;Sul;Saida de Pista;1;1;;;;;1
24/05/2013;17:40:00;276;sem vítima;97,447;BR-116/PR;Norte;Colisão Lateral;1;2;;;;;1
24/05/2013;06:20:00;72;sem vítima;106,247;BR-116/PR;Sul;Colisão Traseira;1;2;;;;;1
24/05/2013;01:22:00;30;sem vítima;209,6;BR-101/SC;Norte;Engavetamento;1;5;;;;;1
24/05/2013;01:10:00;28;sem vítima;233,8;BR-101/SC;Sul;Saida de Pista;1;1;;;;;1
24/05/2013;18:26:00;286;com vítima;647,085;BR-376/PR;Norte;Engavetamento;3;2;;1;;;2
24/05/2013;06:05:00;69;sem vítima;656,802;BR-376/PR;Norte;Colisão Traseira;2;5;;;;;1
25/05/2013;10:53:00;168;sem vítima;231,64;BR-101/SC;Sul;Colisão Traseira;1;2;;;;;1
26/05/2013;14:35:00;163;sem vítima;92,634;BR-116/PR;Norte;Colisão Traseira;1;2;;;;;1
26/05/2013;20:34:00;261;sem vítima;100,28;BR-116/PR;Norte;Saida de Pista;1;1;;;;;1
26/05/2013;12:19:00;137;sem vítima;104,805;BR-116/PR;Norte;Saida de Pista;1;2;;;;;1
26/05/2013;14:11:00;158;sem vítima;189;BR-101/SC;Sul;Colisão Lateral;1;2;;;;;1
26/05/2013;00:13:00;19;sem vítima;642,95;BR-376/PR;Norte;Saida de Pista;1;1;;;;;1
26/05/2013;19:31:00;251;com vítima;655,588;BR-376/PR;Norte;Tombamento;1;0;4;;;;1
27/05/2013;14:12:00;199;sem vítima;24,4;BR-101/SC;Sul;Colisão Traseira;1;2;;;;;1
27/05/2013;09:28:00;107;com vítima;32,551;BR-101/SC;Norte;Colisão Traseira;1;1;1;;;;1
27/05/2013;07:40:00;74;sem vítima;34,5;BR-101/SC;Norte;Colisão Traseira;1;2;;;;;1
27/05/2013;15:16:00;254;sem vítima;97,9;BR-116/PR;Sul;Colisão Lateral;1;2;;;;;1
27/05/2013;19:04:00;298;sem vítima;104,881;BR-116/PR;Sul;Colisão Traseira;1;2;;;;;1
27/05/2013;17:44:00;281;sem vítima;201,6;BR-101/SC;Sul;Colisão Lateral;1;2;;;;;1
27/05/2013;08:35:00;90;sem vítima;234,05;BR-101/SC;Norte;Saida de Pista;1;1;;;;;1
27/05/2013;18:37:00;293;sem vítima;237,52;BR-101/SC;Sul;Colisão Traseira;1;3;;;;;1
28/05/2013;10:16:00;164;sem vítima;48,662;BR-101/SC;Sul;Saida de Pista;1;1;;;;;1
28/05/2013;08:41:00;118;com vítima;79,6;BR-101/SC;Sul;Colisão Traseira;1;1;1;;;;1
28/05/2013;06:46:00;86;sem vítima;81,8;BR-116/PR;Sul;Colisão Traseira;1;2;;;;;1
28/05/2013;08:24:00;114;sem vítima;102,9;BR-101/SC;Sul;Colisão Traseira;2;3;;;;;1
28/05/2013;10:34:00;180;sem vítima;103,632;BR-116/PR;Norte;Saida de Pista;1;2;;;;;1
28/05/2013;18:33:00;314;sem vítima;117;BR-101/SC;Norte;Colisão Lateral;1;2;;;;;1
28/05/2013;16:32:00;276;sem vítima;163,6;BR-101/SC;Sul;Colisão Lateral;1;2;;;;;1
28/05/2013;18:05:00;307;sem vítima;615,39;BR-376/PR;Sul;Colisão Traseira;1;2;;;;;1
28/05/2013;23:09:00;377;sem vítima;629;BR-376/PR;Norte;Tombamento;1;1;;;;;1
28/05/2013;11:31:00;184;com vítima;662,355;BR-376/PR;Norte;Choque - Defensa, barreira ou "submarino";1;1;1;;;;1
28/05/2013;17:32:00;292;sem vítima;668,6;BR-376/PR;Sul;Tombamento;1;1;;;;;1
29/05/2013;08:01:00;109;sem vítima;10,9;BR-101/SC;Sul;Saida de Pista;1;1;;;;;1
29/05/2013;03:34:00;50;com vítima;105,368;BR-101/SC;Sul;Tombamento;1;0;1;;;;1
29/05/2013;10:10:00;160;sem vítima;154,5;BR-101/SC;Sul;Colisão Traseira;1;3;;;;;1
29/05/2013;15:30:00;246;sem vítima;186,1;BR-101/SC;Norte;Choque - Defensa, barreira ou "submarino";1;2;;;;;1
29/05/2013;04:56:00;61;sem vítima;198,101;BR-101/SC;Sul;Atropelamento de Animal;1;1;;;;;1
29/05/2013;08:00:00;111;sem vítima;204,2;BR-101/SC;Sul;Colisão Lateral;1;2;;;;;1
29/05/2013;17:01:00;292;sem vítima;207,639;BR-101/SC;Sul;Colisão Traseira;1;2;;;;;1
29/05/2013;06:22:00;77;sem vítima;616,973;BR-376/PR;Norte;Colisão Traseira;1;2;;;;;1
29/05/2013;14:29:00;229;sem vítima;672,549;BR-376/PR;Sul;Colisão Traseira;2;2;;;;;1
29/05/2013;15:09:00;241;sem vítima;674,076;BR-376/PR;Sul;Colisão Traseira;1;2;;;;;1
30/05/2013;12:00:00;173;sem vítima;227,6;BR-101/SC;Sul;Engavetamento;1;11;;;;;1
30/05/2013;21:02:00;326;com vítima;239,334;BR-101/SC;Norte;Capotamento;1;0;2;;;;1
30/05/2013;12:11:00;176;sem vítima;617,977;BR-376/PR;Sul;Colisão Traseira;2;2;;;;;1
30/05/2013;19:09:00;302;sem vítima;627,578;BR-376/PR;Sul;Colisão Traseira;1;2;;;;;1
31/05/2013;16:59:00;240;sem vítima;33,682;BR-101/SC;Sul;Colisão Lateral;1;2;;;;;1
31/05/2013;16:16:00;223;com vítima;81,562;BR-101/SC;Sul;Engavetamento;3;3;1;;;;1
31/05/2013;17:07:00;242;sem vítima;113,571;BR-101/SC;Sul;Colisão Lateral;1;2;;;;;1
31/05/2013;18:03:00;258;sem vítima;117,282;BR-101/SC;Norte;Colisão Traseira;1;2;;;;;1