data;horario;n_da_ocorrencia;tipo_de_ocorrencia;km;trecho;sentido;tipo_de_acidente;caminhao;ilesos;levemente_feridos;moderadamente_feridos;gravemente_feridos;mortos;3
31/05/2013;15:13:00;196;sem vítima;163,4;BR-101/SC;Sul;Colisão Lateral;1;2;;;;;1
31/05/2013;18:58:00;276;sem vítima;163,7;BR-101/SC;Sul;Colisão Traseira;1;2;;;;;1
31/05/2013;22:10:00;328;com vítima;241,495;BR-101/SC;Norte;Colisão Traseira;2;1;;;;1;3
31/05/2013;19:05:00;278;sem vítima;625,225;BR-376/PR;Norte;Choque - Objeto sobre a pista;1;4;;;;;1
01/06/2013;06:37:00;75;com vítima;36,931;BR-101/SC;Sul;Atropelamento - Outros;1;2;;1;;;2
01/06/2013;17:12:00;269;sem vítima;93,056;BR-116/PR;Norte;Colisão Traseira;1;2;;;;;1
01/06/2013;20:47:00;326;sem vítima;117,228;BR-101/SC;Sul;Colisão Lateral;1;2;;;;;1
01/06/2013;19:24:00;302;sem vítima;118,001;BR-101/SC;Norte;Colisão Lateral;1;2;;;;;1
01/06/2013;15:30:00;237;sem vítima;131,304;BR-101/SC;Sul;Colisão Lateral;1;3;;;;;1
01/06/2013;04:50:00;57;com vítima;211,459;BR-101/SC;Sul;Colisão Frontal;1;1;;1;;;2
01/06/2013;14:09:00;210;sem vítima;660,441;BR-376/PR;Sul;Colisão Lateral;1;2;;;;;1
01/06/2013;15:18:00;228;sem vítima;681,668;BR-376/PR;Sul;Saida de Pista;1;1;;;;;1
01/06/2013;15:43:00;243;sem vítima;682,001;BR-376/PR;Norte;Colisão Lateral;1;2;;;;;1
02/06/2013;18:13:00;271;sem vítima;1,35;BR-101/SC;Sul;Colisão Traseira;2;2;;;;;1
02/06/2013;12:09:00;144;sem vítima;31,8;BR-101/SC;Norte;Colisão Traseira;1;2;;;;;1
03/06/2013;00:26:00;21;sem vítima;8,557;BR-101/SC;Sul;Saida de Pista;1;1;;;;;1
03/06/2013;17:18:00;313;sem vítima;49,091;BR-101/SC;Norte;Colisão Lateral;1;2;;;;;1
03/06/2013;07:49:00;91;sem vítima;668,6;BR-376/PR;Norte;Colisão Lateral;1;2;;;;;1
03/06/2013;07:02:00;78;sem vítima;675,29;BR-376/PR;Sul;Saida de Pista;1;1;;;;;1
03/06/2013;21:39:00;364;com vítima;675,864;BR-376/PR;Norte;Colisão Lateral;1;1;;1;;;2
04/06/2013;19:00:00;272;sem vítima;1,35;BR-101/SC;Norte;Choque - Defensa, barreira ou "submarino";1;2;;;;;1
04/06/2013;22:53:00;314;com vítima;157,3;BR-101/SC;Sul;Colisão Lateral;1;1;1;;;;1
04/06/2013;09:49:00;104;sem vítima;643;BR-376/PR;Sul;Colisão Traseira;1;2;;;;;1
04/06/2013;12:06:00;149;sem vítima;645;BR-376/PR;Norte;Saida de Pista;1;1;;;;;1
05/06/2013;18:37:00;322;sem vítima;102,24;BR-116/PR;Norte;Colisão Traseira;1;2;;;;;1
05/06/2013;10:09:00;150;sem vítima;109,1;BR-116/PR;Sul;Saida de Pista;1;1;;;;;1
05/06/2013;08:36:00;122;sem vítima;122,7;BR-101/SC;Sul;Colisão Lateral;1;2;;;;;1
05/06/2013;17:01:00;294;sem vítima;204,5;BR-101/SC;Sul;Colisão Lateral;1;2;;;;;1
05/06/2013;19:39:00;341;sem vítima;209,9;BR-101/SC;Norte;Colisão Lateral;1;2;;;;;1
05/06/2013;22:24:00;382;sem vítima;210;BR-101/SC;Norte;Colisão Lateral;1;2;;;;;1
05/06/2013;19:44:00;342;sem vítima;210,15;BR-101/SC;Norte;Engavetamento;1;3;;;;;1
05/06/2013;11:54:00;193;com vítima;667,6;BR-376/PR;Sul;Colisão Traseira;1;2;1;;;;1
06/06/2013;23:07:00;372;sem vítima;89,157;BR-101/SC;Norte;Choque - Defensa, barreira ou "submarino";1;2;;;;;1
06/06/2013;02:41:00;54;sem vítima;100,265;BR-116/PR;Norte;Saida de Pista;1;1;;;;;1
06/06/2013;13:29:00;209;sem vítima;235,754;BR-101/SC;Norte;Colisão Lateral;1;2;;;;;1
06/06/2013;08:36:00;107;com vítima;622,8;BR-376/PR;Norte;Colisão Traseira;1;1;1;;;;1
06/06/2013;13:31:00;211;com vítima;665,556;BR-376/PR;Sul;Tombamento;1;0;;1;;;2
07/06/2013;14:28:00;203;sem vítima;1,35;BR-101/SC;Norte;Colisão Traseira;2;2;;;;;1
07/06/2013;03:54:00;63;com vítima;155,8;BR-101/SC;Norte;Colisão Traseira;1;1;;;1;1;3
07/06/2013;16:36:00;256;sem vítima;163,7;BR-101/SC;Sul;Colisão Traseira;1;2;;;;;1
07/06/2013;11:25:00;156;sem vítima;656,98;BR-376/PR;Sul;Tombamento;1;1;;;;;1
08/06/2013;21:45:00;351;sem vítima;204,09;BR-101/SC;Norte;Colisão Lateral;1;2;;;;;1
08/06/2013;18:31:00;316;sem vítima;617,213;BR-376/PR;Norte;Tombamento;1;1;;;;;1
09/06/2013;11:03:00;147;sem vítima;79,5;BR-101/SC;Sul;Colisão Traseira;1;2;;;;;1
09/06/2013;18:16:00;275;sem vítima;101,065;BR-116/PR;Norte;Saida de Pista;1;1;;;;;1
09/06/2013;03:23:00;53;com vítima;197,885;BR-101/SC;Norte;Colisão Lateral;1;1;1;;;;1
09/06/2013;11:00:00;145;sem vítima;219,8;BR-101/SC;Norte;Colisão Traseira;1;2;;;;;1
09/06/2013;13:34:00;187;sem vítima;618,5;BR-376/PR;Norte;Colisão Lateral;1;3;;;;;1
09/06/2013;11:41:00;162;sem vítima;637,5;BR-376/PR;Norte;Colisão Traseira;1;2;;;;;1
10/06/2013;18:23:00;329;sem vítima;41,4;BR-101/SC;Norte;Colisão Traseira;1;2;;;;;1
10/06/2013;19:10:00;351;sem vítima;132,748;BR-101/SC;Sul;Colisão Traseira;1;2;;;;;1
10/06/2013;15:12:00;264;com vítima;193,656;BR-101/SC;Norte;Engavetamento;2;4;1;;;;1
10/06/2013;16:37:00;297;sem vítima;211,2;BR-101/SC;Norte;Colisão Lateral;1;2;;;;;1
10/06/2013;14:01:00;236;sem vítima;230,482;BR-101/SC;Norte;Colisão Lateral;1;3;;;;;1
11/06/2013;00:44:00;28;sem vítima;3;BR-101/SC;Sul;Colisão Lateral;1;2;;;;;1
11/06/2013;12:52:00;191;com vítima;96;BR-116/PR;Sul;Colisão Traseira;1;1;2;;;;1
11/06/2013;17:29:00;283;sem vítima;101,808;BR-116/PR;Norte;Colisão Traseira;1;2;;;;;1
11/06/2013;13:31:00;200;sem vítima;149,001;BR-101/SC;Sul;Choque - Objeto sobre a pista;1;2;;;;;1
11/06/2013;15:08:00;225;sem vítima;212,492;BR-101/SC;Norte;Colisão Lateral;1;2;;;;;1
11/06/2013;12:12:00;184;sem vítima;653,9;BR-376/PR;Sul;Colisão Lateral;1;2;;;;;1
11/06/2013;10:25:00;147;sem vítima;666,201;BR-376/PR;Sul;Colisão Traseira;2;2;;;;;1
11/06/2013;02:36:00;45;sem vítima;674;BR-376/PR;Norte;Colisão Traseira;2;2;;;;;1
11/06/2013;18:24:00;303;sem vítima;681,001;BR-376/PR;Sul;Colisão Traseira;1;1;;;;;1
12/06/2013;00:12:00;23;com vítima;61,001;BR-101/SC;Norte;Choque - Defensa, barreira ou "submarino";1;0;1;;;;1
12/06/2013;00:09:00;20;com vítima;80,655;BR-116/PR;Norte;Colisão Traseira;1;2;1;;;;1
12/06/2013;08:08:00;90;sem vítima;99;BR-116/PR;Norte;Colisão Lateral;1;2;;;;;1
12/06/2013;15:33:00;257;sem vítima;202,4;BR-101/SC;Norte;Colisão Lateral;1;2;;;;;1
12/06/2013;15:58:00;268;sem vítima;202,8;BR-101/SC;Norte;Engavetamento;3;3;;;;;1
12/06/2013;13:51:00;214;com vítima;203,1;BR-101/SC;Norte;Capotamento;1;1;1;;;;1
12/06/2013;19:09:00;330;sem vítima;205,4;BR-101/SC;Sul;Colisão Traseira;2;3;;;;;1
12/06/2013;18:39:00;323;sem vítima;626,1;BR-376/PR;Norte;Choque - Objeto sobre a pista;2;3;;;;;1
12/06/2013;22:33:00;376;com vítima;628,045;BR-376/PR;Norte;Colisão Traseira;1;2;;;1;;2
13/06/2013;08:11:00;112;sem vítima;2,5;BR-101/SC;Norte;Colisão Traseira;1;2;;;;;1
13/06/2013;21:04:00;342;sem vítima;14,4;BR-101/SC;Norte;Colisão Traseira;2;2;;;;;1
13/06/2013;09:33:00;138;sem vítima;102,544;BR-116/PR;Sul;Saida de Pista;1;1;;;;;1
13/06/2013;15:55:00;251;com vítima;109,4;BR-116/PR;Sul;Colisão Frontal;1;1;1;;;;1
13/06/2013;07:45:00;104;com vítima;111,15;BR-116/PR;Norte;Colisão Traseira;1;1;1;;;;1
13/06/2013;07:44:00;103;com vítima;111,2;BR-116/PR;Norte;Engavetamento;1;6;2;;;;1
13/06/2013;12:00:00;178;sem vítima;114,8;BR-101/SC;Sul;Choque - Outros;1;1;;;;;1
13/06/2013;19:29:00;326;sem vítima;134,442;BR-101/SC;Sul;Colisão Traseira;1;2;;;;;1
13/06/2013;13:50:00;214;sem vítima;136,992;BR-101/SC;Sul;Engavetamento;3;4;;;;;1
13/06/2013;14:41:00;230;sem vítima;206,45;BR-101/SC;Sul;Engavetamento;2;6;;;;;1
13/06/2013;08:51:00;128;sem vítima;666;BR-376/PR;Sul;Saida de Pista;1;1;;;;;1
13/06/2013;06:26:00;81;com vítima;667,6;BR-376/PR;Sul;Tombamento;2;2;1;;;;1
13/06/2013;11:27:00;164;sem vítima;679,5;BR-376/PR;Sul;Colisão Traseira;4;4;;;;;1
14/06/2013;02:32:00;52;sem vítima;28,5;BR-101/SC;Sul;Saida de Pista;1;2;;;;;1
14/06/2013;18:19:00;303;sem vítima;45,129;BR-101/SC;Norte;Colisão Traseira;1;2;;;;;1
14/06/2013;17:32:00;289;sem vítima;79,6;BR-101/SC;Norte;Colisão Traseira;1;2;;;;;1
14/06/2013;02:48:00;57;com vítima;92,289;BR-116/PR;Norte;Saida de Pista;1;0;1;;;;1
14/06/2013;04:44:00;78;sem vítima;93,408;BR-116/PR;Norte;Tombamento;1;1;;;;;1
14/06/2013;05:42:00;91;sem vítima;93,482;BR-116/PR;Norte;Saida de Pista;1;1;;;;;1
14/06/2013;04:04:00;72;sem vítima;95,401;BR-116/PR;Norte;Colisão Traseira;3;5;;;;;1
14/06/2013;16:02:00;268;sem vítima;104,6;BR-101/SC;Norte;Saida de Pista;1;1;;;;;1
14/06/2013;19:50:00;335;sem vítima;116,164;BR-101/SC;Sul;Saida de Pista;1;1;;;;;1
14/06/2013;18:58:00;320;sem vítima;117,271;BR-101/SC;Norte;Colisão Traseira;1;2;;;;;1
14/06/2013;19:54:00;336;sem vítima;129,8;BR-101/SC;Sul;Engavetamento;1;4;;;;;1
14/06/2013;09:10:00;143;com vítima;201,807;BR-101/SC;Sul;Colisão Lateral;1;1;1;;;;1
15/06/2013;18:15:00;283;sem vítima;48,688;BR-101/SC;Sul;Outros;1;1;;;;;1
15/06/2013;07:34:00;119;sem vítima;150,5;BR-101/SC;Sul;Colisão Lateral;1;2;;;;;1
15/06/2013;16:14:00;259;sem vítima;660,526;BR-376/PR;Norte;Colisão Lateral;1;2;;;;;1
16/06/2013;00:45:00;29;sem vítima;93,001;BR-116/PR;Norte;Colisão Lateral;1;2;;;;;1
16/06/2013;22:07:00;317;sem vítima;116,092;BR-101/SC;Sul;Colisão Traseira;1;2;;;;;1
16/06/2013;12:55:00;154;sem vítima;123,5;BR-101/SC;Norte;Colisão Traseira;1;3;;;;;1
16/06/2013;15:06:00;187;sem vítima;235,4;BR-101/SC;Sul;Colisão Lateral;1;3;;;;;1
16/06/2013;20:03:00;285;sem vítima;651,442;BR-376/PR;Norte;Colisão Traseira;1;2;;;;;1
17/06/2013;05:45:00;73;sem vítima;1,75;BR-101/SC;Norte;Saida de Pista;1;1;;;;;1
17/06/2013;22:30:00;351;sem vítima;21,9;BR-101/SC;Sul;Colisão Traseira;2;2;;;;;1
17/06/2013;14:45:00;238;sem vítima;68,9;BR-101/SC;Norte;Saida de Pista;1;2;;;;;1
17/06/2013;15:04:00;248;sem vítima;136,04;BR-101/SC;Norte;Colisão Lateral;1;2;;;;;1
17/06/2013;18:49:00;317;sem vítima;207,45;BR-101/SC;Norte;Colisão Traseira;1;2;;;;;1
17/06/2013;08:41:00;125;com vítima;211,1;BR-101/SC;Norte;Colisão Traseira;1;1;1;;;;1
17/06/2013;17:10:00;288;sem vítima;219,4;BR-101/SC;Sul;Colisão Traseira;2;2;;;;;1
17/06/2013;06:01:00;78;com vítima;658,619;BR-376/PR;Norte;Saida de Pista;1;0;1;;;;1
17/06/2013;07:38:00;106;sem vítima;664;BR-376/PR;Norte;Colisão Lateral;1;2;;;;;1
17/06/2013;09:47:00;149;sem vítima;671,701;BR-376/PR;Sul;Saida de Pista;1;1;;;;;1
18/06/2013;18:08:00;309;com vítima;90,101;BR-101/SC;Norte;Colisão Frontal;1;1;2;;;;1
18/06/2013;00:00:00;1;sem vítima;115,5;BR-101/SC;Sul;Queda de Moto;1;2;;;;;1
18/06/2013;16:28:00;281;com vítima;116,226;BR-101/SC;Norte;Colisão Lateral;1;1;1;;;;1
18/06/2013;05:20:00;58;sem vítima;157,001;BR-101/SC;Sul;Colisão Traseira;1;2;;;;;1
18/06/2013;11:52:00;177;sem vítima;157,4;BR-101/SC;Norte;Colisão Traseira;1;2;;;;;1
18/06/2013;14:54:00;241;sem vítima;211,011;BR-101/SC;Norte;Choque - Defensa, barreira ou "submarino";1;2;;;;;1
18/06/2013;20:42:00;352;sem vítima;215,15;BR-101/SC;Norte;Colisão Lateral;2;5;;;;;1
18/06/2013;06:57:00;71;sem vítima;663,8;BR-376/PR;Sul;Capotamento;1;2;;;;;1
19/06/2013;08:11:00;101;sem vítima;14,283;BR-101/SC;Sul;Saida de Pista;1;1;;;;;1
19/06/2013;08:26:00;105;sem vítima;48,5;BR-101/SC;Norte;Colisão Traseira;3;3;;;;;1
19/06/2013;21:35:00;300;sem vítima;48,549;BR-101/SC;Sul;Saida de Pista;1;1;;;;;1
19/06/2013;08:29:00;106;sem vítima;49;BR-101/SC;Norte;Colisão Traseira;1;2;;;;;1
19/06/2013;10:43:00;154;sem vítima;49,5;BR-101/SC;Sul;Saida de Pista;1;2;;;;;1
19/06/2013;21:59:00;302;sem vítima;51,271;BR-101/SC;Sul;Saida de Pista;1;1;;;;;1
19/06/2013;13:13:00;195;sem vítima;53,5;BR-101/SC;Norte;Colisão Lateral;1;2;;;;;1
19/06/2013;14:10:00;206;sem vítima;100,249;BR-116/PR;Norte;Saida de Pista;1;1;;;;;1
19/06/2013;23:19:00;314;sem vítima;105,16;BR-116/PR;Norte;Tombamento;1;1;;;;;1
19/06/2013;07:55:00;94;sem vítima;110,438;BR-101/SC;Norte;Colisão Lateral;1;2;;;;;1
19/06/2013;11:39:00;170;com vítima;127,337;BR-101/SC;Sul;Engavetamento;1;2;2;;2;;2
19/06/2013;09:31:00;130;sem vítima;164,045;BR-101/SC;Norte;Colisão Lateral;1;2;;;;;1
20/06/2013;22:06:00;287;sem vítima;1,35;BR-101/SC;Sul;Choque - Cancela de Pedagio;1;1;;;;;1
20/06/2013;10:18:00;123;sem vítima;43,636;BR-101/SC;Norte;Choque - Defensa, barreira ou "submarino";1;1;;;;;1
20/06/2013;11:08:00;137;com vítima;48,771;BR-101/SC;Norte;Tombamento;1;0;1;;;;1
20/06/2013;15:14:00;196;com vítima;48,771;BR-101/SC;Sul;Tombamento;1;0;1;;;;1
20/06/2013;19:11:00;253;sem vítima;101,1;BR-101/SC;Sul;Saida de Pista;1;1;;;;;1
20/06/2013;21:06:00;272;sem vítima;101,7;BR-116/PR;Norte;Colisão Traseira;1;3;;;;;1
20/06/2013;11:10:00;138;sem vítima;102,4;BR-116/PR;Sul;Colisão Traseira;2;2;;;;;1
20/06/2013;10:43:00;131;sem vítima;110,1;BR-116/PR;Sul;Colisão Traseira;1;2;;;;;1
20/06/2013;14:38:00;185;com vítima;120,7;BR-101/SC;Norte;Choque - Defensa, barreira ou "submarino";1;0;1;;;;1
20/06/2013;13:33:00;171;com vítima;170,905;BR-101/SC;Sul;Choque - Arvore;1;1;;;1;;2
20/06/2013;10:40:00;127;sem vítima;197;BR-101/SC;Norte;Choque - Poste;1;1;;;;;1
20/06/2013;00:58:00;28;com vítima;225,695;BR-101/SC;Norte;Colisão Lateral;2;1;1;;;;1
20/06/2013;23:29:00;298;sem vítima;629,423;BR-376/PR;Norte;Tombamento;1;1;;;;;1
20/06/2013;06:46:00;66;sem vítima;629,5;BR-376/PR;Norte;Colisão Traseira;2;2;;;;;1
20/06/2013;11:58:00;149;sem vítima;650,1;BR-376/PR;Norte;Engavetamento;1;3;;;;;1
20/06/2013;20:57:00;270;sem vítima;652,4;BR-376/PR;Sul;Tombamento;1;1;;;;;1
20/06/2013;07:51:00;80;sem vítima;666,4;BR-376/PR;Sul;Colisão Traseira;1;2;;;;;1
21/06/2013;01:52:00;38;sem vítima;92,001;BR-116/PR;Norte;Saida de Pista;1;1;;;;;1
21/06/2013;18:40:00;299;com vítima;108,02;BR-116/PR;Norte;Colisão Traseira;1;1;1;;;;1
21/06/2013;09:22:00;122;sem vítima;111,05;BR-116/PR;Sul;Saida de Pista;1;1;;;;;1
21/06/2013;14:57:00;230;com vítima;141,569;BR-101/SC;Sul;Choque - Defensa, barreira ou "submarino";1;1;1;;;;1
21/06/2013;09:00:00;113;sem vítima;150,5;BR-101/SC;Norte;Colisão Traseira;1;2;;;;;1
21/06/2013;00:29:00;22;sem vítima;178,493;BR-101/SC;Norte;Colisão Traseira;1;2;;;;;1
21/06/2013;11:36:00;170;sem vítima;207,8;BR-101/SC;Norte;Colisão Lateral;1;3;;;;;1
21/06/2013;08:52:00;110;sem vítima;666,1;BR-376/PR;Norte;Colisão Lateral;1;2;;;;;1
22/06/2013;19:46:00;364;sem vítima;100,077;BR-101/SC;Norte;Colisão Lateral;1;2;;;;;1
22/06/2013;22:17:00;396;com vítima;673,94;BR-376/PR;Sul;Colisão Traseira;2;1;;;;1;3
23/06/2013;06:11:00;80;sem vítima;45,04;BR-101/SC;Norte;Saida de Pista;1;1;;;;;1
23/06/2013;19:40:00;257;sem vítima;92,428;BR-116/PR;Norte;Saida de Pista;1;2;;;;;1
23/06/2013;08:48:00;108;com vítima;192,4;BR-101/SC;Sul;Capotamento;1;2;1;;;;1
23/06/2013;06:40:00;83;sem vítima;233,9;BR-101/SC;Norte;Colisão Traseira;1;2;;;;;1
24/06/2013;18:41:00;280;sem vítima;45,337;BR-101/SC;Norte;Saida de Pista;1;1;;;;;1
24/06/2013;06:15:00;95;sem vítima;51,3;BR-101/SC;Norte;Choque - Defensa, barreira ou "submarino";1;2;;;;;1
24/06/2013;23:48:00;351;sem vítima;79,65;BR-101/SC;Norte;Colisão Lateral;1;2;;;;;1
24/06/2013;22:50:00;344;sem vítima;93,101;BR-116/PR;Norte;Saida de Pista;1;1;;;;;1
24/06/2013;19:52:00;300;sem vítima;108,033;BR-101/SC;Norte;Colisão Lateral;2;2;;;;;1
24/06/2013;15:35:00;233;sem vítima;118,547;BR-101/SC;Norte;Colisão Lateral;1;2;;;;;1
24/06/2013;08:34:00;128;sem vítima;132,1;BR-101/SC;Norte;Colisão Traseira;1;2;;;;;1
24/06/2013;11:18:00;169;com vítima;207,65;BR-101/SC;Sul;Queda de Moto;1;2;1;;;;1
24/06/2013;08:36:00;130;sem vítima;209,05;BR-101/SC;Sul;Choque - Defensa, barreira ou "submarino";1;2;;;;;1
24/06/2013;06:08:00;93;sem vítima;668,9;BR-376/PR;Norte;Colisão Traseira;1;2;;;;;1
25/06/2013;02:20:00;45;sem vítima;78,1;BR-101/SC;Sul;Colisão Lateral;2;2;;;;;1
25/06/2013;17:04:00;291;sem vítima;95,438;BR-101/SC;Norte;Choque - Veiculo parado no acostamento;2;2;;;;;1
25/06/2013;07:23:00;85;sem vítima;96,2;BR-116/PR;Norte;Choque - Outros;2;2;;;;;1
25/06/2013;08:06:00;96;sem vítima;122,183;BR-101/SC;Norte;Choque - Defensa, barreira ou "submarino";1;1;;;;;1
25/06/2013;12:48:00;198;sem vítima;147,8;BR-101/SC;Sul;Colisão Traseira;1;2;;;;;1
25/06/2013;15:41:00;259;sem vítima;615,598;BR-376/PR;Norte;Choque - Elemento de Drenagem;1;1;;;;;1
25/06/2013;14:23:00;225;sem vítima;622,4;BR-376/PR;Norte;Colisão Lateral;1;2;;;;;1
25/06/2013;17:20:00;299;sem vítima;629,15;BR-376/PR;Norte;Colisão Lateral;1;2;;;;;1
25/06/2013;19:10:00;331;sem vítima;635,3;BR-376/PR;Norte;Colisão Lateral;1;1;;;;;1
26/06/2013;01:40:00;38;sem vítima;44,2;BR-101/SC;Sul;Saida de Pista;1;1;;;;;1
26/06/2013;23:14:00;343;sem vítima;79,401;BR-101/SC;Norte;Colisão Transversal;2;2;;;;;1
26/06/2013;13:27:00;208;sem vítima;141,554;BR-101/SC;Sul;Tombamento;1;1;;;;;1
26/06/2013;18:45:00;297;com vítima;193,038;BR-101/SC;Norte;Atropelamento - Morador;1;1;;;;1;3
26/06/2013;08:09:00;95;sem vítima;205,4;BR-101/SC;Sul;Colisão Lateral;1;2;;;;;1
26/06/2013;06:06:00;69;sem vítima;229,5;BR-101/SC;Sul;Choque - Defensa, barreira ou "submarino";1;1;;;;;1
26/06/2013;14:26:00;221;sem vítima;635,638;BR-376/PR;Sul;Tombamento;1;2;;;;;1
26/06/2013;05:05:00;61;sem vítima;652,184;BR-376/PR;Sul;Tombamento;2;2;;;;;1
27/06/2013;11:19:00;167;sem vítima;14,2;BR-101/SC;Norte;Colisão Traseira;2;2;;;;;1
27/06/2013;13:09:00;194;sem vítima;94,207;BR-116/PR;Norte;Colisão Traseira;2;4;;;;;1
27/06/2013;03:55:00;46;sem vítima;105,159;BR-116/PR;Norte;Saida de Pista;1;1;;;;;1
27/06/2013;18:53:00;297;sem vítima;106,546;BR-101/SC;Norte;Colisão Traseira;1;2;;;;;1
27/06/2013;18:54:00;298;sem vítima;124,765;BR-101/SC;Sul;Saida de Pista;1;1;;;;;1
27/06/2013;15:25:00;229;sem vítima;150,812;BR-101/SC;Sul;Colisão Lateral;1;2;;;;;1
27/06/2013;12:03:00;179;com vítima;185,903;BR-101/SC;Norte;Tombamento;1;0;1;;;;1
27/06/2013;17:54:00;275;sem vítima;193,61;BR-101/SC;Norte;Colisão Traseira;1;2;;;;;1
27/06/2013;13:31:00;198;sem vítima;215,5;BR-101/SC;Norte;Colisão Lateral;1;2;;;;;1
28/06/2013;13:52:00;238;sem vítima;64,5;BR-101/SC;Norte;Saida de Pista;1;1;;;;;1
28/06/2013;07:48:00;94;sem vítima;105,898;BR-101/SC;Sul;Colisão Traseira;1;2;;;;;1
28/06/2013;16:22:00;295;sem vítima;114,9;BR-101/SC;Sul;Colisão Lateral;1;2;;;;;1
28/06/2013;10:46:00;160;sem vítima;115,7;BR-101/SC;Norte;Colisão Lateral;1;2;;;;;1
28/06/2013;18:03:00;332;com vítima;117,45;BR-101/SC;Sul;Engavetamento;1;3;1;;;;1
28/06/2013;12:17:00;201;sem vítima;212,5;BR-101/SC;Sul;Colisão Traseira;1;3;;;;;1
28/06/2013;14:29:00;244;sem vítima;218,3;BR-101/SC;Norte;Choque - Defensa, barreira ou "submarino";1;1;;;;;1
28/06/2013;12:25:00;205;sem vítima;635,4;BR-376/PR;Sul;Colisão Traseira;2;2;;;;;1
28/06/2013;17:29:00;323;sem vítima;671,7;BR-376/PR;Sul;Saida de Pista;1;1;;;;;1
29/06/2013;14:16:00;221;sem vítima;6,077;BR-101/SC;Sul;Saida de Pista;1;1;;;;;1
29/06/2013;09:28:00;141;sem vítima;79,7;BR-101/SC;Sul;Colisão Traseira;2;2;;;;;1
29/06/2013;21:51:00;365;sem vítima;95,737;BR-116/PR;Sul;Colisão Traseira;1;2;;;;;1
29/06/2013;18:21:00;311;sem vítima;157,39;BR-101/SC;Sul;Colisão Traseira;1;2;;;;;1
29/06/2013;19:14:00;327;sem vítima;205,598;BR-101/SC;Norte;Colisão Traseira;1;2;;;;;1
29/06/2013;04:33:00;67;com vítima;210,2;BR-101/SC;Norte;Colisão Traseira;1;1;1;;;;1
29/06/2013;13:08:00;206;sem vítima;652,15;BR-376/PR;Sul;Colisão Traseira;2;2;;;;;1
29/06/2013;13:24:00;210;sem vítima;652,5;BR-376/PR;Sul;Choque - Defensa, barreira ou "submarino";1;1;;;;;1
29/06/2013;07:37:00;101;sem vítima;656,001;BR-376/PR;Sul;Colisão Traseira;1;2;;;;;1
29/06/2013;10:17:00;159;sem vítima;671,8;BR-376/PR;Sul;Colisão Transversal;1;5;;;;;1
29/06/2013;03:37:00;62;sem vítima;673,988;BR-376/PR;Norte;Saida de Pista;1;1;;;;;1
29/06/2013;13:36:00;213;sem vítima;682,1;BR-376/PR;Sul;Saida de Pista;1;1;;;;;1
30/06/2013;23:49:00;339;sem vítima;79,7;BR-116/PR;Norte;Colisão Lateral;1;2;;;;;1
30/06/2013;18:57:00;284;sem vítima;93,926;BR-116/PR;Norte;Saida de Pista;1;1;;;;;1
30/06/2013;15:32:00;211;sem vítima;118,647;BR-101/SC;Norte;Colisão Lateral;1;2;;;;;1
30/06/2013;19:18:00;288;sem vítima;202,826;BR-101/SC;Norte;Colisão Lateral;1;2;;;;;1
30/06/2013;12:58:00;175;sem vítima;652,9;BR-376/PR;Sul;Colisão Lateral;1;3;;;;;1
01/07/2013;11:54:00;175;sem vítima;203,05;BR-101/SC;Sul;Colisão Traseira;1;2;;;;;1
01/07/2013;00:46:00;27;sem vítima;656,496;BR-376/PR;Sul;Colisão Lateral;1;2;;;;;1
01/07/2013;11:07:00;163;com vítima;681,615;BR-376/PR;Sul;Saida de Pista;1;0;;1;1;;2
02/07/2013;08:41:00;122;sem vítima;95,4;BR-116/PR;Norte;Saida de Pista;1;1;;;;;1
02/07/2013;11:32:00;181;sem vítima;119,637;BR-101/SC;Sul;Colisão Traseira;1;2;;;;;1
03/07/2013;15:25:00;240;com vítima;106,139;BR-116/PR;Norte;Engavetamento;3;3;1;;;;1
03/07/2013;09:51:00;144;sem vítima;668,373;BR-376/PR;Sul;Tombamento;1;1;;;;;1
04/07/2013;12:18:00;196;sem vítima;79,65;BR-101/SC;Sul;Outros;1;1;;;;;1
04/07/2013;09:21:00;142;sem vítima;107,772;BR-116/PR;Norte;Colisão Traseira;1;3;;;;;1
04/07/2013;14:43:00;236;com vítima;118,7;BR-101/SC;Sul;Atropelamento - Funcionário;1;1;1;;;;1
04/07/2013;06:57:00;95;sem vítima;206,823;BR-101/SC;Norte;Colisão Traseira;1;4;;;;;1
04/07/2013;16:23:00;279;sem vítima;624,88;BR-376/PR;Norte;Colisão Traseira;1;3;;;;;1
04/07/2013;10:01:00;150;sem vítima;652,458;BR-376/PR;Norte;Tombamento;1;1;;;;;1
04/07/2013;23:30:00;397;sem vítima;654,8;BR-376/PR;Norte;Colisão Lateral;2;2;;;;;1
04/07/2013;18:19:00;318;com vítima;668,568;BR-376/PR;Sul;Choque - Defensa, barreira ou "submarino";1;0;;;2;;2
04/07/2013;10:37:00;161;sem vítima;671,701;BR-376/PR;Sul;Saida de Pista;1;1;;;;;1
05/07/2013;09:03:00;121;sem vítima;72,8;BR-101/SC;Norte;Saida de Pista;1;1;;;;;1
05/07/2013;14:18:00;226;sem vítima;102;BR-101/SC;Sul;Colisão Lateral;1;2;;;;;1
05/07/2013;15:29:00;248;com vítima;105,147;BR-116/PR;Sul;Colisão Traseira;2;3;;;;1;3
05/07/2013;08:34:00;106;sem vítima;108,024;BR-116/PR;Sul;Saida de Pista;1;1;;;;;1
05/07/2013;18:58:00;321;com vítima;119,928;BR-101/SC;Norte;Colisão Traseira;2;3;;;1;;2