data;horario;n_da_ocorrencia;tipo_de_ocorrencia;km;trecho;sentido;tipo_de_acidente;caminhao;ilesos;levemente_feridos;moderadamente_feridos;gravemente_feridos;mortos;3
05/07/2013;20:40:00;350;sem vítima;125,1;BR-101/SC;Norte;Choque - Defensa, barreira ou "submarino";1;1;;;;;1
05/07/2013;13:40:00;216;sem vítima;205,9;BR-101/SC;Sul;Colisão Traseira;1;2;;;;;1
05/07/2013;06:52:00;72;sem vítima;643,489;BR-376/PR;Norte;Colisão Lateral;1;2;;;;;1
05/07/2013;18:30:00;319;com vítima;643,572;BR-376/PR;Norte;Atropelamento - Usuário;1;1;;;1;;2
05/07/2013;13:38:00;215;sem vítima;667,105;BR-376/PR;Sul;Choque - Defensa, barreira ou "submarino";1;1;;;;;1
06/07/2013;01:06:00;31;sem vítima;75,536;BR-101/SC;Sul;Tombamento;1;1;;;;;1
06/07/2013;22:23:00;351;sem vítima;92,4;BR-116/PR;Norte;Saida de Pista;1;1;;;;;1
07/07/2013;18:40:00;299;sem vítima;5,5;BR-101/SC;Norte;Colisão Traseira;1;2;;;;;1
07/07/2013;13:15:00;200;sem vítima;106,382;BR-101/SC;Norte;Colisão Traseira;1;2;;;;;1
07/07/2013;14:51:00;215;sem vítima;671,718;BR-376/PR;Norte;Saida de Pista;1;1;;;;;1
08/07/2013;05:31:00;62;sem vítima;30,95;BR-101/SC;Sul;Saida de Pista;1;1;;;;;1
08/07/2013;13:44:00;199;sem vítima;219,341;BR-101/SC;Sul;Choque - Defensa, barreira ou "submarino";1;3;;;;;1
08/07/2013;19:03:00;279;com vítima;622,815;BR-376/PR;Sul;Colisão Lateral;1;2;;1;;;2
08/07/2013;08:12:00;92;sem vítima;632,3;BR-376/PR;Norte;Colisão Lateral;1;2;;;;;1
08/07/2013;09:43:00;122;sem vítima;648,321;BR-376/PR;Norte;Colisão Traseira;1;2;;;;;1
09/07/2013;17:12:00;245;sem vítima;28,245;BR-101/SC;Sul;Colisão Traseira;1;2;;;;;1
09/07/2013;10:40:00;133;sem vítima;85,5;BR-101/SC;Norte;Saida de Pista;1;1;;;;;1
09/07/2013;19:50:00;269;sem vítima;97,085;BR-116/PR;Norte;Colisão Lateral;1;2;;;;;1
09/07/2013;20:18:00;280;sem vítima;213,327;BR-101/SC;Sul;Colisão Traseira;1;2;;;;;1
09/07/2013;11:22:00;145;sem vítima;654;BR-376/PR;Norte;Saida de Pista;1;1;;;;;1
09/07/2013;10:45:00;134;sem vítima;664,308;BR-376/PR;Norte;Colisão Lateral;1;2;;;;;1
09/07/2013;04:34:00;58;sem vítima;671,7;BR-376/PR;Sul;Saida de Pista;1;1;;;;;1
09/07/2013;07:34:00;82;sem vítima;672,8;BR-376/PR;Sul;Colisão Traseira;2;3;;;;;1
10/07/2013;07:17:00;80;sem vítima;53,102;BR-101/SC;Norte;Colisão Traseira;2;4;;;;;1
10/07/2013;14:12:00;225;sem vítima;146,042;BR-101/SC;Norte;Colisão Traseira;1;2;;;;;1
10/07/2013;14:21:00;219;com vítima;235,958;BR-101/SC;Norte;Colisão Traseira;3;2;;;;1;3
11/07/2013;15:10:00;219;sem vítima;45,81;BR-101/SC;Sul;Colisão Traseira;2;3;;;;;1
11/07/2013;15:11:00;221;sem vítima;104,853;BR-116/PR;Norte;Engavetamento;2;3;;;;;1
12/07/2013;10:46:00;163;sem vítima;105,152;BR-116/PR;Norte;Engavetamento;3;4;;;;;1
12/07/2013;13:36:00;211;sem vítima;105,329;BR-101/SC;Sul;Colisão Lateral;1;2;;;;;1
12/07/2013;20:58:00;360;sem vítima;108,402;BR-116/PR;Norte;Colisão Lateral;1;4;;;;;1
12/07/2013;16:39:00;274;sem vítima;200,234;BR-101/SC;Norte;Colisão Traseira;1;3;;;;;1
12/07/2013;18:10:00;316;sem vítima;208;BR-101/SC;Sul;Colisão Traseira;1;2;;;;;1
12/07/2013;14:09:00;218;sem vítima;615,121;BR-376/PR;Sul;Colisão Lateral;1;2;;;;;1
13/07/2013;15:47:00;239;sem vítima;152,976;BR-101/SC;Sul;Colisão Traseira;1;2;;;;;1
13/07/2013;09:51:00;117;sem vítima;218,589;BR-101/SC;Sul;Colisão Lateral;1;2;;;;;1
13/07/2013;10:42:00;137;sem vítima;671,7;BR-376/PR;Sul;Saida de Pista;1;2;;;;;1
13/07/2013;18:28:00;297;sem vítima;677,708;BR-376/PR;Sul;Colisão Traseira;2;2;;;;;1
14/07/2013;20:12:00;345;sem vítima;1,35;BR-101/SC;Norte;Colisão Traseira;1;3;;;;;1
14/07/2013;20:34:00;350;sem vítima;14,5;BR-101/SC;Norte;Colisão Traseira;1;2;;;;;1
14/07/2013;16:01:00;233;sem vítima;46,1;BR-101/SC;Norte;Colisão Lateral;1;2;;;;;1
14/07/2013;05:03:00;54;sem vítima;83,234;BR-101/SC;Sul;Outros;1;1;;;;;1
14/07/2013;17:14:00;266;sem vítima;101,677;BR-116/PR;Norte;Engavetamento;3;3;;;;;1
14/07/2013;17:17:00;270;sem vítima;157,4;BR-101/SC;Sul;Colisão Traseira;1;2;;;;;1
14/07/2013;21:55:00;372;sem vítima;161,4;BR-101/SC;Sul;Colisão Traseira;2;2;;;;;1
14/07/2013;05:47:00;58;sem vítima;644,2;BR-376/PR;Norte;Colisão Traseira;1;2;;;;;1
14/07/2013;23:14:00;393;com vítima;670,815;BR-376/PR;Norte;Tombamento;1;0;1;;;;1
15/07/2013;23:53:00;358;sem vítima;74,526;BR-101/SC;Norte;Colisão Traseira;2;2;;;;;1
15/07/2013;12:42:00;199;sem vítima;97,192;BR-101/SC;Sul;Colisão Lateral;1;2;;;;;1
15/07/2013;12:10:00;192;sem vítima;106,376;BR-116/PR;Sul;Colisão Traseira;1;2;;;;;1
15/07/2013;13:44:00;218;sem vítima;111,4;BR-101/SC;Norte;Engavetamento;2;3;;;;;1
15/07/2013;08:16:00;113;sem vítima;216,412;BR-101/SC;Norte;Engavetamento;1;3;;;;;1
15/07/2013;09:21:00;134;sem vítima;668,804;BR-376/PR;Sul;Tombamento;1;1;;;;;1
15/07/2013;11:57:00;188;sem vítima;670,1;BR-376/PR;Sul;Colisão Lateral;1;2;;;;;1
16/07/2013;23:10:00;347;sem vítima;8,2;BR-101/SC;Sul;Choque - Defensa, barreira ou "submarino";1;2;;;;;1
16/07/2013;08:01:00;98;sem vítima;75,2;BR-116/PR;Norte;Saida de Pista;1;1;;;;;1
16/07/2013;08:29:00;115;sem vítima;138,387;BR-101/SC;Norte;Colisão Traseira;1;2;;;;;1
17/07/2013;11:34:00;160;com vítima;25,1;BR-101/SC;Sul;Colisão Traseira;2;1;;;2;;2
17/07/2013;00:41:00;22;sem vítima;50,045;BR-101/SC;Norte;Saida de Pista;1;1;;;;;1
17/07/2013;15:08:00;213;sem vítima;50,293;BR-101/SC;Sul;Colisão Lateral;2;2;;;;;1
17/07/2013;17:40:00;266;sem vítima;103,6;BR-116/PR;Sul;Colisão Traseira;1;2;;;;;1
17/07/2013;08:40:00;101;sem vítima;108,755;BR-116/PR;Sul;Colisão Traseira;1;3;;;;;1
17/07/2013;14:33:00;201;com vítima;119,597;BR-101/SC;Norte;Colisão Lateral;1;1;;;3;;2
17/07/2013;19:28:00;290;sem vítima;119,8;BR-101/SC;Sul;Colisão Traseira;1;2;;;;;1
17/07/2013;15:34:00;220;sem vítima;122,2;BR-101/SC;Sul;Colisão Traseira;1;2;;;;;1
17/07/2013;06:27:00;65;sem vítima;129,1;BR-101/SC;Norte;Colisão Traseira;2;2;;;;;1
17/07/2013;07:49:00;80;com vítima;191,057;BR-101/SC;Norte;Colisão Traseira;2;4;;1;;;2
17/07/2013;18:15:00;272;sem vítima;628,06;BR-376/PR;Norte;Colisão Lateral;1;2;;;;;1
17/07/2013;08:00:00;81;sem vítima;651,504;BR-376/PR;Sul;Colisão Lateral;1;2;;;;;1
18/07/2013;17:30:00;297;sem vítima;46,9;BR-101/SC;Norte;Colisão Traseira;1;2;;;;;1
18/07/2013;14:13:00;231;com vítima;50,451;BR-101/SC;Norte;Engavetamento;2;2;1;;;2;3
18/07/2013;10:17:00;139;sem vítima;100,2;BR-101/SC;Norte;Colisão Lateral;2;2;;;;;1
18/07/2013;02:56:00;39;sem vítima;102,178;BR-116/PR;Norte;Saida de Pista;1;1;;;;;1
18/07/2013;05:29:00;51;sem vítima;111,9;BR-101/SC;Norte;Choque - Defensa, barreira ou "submarino";1;2;;;;;1
18/07/2013;03:25:00;43;sem vítima;124,02;BR-101/SC;Norte;Atropelamento de Animal;1;1;;;;;1
18/07/2013;10:31:00;148;sem vítima;216,342;BR-101/SC;Sul;Colisão Lateral;1;2;;;;;1
18/07/2013;20:54:00;353;sem vítima;671,7;BR-376/PR;Sul;Saida de Pista;1;1;;;;;1
19/07/2013;12:48:00;197;sem vítima;40;BR-101/SC;Sul;Colisão Lateral;1;5;;;;;1
19/07/2013;16:09:00;276;sem vítima;145,816;BR-101/SC;Norte;Colisão Traseira;1;7;;;;;1
19/07/2013;08:13:00;92;sem vítima;157,369;BR-101/SC;Sul;Colisão Traseira;1;2;;;;;1
19/07/2013;11:41:00;172;sem vítima;207,454;BR-101/SC;Norte;Choque - Defensa, barreira ou "submarino";1;1;;;;;1
19/07/2013;15:51:00;269;sem vítima;214,221;BR-101/SC;Norte;Tombamento;1;2;;;;;1
19/07/2013;08:09:00;90;sem vítima;236,477;BR-101/SC;Sul;Saida de Pista;1;1;;;;;1
19/07/2013;18:59:00;335;sem vítima;635,5;BR-376/PR;Sul;Colisão Traseira;1;2;;;;;1
19/07/2013;18:29:00;317;sem vítima;673,752;BR-376/PR;Sul;Choque - Defensa, barreira ou "submarino";1;1;;;;;1
19/07/2013;11:13:00;157;sem vítima;675,3;BR-376/PR;Norte;Colisão Traseira;1;2;;;;;1
19/07/2013;11:52:00;178;sem vítima;679,4;BR-376/PR;Norte;Saida de Pista;1;2;;;;;1
20/07/2013;10:02:00;137;sem vítima;102,5;BR-116/PR;Norte;Saida de Pista;1;1;;;;;1
20/07/2013;17:04:00;277;sem vítima;109,303;BR-101/SC;Sul;Tombamento;1;1;;;;;1
20/07/2013;16:05:00;255;sem vítima;137,255;BR-101/SC;Norte;Engavetamento;1;7;;;;;1
20/07/2013;19:42:00;327;sem vítima;233,001;BR-101/SC;Norte;Colisão Lateral;1;2;;;;;1
20/07/2013;20:35:00;344;com vítima;236,476;BR-101/SC;Sul;Colisão Transversal;1;1;;;1;3;3
20/07/2013;08:30:00;97;sem vítima;635,4;BR-376/PR;Sul;Colisão Lateral;1;2;;;;;1
21/07/2013;15:43:00;217;sem vítima;1,35;BR-101/SC;Norte;Colisão Lateral;1;2;;;;;1
21/07/2013;23:23:00;363;sem vítima;6,8;BR-101/SC;Norte;Colisão Traseira;1;2;;;;;1
21/07/2013;21:18:00;336;sem vítima;13,3;BR-101/SC;Sul;Colisão Traseira;1;2;;;;;1
21/07/2013;03:34:00;48;com vítima;42,465;BR-101/SC;Sul;Colisão Traseira;1;1;;1;;;2
21/07/2013;23:49:00;369;sem vítima;101,8;BR-116/PR;Norte;Saida de Pista;1;1;;;;;1
21/07/2013;18:24:00;272;sem vítima;102,552;BR-101/SC;Sul;Colisão Frontal;1;2;;;;;1
21/07/2013;15:17:00;208;sem vítima;105,128;BR-101/SC;Norte;Colisão Lateral;1;2;;;;;1
21/07/2013;09:16:00;117;sem vítima;151,513;BR-101/SC;Sul;Colisão Traseira;1;2;;;;;1
21/07/2013;10:36:00;139;sem vítima;635,4;BR-376/PR;Norte;Engavetamento;1;3;;;;;1
21/07/2013;13:52:00;185;com vítima;673,028;BR-376/PR;Sul;Colisão Traseira;2;1;1;1;;;2
22/07/2013;11:01:00;132;com vítima;49,693;BR-101/SC;Sul;Choque - Defensa, barreira ou "submarino";1;1;1;;;;1
22/07/2013;14:30:00;221;sem vítima;102,2;BR-116/PR;Norte;Colisão Lateral;1;2;;;;;1
22/07/2013;14:41:00;223;sem vítima;111,5;BR-101/SC;Norte;Colisão Traseira;2;3;;;;;1
22/07/2013;17:54:00;286;sem vítima;116,302;BR-101/SC;Sul;Engavetamento;1;3;;;;;1
22/07/2013;17:43:00;282;com vítima;117,2;BR-101/SC;Sul;Engavetamento;2;2;2;;;;1
22/07/2013;13:28:00;207;sem vítima;171,12;BR-101/SC;Norte;Colisão Traseira;2;2;;;;;1
22/07/2013;14:57:00;231;sem vítima;201,4;BR-101/SC;Sul;Colisão Traseira;1;2;;;;;1
22/07/2013;17:12:00;273;sem vítima;209,833;BR-101/SC;Norte;Colisão Traseira;1;3;;;;;1
22/07/2013;19:40:00;307;com vítima;214,598;BR-101/SC;Norte;Colisão Traseira;1;1;;;;1;3
22/07/2013;15:57:00;249;com vítima;236,404;BR-101/SC;Sul;Colisão Traseira;1;2;;1;;;2
22/07/2013;06:37:00;67;sem vítima;628,6;BR-376/PR;Sul;Saida de Pista;1;1;;;;;1
22/07/2013;21:33:00;328;sem vítima;665,528;BR-376/PR;Sul;Saida de Pista;1;1;;;;;1
23/07/2013;12:36:00;189;com vítima;79,7;BR-101/SC;Sul;Colisão Traseira;1;2;1;;;;1
23/07/2013;16:41:00;274;sem vítima;102,5;BR-101/SC;Norte;Colisão Lateral;1;2;;;;;1
23/07/2013;11:16:00;169;sem vítima;108;BR-116/PR;Norte;Saida de Pista;1;1;;;;;1
23/07/2013;12:03:00;184;sem vítima;109,3;BR-101/SC;Norte;Colisão Lateral;1;2;;;;;1
23/07/2013;14:07:00;210;sem vítima;109,638;BR-116/PR;Norte;Colisão Traseira;2;2;;;;;1
23/07/2013;22:48:00;350;sem vítima;114,8;BR-101/SC;Norte;Colisão Lateral;1;2;;;;;1
23/07/2013;18:16:00;302;sem vítima;117,438;BR-101/SC;Sul;Engavetamento;1;4;;;;;1
23/07/2013;13:15:00;199;sem vítima;133,531;BR-101/SC;Sul;Colisão Traseira;1;2;;;;;1
23/07/2013;10:39:00;150;sem vítima;210,083;BR-101/SC;Sul;Colisão Traseira;1;2;;;;;1
23/07/2013;12:36:00;190;sem vítima;224,252;BR-101/SC;Sul;Choque - Defensa, barreira ou "submarino";1;2;;;;;1
23/07/2013;23:59:00;373;sem vítima;677,5;BR-376/PR;Sul;Colisão Traseira;2;2;;;;;1
24/07/2013;17:25:00;297;sem vítima;44,544;BR-101/SC;Norte;Colisão Lateral;1;2;;;;;1
24/07/2013;17:09:00;292;sem vítima;79,4;BR-101/SC;Norte;Colisão Traseira;1;2;;;;;1
24/07/2013;06:21:00;71;sem vítima;105;BR-116/PR;Norte;Capotamento;1;3;;;;;1
24/07/2013;11:54:00;182;sem vítima;106,544;BR-116/PR;Sul;Saida de Pista;1;1;;;;;1
24/07/2013;08:13:00;100;sem vítima;108,8;BR-116/PR;Sul;Engavetamento;2;3;;;;;1
24/07/2013;17:53:00;306;sem vítima;117,237;BR-101/SC;Sul;Colisão Lateral;1;3;;;;;1
24/07/2013;12:16:00;191;com vítima;124,8;BR-101/SC;Sul;Colisão Frontal;1;1;1;;;;1
24/07/2013;13:19:00;208;sem vítima;128,4;BR-101/SC;Norte;Choque - Defensa, barreira ou "submarino";1;2;;;;;1
24/07/2013;11:04:00;168;sem vítima;137,6;BR-101/SC;Norte;Choque - Defensa, barreira ou "submarino";1;2;;;;;1
24/07/2013;15:42:00;263;sem vítima;205,772;BR-101/SC;Sul;Colisão Traseira;1;2;;;;;1
24/07/2013;13:53:00;221;sem vítima;214,819;BR-101/SC;Sul;Colisão Traseira;1;4;;;;;1
25/07/2013;13:47:00;180;sem vítima;103,8;BR-116/PR;Norte;Saida de Pista;1;1;;;;;1
25/07/2013;08:23:00;77;sem vítima;109,9;BR-116/PR;Sul;Saida de Pista;1;1;;;;;1
25/07/2013;19:52:00;300;sem vítima;120,1;BR-101/SC;Norte;Colisão Traseira;2;2;;;;;1
25/07/2013;11:36:00;143;sem vítima;120,694;BR-101/SC;Sul;Colisão Traseira;1;2;;;;;1
25/07/2013;22:48:00;335;sem vítima;120,73;BR-101/SC;Norte;Choque - Poste;2;2;;;;;1
25/07/2013;11:22:00;139;sem vítima;162,885;BR-101/SC;Norte;Colisão Traseira;2;2;;;;;1
25/07/2013;13:19:00;172;sem vítima;163;BR-101/SC;Sul;Colisão Traseira;1;2;;;;;1
25/07/2013;07:41:00;68;sem vítima;171,269;BR-101/SC;Norte;Colisão Traseira;2;2;;;;;1
25/07/2013;00:54:00;22;com vítima;197,723;BR-101/SC;Sul;Saida de Pista;1;1;1;;;;1
25/07/2013;08:32:00;78;sem vítima;623,866;BR-376/PR;Norte;Colisão Traseira;1;3;;;;;1
26/07/2013;05:31:00;58;sem vítima;1,3;BR-101/SC;Sul;Colisão Lateral;1;1;;;;;1
26/07/2013;15:45:00;239;sem vítima;1,662;BR-101/SC;Sul;Saida de Pista;1;1;;;;;1
26/07/2013;21:00:00;358;sem vítima;7,361;BR-101/SC;Sul;Colisão Lateral;1;2;;;;;1
26/07/2013;07:51:00;78;sem vítima;39,2;BR-101/SC;Norte;Colisão Lateral;1;3;;;;;1
26/07/2013;10:14:00;137;sem vítima;62;BR-101/SC;Sul;Colisão Traseira;1;2;;;;;1
26/07/2013;12:50:00;182;sem vítima;115,125;BR-101/SC;Norte;Engavetamento;3;4;;;;;1
26/07/2013;16:49:00;271;sem vítima;117,298;BR-101/SC;Sul;Colisão Traseira;1;4;;;;;1
26/07/2013;10:09:00;132;sem vítima;142,1;BR-101/SC;Sul;Colisão Lateral;1;3;;;;;1
26/07/2013;17:25:00;309;sem vítima;148,8;BR-101/SC;Norte;Colisão Traseira;1;2;;;;;1
26/07/2013;15:19:00;225;sem vítima;163;BR-101/SC;Sul;Colisão Lateral;1;2;;;;;1
26/07/2013;18:59:00;313;sem vítima;209,5;BR-101/SC;Sul;Colisão Lateral;1;2;;;;;1
26/07/2013;11:04:00;159;sem vítima;210,837;BR-101/SC;Norte;Colisão Lateral;1;2;;;;;1
26/07/2013;18:31:00;307;sem vítima;211,7;BR-101/SC;Norte;Colisão Lateral;1;2;;;;;1
26/07/2013;15:35:00;233;sem vítima;622,604;BR-376/PR;Sul;Colisão Lateral;1;2;;;;;1
26/07/2013;18:45:00;311;sem vítima;635,5;BR-376/PR;Norte;Colisão Traseira;2;2;;;;;1
26/07/2013;20:07:00;339;sem vítima;635,5;BR-376/PR;Norte;Colisão Traseira;1;2;;;;;1
26/07/2013;03:51:00;41;sem vítima;635,75;BR-376/PR;Sul;Saida de Pista;1;1;;;;;1
27/07/2013;15:18:00;201;sem vítima;55,982;BR-101/SC;Norte;Colisão Traseira;1;2;;;;;1
27/07/2013;04:16:00;50;sem vítima;124,074;BR-101/SC;Sul;Capotamento;1;5;;;;;1
27/07/2013;17:50:00;254;sem vítima;163,378;BR-101/SC;Sul;Colisão Lateral;1;2;;;;;1
27/07/2013;14:44:00;185;sem vítima;163,5;BR-101/SC;Sul;Colisão Lateral;1;2;;;;;1
27/07/2013;08:18:00;94;sem vítima;679,251;BR-376/PR;Sul;Colisão Lateral;2;2;;;;;1
28/07/2013;18:47:00;264;sem vítima;7,084;BR-101/SC;Sul;Colisão Traseira;1;2;;;;;1
28/07/2013;17:20:00;232;com vítima;80;BR-101/SC;Norte;Colisão Lateral;1;1;1;;;;1
28/07/2013;12:57:00;157;com vítima;203,1;BR-101/SC;Sul;Colisão Traseira;1;1;;1;;;2
28/07/2013;04:37:00;52;sem vítima;214,92;BR-101/SC;Sul;Colisão Lateral;1;2;;;;;1
28/07/2013;19:04:00;271;sem vítima;681,089;BR-376/PR;Sul;Colisão Lateral;1;2;;;;;1
29/07/2013;02:26:00;26;sem vítima;81,845;BR-116/PR;Norte;Tombamento;1;1;;;;;1
29/07/2013;13:14:00;188;sem vítima;103,85;BR-101/SC;Sul;Colisão Traseira;1;2;;;;;1
29/07/2013;20:03:00;324;sem vítima;106,9;BR-116/PR;Norte;Colisão Lateral;1;2;;;;;1
29/07/2013;16:46:00;255;sem vítima;157,3;BR-101/SC;Sul;Colisão Traseira;1;2;;;;;1
29/07/2013;05:30:00;47;com vítima;170,708;BR-101/SC;Sul;Colisão Traseira;3;2;1;;;;1
29/07/2013;10:16:00;123;sem vítima;209,5;BR-101/SC;Norte;Engavetamento;2;4;;;;;1
29/07/2013;18:20:00;297;sem vítima;635,5;BR-376/PR;Norte;Colisão Traseira;1;2;;;;;1
29/07/2013;08:01:00;69;sem vítima;655,765;BR-376/PR;Norte;Colisão Lateral;2;2;;;;;1
29/07/2013;13:16:00;190;sem vítima;657,852;BR-376/PR;Norte;Tombamento;1;1;;;;;1
29/07/2013;17:04:00;267;sem vítima;662,694;BR-376/PR;Norte;Colisão Traseira;2;2;;;;;1
29/07/2013;12:44:00;181;sem vítima;671,701;BR-376/PR;Sul;Saida de Pista;1;1;;;;;1
29/07/2013;21:46:00;342;com vítima;673,704;BR-376/PR;Sul;Colisão Traseira;2;1;;1;;;2
30/07/2013;12:47:00;194;sem vítima;46,001;BR-101/SC;Sul;Colisão Traseira;1;2;;;;;1
30/07/2013;23:51:00;371;sem vítima;99,1;BR-116/PR;Norte;Saida de Pista;1;1;;;;;1
30/07/2013;19:07:00;309;sem vítima;106,664;BR-116/PR;Norte;Colisão Traseira;1;2;;;;;1
30/07/2013;18:35:00;301;sem vítima;115,5;BR-101/SC;Norte;Colisão Traseira;1;2;;;;;1
30/07/2013;15:23:00;236;com vítima;119,117;BR-101/SC;Norte;Capotamento;1;2;1;;;;1
30/07/2013;16:13:00;257;sem vítima;124,486;BR-101/SC;Norte;Colisão Traseira;1;2;;;;;1
30/07/2013;12:49:00;195;sem vítima;146,1;BR-101/SC;Sul;Engavetamento;1;3;;;;;1
30/07/2013;08:35:00;103;sem vítima;206,126;BR-101/SC;Norte;Colisão Lateral;1;2;;;;;1
30/07/2013;21:54:00;343;sem vítima;676;BR-376/PR;Sul;Colisão Lateral;1;2;;;;;1
31/07/2013;14:58:00;231;sem vítima;109,261;BR-116/PR;Sul;Saida de Pista;1;1;;;;;1
31/07/2013;12:30:00;191;com vítima;116,5;BR-101/SC;Sul;Colisão Lateral;1;1;1;;;;1
31/07/2013;18:38:00;296;sem vítima;116,8;BR-101/SC;Norte;Colisão Lateral;1;2;;;;;1
31/07/2013;12:31:00;192;sem vítima;155,5;BR-101/SC;Sul;Colisão Lateral;1;2;;;;;1
31/07/2013;11:27:00;162;sem vítima;164,023;BR-101/SC;Sul;Colisão Traseira;1;2;;;;;1
31/07/2013;09:32:00;125;sem vítima;187,317;BR-101/SC;Norte;Engavetamento;3;3;;;;;1
31/07/2013;14:50:00;227;sem vítima;197;BR-101/SC;Norte;Colisão Lateral;1;2;;;;;1
31/07/2013;13:07:00;202;com vítima;660,354;BR-376/PR;Norte;Colisão Lateral;1;3;1;;;;1
01/08/2013;05:06:00;54;sem vítima;10,299;BR-101/SC;Norte;Saida de Pista;1;1;;;;;1
01/08/2013;07:43:00;76;sem vítima;90,461;BR-116/PR;Sul;Colisão Traseira;2;3;;;;;1
01/08/2013;08:07:00;83;com vítima;98,3;BR-116/PR;Sul;Atropelamento de Animal;1;1;;;1;;2
01/08/2013;08:19:00;89;sem vítima;109,06;BR-116/PR;Norte;Colisão Lateral;1;2;;;;;1
01/08/2013;18:24:00;285;sem vítima;179,5;BR-101/SC;Norte;Colisão Lateral;1;2;;;;;1
01/08/2013;10:04:00;130;sem vítima;208,013;BR-101/SC;Norte;Colisão Traseira;2;2;;;;;1
01/08/2013;09:40:00;123;sem vítima;209,7;BR-101/SC;Norte;Colisão Lateral;1;2;;;;;1
01/08/2013;10:36:00;143;com vítima;679,427;BR-376/PR;Sul;Tombamento;1;0;;;;1;3
02/08/2013;18:41:00;355;sem vítima;114,7;BR-101/SC;Norte;Colisão Traseira;1;3;;;;;1
02/08/2013;09:03:00;136;com vítima;135,5;BR-101/SC;Sul;Colisão Lateral;1;4;1;;;;1
02/08/2013;05:49:00;76;sem vítima;635,4;BR-376/PR;Norte;Choque - Cancela de Pedagio;1;1;;;;;1
02/08/2013;16:32:00;308;sem vítima;657,803;BR-376/PR;Sul;Saida de Pista;1;1;;;;;1
02/08/2013;19:03:00;363;sem vítima;671,7;BR-376/PR;Sul;Saida de Pista;1;1;;;;;1
03/08/2013;09:43:00;134;sem vítima;123,908;BR-101/SC;Sul;Colisão Traseira;1;2;;;;;1
03/08/2013;05:59:00;75;sem vítima;223,879;BR-101/SC;Norte;Saida de Pista;1;1;;;;;1
03/08/2013;20:10:00;327;sem vítima;681,953;BR-376/PR;Sul;Colisão Lateral;4;4;;;;;1
04/08/2013;08:20:00;90;sem vítima;134,225;BR-101/SC;Norte;Colisão Traseira;1;2;;;;;1
04/08/2013;08:45:00;98;sem vítima;166,001;BR-101/SC;Sul;Colisão Traseira;2;3;;;;;1
04/08/2013;15:32:00;207;sem vítima;661,743;BR-376/PR;Sul;Colisão Transversal;1;2;;;;;1
05/08/2013;10:02:00;111;sem vítima;1,35;BR-101/SC;Norte;Choque - Cancela de Pedagio;1;1;;;;;1
05/08/2013;14:33:00;202;com vítima;79,3;BR-101/SC;Sul;Colisão Traseira;1;1;2;;;;1
05/08/2013;16:07:00;227;sem vítima;79,3;BR-101/SC;Norte;Colisão Traseira;1;2;;;;;1
05/08/2013;05:15:00;47;com vítima;90,712;BR-101/SC;Norte;Colisão Traseira;1;1;1;;;;1
05/08/2013;11:28:00;149;sem vítima;119,755;BR-101/SC;Sul;Choque - Objeto sobre a pista;2;4;;;;;1
05/08/2013;17:37:00;256;sem vítima;201,593;BR-101/SC;Sul;Colisão Lateral;1;2;;;;;1
05/08/2013;12:34:00;174;com vítima;210,001;BR-101/SC;Norte;Engavetamento;1;3;1;;;;1
05/08/2013;11:25:00;147;sem vítima;617,598;BR-376/PR;Norte;Tombamento;1;1;;;;;1
05/08/2013;14:24:00;199;sem vítima;663,4;BR-376/PR;Sul;Saida de Pista;1;1;;;;;1
06/08/2013;11:33:00;125;sem vítima;9,8;BR-101/SC;Norte;Colisão Traseira;1;2;;;;;1
06/08/2013;11:18:00;121;sem vítima;35,403;BR-101/SC;Norte;Engavetamento;3;5;;;;;1
06/08/2013;11:34:00;126;sem vítima;35,421;BR-101/SC;Sul;Choque - Defensa, barreira ou "submarino";1;1;;;;;1
06/08/2013;13:54:00;156;sem vítima;105,066;BR-101/SC;Sul;Tombamento;1;1;;;;;1
06/08/2013;15:06:00;172;sem vítima;131,662;BR-101/SC;Sul;Colisão Traseira;1;2;;;;;1
06/08/2013;11:35:00;127;sem vítima;211,75;BR-101/SC;Sul;Colisão Traseira;1;2;;;;;1
06/08/2013;07:52:00;63;sem vítima;636;BR-376/PR;Sul;Saida de Pista;1;1;;;;;1
06/08/2013;03:12:00;31;sem vítima;637,05;BR-376/PR;Norte;Saida de Pista;1;1;;;;;1
06/08/2013;06:17:00;42;sem vítima;664,904;BR-376/PR;Sul;Colisão Traseira;2;2;;;;;1
07/08/2013;11:38:00;153;sem vítima;1,001;BR-101/SC;Sul;Colisão Traseira;1;3;;;;;1
07/08/2013;04:04:00;44;sem vítima;99,71;BR-116/PR;Sul;Tombamento;1;1;;;;;1
07/08/2013;08:59:00;96;com vítima;181,293;BR-101/SC;Sul;Colisão Traseira;1;2;2;;;;1
07/08/2013;21:38:00;326;sem vítima;214,4;BR-101/SC;Sul;Colisão Traseira;1;2;;;;;1
07/08/2013;21:41:00;332;sem vítima;662,102;BR-376/PR;Sul;Choque - Outros;1;1;;;;;1
08/08/2013;19:04:00;286;sem vítima;119,5;BR-101/SC;Sul;Colisão Lateral;1;2;;;;;1
08/08/2013;16:48:00;252;sem vítima;119,676;BR-101/SC;Sul;Colisão Traseira;2;2;;;;;1
08/08/2013;06:04:00;50;sem vítima;209,85;BR-101/SC;Norte;Colisão Transversal;1;2;;;;;1
09/08/2013;19:43:00;315;sem vítima;1,7;BR-101/SC;Norte;Colisão Lateral;1;2;;;;;1
09/08/2013;10:35:00;143;sem vítima;47,11;BR-101/SC;Norte;Colisão Traseira;2;2;;;;;1
09/08/2013;06:02:00;60;sem vítima;79,273;BR-101/SC;Norte;Colisão Traseira;2;2;;;;;1