data;horario;n_da_ocorrencia;tipo_de_ocorrencia;km;trecho;sentido;tipo_de_acidente;caminhao;ilesos;levemente_feridos;moderadamente_feridos;gravemente_feridos;mortos;3
09/08/2013;23:12:00;374;sem vítima;79,4;BR-101/SC;Sul;Colisão Traseira;1;2;;;;;1
09/08/2013;06:33:00;65;sem vítima;101,813;BR-116/PR;Norte;Tombamento;1;1;;;;;1
09/08/2013;15:07:00;228;com vítima;131,023;BR-101/SC;Sul;Choque - Defensa, barreira ou "submarino";1;1;1;;;;1
09/08/2013;20:48:00;331;sem vítima;209,15;BR-101/SC;Sul;Colisão Traseira;1;2;;;;;1
09/08/2013;17:19:00;271;sem vítima;216,4;BR-101/SC;Sul;Colisão Traseira;1;2;;;;;1
09/08/2013;14:42:00;223;com vítima;218,719;BR-101/SC;Norte;Capotamento;1;1;1;;;;1
09/08/2013;23:17:00;375;com vítima;629,8;BR-376/PR;Norte;Colisão Lateral;1;1;;1;;;2
10/08/2013;10:35:00;130;sem vítima;102,425;BR-116/PR;Sul;Choque - Defensa, barreira ou "submarino";1;1;;;;;1
10/08/2013;10:24:00;129;sem vítima;117;BR-101/SC;Sul;Choque - Defensa, barreira ou "submarino";1;1;;;;;1
10/08/2013;10:49:00;135;sem vítima;233,4;BR-101/SC;Norte;Colisão Lateral;2;3;;;;;1
10/08/2013;07:15:00;76;sem vítima;668,4;BR-376/PR;Norte;Colisão Traseira;2;3;;;;;1
10/08/2013;11:41:00;149;com vítima;672,794;BR-376/PR;Sul;Colisão Traseira;1;1;2;;;;1
10/08/2013;05:52:00;59;sem vítima;676,158;BR-376/PR;Sul;Choque - Defensa, barreira ou "submarino";1;2;;;;;1
11/08/2013;18:25:00;262;sem vítima;6,001;BR-101/SC;Norte;Colisão Lateral;1;2;;;;;1
11/08/2013;18:27:00;264;com vítima;75,567;BR-101/SC;Sul;Colisão Traseira;1;3;2;;;;1
12/08/2013;06:04:00;78;com vítima;9,727;BR-101/SC;Sul;Colisão Traseira;2;0;;1;;1;3
12/08/2013;09:09:00;132;com vítima;23,354;BR-101/SC;Norte;Tombamento;1;0;;1;;;2
12/08/2013;16:46:00;280;sem vítima;105,5;BR-116/PR;Norte;Colisão Traseira;2;2;;;;;1
12/08/2013;16:52:00;295;sem vítima;132,243;BR-101/SC;Norte;Colisão Lateral;1;2;;;;;1
12/08/2013;05:34:00;76;com vítima;151,501;BR-101/SC;Sul;Atropelamento - Morador;1;1;;;;1;3
12/08/2013;08:48:00;122;sem vítima;209,521;BR-101/SC;Sul;Colisão Lateral;1;2;;;;;1
12/08/2013;07:29:00;94;sem vítima;210,554;BR-101/SC;Norte;Colisão Lateral;1;2;;;;;1
12/08/2013;04:58:00;69;sem vítima;211,001;BR-101/SC;Sul;Colisão Traseira;1;2;;;;;1
12/08/2013;19:52:00;361;sem vítima;651,8;BR-376/PR;Norte;Colisão Traseira;1;2;;;;;1
13/08/2013;05:51:00;67;com vítima;71,45;BR-101/SC;Norte;Colisão Traseira;1;1;4;;1;;2
13/08/2013;16:14:00;251;sem vítima;79,05;BR-101/SC;Norte;Colisão Traseira;1;2;;;;;1
13/08/2013;15:54:00;242;sem vítima;106,4;BR-116/PR;Sul;Colisão Lateral;1;2;;;;;1
13/08/2013;09:54:00;134;sem vítima;110,065;BR-101/SC;Norte;Colisão Lateral;1;2;;;;;1
13/08/2013;07:37:00;91;sem vítima;113,426;BR-116/PR;Sul;Colisão Lateral;2;3;;;;;1
13/08/2013;16:00:00;245;sem vítima;114,4;BR-101/SC;Sul;Colisão Lateral;2;2;;;;;1
13/08/2013;13:05:00;191;com vítima;152,945;BR-101/SC;Norte;Queda de Moto;1;1;1;;;;1
13/08/2013;17:39:00;272;sem vítima;203,215;BR-101/SC;Norte;Choque - Defensa, barreira ou "submarino";1;1;;;;;1
13/08/2013;11:55:00;173;sem vítima;213,892;BR-101/SC;Sul;Colisão Traseira;1;2;;;;;1
13/08/2013;01:49:00;39;sem vítima;671,279;BR-376/PR;Norte;Saida de Pista;1;2;;;;;1
14/08/2013;08:40:00;85;sem vítima;7,1;BR-101/SC;Sul;Colisão Traseira;1;3;;;;;1
14/08/2013;21:26:00;309;sem vítima;76,9;BR-101/SC;Sul;Colisão Lateral;1;2;;;;;1
14/08/2013;22:31:00;318;sem vítima;76,9;BR-101/SC;Sul;Colisão Traseira;1;2;;;;;1
14/08/2013;04:05:00;41;com vítima;85,7;BR-101/SC;Norte;Colisão Transversal;1;6;2;1;;;2
14/08/2013;22:11:00;316;sem vítima;101,8;BR-116/PR;Norte;Colisão Traseira;1;3;;;;;1
14/08/2013;08:02:00;74;com vítima;113,3;BR-101/SC;Sul;Colisão Lateral;1;2;1;;;;1
14/08/2013;14:32:00;197;sem vítima;129;BR-101/SC;Norte;Colisão Lateral;1;2;;;;;1
14/08/2013;23:06:00;326;sem vítima;132,8;BR-101/SC;Norte;Colisão Traseira;1;2;;;;;1
14/08/2013;21:22:00;308;sem vítima;216,12;BR-101/SC;Sul;Atropelamento de Animal;1;2;;;;;1
14/08/2013;06:30:00;53;sem vítima;616,1;BR-376/PR;Sul;Colisão Traseira;1;2;;;;;1
14/08/2013;07:04:00;59;sem vítima;668,3;BR-376/PR;Sul;Saida de Pista;1;1;;;;;1
14/08/2013;23:55:00;336;com vítima;674,75;BR-376/PR;Sul;Saida de Pista;1;1;1;;;;1
15/08/2013;06:40:00;65;sem vítima;1,35;BR-101/SC;Norte;Colisão Traseira;2;2;;;;;1
15/08/2013;07:27:00;80;sem vítima;6,8;BR-101/SC;Norte;Tombamento;1;1;;;;;1
15/08/2013;17:01:00;287;sem vítima;51,9;BR-101/SC;Norte;Colisão Lateral;1;2;;;;;1
15/08/2013;17:55:00;304;sem vítima;79,65;BR-101/SC;Norte;Colisão Traseira;2;2;;;;;1
15/08/2013;00:06:00;15;sem vítima;205,4;BR-101/SC;Norte;Colisão Lateral;1;2;;;;;1
15/08/2013;07:33:00;83;sem vítima;207,95;BR-101/SC;Norte;Colisão Traseira;1;2;;;;;1
15/08/2013;18:42:00;315;sem vítima;211,8;BR-101/SC;Sul;Colisão Lateral;1;2;;;;;1
15/08/2013;23:42:00;375;sem vítima;213;BR-101/SC;Norte;Colisão Lateral;1;2;;;;;1
15/08/2013;18:05:00;308;sem vítima;635,4;BR-376/PR;Norte;Colisão Lateral;1;2;;;;;1
16/08/2013;13:27:00;192;sem vítima;46,5;BR-101/SC;Sul;Choque - Objeto sobre a pista;1;2;;;;;1
16/08/2013;15:20:00;232;sem vítima;115;BR-101/SC;Sul;Engavetamento;1;3;;;;;1
16/08/2013;18:19:00;298;sem vítima;124,4;BR-101/SC;Sul;Colisão Traseira;1;2;;;;;1
16/08/2013;14:04:00;206;sem vítima;134,7;BR-101/SC;Norte;Capotamento;1;3;;;;;1
16/08/2013;15:29:00;234;sem vítima;137;BR-101/SC;Norte;Colisão Lateral;1;2;;;;;1
16/08/2013;19:14:00;316;com vítima;197,2;BR-101/SC;Norte;Colisão Traseira;1;1;;1;;;2
16/08/2013;17:07:00;264;sem vítima;204,6;BR-101/SC;Sul;Colisão Traseira;1;2;;;;;1
16/08/2013;15:05:00;222;sem vítima;660,2;BR-376/PR;Sul;Colisão Traseira;2;2;;;;;1
16/08/2013;15:15:00;229;sem vítima;666,2;BR-376/PR;Sul;Colisão Transversal;2;4;;;;;1
16/08/2013;10:39:00;148;sem vítima;675,95;BR-376/PR;Sul;Saida de Pista;1;1;;;;;1
17/08/2013;07:50:00;85;sem vítima;29,83;BR-101/SC;Sul;Choque - Defensa, barreira ou "submarino";1;2;;;;;1
17/08/2013;20:23:00;300;com vítima;85,8;BR-116/PR;Sul;Colisão Lateral;1;1;;1;;;2
17/08/2013;09:37:00;125;sem vítima;112,1;BR-101/SC;Sul;Colisão Traseira;2;2;;;;;1
17/08/2013;14:50:00;218;sem vítima;115,876;BR-101/SC;Sul;;1;2;;;;;1
17/08/2013;08:23:00;98;sem vítima;117,3;BR-101/SC;Norte;Colisão Lateral;1;2;;;;;1
17/08/2013;04:10:00;42;sem vítima;141,449;BR-101/SC;Norte;Colisão Lateral;1;2;;;;;1
17/08/2013;01:45:00;27;com vítima;163,111;BR-101/SC;Norte;Atropelamento - Morador;1;1;;;;1;3
17/08/2013;07:42:00;78;sem vítima;219,286;BR-101/SC;Norte;Colisão Lateral;1;2;;;;;1
17/08/2013;20:10:00;295;sem vítima;635,35;BR-376/PR;Norte;Colisão Lateral;1;2;;;;;1
18/08/2013;09:10:00;83;sem vítima;97,869;BR-116/PR;Norte;Engavetamento;3;3;;;;;1
18/08/2013;13:02:00;138;sem vítima;129,831;BR-101/SC;Sul;Colisão Lateral;1;2;;;;;1
18/08/2013;23:40:00;305;sem vítima;206,5;BR-101/SC;Norte;Engavetamento;1;5;;;;;1
18/08/2013;18:24:00;227;sem vítima;635,5;BR-376/PR;Norte;Colisão Traseira;2;2;;;;;1
18/08/2013;03:18:00;41;sem vítima;658,543;BR-376/PR;Norte;Tombamento;1;1;;;;;1
19/08/2013;07:50:00;68;sem vítima;31,824;BR-101/SC;Sul;Saida de Pista;1;1;;;;;1
19/08/2013;13:16:00;190;sem vítima;97,199;BR-116/PR;Norte;Tombamento;1;1;;;;;1
19/08/2013;08:11:00;73;sem vítima;101,523;BR-101/SC;Sul;Colisão Lateral;1;2;;;;;1
19/08/2013;07:04:00;57;com vítima;102,652;BR-116/PR;Sul;Colisão Traseira;1;1;;;1;;2
19/08/2013;07:54:00;69;sem vítima;121,03;BR-101/SC;Sul;Colisão Traseira;1;2;;;;;1
19/08/2013;08:14:00;74;sem vítima;192;BR-101/SC;Norte;Choque - Objeto sobre a pista;1;2;;;;;1
19/08/2013;07:10:00;58;sem vítima;666,242;BR-376/PR;Norte;Saida de Pista;1;2;;;;;1
20/08/2013;19:19:00;311;sem vítima;106,715;BR-116/PR;Norte;Colisão Frontal;2;2;;;;;1
20/08/2013;18:05:00;287;sem vítima;117;BR-101/SC;Sul;Colisão Traseira;1;4;;;;;1
20/08/2013;07:41:00;83;com vítima;131,937;BR-101/SC;Norte;Colisão Traseira;1;1;;;;1;3
20/08/2013;20:25:00;321;sem vítima;206,2;BR-101/SC;Norte;Colisão Lateral;1;2;;;;;1
20/08/2013;18:59:00;306;sem vítima;630,763;BR-376/PR;Norte;Colisão Lateral;1;2;;;;;1
20/08/2013;06:51:00;64;sem vítima;673,726;BR-376/PR;Norte;Saida de Pista;1;1;;;;;1
21/08/2013;14:13:00;223;sem vítima;12,629;BR-101/SC;Norte;Colisão Traseira;1;2;;;;;1
21/08/2013;11:03:00;164;sem vítima;36,7;BR-101/SC;Norte;Engavetamento;3;4;;;;;1
21/08/2013;07:45:00;78;sem vítima;41,2;BR-101/SC;Norte;Colisão Traseira;2;2;;;;;1
21/08/2013;23:23:00;368;sem vítima;72,6;BR-101/SC;Norte;Colisão Traseira;2;2;;;;;1
21/08/2013;15:41:00;256;sem vítima;103,242;BR-116/PR;Norte;Colisão Traseira;2;2;;;;;1
21/08/2013;12:13:00;189;sem vítima;117,9;BR-101/SC;Norte;Colisão Lateral;1;2;;;;;1
21/08/2013;20:49:00;347;sem vítima;120,055;BR-101/SC;Norte;Tombamento;1;1;;;;;1
21/08/2013;01:40:00;27;sem vítima;125,96;BR-101/SC;Sul;Atropelamento de Animal;2;2;;;;;1
21/08/2013;11:12:00;166;sem vítima;162,832;BR-101/SC;Sul;Colisão Lateral;1;2;;;;;1
21/08/2013;21:01:00;351;sem vítima;623,98;BR-376/PR;Sul;Colisão Traseira;1;2;;;;;1
21/08/2013;05:48:00;52;sem vítima;669,748;BR-376/PR;Sul;Colisão Traseira;2;2;;;;;1
22/08/2013;20:57:00;338;com vítima;37,323;BR-101/SC;Sul;Atropelamento - Usuário;1;1;1;;;;1
22/08/2013;12:19:00;180;sem vítima;77,473;BR-116/PR;Sul;Colisão Traseira;2;2;;;;;1
22/08/2013;10:09:00;141;sem vítima;117,314;BR-101/SC;Norte;Colisão Traseira;2;2;;;;;1
22/08/2013;14:49:00;228;com vítima;141,995;BR-101/SC;Sul;Queda de Moto;1;2;;;1;;2
22/08/2013;09:51:00;134;sem vítima;200,381;BR-101/SC;Sul;Colisão Transversal;1;2;;;;;1
22/08/2013;22:48:00;357;sem vítima;217,952;BR-101/SC;Sul;Outros;1;1;;;;;1
22/08/2013;17:44:00;302;sem vítima;681,025;BR-376/PR;Norte;Colisão Lateral;1;2;;;;;1
23/08/2013;06:42:00;75;sem vítima;1,35;BR-101/SC;Sul;Colisão Traseira;1;2;;;;;1
23/08/2013;11:26:00;163;sem vítima;3,801;BR-101/SC;Norte;Colisão Traseira;2;4;;;;;1
23/08/2013;11:55:00;171;sem vítima;49,001;BR-101/SC;Sul;Colisão Traseira;1;2;;;;;1
23/08/2013;11:58:00;172;com vítima;91;BR-101/SC;Sul;Colisão Traseira;1;1;1;;;;1
23/08/2013;15:55:00;247;sem vítima;93,5;BR-101/SC;Sul;Colisão Lateral;1;3;;;;;1
23/08/2013;22:55:00;365;sem vítima;104,381;BR-116/PR;Sul;Engavetamento;4;4;;;;;1
23/08/2013;07:35:00;85;sem vítima;105,9;BR-101/SC;Norte;Engavetamento;1;5;;;;;1
23/08/2013;14:24:00;210;sem vítima;121;BR-101/SC;Norte;Colisão Lateral;2;2;;;;;1
23/08/2013;07:51:00;92;sem vítima;214,932;BR-101/SC;Norte;Colisão Lateral;1;2;;;;;1
23/08/2013;20:58:00;340;sem vítima;616,716;BR-376/PR;Norte;Colisão Lateral;1;2;;;;;1
23/08/2013;16:08:00;249;com vítima;674,264;BR-376/PR;Sul;Colisão Traseira;2;1;1;;;;1
23/08/2013;11:10:00;159;sem vítima;678,001;BR-376/PR;Norte;Colisão Lateral;1;2;;;;;1
24/08/2013;09:47:00;116;com vítima;6,022;BR-101/SC;Sul;Atropelamento - Andarilho;1;1;;;;1;3
24/08/2013;11:44:00;148;sem vítima;128,8;BR-101/SC;Norte;Choque - Defensa, barreira ou "submarino";1;2;;;;;1
24/08/2013;10:15:00;120;sem vítima;616,1;BR-376/PR;Norte;Colisão Traseira;1;3;;;;;1
25/08/2013;19:23:00;305;sem vítima;5,367;BR-101/SC;Norte;Colisão Lateral;1;2;;;;;1
25/08/2013;19:54:00;309;com vítima;7,674;BR-101/SC;Norte;Colisão Traseira;2;1;;1;;;2
25/08/2013;17:48:00;271;sem vítima;10,024;BR-101/SC;Norte;Colisão Lateral;1;2;;;;;1
25/08/2013;06:31:00;64;sem vítima;11;BR-101/SC;Norte;Saida de Pista;1;1;;;;;1
25/08/2013;12:58:00;182;sem vítima;125;BR-101/SC;Sul;Colisão Traseira;1;2;;;;;1
25/08/2013;14:51:00;214;sem vítima;157;BR-101/SC;Sul;Colisão Lateral;1;2;;;;;1
25/08/2013;13:04:00;183;sem vítima;162,863;BR-101/SC;Norte;Colisão Lateral;1;2;;;;;1
25/08/2013;15:13:00;221;com vítima;665,703;BR-376/PR;Sul;Tombamento;1;0;1;;;;1
25/08/2013;07:07:00;73;com vítima;666,189;BR-376/PR;Sul;Tombamento;1;0;;;;1;3
25/08/2013;09:19:00;105;sem vítima;666,195;BR-376/PR;Sul;Colisão Lateral;2;3;;;;;1
26/08/2013;19:06:00;266;sem vítima;9,737;BR-101/SC;Norte;Colisão Traseira;2;2;;;;;1
26/08/2013;14:56:00;198;sem vítima;97,953;BR-116/PR;Norte;Colisão Traseira;1;3;;;;;1
26/08/2013;10:48:00;121;sem vítima;138,25;BR-101/SC;Norte;Saida de Pista;1;2;;;;;1
26/08/2013;04:09:00;37;sem vítima;180,459;BR-101/SC;Sul;Choque - Defensa, barreira ou "submarino";1;3;;;;;1
26/08/2013;07:53:00;66;sem vítima;200,928;BR-101/SC;Sul;Engavetamento;1;4;;;;;1
26/08/2013;12:09:00;149;sem vítima;206,088;BR-101/SC;Norte;Colisão Lateral;1;4;;;;;1
26/08/2013;19:16:00;270;sem vítima;207,8;BR-101/SC;Sul;Colisão Traseira;1;2;;;;;1
26/08/2013;09:03:00;92;com vítima;236;BR-101/SC;Norte;Colisão Traseira;2;2;1;;;;1
26/08/2013;15:20:00;214;sem vítima;658,589;BR-376/PR;Norte;Saida de Pista;1;1;;;;;1
26/08/2013;22:16:00;313;sem vítima;679,3;BR-376/PR;Sul;Choque - Defensa, barreira ou "submarino";1;2;;;;;1
27/08/2013;00:50:00;23;sem vítima;9,95;BR-101/SC;Norte;Choque - Defensa, barreira ou "submarino";1;2;;;;;1
27/08/2013;16:55:00;244;sem vítima;56,5;BR-101/SC;Sul;Colisão Lateral;1;2;;;;;1
27/08/2013;19:48:00;283;sem vítima;73,06;BR-116/PR;Sul;Atropelamento de Animal;1;1;;;;;1
27/08/2013;11:17:00;142;sem vítima;79,499;BR-101/SC;Norte;Colisão Traseira;1;3;;;;;1
27/08/2013;16:38:00;231;sem vítima;79,5;BR-101/SC;Norte;Colisão Traseira;2;2;;;;;1
27/08/2013;07:56:00;77;sem vítima;97,198;BR-101/SC;Norte;Colisão Lateral;1;2;;;;;1
27/08/2013;08:17:00;87;sem vítima;105,736;BR-101/SC;Norte;Colisão Traseira;1;6;;;;;1
27/08/2013;09:07:00;106;sem vítima;105,736;BR-101/SC;Norte;Colisão Traseira;1;3;;;;;1
27/08/2013;18:48:00;266;sem vítima;112,2;BR-101/SC;Norte;Colisão Traseira;1;2;;;;;1
27/08/2013;10:23:00;129;sem vítima;113,383;BR-101/SC;Norte;Colisão Lateral;2;2;;;;;1
27/08/2013;08:08:00;81;sem vítima;200,444;BR-101/SC;Sul;Colisão Lateral;1;2;;;;;1
27/08/2013;05:49:00;53;sem vítima;615,957;BR-376/PR;Norte;Colisão Lateral;2;2;;;;;1
27/08/2013;13:45:00;181;sem vítima;672,076;BR-376/PR;Sul;Colisão Traseira;2;2;;;;;1
28/08/2013;11:18:00;158;sem vítima;28,59;BR-101/SC;Sul;Colisão Traseira;1;3;;;;;1
28/08/2013;19:54:00;316;sem vítima;43,681;BR-101/SC;Sul;Queda de Moto;1;2;;;;;1
28/08/2013;17:32:00;274;sem vítima;49,425;BR-101/SC;Norte;Colisão Traseira;1;2;;;;;1
28/08/2013;12:20:00;175;sem vítima;108,5;BR-101/SC;Sul;Colisão Lateral;1;2;;;;;1
28/08/2013;16:44:00;253;sem vítima;116,2;BR-101/SC;Norte;Colisão Traseira;2;2;;;;;1
28/08/2013;06:41:00;74;com vítima;119,49;BR-101/SC;Sul;Saida de Pista;1;0;;;;1;3
28/08/2013;05:54:00;65;sem vítima;151;BR-101/SC;Sul;Colisão Traseira;1;2;;;;;1
28/08/2013;13:26:00;190;com vítima;624,968;BR-376/PR;Norte;Colisão Traseira;1;2;1;;;;1
29/08/2013;19:10:00;338;com vítima;28,448;BR-101/SC;Sul;Colisão Traseira;1;2;1;;;;1
29/08/2013;12:10:00;198;com vítima;46;BR-101/SC;Norte;Colisão Transversal;1;1;;1;;;2
29/08/2013;05:35:00;69;sem vítima;66,468;BR-101/SC;Norte;Tombamento;1;1;;;;;1
29/08/2013;22:35:00;374;sem vítima;97,25;BR-116/PR;Norte;Saida de Pista;1;1;;;;;1
29/08/2013;07:53:00;107;sem vítima;102,076;BR-116/PR;Norte;Colisão Traseira;1;2;;;;;1
29/08/2013;12:32:00;204;sem vítima;108,451;BR-116/PR;Norte;Colisão Traseira;1;1;;;;;1
29/08/2013;18:38:00;328;sem vítima;145,8;BR-101/SC;Norte;Colisão Traseira;1;2;;;;;1
29/08/2013;09:30:00;135;sem vítima;146,55;BR-101/SC;Sul;Colisão Traseira;1;2;;;;;1
29/08/2013;19:24:00;344;sem vítima;616,332;BR-376/PR;Norte;Colisão Traseira;1;2;;;;;1
29/08/2013;14:16:00;234;sem vítima;658,221;BR-376/PR;Norte;Colisão Lateral;1;3;;;;;1
29/08/2013;09:54:00;144;sem vítima;671,067;BR-376/PR;Sul;Choque - Defensa, barreira ou "submarino";1;1;;;;;1
30/08/2013;14:37:00;238;com vítima;12,549;BR-101/SC;Norte;Colisão Traseira;1;2;1;;;;1
30/08/2013;17:25:00;311;com vítima;74,589;BR-101/SC;Norte;Capotamento;1;2;1;;;;1
30/08/2013;16:03:00;273;sem vítima;85,954;BR-116/PR;Sul;Engavetamento;2;4;;;;;1
30/08/2013;20:00:00;372;sem vítima;113,001;BR-101/SC;Norte;Colisão Lateral;1;2;;;;;1
30/08/2013;16:46:00;291;sem vítima;115,962;BR-101/SC;Sul;Colisão Traseira;1;3;;;;;1
30/08/2013;16:53:00;297;com vítima;115,967;BR-101/SC;Sul;Colisão Traseira;1;1;;;;1;3
30/08/2013;20:39:00;384;sem vítima;117,667;BR-101/SC;Sul;Colisão Lateral;1;2;;;;;1
30/08/2013;15:39:00;261;sem vítima;157,4;BR-101/SC;Norte;Colisão Lateral;1;2;;;;;1
31/08/2013;06:44:00;79;sem vítima;1,35;BR-101/SC;Sul;Colisão Traseira;1;2;;;;;1
31/08/2013;16:53:00;285;com vítima;14,9;BR-101/SC;Norte;Tombamento;1;0;1;;;;1
31/08/2013;13:20:00;207;sem vítima;92,5;BR-116/PR;Sul;Colisão Traseira;1;2;;;;;1
31/08/2013;07:29:00;89;sem vítima;98,4;BR-116/PR;Sul;Saida de Pista;1;3;;;;;1
31/08/2013;15:15:00;244;com vítima;100,9;BR-101/SC;Sul;Colisão Traseira;1;1;2;;;;1
31/08/2013;19:29:00;331;com vítima;104,95;BR-101/SC;Sul;Colisão Traseira;1;1;;1;1;;2
31/08/2013;13:58:00;217;sem vítima;107,458;BR-101/SC;Sul;Colisão Traseira;1;2;;;;;1
31/08/2013;12:54:00;198;sem vítima;115,343;BR-101/SC;Sul;Saida de Pista;1;1;;;;;1
31/08/2013;16:40:00;292;sem vítima;132,3;BR-101/SC;Sul;Colisão Traseira;1;2;;;;;1
31/08/2013;18:54:00;319;com vítima;209,567;BR-101/SC;Norte;Colisão Traseira;1;2;1;;;;1
31/08/2013;09:28:00;121;sem vítima;624,897;BR-376/PR;Sul;Colisão Traseira;1;2;;;;;1
01/09/2013;20:41:00;306;sem vítima;4,323;BR-101/SC;Norte;Colisão Lateral;1;2;;;;;1
01/09/2013;13:27:00;194;sem vítima;235,775;BR-101/SC;Sul;Tombamento;1;1;;;;;1
01/09/2013;12:40:00;183;sem vítima;616,1;BR-376/PR;Norte;Colisão Lateral;2;2;;;;;1
01/09/2013;18:58:00;274;sem vítima;652,325;BR-376/PR;Sul;Colisão Traseira;1;2;;;;;1
01/09/2013;18:58:00;276;sem vítima;652,325;BR-376/PR;Sul;Choque - Talude;1;1;;;;;1
02/09/2013;09:51:00;151;sem vítima;112,2;BR-101/SC;Norte;Colisão Traseira;1;2;;;;;1
02/09/2013;23:51:00;377;sem vítima;113,372;BR-101/SC;Norte;Colisão Traseira;1;2;;;;;1
02/09/2013;20:50:00;342;sem vítima;126,443;BR-101/SC;Norte;Colisão Traseira;1;2;;;;;1
02/09/2013;11:45:00;190;sem vítima;155,001;BR-101/SC;Sul;Saida de Pista;1;1;;;;;1
02/09/2013;07:31:00;76;com vítima;216,5;BR-101/SC;Norte;Engavetamento;1;4;1;;;;1
02/09/2013;17:25:00;287;sem vítima;216,5;BR-101/SC;Norte;Colisão Lateral;1;2;;;;;1
03/09/2013;03:23:00;38;com vítima;95,895;BR-116/PR;Sul;Colisão Traseira;2;1;2;;;;1
03/09/2013;10:49:00;151;sem vítima;101,4;BR-116/PR;Norte;Colisão Traseira;1;2;;;;;1
03/09/2013;16:34:00;258;sem vítima;113,807;BR-116/PR;Sul;Colisão Lateral;1;2;;;;;1
03/09/2013;11:43:00;162;sem vítima;125,771;BR-101/SC;Norte;Colisão Traseira;2;2;;;;;1
03/09/2013;12:56:00;191;sem vítima;167,03;BR-101/SC;Sul;Tombamento;1;1;;;;;1
03/09/2013;09:35:00;116;com vítima;193,6;BR-101/SC;Sul;Colisão Lateral;1;1;;1;;;2
03/09/2013;09:56:00;122;sem vítima;193,6;BR-101/SC;Sul;Colisão Lateral;1;2;;;;;1
03/09/2013;08:07:00;84;com vítima;208,1;BR-101/SC;Sul;Colisão Lateral;1;2;;1;;;2
03/09/2013;15:15:00;236;sem vítima;665,562;BR-376/PR;Sul;Colisão Traseira;1;2;;;;;1
03/09/2013;15:10:00;232;sem vítima;665,877;BR-376/PR;Sul;Colisão Traseira;1;4;;;;;1
04/09/2013;09:59:00;130;sem vítima;114,15;BR-116/PR;Sul;Colisão Traseira;2;2;;;;;1
04/09/2013;07:25:00;79;sem vítima;117,273;BR-101/SC;Norte;Colisão Lateral;1;2;;;;;1
04/09/2013;16:29:00;257;sem vítima;118,4;BR-101/SC;Sul;Colisão Traseira;1;2;;;;;1
04/09/2013;16:29:00;283;sem vítima;118,4;BR-101/SC;Sul;Colisão Traseira;1;2;;;;;1
04/09/2013;16:14:00;252;sem vítima;162,8;BR-101/SC;Sul;Colisão Lateral;1;2;;;;;1
04/09/2013;21:30:00;349;sem vítima;210,324;BR-101/SC;Sul;Colisão Traseira;1;2;;;;;1
04/09/2013;12:53:00;189;sem vítima;213,132;BR-101/SC;Sul;Colisão Traseira;1;2;;;;;1
04/09/2013;16:48:00;262;sem vítima;616,6;BR-376/PR;Norte;Colisão Traseira;2;2;;;;;1
04/09/2013;21:26:00;348;sem vítima;671,7;BR-376/PR;Sul;Saida de Pista;1;1;;;;;1
04/09/2013;20:40:00;336;sem vítima;673,3;BR-376/PR;Sul;Colisão Lateral;1;2;;;;;1
05/09/2013;02:15:00;50;sem vítima;1,35;BR-101/SC;Norte;Colisão Traseira;2;2;;;;;1
05/09/2013;09:26:00;127;sem vítima;94,921;BR-101/SC;Sul;Colisão Traseira;2;2;;;;;1
05/09/2013;14:18:00;223;sem vítima;199,6;BR-101/SC;Norte;Saida de Pista;1;2;;;;;1
05/09/2013;11:47:00;177;sem vítima;620,1;BR-376/PR;Sul;Colisão Transversal;1;2;;;;;1
05/09/2013;04:11:00;59;sem vítima;660,3;BR-376/PR;Norte;Choque - Defensa, barreira ou "submarino";1;1;;;;;1
05/09/2013;09:43:00;135;sem vítima;666,517;BR-376/PR;Norte;Tombamento;1;1;;;;;1
05/09/2013;07:40:00;93;sem vítima;667,8;BR-376/PR;Sul;Tombamento;2;2;;;;;1
05/09/2013;12:18:00;182;sem vítima;679,9;BR-376/PR;Sul;Colisão Traseira;2;2;;;;;1
06/09/2013;22:44:00;409;sem vítima;1,6;BR-101/SC;Sul;Colisão Lateral;1;2;;;;;1
06/09/2013;07:11:00;91;com vítima;11,95;BR-101/SC;Norte;Colisão Traseira;1;1;2;;;;1
06/09/2013;13:11:00;219;sem vítima;98,001;BR-116/PR;Sul;Colisão Traseira;2;2;;;;;1
06/09/2013;23:22:00;423;sem vítima;114,087;BR-101/SC;Norte;Engavetamento;1;4;;;;;1
06/09/2013;18:18:00;323;sem vítima;189,5;BR-101/SC;Sul;Engavetamento;1;3;;;;;1
06/09/2013;08:49:00;135;com vítima;211,225;BR-101/SC;Sul;Tombamento;1;0;1;;;;1
06/09/2013;12:02:00;206;sem vítima;671,7;BR-376/PR;Sul;Saida de Pista;1;4;;;;;1
07/09/2013;06:41:00;86;sem vítima;125,494;BR-101/SC;Norte;Colisão Traseira;1;2;;;;;1
07/09/2013;14:51:00;248;com vítima;197,759;BR-101/SC;Sul;Colisão Lateral;1;1;1;;;;1
08/09/2013;19:48:00;325;sem vítima;5,908;BR-101/SC;Norte;Colisão Lateral;1;2;;;;;1
08/09/2013;22:18:00;373;sem vítima;10;BR-101/SC;Norte;Colisão Lateral;1;2;;;;;1
08/09/2013;19:40:00;326;sem vítima;26,7;BR-101/SC;Norte;Colisão Lateral;1;2;;;;;1
08/09/2013;03:46:00;42;sem vítima;655,488;BR-376/PR;Sul;Choque - Talude;1;1;;;;;1
09/09/2013;08:42:00;136;sem vítima;1,35;BR-101/SC;Sul;Colisão Traseira;1;2;;;;;1
09/09/2013;16:46:00;326;sem vítima;101,906;BR-116/PR;Sul;Colisão Traseira;2;2;;;;;1