data;horario;n_da_ocorrencia;tipo_de_ocorrencia;km;trecho;sentido;tipo_de_acidente;caminhao;ilesos;levemente_feridos;moderadamente_feridos;gravemente_feridos;mortos;3
09/09/2013;19:09:00;370;sem vítima;106,681;BR-116/PR;Sul;Engavetamento;4;5;;;;;1
09/09/2013;07:20:00;108;sem vítima;117,1;BR-101/SC;Sul;Colisão Traseira;1;2;;;;;1
09/09/2013;12:55:00;243;sem vítima;138,5;BR-101/SC;Sul;Colisão Transversal;1;2;;;;;1
09/09/2013;08:03:00;122;sem vítima;207,001;BR-101/SC;Sul;Colisão Lateral;1;2;;;;;1
09/09/2013;09:55:00;166;sem vítima;208,225;BR-101/SC;Sul;Colisão Traseira;2;2;;;;;1
09/09/2013;07:19:00;109;sem vítima;213,925;BR-101/SC;Norte;Choque - Defensa, barreira ou "submarino";1;2;;;;;1
10/09/2013;04:46:00;59;sem vítima;95,5;BR-101/SC;Sul;Colisão Traseira;2;2;;;;;1
10/09/2013;13:57:00;227;sem vítima;106,5;BR-101/SC;Norte;Colisão Traseira;2;2;;;;;1
10/09/2013;23:11:00;395;sem vítima;136,5;BR-101/SC;Sul;Colisão Traseira;1;2;;;;;1
10/09/2013;02:35:00;41;sem vítima;160,704;BR-101/SC;Sul;Tombamento;1;1;;;;;1
10/09/2013;12:47:00;204;sem vítima;234,451;BR-101/SC;Norte;Colisão Lateral;1;2;;;;;1
10/09/2013;09:27:00;136;sem vítima;618,4;BR-376/PR;Norte;Colisão Traseira;1;2;;;;;1
11/09/2013;13:31:00;246;com vítima;1,35;BR-101/SC;Norte;Choque - Defensa, barreira ou "submarino";1;0;1;;;;1
11/09/2013;12:47:00;233;sem vítima;100,276;BR-101/SC;Norte;Colisão Traseira;1;2;;;;;1
11/09/2013;12:14:00;226;sem vítima;110,1;BR-116/PR;Sul;Colisão Lateral;1;3;;;;;1
11/09/2013;09:54:00;174;sem vítima;118,61;BR-101/SC;Sul;Colisão Lateral;1;2;;;;;1
11/09/2013;16:12:00;282;com vítima;123,13;BR-101/SC;Norte;Colisão Transversal;1;1;;1;;;2
11/09/2013;08:42:00;147;sem vítima;165,775;BR-101/SC;Norte;Colisão Traseira;1;5;;;;;1
11/09/2013;11:10:00;201;sem vítima;184,755;BR-101/SC;Norte;Colisão Traseira;1;2;;;;;1
11/09/2013;07:36:00;111;sem vítima;201,927;BR-101/SC;Sul;Colisão Lateral;1;2;;;;;1
11/09/2013;20:32:00;377;sem vítima;207,6;BR-101/SC;Sul;Colisão Traseira;1;2;;;;;1
11/09/2013;05:26:00;73;sem vítima;211,216;BR-101/SC;Norte;Colisão Traseira;1;2;;;;;1
11/09/2013;11:23:00;208;sem vítima;617,5;BR-376/PR;Sul;Colisão Traseira;2;2;;;;;1
11/09/2013;20:11:00;360;sem vítima;639,609;BR-376/PR;Norte;Saida de Pista;1;1;;;;;1
11/09/2013;17:17:00;308;sem vítima;679,484;BR-376/PR;Sul;Colisão Lateral;1;3;;;;;1
11/09/2013;15:35:00;272;sem vítima;679,843;BR-376/PR;Sul;Colisão Traseira;2;2;;;;;1
12/09/2013;09:31:00;118;sem vítima;48,1;BR-101/SC;Sul;Colisão Traseira;2;2;;;;;1
12/09/2013;01:49:00;33;com vítima;91,164;BR-116/PR;Norte;Colisão Traseira;2;1;1;;;;1
12/09/2013;15:40:00;227;sem vítima;103,1;BR-116/PR;Sul;Colisão Lateral;1;2;;;;;1
12/09/2013;10:31:00;135;sem vítima;104,163;BR-116/PR;Norte;Colisão Traseira;2;2;;;;;1
12/09/2013;06:40:00;68;com vítima;112,081;BR-101/SC;Norte;Queda de Moto;1;2;;;;1;3
12/09/2013;18:56:00;293;com vítima;616,3;BR-376/PR;Sul;Queda de Moto;1;1;1;;;;1
13/09/2013;17:02:00;308;sem vítima;1,35;BR-101/SC;Sul;Colisão Lateral;1;2;;;;;1
13/09/2013;10:32:00;173;com vítima;93,1;BR-116/PR;Sul;Colisão Traseira;3;1;1;;1;;2
13/09/2013;15:46:00;286;com vítima;105,987;BR-101/SC;Norte;Colisão Traseira;1;2;1;;;;1
13/09/2013;17:27:00;315;sem vítima;108,6;BR-101/SC;Sul;Colisão Traseira;1;2;;;;;1
13/09/2013;15:13:00;270;sem vítima;203;BR-101/SC;Sul;Colisão Traseira;2;4;;;;;1
13/09/2013;17:42:00;320;sem vítima;209,72;BR-101/SC;Sul;Engavetamento;2;4;;;;;1
13/09/2013;18:50:00;346;sem vítima;231;BR-101/SC;Sul;Colisão Traseira;1;2;;;;;1
13/09/2013;16:03:00;290;sem vítima;672,033;BR-376/PR;Sul;Colisão Traseira;2;2;;;;;1
13/09/2013;07:29:00;92;sem vítima;672,7;BR-376/PR;Sul;Saida de Pista;1;2;;;;;1
13/09/2013;11:31:00;194;sem vítima;673,2;BR-376/PR;Sul;Colisão Traseira;2;2;;;;;1
14/09/2013;10:33:00;172;sem vítima;198,471;BR-101/SC;Norte;Colisão Lateral;1;2;;;;;1
14/09/2013;18:40:00;345;com vítima;230,77;BR-101/SC;Norte;Colisão Lateral;1;1;1;;;;1
14/09/2013;17:53:00;327;sem vítima;232;BR-101/SC;Sul;Colisão Transversal;1;3;;;;;1
14/09/2013;06:25:00;85;sem vítima;639,001;BR-376/PR;Sul;Saida de Pista;1;2;;;;;1
14/09/2013;17:24:00;316;sem vítima;641,4;BR-376/PR;Norte;Colisão Traseira;1;2;;;;;1
14/09/2013;15:29:00;277;com vítima;668,627;BR-376/PR;Sul;Tombamento;1;0;1;;;;1
14/09/2013;03:41:00;59;sem vítima;672,68;BR-376/PR;Sul;Colisão Traseira;2;2;;;;;1
15/09/2013;18:12:00;326;sem vítima;87,984;BR-101/SC;Norte;Engavetamento;1;4;;;;;1
15/09/2013;19:45:00;404;sem vítima;235,95;BR-101/SC;Norte;Colisão Lateral;1;2;;;;;1
16/09/2013;08:59:00;128;com vítima;43,8;BR-101/SC;Sul;Saida de Pista;1;0;1;;;;1
16/09/2013;22:38:00;348;sem vítima;75,9;BR-116/PR;Norte;Saida de Pista;1;1;;;;;1
16/09/2013;18:14:00;298;sem vítima;92,883;BR-116/PR;Norte;Colisão Lateral;1;2;;;;;1
16/09/2013;12:10:00;189;sem vítima;98;BR-101/SC;Norte;Saida de Pista;1;1;;;;;1
16/09/2013;09:36:00;144;sem vítima;101,301;BR-116/PR;Sul;Colisão Traseira;2;2;;;;;1
16/09/2013;19:09:00;317;sem vítima;120,3;BR-101/SC;Sul;Colisão Traseira;1;2;;;;;1
16/09/2013;08:28:00;121;sem vítima;201,5;BR-101/SC;Sul;Colisão Traseira;1;2;;;;;1
16/09/2013;08:53:00;131;sem vítima;201,5;BR-101/SC;Sul;Colisão Lateral;1;2;;;;;1
16/09/2013;08:43:00;125;sem vítima;215,6;BR-101/SC;Sul;Colisão Traseira;1;2;;;;;1
16/09/2013;08:15:00;136;sem vítima;664,519;BR-376/PR;Sul;Saida de Pista;1;2;;;;;1
16/09/2013;12:51:00;208;sem vítima;668,583;BR-376/PR;Norte;Saida de Pista;1;2;;;;;1
17/09/2013;13:42:00;190;sem vítima;79,65;BR-101/SC;Sul;Colisão Traseira;1;2;;;;;1
17/09/2013;00:38:00;23;sem vítima;99,774;BR-101/SC;Sul;Saida de Pista;1;1;;;;;1
17/09/2013;11:57:00;159;sem vítima;111,3;BR-101/SC;Norte;Colisão Traseira;1;2;;;;;1
17/09/2013;10:53:00;143;sem vítima;111,335;BR-101/SC;Sul;Tombamento;1;1;;;;;1
17/09/2013;00:23:00;21;sem vítima;129,177;BR-101/SC;Sul;Tombamento;1;1;;;;;1
17/09/2013;21:00:00;303;com vítima;198,001;BR-101/SC;Norte;Colisão Lateral;1;1;1;;;;1
17/09/2013;08:57:00;106;sem vítima;652,611;BR-376/PR;Sul;Saida de Pista;1;1;;;;;1
17/09/2013;21:47:00;311;com vítima;659,95;BR-376/PR;Sul;Engavetamento;2;6;1;;;;1
17/09/2013;19:46:00;292;sem vítima;673,1;BR-376/PR;Sul;Tombamento;1;1;;;;;1
17/09/2013;07:24:00;71;sem vítima;673,381;BR-376/PR;Sul;Colisão Traseira;2;2;;;;;1
17/09/2013;13:01:00;179;sem vítima;678,743;BR-376/PR;Sul;Choque - Defensa, barreira ou "submarino";1;1;;;;;1
18/09/2013;21:50:00;377;com vítima;97,94;BR-101/SC;Norte;Tombamento;1;1;1;;;;1
18/09/2013;02:20:00;44;sem vítima;100,3;BR-101/SC;Sul;Choque - Defensa, barreira ou "submarino";1;1;;;;;1
18/09/2013;19:04:00;338;sem vítima;131,672;BR-101/SC;Norte;Colisão Transversal;1;2;;;;;1
18/09/2013;14:40:00;250;com vítima;210,001;BR-101/SC;Sul;Colisão Lateral;1;1;1;;;;1
18/09/2013;06:32:00;63;sem vítima;671,701;BR-376/PR;Sul;Saida de Pista;1;1;;;;;1
19/09/2013;16:44:00;282;sem vítima;3,908;BR-101/SC;Sul;Saida de Pista;1;1;;;;;1
19/09/2013;17:11:00;288;sem vítima;79,296;BR-101/SC;Sul;Choque - Defensa, barreira ou "submarino";1;1;;;;;1
19/09/2013;02:38:00;46;sem vítima;79,488;BR-116/PR;Norte;Tombamento;1;1;;;;;1
19/09/2013;10:23:00;165;sem vítima;101,501;BR-116/PR;Sul;Saida de Pista;1;1;;;;;1
19/09/2013;17:50:00;299;sem vítima;124,029;BR-101/SC;Norte;Choque - Defensa, barreira ou "submarino";1;1;;;;;1
19/09/2013;22:06:00;343;sem vítima;201,5;BR-101/SC;Norte;Colisão Lateral;1;2;;;;;1
19/09/2013;10:41:00;173;sem vítima;652,172;BR-376/PR;Sul;Colisão Traseira;2;2;;;;;1
19/09/2013;21:52:00;341;sem vítima;671;BR-376/PR;Norte;Colisão Traseira;3;3;;;;;1
19/09/2013;18:38:00;307;sem vítima;680,817;BR-376/PR;Norte;Colisão Transversal;1;2;;;;;1
20/09/2013;09:01:00;114;sem vítima;104,645;BR-101/SC;Sul;Colisão Traseira;1;2;;;;;1
20/09/2013;16:01:00;258;sem vítima;134;BR-101/SC;Norte;Colisão Traseira;1;1;;;;;1
20/09/2013;11:49:00;178;com vítima;169,5;BR-101/SC;Sul;Tombamento;1;0;1;;;;1
20/09/2013;13:52:00;218;sem vítima;170,1;BR-101/SC;Sul;Colisão Traseira;1;2;;;;;1
20/09/2013;17:07:00;274;sem vítima;204,529;BR-101/SC;Sul;Colisão Traseira;1;2;;;;;1
20/09/2013;06:03:00;67;sem vítima;233,1;BR-101/SC;Norte;Tombamento;1;2;;;;;1
20/09/2013;16:11:00;261;com vítima;235,1;BR-101/SC;Norte;Colisão Frontal;2;1;;1;;;2
21/09/2013;17:46:00;288;sem vítima;29,5;BR-101/SC;Sul;Colisão Traseira;1;2;;;;;1
21/09/2013;12:28:00;197;sem vítima;86,679;BR-101/SC;Norte;Choque - Defensa, barreira ou "submarino";1;2;;;;;1
21/09/2013;15:22:00;246;com vítima;114,77;BR-116/PR;Sul;Queda de Moto;1;1;1;;;;1
21/09/2013;13:00:00;212;sem vítima;126,707;BR-101/SC;Sul;Colisão Lateral;1;2;;;;;1
21/09/2013;11:55:00;187;com vítima;127,932;BR-101/SC;Sul;Colisão Lateral;1;2;2;;;;1
21/09/2013;01:49:00;43;sem vítima;165,967;BR-101/SC;Sul;Colisão Lateral;1;2;;;;;1
21/09/2013;02:06:00;47;sem vítima;233,534;BR-101/SC;Sul;Colisão Lateral;1;2;;;;;1
21/09/2013;22:03:00;350;sem vítima;631,35;BR-376/PR;Norte;Saida de Pista;1;1;;;;;1
21/09/2013;13:14:00;218;sem vítima;664,868;BR-376/PR;Sul;Colisão Traseira;1;2;;;;;1
21/09/2013;09:40:00;137;com vítima;673,887;BR-376/PR;Sul;Colisão Traseira;3;4;;1;;;2
22/09/2013;15:54:00;201;sem vítima;1,35;BR-101/SC;Norte;Choque - Suporte de Sinalização;1;1;;;;;1
22/09/2013;17:47:00;229;sem vítima;7,363;BR-101/SC;Sul;Colisão Traseira;1;2;;;;;1
22/09/2013;14:36:00;173;sem vítima;38,6;BR-101/SC;Norte;Colisão Lateral;2;2;;;;;1
22/09/2013;01:47:00;41;com vítima;78,6;BR-116/PR;Sul;Tombamento;1;0;1;;;;1
22/09/2013;06:59:00;70;sem vítima;105,558;BR-116/PR;Norte;Tombamento;1;1;;;;;1
22/09/2013;12:01:00;141;sem vítima;656,771;BR-376/PR;Norte;Engavetamento;2;3;;;;;1
23/09/2013;15:22:00;261;sem vítima;4,257;BR-101/SC;Norte;Saida de Pista;1;1;;;;;1
23/09/2013;19:29:00;340;sem vítima;27,7;BR-101/SC;Sul;Colisão Traseira;1;3;;;;;1
23/09/2013;19:32:00;363;sem vítima;27,7;BR-101/SC;Sul;Choque - Objeto sobre a pista;1;2;;;;;1
23/09/2013;12:49:00;203;sem vítima;85,967;BR-116/PR;Norte;Colisão Traseira;2;2;;;;;1
23/09/2013;09:54:00;151;sem vítima;91,201;BR-101/SC;Sul;Colisão Traseira;1;2;;;;;1
23/09/2013;19:23:00;341;com vítima;113,7;BR-101/SC;Sul;Colisão Traseira;1;1;;1;;;2
23/09/2013;14:05:00;228;sem vítima;114,686;BR-101/SC;Sul;Colisão Lateral;1;2;;;;;1
23/09/2013;22:04:00;387;sem vítima;671,7;BR-376/PR;Sul;Saida de Pista;1;1;;;;;1
24/09/2013;11:53:00;192;sem vítima;4,2;BR-101/SC;Norte;Tombamento;1;1;;;;;1
24/09/2013;20:25:00;341;sem vítima;11,643;BR-101/SC;Norte;Tombamento;1;1;;;;;1
24/09/2013;13:56:00;226;com vítima;26,278;BR-101/SC;Sul;Atropelamento - Ciclista;1;1;;1;;;2
24/09/2013;10:24:00;157;sem vítima;57,802;BR-101/SC;Sul;Colisão Lateral;1;2;;;;;1
24/09/2013;00:10:00;19;com vítima;85,547;BR-116/PR;Norte;Colisão Transversal;3;4;1;1;1;1;3
24/09/2013;14:45:00;236;sem vítima;107,1;BR-101/SC;Norte;Colisão Lateral;1;2;;;;;1
24/09/2013;17:44:00;297;sem vítima;129,9;BR-101/SC;Norte;Colisão Traseira;1;2;;;;;1
24/09/2013;12:51:00;209;sem vítima;157,4;BR-101/SC;Sul;Choque - Cancela de Pedagio;1;1;;;;;1
24/09/2013;18:57:00;316;sem vítima;205,1;BR-101/SC;Norte;Colisão Traseira;1;3;;;;;1
24/09/2013;15:59:00;262;com vítima;665,472;BR-376/PR;Sul;Tombamento;1;0;;;;1;3
25/09/2013;05:56:00;88;sem vítima;48,755;BR-101/SC;Sul;Tombamento;1;1;;;;;1
25/09/2013;19:41:00;327;sem vítima;49,12;BR-101/SC;Sul;Colisão Lateral;1;2;;;;;1
25/09/2013;20:07:00;334;sem vítima;160,943;BR-101/SC;Sul;Saida de Pista;1;1;;;;;1
26/09/2013;07:12:00;86;sem vítima;79,353;BR-101/SC;Sul;Colisão Traseira;2;2;;;;;1
26/09/2013;08:43:00;135;com vítima;105,875;BR-116/PR;Sul;Colisão Traseira;2;0;;1;1;;2
26/09/2013;07:28:00;94;sem vítima;125,831;BR-101/SC;Sul;Colisão Lateral;1;2;;;;;1
26/09/2013;15:23:00;291;sem vítima;132,548;BR-101/SC;Sul;Colisão Lateral;1;2;;;;;1
26/09/2013;13:16:00;248;sem vítima;157,4;BR-101/SC;Sul;Colisão Traseira;2;2;;;;;1
26/09/2013;01:48:00;42;sem vítima;160,9;BR-101/SC;Sul;Saida de Pista;1;1;;;;;1
26/09/2013;01:58:00;45;sem vítima;160,9;BR-101/SC;Sul;Saida de Pista;1;1;;;;;1
26/09/2013;18:00:00;336;sem vítima;161,1;BR-101/SC;Norte;Colisão Lateral;1;2;;;;;1
26/09/2013;21:10:00;397;sem vítima;207,3;BR-101/SC;Sul;Colisão Traseira;1;2;;;;;1
26/09/2013;12:51:00;238;sem vítima;615,8;BR-376/PR;Norte;Colisão Lateral;1;2;;;;;1
26/09/2013;14:20:00;267;sem vítima;633,903;BR-376/PR;Norte;Colisão Lateral;1;3;;;;;1
26/09/2013;18:08:00;338;sem vítima;664,937;BR-376/PR;Norte;Colisão Frontal;2;2;;;;;1
27/09/2013;18:48:00;404;sem vítima;37,962;BR-101/SC;Sul;Engavetamento;2;4;;;;;1
27/09/2013;08:16:00;133;sem vítima;79,5;BR-101/SC;Sul;Colisão Traseira;1;2;;;;;1
27/09/2013;07:53:00;121;sem vítima;92,6;BR-116/PR;Sul;Colisão Traseira;1;2;;;;;1
27/09/2013;17:36:00;372;sem vítima;100,817;BR-116/PR;Sul;Colisão Traseira;2;2;;;;;1
27/09/2013;16:54:00;353;sem vítima;115,653;BR-101/SC;Sul;Colisão Lateral;1;2;;;;;1
27/09/2013;20:59:00;457;sem vítima;117,3;BR-101/SC;Norte;Colisão Transversal;1;2;;;;;1
27/09/2013;14:19:00;289;sem vítima;123,061;BR-101/SC;Norte;Colisão Transversal;1;2;;;;;1
27/09/2013;07:22:00;103;sem vítima;131,383;BR-101/SC;Norte;Colisão Lateral;1;2;;;;;1
27/09/2013;13:54:00;271;sem vítima;222,001;BR-101/SC;Norte;Colisão Traseira;1;2;;;;;1
27/09/2013;15:29:00;317;sem vítima;653,61;BR-376/PR;Sul;Colisão Lateral;1;2;;;;;1
28/09/2013;05:09:00;89;sem vítima;135,5;BR-101/SC;Sul;Colisão Traseira;1;2;;;;;1
28/09/2013;03:48:00;76;sem vítima;152,779;BR-101/SC;Sul;Colisão Lateral;1;4;;;;;1
28/09/2013;16:11:00;266;sem vítima;162,6;BR-101/SC;Norte;Colisão Traseira;2;2;;;;;1
29/09/2013;23:36:00;366;sem vítima;31,9;BR-101/SC;Sul;Colisão Traseira;1;2;;;;;1
29/09/2013;13:25:00;186;sem vítima;32,5;BR-101/SC;Norte;Colisão Lateral;1;2;;;;;1
29/09/2013;08:38:00;110;sem vítima;95,286;BR-116/PR;Sul;Colisão Traseira;1;2;;;;;1
29/09/2013;20:58:00;330;sem vítima;141,4;BR-101/SC;Norte;Colisão Lateral;1;2;;;;;1
29/09/2013;03:24:00;60;sem vítima;160,735;BR-101/SC;Sul;Saida de Pista;1;1;;;;;1
30/09/2013;22:46:00;380;com vítima;21,001;BR-101/SC;Norte;Choque - Defensa, barreira ou "submarino";1;1;1;;;;1
30/09/2013;10:26:00;164;sem vítima;73,4;BR-116/PR;Norte;Colisão Lateral;1;2;;;;;1
30/09/2013;02:17:00;37;sem vítima;201,3;BR-101/SC;Sul;Colisão Traseira;1;2;;;;;1
30/09/2013;08:33:00;112;sem vítima;208,902;BR-101/SC;Sul;Colisão Traseira;1;2;;;;;1
01/10/2013;16:46:00;275;sem vítima;61,936;BR-101/SC;Norte;Colisão Lateral;1;3;;;;;1
01/10/2013;20:10:00;340;sem vítima;85;BR-101/SC;Norte;Colisão Lateral;1;2;;;;;1
01/10/2013;09:05:00;121;sem vítima;105,2;BR-116/PR;Sul;Colisão Lateral;1;2;;;;;1
01/10/2013;12:58:00;200;com vítima;198,898;BR-101/SC;Sul;Colisão Traseira;1;2;2;;;;1
01/10/2013;09:07:00;122;sem vítima;665,6;BR-376/PR;Sul;Engavetamento;3;3;;;;;1
02/10/2013;18:38:00;308;com vítima;17,85;BR-101/SC;Sul;Tombamento;1;0;1;;;;1
02/10/2013;23:55:00;392;sem vítima;49,073;BR-101/SC;Norte;Tombamento;1;1;;;;;1
02/10/2013;05:22:00;55;com vítima;57,965;BR-101/SC;Sul;Tombamento;1;0;2;;;;1
02/10/2013;05:30:00;56;sem vítima;83,313;BR-116/PR;Sul;Tombamento;1;1;;;;;1
02/10/2013;06:59:00;70;sem vítima;83,3;BR-101/SC;Sul;Colisão Traseira;1;1;;;;;1
02/10/2013;09:03:00;106;sem vítima;113,484;BR-101/SC;Sul;Colisão Lateral;1;2;;;;;1
02/10/2013;07:20:00;76;sem vítima;157,371;BR-101/SC;Sul;Colisão Traseira;2;4;;;;;1
02/10/2013;07:53:00;90;sem vítima;202,771;BR-101/SC;Sul;Colisão Traseira;1;2;;;;;1
02/10/2013;16:09:00;244;sem vítima;217,9;BR-101/SC;Sul;Colisão Traseira;1;2;;;;;1
02/10/2013;21:35:00;356;sem vítima;233,4;BR-101/SC;Sul;Engavetamento;1;3;;;;;1
02/10/2013;22:39:00;372;com vítima;238,1;BR-101/SC;Norte;Colisão Traseira;2;2;;1;;;2
02/10/2013;10:19:00;136;sem vítima;621,2;BR-376/PR;Sul;Choque - Defensa, barreira ou "submarino";2;2;;;;;1
02/10/2013;13:54:00;200;sem vítima;667,533;BR-376/PR;Sul;Colisão Traseira;1;1;;;;;1
03/10/2013;20:22:00;302;com vítima;72,698;BR-116/PR;Norte;Tombamento;1;0;;1;;;2
03/10/2013;12:26:00;177;sem vítima;103,674;BR-116/PR;Sul;Saida de Pista;1;1;;;;;1
03/10/2013;10:44:00;141;sem vítima;111,036;BR-116/PR;Norte;Tombamento;1;1;;;;;1
03/10/2013;11:15:00;193;sem vítima;112,123;BR-116/PR;Norte;Colisão Traseira;2;2;;;;;1
03/10/2013;11:13:00;154;sem vítima;112,558;BR-116/PR;Norte;Tombamento;1;1;;;;;1
03/10/2013;18:45:00;281;sem vítima;162,9;BR-101/SC;Norte;Colisão Traseira;2;2;;;;;1
03/10/2013;16:55:00;256;sem vítima;182;BR-101/SC;Norte;Colisão Frontal;1;2;;;;;1
03/10/2013;06:48:00;58;com vítima;235,762;BR-101/SC;Sul;Colisão Frontal;1;1;3;;;;1
03/10/2013;11:46:00;165;com vítima;635,474;BR-376/PR;Norte;Tombamento;1;0;1;;;;1
04/10/2013;22:44:00;457;sem vítima;49,066;BR-101/SC;Norte;Saida de Pista;1;1;;;;;1
04/10/2013;12:25:00;221;sem vítima;51,7;BR-101/SC;Sul;Colisão Lateral;1;2;;;;;1
04/10/2013;16:19:00;318;sem vítima;100,63;BR-101/SC;Norte;Colisão Traseira;1;2;;;;;1
04/10/2013;01:01:00;24;sem vítima;146,6;BR-101/SC;Sul;Colisão Traseira;1;3;;;;;1
04/10/2013;17:16:00;344;sem vítima;193,908;BR-101/SC;Norte;Saida de Pista;1;1;;;;;1
04/10/2013;17:41:00;356;sem vítima;209,406;BR-101/SC;Sul;Colisão Traseira;1;2;;;;;1
04/10/2013;14:30:00;261;sem vítima;210,8;BR-101/SC;Norte;Choque - Objeto sobre a pista;1;2;;;;;1
04/10/2013;06:55:00;81;sem vítima;616,6;BR-376/PR;Norte;Colisão Traseira;1;2;;;;;1
04/10/2013;02:51:00;43;sem vítima;675,356;BR-376/PR;Sul;Saida de Pista;1;1;;;;;1
05/10/2013;13:27:00;225;sem vítima;1,35;BR-101/SC;Norte;Saida de Pista;1;1;;;;;1
05/10/2013;13:49:00;230;sem vítima;82,671;BR-116/PR;Norte;Tombamento;1;1;;;;;1
05/10/2013;07:49:00;109;sem vítima;93,558;BR-116/PR;Norte;Saida de Pista;1;2;;;;;1
05/10/2013;01:12:00;29;sem vítima;110,1;BR-116/PR;Sul;Saida de Pista;1;2;;;;;1
05/10/2013;02:48:00;49;sem vítima;160,599;BR-101/SC;Norte;Saida de Pista;1;1;;;;;1
05/10/2013;09:55:00;158;sem vítima;232,577;BR-101/SC;Sul;Colisão Lateral;1;2;;;;;1
05/10/2013;08:07:00;117;com vítima;673,394;BR-376/PR;Sul;Colisão Traseira;1;2;4;;;;1
06/10/2013;19:26:00;322;sem vítima;4,7;BR-101/SC;Norte;Colisão Traseira;1;2;;;;;1
06/10/2013;16:18:00;257;sem vítima;46,8;BR-101/SC;Norte;Colisão Lateral;2;2;;;;;1
06/10/2013;22:17:00;368;sem vítima;88,52;BR-116/PR;Norte;Tombamento;1;1;;;;;1
06/10/2013;16:23:00;258;sem vítima;664,665;BR-376/PR;Norte;Colisão Traseira;1;2;;;;;1
07/10/2013;07:43:00;96;sem vítima;79,4;BR-101/SC;Norte;Colisão Traseira;1;2;;;;;1
07/10/2013;09:20:00;129;sem vítima;198,7;BR-101/SC;Sul;Choque - Defensa, barreira ou "submarino";1;1;;;;;1
07/10/2013;09:37:00;140;sem vítima;654,639;BR-376/PR;Norte;Saida de Pista;1;1;;;;;1
07/10/2013;07:46:00;98;sem vítima;656,818;BR-376/PR;Norte;Engavetamento;1;5;;;;;1
08/10/2013;09:23:00;163;sem vítima;50,18;BR-101/SC;Norte;Colisão Lateral;1;2;;;;;1
08/10/2013;17:34:00;332;sem vítima;99,559;BR-101/SC;Norte;Colisão Traseira;1;2;;;;;1
08/10/2013;16:40:00;313;sem vítima;106,56;BR-101/SC;Sul;Atropelamento de Animal;1;2;;;;;1
08/10/2013;16:46:00;314;sem vítima;108,4;BR-116/PR;Sul;Colisão Traseira;2;2;;;;;1
08/10/2013;15:41:00;291;sem vítima;118,739;BR-101/SC;Sul;Colisão Transversal;1;2;;;;;1
08/10/2013;18:15:00;351;sem vítima;134,744;BR-101/SC;Norte;Colisão Lateral;1;2;;;;;1
08/10/2013;21:50:00;395;sem vítima;157,369;BR-101/SC;Sul;Colisão Lateral;2;2;;;;;1
08/10/2013;12:38:00;231;sem vítima;635,389;BR-376/PR;Sul;Colisão Traseira;2;2;;;;;1
08/10/2013;17:42:00;335;com vítima;668,399;BR-376/PR;Sul;Tombamento;1;0;;;1;;2
09/10/2013;16:11:00;296;sem vítima;36,206;BR-101/SC;Sul;Choque - Objeto sobre a pista;2;2;;;;;1
09/10/2013;01:36:00;39;sem vítima;87,868;BR-116/PR;Norte;Tombamento;1;2;;;;;1
09/10/2013;08:30:00;120;sem vítima;111,455;BR-116/PR;Sul;Colisão Traseira;2;2;;;;;1
09/10/2013;06:05:00;72;sem vítima;114,95;BR-116/PR;Sul;Tombamento;1;1;;;;;1
09/10/2013;11:38:00;201;sem vítima;655,649;BR-376/PR;Norte;Tombamento;1;1;;;;;1
09/10/2013;09:27:00;143;sem vítima;672,8;BR-376/PR;Sul;Colisão Traseira;1;2;;;;;1
10/10/2013;18:38:00;337;sem vítima;1,35;BR-101/SC;Sul;Colisão Lateral;1;2;;;;;1
10/10/2013;19:54:00;363;sem vítima;1,35;BR-101/SC;Sul;Colisão Lateral;1;2;;;;;1
10/10/2013;10:51:00;162;sem vítima;14,6;BR-101/SC;Norte;Colisão Traseira;2;2;;;;;1
10/10/2013;08:08:00;92;sem vítima;49,2;BR-101/SC;Sul;Colisão Lateral;1;2;;;;;1
10/10/2013;06:27:00;65;sem vítima;99,6;BR-101/SC;Sul;Colisão Lateral;1;2;;;;;1
10/10/2013;14:51:00;256;com vítima;106,1;BR-116/PR;Sul;Colisão Traseira;1;2;;2;;;2
10/10/2013;00:23:00;11;com vítima;124,237;BR-101/SC;Norte;Colisão Traseira;1;1;1;;;;1
10/10/2013;18:12:00;326;sem vítima;132,351;BR-101/SC;Sul;Colisão Lateral;1;2;;;;;1
10/10/2013;16:08:00;288;sem vítima;161,371;BR-101/SC;Norte;Colisão Lateral;1;2;;;;;1
10/10/2013;12:41:00;214;sem vítima;207,1;BR-101/SC;Norte;Colisão Traseira;2;4;;;;;1
10/10/2013;13:39:00;237;sem vítima;207,5;BR-101/SC;Sul;Colisão Lateral;1;2;;;;;1
10/10/2013;11:26:00;180;sem vítima;210,489;BR-101/SC;Norte;Colisão Traseira;2;2;;;;;1
10/10/2013;13:57:00;243;sem vítima;213,341;BR-101/SC;Norte;Colisão Traseira;2;2;;;;;1
10/10/2013;13:59:00;244;com vítima;614,792;BR-376/PR;Norte;Colisão Traseira;1;2;1;;;;1
10/10/2013;07:27:00;75;sem vítima;668,858;BR-376/PR;Sul;Colisão Lateral;1;2;;;;;1
10/10/2013;08:05:00;90;sem vítima;678,117;BR-376/PR;Norte;Colisão Lateral;1;2;;;;;1
11/10/2013;04:33:00;44;sem vítima;56,9;BR-101/SC;Norte;Colisão Traseira;1;3;;;;;1
11/10/2013;17:57:00;379;sem vítima;102,5;BR-116/PR;Sul;Colisão Lateral;1;2;;;;;1
11/10/2013;17:44:00;367;sem vítima;102,675;BR-116/PR;Sul;Colisão Traseira;1;2;;;;;1
11/10/2013;09:33:00;138;sem vítima;113,5;BR-101/SC;Sul;Colisão Lateral;1;2;;;;;1