data;horario;n_da_ocorrencia;tipo_de_ocorrencia;km;trecho;sentido;tipo_de_acidente;caminhao;ilesos;levemente_feridos;moderadamente_feridos;gravemente_feridos;mortos;3
11/10/2013;17:26:00;359;sem vítima;120,592;BR-101/SC;Sul;Colisão Traseira;1;2;;;;;1
11/10/2013;17:00:00;350;sem vítima;162,074;BR-101/SC;Norte;Colisão Frontal;1;2;;;;;1
11/10/2013;07:31:00;89;sem vítima;207,1;BR-101/SC;Sul;Colisão Traseira;2;4;;;;;1
11/10/2013;08:49:00;118;com vítima;208,1;BR-101/SC;Norte;Colisão Traseira;1;2;1;;;;1
12/10/2013;04:04:00;59;com vítima;114,42;BR-101/SC;Norte;Colisão Traseira;1;1;1;;;;1
12/10/2013;09:48:00;153;sem vítima;206,1;BR-101/SC;Norte;Colisão Lateral;1;2;;;;;1
12/10/2013;10:43:00;177;sem vítima;208,182;BR-101/SC;Norte;Colisão Traseira;1;4;;;;;1
12/10/2013;01:14:00;18;sem vítima;234,277;BR-101/SC;Norte;Colisão Traseira;2;3;;;;;1
13/10/2013;11:49:00;194;sem vítima;108,289;BR-116/PR;Sul;Colisão Traseira;1;3;;;;;1
14/10/2013;10:43:00;181;sem vítima;14,134;BR-101/SC;Norte;Colisão Traseira;1;2;;;;;1
14/10/2013;12:16:00;220;sem vítima;86,421;BR-101/SC;Norte;Colisão Transversal;1;2;;;;;1
14/10/2013;15:05:00;278;sem vítima;111,365;BR-101/SC;Norte;Engavetamento;2;3;;;;;1
14/10/2013;15:39:00;291;sem vítima;114;BR-101/SC;Norte;Colisão Traseira;1;2;;;;;1
14/10/2013;09:14:00;146;com vítima;211,601;BR-101/SC;Sul;Colisão Traseira;1;1;;2;;;2
14/10/2013;06:51:00;88;com vítima;635,102;BR-376/PR;Norte;Colisão Traseira;1;2;1;;;;1
14/10/2013;21:50:00;404;sem vítima;653,911;BR-376/PR;Norte;Choque - Defensa, barreira ou "submarino";1;1;;;;;1
15/10/2013;18:16:00;335;sem vítima;25,8;BR-101/SC;Norte;Colisão Traseira;1;2;;;;;1
15/10/2013;16:47:00;310;sem vítima;49,9;BR-101/SC;Norte;Engavetamento;1;4;;;;;1
15/10/2013;15:41:00;291;sem vítima;77,814;BR-116/PR;Norte;Colisão Traseira;2;2;;;;;1
15/10/2013;02:24:00;47;sem vítima;94,12;BR-116/PR;Norte;Saida de Pista;1;1;;;;;1
15/10/2013;23:50:00;417;sem vítima;114,862;BR-101/SC;Norte;Outros;1;1;;;;;1
15/10/2013;14:26:00;266;com vítima;204,51;BR-101/SC;Norte;Colisão Traseira;1;2;1;;;;1
15/10/2013;16:52:00;312;com vítima;207,376;BR-101/SC;Sul;Colisão Transversal;1;4;1;1;;;2
15/10/2013;17:30:00;344;sem vítima;207,4;BR-101/SC;Sul;Colisão Lateral;1;2;;;;;1
15/10/2013;07:43:00;105;com vítima;210,908;BR-101/SC;Norte;Engavetamento;3;2;2;;;;1
16/10/2013;18:07:00;304;sem vítima;7,399;BR-101/SC;Sul;Tombamento;1;1;;;;;1
16/10/2013;19:48:00;330;sem vítima;118,187;BR-101/SC;Sul;Colisão Traseira;1;2;;;;;1
16/10/2013;07:33:00;94;sem vítima;186,1;BR-101/SC;Sul;Colisão Traseira;1;5;;;;;1
16/10/2013;16:47:00;277;sem vítima;208,547;BR-101/SC;Sul;Colisão Lateral;1;2;;;;;1
16/10/2013;19:13:00;320;com vítima;209,698;BR-101/SC;Norte;Queda de Moto;1;1;1;;;;1
16/10/2013;11:29:00;172;sem vítima;232,7;BR-101/SC;Sul;Tombamento;1;2;;;;;1
16/10/2013;16:50:00;278;sem vítima;624,5;BR-376/PR;Sul;Saida de Pista;1;1;;;;;1
16/10/2013;04:28:00;64;com vítima;650,749;BR-376/PR;Norte;Choque - Defensa, barreira ou "submarino";1;1;1;;;;1
16/10/2013;12:08:00;193;sem vítima;658,628;BR-376/PR;Norte;Saida de Pista;1;1;;;;;1
16/10/2013;11:11:00;165;sem vítima;659,112;BR-376/PR;Sul;Colisão Lateral;1;3;;;;;1
16/10/2013;21:35:00;352;sem vítima;671,7;BR-376/PR;Sul;Saida de Pista;1;4;;;;;1
16/10/2013;01:27:00;39;sem vítima;672,8;BR-376/PR;Sul;Tombamento;1;1;;;;;1
17/10/2013;07:56:00;107;sem vítima;1,431;BR-101/SC;Norte;Colisão Traseira;2;2;;;;;1
17/10/2013;17:28:00;285;sem vítima;26,719;BR-101/SC;Sul;Colisão Lateral;1;2;;;;;1
17/10/2013;18:06:00;295;sem vítima;40,524;BR-101/SC;Sul;Colisão Lateral;1;2;;;;;1
17/10/2013;19:28:00;319;com vítima;49,704;BR-101/SC;Norte;Tombamento;2;3;1;;;;1
17/10/2013;12:37:00;204;sem vítima;57,485;BR-101/SC;Sul;Colisão Traseira;1;2;;;;;1
17/10/2013;06:13:00;69;sem vítima;70,75;BR-101/SC;Norte;Colisão Lateral;1;4;;;;;1
17/10/2013;04:11:00;53;sem vítima;104,467;BR-116/PR;Sul;Atropelamento de Animal;1;3;;;;;1
17/10/2013;15:13:00;249;sem vítima;115,931;BR-101/SC;Norte;Colisão Lateral;1;2;;;;;1
17/10/2013;15:31:00;253;sem vítima;131,197;BR-101/SC;Sul;Colisão Traseira;1;2;;;;;1
17/10/2013;20:52:00;334;sem vítima;160,925;BR-101/SC;Sul;Saida de Pista;1;1;;;;;1
17/10/2013;00:16:00;20;sem vítima;202,8;BR-101/SC;Norte;Colisão Lateral;1;2;;;;;1
17/10/2013;19:00:00;315;sem vítima;629,743;BR-376/PR;Norte;Colisão Lateral;1;2;;;;;1
17/10/2013;02:39:00;37;com vítima;651,603;BR-376/PR;Norte;Tombamento;1;1;1;;;;1
17/10/2013;20:13:00;331;sem vítima;673,241;BR-376/PR;Sul;Saida de Pista;1;1;;;;;1
18/10/2013;06:52:00;61;sem vítima;99,7;BR-116/PR;Norte;Saida de Pista;1;1;;;;;1
18/10/2013;13:20:00;215;com vítima;105,5;BR-116/PR;Norte;Colisão Traseira;1;1;1;;;;1
18/10/2013;19:16:00;346;sem vítima;137,172;BR-101/SC;Norte;Colisão Lateral;1;2;;;;;1
18/10/2013;17:21:00;303;sem vítima;158,863;BR-101/SC;Sul;Tombamento;1;1;;;;;1
18/10/2013;21:24:00;370;sem vítima;215,038;BR-101/SC;Sul;Colisão Lateral;1;2;;;;;1
19/10/2013;15:17:00;283;sem vítima;1,35;BR-101/SC;Sul;Colisão Traseira;1;2;;;;;1
19/10/2013;10:49:00;183;sem vítima;6,424;BR-101/SC;Sul;Colisão Traseira;2;2;;;;;1
19/10/2013;01:53:00;49;com vítima;86,607;BR-116/PR;Sul;Colisão Traseira;2;2;1;;;;1
19/10/2013;08:16:00;133;sem vítima;94;BR-101/SC;Sul;Choque - Defensa, barreira ou "submarino";1;6;;;;;1
19/10/2013;15:54:00;295;sem vítima;133,863;BR-101/SC;Norte;Colisão Traseira;1;2;;;;;1
19/10/2013;11:48:00;207;sem vítima;620,725;BR-376/PR;Norte;Colisão Lateral;1;2;;;;;1
19/10/2013;18:19:00;344;sem vítima;646,5;BR-376/PR;Norte;Colisão Traseira;1;2;;;;;1
19/10/2013;09:11:00;148;sem vítima;669,73;BR-376/PR;Sul;Colisão Lateral;1;2;;;;;1
20/10/2013;18:18:00;341;sem vítima;6,001;BR-101/SC;Norte;Colisão Traseira;2;2;;;;;1
20/10/2013;17:51:00;324;sem vítima;14,7;BR-101/SC;Norte;Colisão Traseira;1;2;;;;;1
20/10/2013;09:22:00;129;sem vítima;129,315;BR-101/SC;Norte;Colisão Traseira;2;2;;;;;1
21/10/2013;09:23:00;170;sem vítima;40,047;BR-101/SC;Sul;Colisão Traseira;1;2;;;;;1
21/10/2013;09:22:00;169;sem vítima;102,688;BR-116/PR;Norte;Engavetamento;3;3;;;;;1
21/10/2013;18:28:00;372;sem vítima;132;BR-101/SC;Sul;Colisão Lateral;1;2;;;;;1
21/10/2013;07:57:00;113;sem vítima;145,579;BR-101/SC;Sul;Colisão Lateral;1;2;;;;;1
21/10/2013;18:24:00;369;sem vítima;169,376;BR-101/SC;Sul;Choque - Defensa, barreira ou "submarino";1;1;;;;;1
21/10/2013;16:22:00;326;sem vítima;199,925;BR-101/SC;Norte;Colisão Lateral;1;2;;;;;1
21/10/2013;18:44:00;376;sem vítima;212,773;BR-101/SC;Norte;Engavetamento;2;3;;;;;1
21/10/2013;19:09:00;383;sem vítima;653,2;BR-376/PR;Sul;Saida de Pista;1;1;;;;;1
21/10/2013;01:09:00;31;sem vítima;659,7;BR-376/PR;Norte;Colisão Lateral;1;2;;;;;1
22/10/2013;08:58:00;140;sem vítima;30,638;BR-101/SC;Sul;Colisão Traseira;1;2;;;;;1
22/10/2013;19:18:00;369;sem vítima;31,8;BR-101/SC;Sul;Colisão Traseira;2;2;;;;;1
22/10/2013;22:00:00;406;sem vítima;59,731;BR-101/SC;Norte;Colisão Lateral;1;2;;;;;1
22/10/2013;21:56:00;402;sem vítima;110,168;BR-101/SC;Norte;Saida de Pista;1;2;;;;;1
22/10/2013;11:44:00;211;sem vítima;680,8;BR-376/PR;Norte;Colisão Traseira;2;2;;;;;1
23/10/2013;19:44:00;345;sem vítima;1,35;BR-101/SC;Sul;Colisão Lateral;1;2;;;;;1
23/10/2013;23:03:00;403;com vítima;10;BR-101/SC;Norte;Colisão Traseira;1;2;1;;;;1
23/10/2013;11:08:00;150;sem vítima;37,771;BR-101/SC;Norte;Choque - Defensa, barreira ou "submarino";1;2;;;;;1
23/10/2013;08:22:00;93;sem vítima;210,147;BR-101/SC;Sul;Colisão Traseira;1;3;;;;;1
23/10/2013;21:21:00;375;sem vítima;228,6;BR-101/SC;Sul;Colisão Traseira;1;2;;;;;1
23/10/2013;08:24:00;96;com vítima;235,071;BR-101/SC;Sul;Colisão Frontal;2;16;7;1;2;1;3
23/10/2013;11:07:00;149;sem vítima;654,05;BR-376/PR;Norte;Colisão Traseira;2;3;;;;;1
24/10/2013;22:16:00;384;sem vítima;102,5;BR-116/PR;Sul;Colisão Lateral;1;2;;;;;1
24/10/2013;15:17:00;268;sem vítima;111,991;BR-116/PR;Sul;Colisão Traseira;1;2;;;;;1
24/10/2013;08:30:00;142;sem vítima;113,631;BR-101/SC;Sul;Colisão Lateral;1;2;;;;;1
24/10/2013;01:17:00;34;sem vítima;117,725;BR-101/SC;Norte;Outros;1;1;;;;;1
24/10/2013;15:46:00;280;sem vítima;180,284;BR-101/SC;Sul;Choque - Defensa, barreira ou "submarino";1;1;;;;;1
24/10/2013;01:13:00;32;sem vítima;191,44;BR-101/SC;Sul;Tombamento;1;1;;;;;1
24/10/2013;21:30:00;378;sem vítima;205,5;BR-101/SC;Norte;Colisão Traseira;2;2;;;;;1
24/10/2013;04:55:00;74;sem vítima;212,9;BR-101/SC;Norte;Colisão Traseira;1;2;;;;;1
24/10/2013;12:02:00;205;sem vítima;619,067;BR-376/PR;Norte;Colisão Lateral;1;2;;;;;1
24/10/2013;01:47:00;39;com vítima;658,375;BR-376/PR;Norte;Saida de Pista;1;0;1;;;;1
25/10/2013;16:02:00;244;sem vítima;1,6;BR-101/SC;Sul;Colisão Lateral;1;2;;;;;1
25/10/2013;06:14:00;65;sem vítima;46,993;BR-101/SC;Sul;Colisão Traseira;2;2;;;;;1
25/10/2013;08:25:00;104;sem vítima;107,513;BR-116/PR;Sul;Saida de Pista;1;1;;;;;1
25/10/2013;21:29:00;351;sem vítima;140,305;BR-101/SC;Sul;Colisão Traseira;2;2;;;;;1
25/10/2013;17:31:00;280;com vítima;148,785;BR-101/SC;Sul;Engavetamento;2;2;;;1;;2
25/10/2013;20:54:00;337;sem vítima;161,16;BR-101/SC;Norte;Colisão Lateral;1;2;;;;;1
25/10/2013;20:26:00;329;sem vítima;162,668;BR-101/SC;Norte;Colisão Traseira;1;2;;;;;1
25/10/2013;17:38:00;285;sem vítima;201,8;BR-101/SC;Norte;Colisão Lateral;1;2;;;;;1
25/10/2013;09:47:00;130;sem vítima;208;BR-101/SC;Sul;Colisão Lateral;1;2;;;;;1
25/10/2013;18:57:00;303;sem vítima;212,7;BR-101/SC;Norte;Colisão Lateral;1;2;;;;;1
25/10/2013;20:11:00;327;sem vítima;637,831;BR-376/PR;Norte;Saida de Pista;1;1;;;;;1
25/10/2013;08:36:00;111;sem vítima;666,348;BR-376/PR;Sul;Engavetamento;2;4;;;;;1
25/10/2013;08:36:00;144;sem vítima;666,348;BR-376/PR;Sul;Colisão Traseira;2;2;;;;;1
25/10/2013;12:57:00;197;com vítima;676,129;BR-376/PR;Sul;Engavetamento;2;3;1;;;;1
26/10/2013;20:52:00;324;sem vítima;2,198;BR-101/SC;Sul;Colisão Lateral;2;2;;;;;1
26/10/2013;03:58:00;60;sem vítima;51,8;BR-101/SC;Norte;Colisão Lateral;2;2;;;;;1
26/10/2013;23:27:00;356;sem vítima;86,4;BR-116/PR;Norte;Colisão Traseira;1;2;;;;;1
26/10/2013;12:24:00;193;sem vítima;92,966;BR-116/PR;Sul;Saida de Pista;1;1;;;;;1
26/10/2013;15:32:00;243;com vítima;102,498;BR-116/PR;Sul;Tombamento;1;0;;;1;;2
26/10/2013;10:16:00;150;com vítima;117,5;BR-101/SC;Sul;Colisão Traseira;1;1;1;;;;1
26/10/2013;08:52:00;118;com vítima;209,934;BR-101/SC;Norte;Colisão Traseira;1;1;2;;;;1
26/10/2013;00:19:00;20;sem vítima;665;BR-376/PR;Sul;Saida de Pista;1;1;;;;;1
26/10/2013;14:38:00;225;sem vítima;668,498;BR-376/PR;Sul;Tombamento;1;1;;;;;1
27/10/2013;07:03:00;83;sem vítima;196,306;BR-101/SC;Sul;Colisão Traseira;1;2;;;;;1
27/10/2013;17:05:00;282;sem vítima;617,2;BR-376/PR;Norte;Colisão Lateral;1;2;;;;;1
27/10/2013;06:35:00;75;sem vítima;652,478;BR-376/PR;Norte;Tombamento;1;1;;;;;1
27/10/2013;13:53:00;201;sem vítima;655,623;BR-376/PR;Sul;Queda de Moto;1;2;;;;;1
28/10/2013;18:35:00;383;sem vítima;1,35;BR-101/SC;Sul;Colisão Traseira;1;2;;;;;1
28/10/2013;16:43:00;343;sem vítima;94,179;BR-101/SC;Sul;Colisão Traseira;1;2;;;;;1
28/10/2013;21:31:00;418;com vítima;150,127;BR-101/SC;Sul;Colisão Traseira;1;4;1;1;;;2
28/10/2013;12:28:00;236;sem vítima;213,067;BR-101/SC;Sul;Colisão Lateral;1;2;;;;;1
29/10/2013;12:37:00;225;sem vítima;1,35;BR-101/SC;Norte;Choque - Cancela de Pedagio;1;1;;;;;1
29/10/2013;13:16:00;253;sem vítima;4,195;BR-101/SC;Norte;Colisão Traseira;2;2;;;;;1
29/10/2013;15:04:00;290;sem vítima;13,727;BR-101/SC;Norte;Colisão Traseira;1;3;;;;;1
29/10/2013;15:54:00;306;sem vítima;46,4;BR-101/SC;Sul;Colisão Lateral;2;2;;;;;1
29/10/2013;22:39:00;426;sem vítima;82,9;BR-116/PR;Norte;Colisão Lateral;1;2;;;;;1
29/10/2013;07:43:00;109;sem vítima;107;BR-101/SC;Sul;Colisão Traseira;1;2;;;;;1
29/10/2013;16:00:00;309;sem vítima;112,5;BR-101/SC;Norte;Colisão Traseira;1;2;;;;;1
29/10/2013;22:40:00;427;sem vítima;117,238;BR-101/SC;Sul;Colisão Lateral;1;2;;;;;1
29/10/2013;11:11:00;199;sem vítima;130,5;BR-101/SC;Sul;Colisão Traseira;1;2;;;;;1
29/10/2013;15:36:00;302;sem vítima;131,2;BR-101/SC;Sul;Colisão Traseira;1;2;;;;;1
29/10/2013;08:19:00;124;com vítima;141,3;BR-101/SC;Norte;Capotamento;1;1;1;;;;1
29/10/2013;07:17:00;98;sem vítima;152,1;BR-101/SC;Sul;Colisão Traseira;1;2;;;;;1
29/10/2013;12:40:00;229;sem vítima;209,853;BR-101/SC;Norte;Colisão Traseira;1;2;;;;;1
29/10/2013;08:08:00;120;sem vítima;212,406;BR-101/SC;Norte;Colisão Traseira;1;3;;;;;1
29/10/2013;08:10:00;121;sem vítima;212,41;BR-101/SC;Norte;Colisão Lateral;1;2;;;;;1
30/10/2013;11:13:00;176;sem vítima;33,926;BR-101/SC;Sul;Colisão Traseira;1;2;;;;;1
30/10/2013;19:28:00;370;sem vítima;665,378;BR-376/PR;Sul;Saida de Pista;1;1;;;;;1
31/10/2013;18:36:00;321;sem vítima;1,35;BR-101/SC;Sul;Colisão Lateral;1;2;;;;;1
31/10/2013;20:33:00;356;sem vítima;1,35;BR-101/SC;Sul;Colisão Transversal;1;2;;;;;1
31/10/2013;22:17:00;374;sem vítima;79,301;BR-101/SC;Norte;Choque - Defensa, barreira ou "submarino";1;2;;;;;1
31/10/2013;22:49:00;379;sem vítima;113,529;BR-116/PR;Sul;Colisão Traseira;2;2;;;;;1
31/10/2013;01:22:00;33;sem vítima;663,861;BR-376/PR;Norte;Tombamento;1;1;;;;;1
31/10/2013;05:18:00;65;sem vítima;664,298;BR-376/PR;Norte;Tombamento;1;1;;;;;1
31/10/2013;13:16:00;222;sem vítima;674,531;BR-376/PR;Norte;Saida de Pista;1;1;;;;;1
31/10/2013;19:36:00;343;sem vítima;679,2;BR-376/PR;Sul;Saida de Pista;1;1;;;;;1
01/11/2013;18:48:00;340;sem vítima;1,35;BR-101/SC;Sul;Colisão Lateral;1;2;;;;;1
01/11/2013;01:02:00;29;com vítima;79,477;BR-116/PR;Norte;Choque - Objeto sobre a pista;2;4;1;;;;1
01/11/2013;10:47:00;167;com vítima;198,252;BR-101/SC;Sul;Engavetamento;1;4;1;;;;1
01/11/2013;12:21:00;200;sem vítima;628,024;BR-376/PR;Norte;Saida de Pista;1;2;;;;;1
01/11/2013;07:13:00;82;sem vítima;635,457;BR-376/PR;Norte;Colisão Traseira;2;2;;;;;1
01/11/2013;00:38:00;22;sem vítima;652,57;BR-376/PR;Sul;Saida de Pista;1;1;;;;;1
01/11/2013;15:18:00;254;com vítima;665,8;BR-376/PR;Sul;Tombamento;1;0;1;;;;1
02/11/2013;06:12:00;68;sem vítima;135,389;BR-101/SC;Sul;Colisão Traseira;1;3;;;;;1
02/11/2013;07:04:00;78;sem vítima;195,405;BR-101/SC;Sul;Colisão Traseira;1;2;;;;;1
02/11/2013;00:15:00;15;sem vítima;658,303;BR-376/PR;Norte;Colisão Traseira;2;2;;;;;1
02/11/2013;03:37:00;54;sem vítima;665;BR-376/PR;Sul;Saida de Pista;1;1;;;;;1
02/11/2013;00:09:00;14;sem vítima;670,391;BR-376/PR;Norte;Colisão Traseira;2;2;;;;;1
02/11/2013;00:16:00;16;sem vítima;673,279;BR-376/PR;Sul;Choque - Defensa, barreira ou "submarino";1;2;;;;;1
03/11/2013;22:31:00;344;sem vítima;1,35;BR-101/SC;Norte;Colisão Lateral;1;2;;;;;1
03/11/2013;08:21:00;87;sem vítima;99,633;BR-116/PR;Norte;Tombamento;1;1;;;;;1
03/11/2013;22:10:00;338;com vítima;629,3;BR-376/PR;Norte;Colisão Traseira;1;3;1;1;;;2
03/11/2013;16:46:00;223;sem vítima;659,2;BR-376/PR;Norte;Saida de Pista;1;1;;;;;1
04/11/2013;06:41:00;80;sem vítima;4,783;BR-101/SC;Norte;Colisão Lateral;1;2;;;;;1
04/11/2013;09:28:00;126;sem vítima;57,561;BR-101/SC;Sul;Colisão Lateral;1;2;;;;;1
04/11/2013;15:12:00;215;com vítima;115,21;BR-101/SC;Sul;Colisão Traseira;1;1;1;;;;1
04/11/2013;08:11:00;106;sem vítima;117,201;BR-101/SC;Norte;Colisão Traseira;1;2;;;;;1
04/11/2013;08:26:00;111;sem vítima;122,735;BR-101/SC;Norte;Colisão Lateral;1;2;;;;;1
04/11/2013;17:42:00;273;sem vítima;657,8;BR-376/PR;Sul;;1;1;;;;;1
04/11/2013;17:27:00;264;sem vítima;658,3;BR-376/PR;Sul;Colisão Lateral;1;2;;;;;1
04/11/2013;18:49:00;295;sem vítima;665,48;BR-376/PR;Sul;Tombamento;1;1;;;;;1
04/11/2013;07:43:00;93;sem vítima;668,558;BR-376/PR;Sul;Tombamento;1;1;;;;;1
04/11/2013;20:23:00;319;sem vítima;671,7;BR-376/PR;Sul;Saida de Pista;1;1;;;;;1
05/11/2013;08:28:00;114;sem vítima;39,924;BR-101/SC;Norte;Colisão Traseira;1;4;;;;;1
05/11/2013;11:47:00;195;sem vítima;53,957;BR-101/SC;Norte;Colisão Lateral;1;2;;;;;1
05/11/2013;15:02:00;259;sem vítima;81,56;BR-101/SC;Sul;Colisão Traseira;2;3;;;;;1
05/11/2013;18:56:00;340;sem vítima;102;BR-116/PR;Sul;Engavetamento;2;3;;;;;1
05/11/2013;08:09:00;101;sem vítima;204,1;BR-101/SC;Norte;Colisão Lateral;1;2;;;;;1
05/11/2013;07:23:00;82;sem vítima;215,7;BR-101/SC;Norte;Engavetamento;2;3;;;;;1
05/11/2013;10:27:00;159;com vítima;242,242;BR-101/SC;Norte;Tombamento;1;1;1;;;;1
05/11/2013;07:13:00;77;sem vítima;616,582;BR-376/PR;Norte;Colisão Lateral;1;2;;;;;1
05/11/2013;18:42:00;337;sem vítima;621,1;BR-376/PR;Norte;Colisão Lateral;1;2;;;;;1
05/11/2013;18:16:00;328;sem vítima;666,1;BR-376/PR;Sul;Colisão Traseira;2;2;;;;;1
05/11/2013;09:29:00;134;com vítima;679,376;BR-376/PR;Sul;Saida de Pista;1;0;1;;;;1
06/11/2013;17:06:00;287;sem vítima;97,5;BR-116/PR;Sul;Colisão Traseira;2;2;;;;;1
06/11/2013;17:44:00;302;sem vítima;98,02;BR-101/SC;Norte;Engavetamento;1;3;;;;;1
06/11/2013;16:31:00;269;sem vítima;104,856;BR-101/SC;Sul;Colisão Lateral;2;2;;;;;1
06/11/2013;12:58:00;205;sem vítima;111,059;BR-101/SC;Sul;Colisão Lateral;1;2;;;;;1
06/11/2013;06:09:00;66;sem vítima;227,749;BR-101/SC;Sul;Colisão Traseira;2;2;;;;;1
06/11/2013;11:17:00;183;sem vítima;616,791;BR-376/PR;Sul;Colisão Traseira;1;3;;;;;1
07/11/2013;22:10:00;363;sem vítima;6,3;BR-101/SC;Sul;Colisão Lateral;3;3;;;;;1
07/11/2013;13:54:00;198;com vítima;22,1;BR-101/SC;Norte;Colisão Lateral;1;2;1;;;;1
07/11/2013;05:19:00;59;com vítima;24,399;BR-101/SC;Norte;Colisão Lateral;1;2;1;;;;1
07/11/2013;22:24:00;374;sem vítima;64,95;BR-101/SC;Sul;Saida de Pista;1;1;;;;;1
07/11/2013;22:00:00;360;sem vítima;94,2;BR-116/PR;Norte;Saida de Pista;1;1;;;;;1
07/11/2013;17:20:00;286;com vítima;194,135;BR-101/SC;Sul;Colisão Lateral;1;1;1;;;;1
07/11/2013;18:43:00;315;sem vítima;203,551;BR-101/SC;Sul;Colisão Lateral;1;2;;;;;1
07/11/2013;18:46:00;317;sem vítima;210,105;BR-101/SC;Sul;Colisão Traseira;1;2;;;;;1
07/11/2013;16:27:00;273;com vítima;628,613;BR-376/PR;Sul;Colisão Traseira;4;4;2;;;;1
07/11/2013;16:14:00;266;sem vítima;672,8;BR-376/PR;Sul;Colisão Traseira;2;2;;;;;1
08/11/2013;10:07:00;139;sem vítima;99,1;BR-101/SC;Norte;Outros;1;1;;;;;1
08/11/2013;12:15:00;179;com vítima;102,814;BR-116/PR;Norte;Engavetamento;1;2;1;;;;1
08/11/2013;07:59:00;101;sem vítima;131,001;BR-101/SC;Sul;Engavetamento;1;3;;;;;1
08/11/2013;14:49:00;230;sem vítima;133,104;BR-101/SC;Sul;Capotamento;1;2;;;;;1
08/11/2013;12:16:00;181;sem vítima;199,3;BR-101/SC;Sul;Colisão Traseira;2;2;;;;;1
08/11/2013;14:44:00;226;sem vítima;201,2;BR-101/SC;Sul;Colisão Lateral;1;3;;;;;1
08/11/2013;08:11:00;103;sem vítima;202,4;BR-101/SC;Sul;Colisão Lateral;1;2;;;;;1
08/11/2013;16:58:00;286;sem vítima;211,6;BR-101/SC;Sul;Colisão Traseira;1;3;;;;;1
08/11/2013;19:56:00;346;com vítima;660,328;BR-376/PR;Sul;Tombamento;2;1;;;;1;3
08/11/2013;05:15:00;66;sem vítima;662,677;BR-376/PR;Norte;Saida de Pista;1;1;;;;;1
08/11/2013;08:37:00;111;sem vítima;665,466;BR-376/PR;Sul;Outros;1;1;;;;;1
08/11/2013;16:11:00;267;sem vítima;665,9;BR-376/PR;Norte;Colisão Lateral;1;2;;;;;1
08/11/2013;14:37:00;222;sem vítima;671,001;BR-376/PR;Norte;Colisão Traseira;1;2;;;;;1
09/11/2013;15:52:00;273;com vítima;99,544;BR-101/SC;Norte;Colisão Lateral;1;1;1;;;;1
09/11/2013;08:47:00;131;sem vítima;157,398;BR-101/SC;Sul;Colisão Traseira;1;2;;;;;1
09/11/2013;09:07:00;141;sem vítima;202,634;BR-101/SC;Sul;Colisão Lateral;1;2;;;;;1
09/11/2013;16:40:00;290;sem vítima;212,7;BR-101/SC;Norte;Colisão Traseira;1;2;;;;;1
09/11/2013;07:49:00;111;sem vítima;668,479;BR-376/PR;Norte;Saida de Pista;1;2;;;;;1
09/11/2013;02:02:00;40;com vítima;674,376;BR-376/PR;Norte;Colisão Traseira;2;1;1;;;;1
10/11/2013;03:40:00;73;sem vítima;201,7;BR-101/SC;Sul;Colisão Lateral;1;2;;;;;1
10/11/2013;22:53:00;376;sem vítima;634,964;BR-376/PR;Norte;Tombamento;1;1;;;;;1
10/11/2013;20:55:00;349;sem vítima;670,792;BR-376/PR;Norte;Tombamento;1;1;;;;;1
11/11/2013;04:14:00;63;sem vítima;83,7;BR-116/PR;Norte;Saida de Pista;1;1;;;;;1
11/11/2013;01:04:00;23;sem vítima;91,517;BR-116/PR;Norte;Saida de Pista;1;1;;;;;1
11/11/2013;08:13:00;104;sem vítima;108,87;BR-116/PR;Sul;Saida de Pista;1;1;;;;;1
11/11/2013;14:00:00;235;sem vítima;116,001;BR-101/SC;Norte;Colisão Lateral;1;2;;;;;1
11/11/2013;15:48:00;289;sem vítima;157,4;BR-101/SC;Sul;Colisão Traseira;1;2;;;;;1
11/11/2013;12:49:00;221;sem vítima;618,086;BR-376/PR;Norte;Choque - Defensa, barreira ou "submarino";2;2;;;;;1
11/11/2013;14:02:00;239;sem vítima;666,221;BR-376/PR;Norte;Colisão Traseira;2;2;;;;;1
11/11/2013;02:48:00;38;sem vítima;671,7;BR-376/PR;Sul;Saida de Pista;1;1;;;;;1
12/11/2013;10:16:00;160;sem vítima;44,674;BR-101/SC;Norte;Colisão Traseira;2;2;;;;;1
12/11/2013;17:36:00;338;sem vítima;111,69;BR-101/SC;Norte;Colisão Traseira;2;2;;;;;1
12/11/2013;05:54:00;68;sem vítima;116,832;BR-101/SC;Sul;Tombamento;1;2;;;;;1
12/11/2013;03:32:00;56;sem vítima;180,3;BR-101/SC;Sul;Choque - Defensa, barreira ou "submarino";1;1;;;;;1
12/11/2013;00:38:00;39;sem vítima;184,811;BR-101/SC;Sul;Colisão Lateral;1;2;;;;;1
12/11/2013;17:08:00;322;sem vítima;199,9;BR-101/SC;Norte;Colisão Traseira;1;2;;;;;1
12/11/2013;13:50:00;230;sem vítima;206,3;BR-101/SC;Sul;Colisão Traseira;2;3;;;;;1
12/11/2013;08:33:00;121;sem vítima;651;BR-376/PR;Sul;Choque - Defensa, barreira ou "submarino";1;2;;;;;1
13/11/2013;10:48:00;199;sem vítima;102;BR-116/PR;Sul;Colisão Lateral;1;2;;;;;1
13/11/2013;22:49:00;475;com vítima;113,9;BR-116/PR;Sul;Queda de Moto;1;1;;;;1;3
13/11/2013;07:23:00;100;sem vítima;114,7;BR-116/PR;Sul;Engavetamento;2;6;;;;;1
13/11/2013;17:50:00;383;sem vítima;115,2;BR-101/SC;Norte;Colisão Traseira;1;2;;;;;1
13/11/2013;20:22:00;442;sem vítima;117,1;BR-101/SC;Sul;Saida de Pista;1;1;;;;;1
13/11/2013;19:23:00;417;sem vítima;118;BR-101/SC;Sul;Colisão Lateral;1;2;;;;;1