data;horario;n_da_ocorrencia;tipo_de_ocorrencia;km;trecho;sentido;tipo_de_acidente;caminhao;ilesos;levemente_feridos;moderadamente_feridos;gravemente_feridos;mortos;3
13/11/2013;08:49:00;147;sem vítima;157,4;BR-101/SC;Sul;Colisão Traseira;2;2;;;;;1
13/11/2013;13:31:00;262;sem vítima;162;BR-101/SC;Norte;Colisão Lateral;1;2;;;;;1
13/11/2013;22:34:00;473;sem vítima;206;BR-101/SC;Sul;Colisão Traseira;1;2;;;;;1
13/11/2013;17:47:00;381;com vítima;619,408;BR-376/PR;Sul;Colisão Traseira;1;1;1;;;;1
13/11/2013;11:50:00;225;sem vítima;661,586;BR-376/PR;Sul;Saida de Pista;1;1;;;;;1
13/11/2013;02:08:00;51;com vítima;663,37;BR-376/PR;Norte;Colisão Traseira;1;1;2;;1;;2
13/11/2013;19:35:00;421;sem vítima;671,7;BR-376/PR;Sul;Saida de Pista;1;1;;;;;1
13/11/2013;21:59:00;470;com vítima;673,3;BR-376/PR;Sul;Colisão Traseira;1;1;;1;;;2
13/11/2013;17:11:00;364;sem vítima;673,8;BR-376/PR;Sul;Colisão Lateral;1;2;;;;;1
14/11/2013;23:03:00;492;sem vítima;1,35;BR-101/SC;Sul;Colisão Lateral;1;2;;;;;1
14/11/2013;12:17:00;226;sem vítima;39,284;BR-101/SC;Norte;Colisão Lateral;1;2;;;;;1
14/11/2013;10:13:00;181;sem vítima;39,793;BR-101/SC;Norte;Colisão Transversal;2;2;;;;;1
14/11/2013;23:43:00;510;sem vítima;49,205;BR-101/SC;Sul;Colisão Lateral;1;4;;;;;1
14/11/2013;04:50:00;55;com vítima;72,001;BR-101/SC;Norte;Colisão Traseira;1;1;1;;;;1
14/11/2013;07:51:00;120;sem vítima;98,9;BR-116/PR;Sul;Colisão Lateral;1;2;;;;;1
14/11/2013;15:32:00;311;sem vítima;100,294;BR-116/PR;Sul;Colisão Traseira;1;2;;;;;1
14/11/2013;19:12:00;409;sem vítima;102,2;BR-116/PR;Sul;;1;2;;;;;1
14/11/2013;11:04:00;202;com vítima;108,618;BR-116/PR;Sul;Saida de Pista;1;0;;1;;;2
14/11/2013;07:07:00;101;sem vítima;109;BR-116/PR;Sul;Saida de Pista;1;1;;;;;1
14/11/2013;16:47:00;355;sem vítima;114,5;BR-101/SC;Norte;Colisão Lateral;1;2;;;;;1
14/11/2013;08:07:00;122;com vítima;117,449;BR-101/SC;Sul;Engavetamento;2;5;1;;;;1
14/11/2013;11:55:00;216;sem vítima;133,991;BR-101/SC;Sul;Colisão Lateral;1;3;;;;;1
14/11/2013;10:39:00;191;sem vítima;204,7;BR-101/SC;Sul;Colisão Traseira;1;3;;;;;1
14/11/2013;14:09:00;272;sem vítima;629,622;BR-376/PR;Sul;Colisão Lateral;1;2;;;;;1
14/11/2013;13:27:00;255;com vítima;646,615;BR-376/PR;Sul;Colisão Lateral;1;2;2;;;;1
14/11/2013;16:35:00;351;sem vítima;670,968;BR-376/PR;Sul;Engavetamento;1;3;;;;;1
15/11/2013;19:31:00;451;sem vítima;1,35;BR-101/SC;Sul;Colisão Traseira;1;2;;;;;1
15/11/2013;21:39:00;489;sem vítima;1,35;BR-101/SC;Sul;Colisão Traseira;1;2;;;;;1
15/11/2013;13:03:00;268;sem vítima;46,831;BR-101/SC;Sul;Colisão Traseira;1;2;;;;;1
15/11/2013;20:17:00;463;sem vítima;192,222;BR-101/SC;Sul;Colisão Traseira;1;2;;;;;1
15/11/2013;18:40:00;431;sem vítima;203,586;BR-101/SC;Sul;Colisão Lateral;1;2;;;;;1
15/11/2013;05:04:00;83;sem vítima;234,515;BR-101/SC;Sul;Saida de Pista;1;1;;;;;1
15/11/2013;01:45:00;69;sem vítima;635,3;BR-376/PR;Sul;Colisão Traseira;1;2;;;;;1
15/11/2013;17:17:00;385;sem vítima;679;BR-376/PR;Sul;Colisão Lateral;2;2;;;;;1
15/11/2013;20:53:00;474;sem vítima;681,001;BR-376/PR;Sul;Colisão Traseira;2;2;;;;;1
16/11/2013;21:23:00;340;com vítima;137,861;BR-101/SC;Norte;Engavetamento;1;3;2;;;;1
16/11/2013;14:52:00;223;sem vítima;670,001;BR-376/PR;Sul;Colisão Traseira;1;2;;;;;1
17/11/2013;08:41:00;109;sem vítima;124,677;BR-101/SC;Sul;Colisão Traseira;1;2;;;;;1
17/11/2013;07:01:00;84;sem vítima;126,8;BR-101/SC;Sul;Colisão Traseira;1;2;;;;;1
17/11/2013;09:59:00;138;com vítima;146,558;BR-101/SC;Norte;Engavetamento;1;5;2;;;;1
18/11/2013;15:21:00;302;sem vítima;22,3;BR-101/SC;Norte;Colisão Traseira;1;2;;;;;1
18/11/2013;10:32:00;193;sem vítima;24,512;BR-101/SC;Norte;Colisão Traseira;1;2;;;;;1
18/11/2013;16:46:00;336;sem vítima;30,001;BR-101/SC;Norte;Colisão Lateral;1;2;;;;;1
18/11/2013;05:38:00;106;com vítima;50,781;BR-101/SC;Sul;Tombamento;1;0;1;;;;1
18/11/2013;19:16:00;382;sem vítima;106,624;BR-116/PR;Sul;Saida de Pista;1;1;;;;;1
18/11/2013;10:07:00;187;sem vítima;114,4;BR-116/PR;Sul;Colisão Lateral;1;3;;;;;1
18/11/2013;13:35:00;260;sem vítima;145,371;BR-101/SC;Norte;Engavetamento;1;4;;;;;1
18/11/2013;22:19:00;426;sem vítima;198,035;BR-101/SC;Sul;Saida de Pista;1;1;;;;;1
18/11/2013;10:40:00;198;sem vítima;231,344;BR-101/SC;Sul;Colisão Lateral;2;2;;;;;1
18/11/2013;08:25:00;154;sem vítima;671,5;BR-376/PR;Sul;Colisão Traseira;2;2;;;;;1
19/11/2013;23:37:00;386;sem vítima;25,747;BR-101/SC;Sul;Colisão Traseira;1;3;;;;;1
19/11/2013;00:16:00;28;com vítima;77,251;BR-116/PR;Norte;Colisão Traseira;2;1;1;;;;1
19/11/2013;10:54:00;171;sem vítima;113,2;BR-116/PR;Norte;Colisão Traseira;1;2;;;;;1
19/11/2013;08:04:00;106;sem vítima;138,077;BR-101/SC;Sul;Colisão Transversal;1;3;;;;;1
19/11/2013;14:41:00;245;sem vítima;157,4;BR-101/SC;Sul;Colisão Traseira;2;2;;;;;1
19/11/2013;16:33:00;289;sem vítima;206,958;BR-101/SC;Sul;Engavetamento;1;3;;;;;1
19/11/2013;19:59:00;349;sem vítima;666,634;BR-376/PR;Sul;Colisão Traseira;2;2;;;;;1
19/11/2013;16:26:00;287;sem vítima;671,7;BR-376/PR;Sul;Saida de Pista;1;1;;;;;1
20/11/2013;10:52:00;197;sem vítima;28;BR-101/SC;Sul;Choque - Objeto sobre a pista;1;2;;;;;1
20/11/2013;17:45:00;338;sem vítima;52,001;BR-101/SC;Sul;Colisão Lateral;2;2;;;;;1
20/11/2013;16:29:00;318;com vítima;52,9;BR-101/SC;Sul;Colisão Traseira;1;4;1;;;;1
20/11/2013;06:09:00;90;sem vítima;64,251;BR-101/SC;Sul;Saida de Pista;1;1;;;;;1
20/11/2013;06:20:00;96;sem vítima;88,343;BR-116/PR;Norte;Choque - Objeto sobre a pista;1;2;;;;;1
20/11/2013;16:18:00;312;sem vítima;111,434;BR-101/SC;Norte;Engavetamento;1;3;;;;;1
20/11/2013;21:20:00;415;com vítima;173,939;BR-101/SC;Sul;Colisão Lateral;1;1;;1;;;2
20/11/2013;04:18:00;70;sem vítima;205;BR-101/SC;Norte;Colisão Lateral;1;2;;;;;1
20/11/2013;13:56:00;255;com vítima;216,879;BR-101/SC;Norte;Colisão Lateral;1;1;1;1;;;2
20/11/2013;07:23:00;109;sem vítima;614,001;BR-376/PR;Norte;Colisão Traseira;2;2;;;;;1
20/11/2013;10:07:00;177;sem vítima;635,4;BR-376/PR;Sul;Colisão Lateral;2;2;;;;;1
20/11/2013;06:59:00;104;sem vítima;666,342;BR-376/PR;Sul;Engavetamento;3;3;;;;;1
20/11/2013;18:27:00;358;sem vítima;671,098;BR-376/PR;Sul;Colisão Traseira;1;2;;;;;1
20/11/2013;12:40:00;235;sem vítima;680,05;BR-376/PR;Sul;Colisão Traseira;1;3;;;;;1
21/11/2013;22:40:00;418;sem vítima;7;BR-101/SC;Norte;Colisão Lateral;1;2;;;;;1
21/11/2013;23:21:00;427;sem vítima;68,06;BR-101/SC;Sul;Colisão Lateral;1;3;;;;;1
21/11/2013;03:39:00;66;sem vítima;82,247;BR-116/PR;Norte;Tombamento;1;2;;;;;1
21/11/2013;02:35:00;52;sem vítima;83,9;BR-116/PR;Norte;Saida de Pista;1;1;;;;;1
21/11/2013;15:11:00;263;sem vítima;98,854;BR-101/SC;Norte;Tombamento;1;2;;;;;1
21/11/2013;11:00:00;187;sem vítima;160,596;BR-101/SC;Sul;Colisão Traseira;1;2;;;;;1
21/11/2013;12:19:00;216;com vítima;170,831;BR-101/SC;Sul;Choque - Defensa, barreira ou "submarino";1;1;1;;;;1
21/11/2013;01:08:00;32;sem vítima;196,792;BR-101/SC;Sul;Saida de Pista;1;1;;;;;1
21/11/2013;18:30:00;356;sem vítima;208,7;BR-101/SC;Sul;Colisão Traseira;1;2;;;;;1
21/11/2013;08:56:00;143;sem vítima;227,542;BR-101/SC;Sul;Colisão Traseira;1;2;;;;;1
21/11/2013;14:46:00;253;sem vítima;653,72;BR-376/PR;Sul;Colisão Lateral;1;2;;;;;1
21/11/2013;17:59:00;336;sem vítima;662,627;BR-376/PR;Sul;Saida de Pista;1;1;;;;;1
21/11/2013;09:23:00;156;sem vítima;671,7;BR-376/PR;Sul;Saida de Pista;1;1;;;;;1
22/11/2013;13:47:00;217;sem vítima;1,79;BR-101/SC;Sul;Colisão Traseira;1;3;;;;;1
22/11/2013;09:58:00;142;sem vítima;21,95;BR-101/SC;Norte;Saida de Pista;1;1;;;;;1
22/11/2013;20:51:00;354;sem vítima;111,5;BR-101/SC;Sul;Colisão Traseira;1;2;;;;;1
22/11/2013;06:16:00;63;sem vítima;155,809;BR-101/SC;Norte;Colisão Traseira;1;2;;;;;1
22/11/2013;21:35:00;367;sem vítima;165,2;BR-101/SC;Sul;Colisão Traseira;1;2;;;;;1
22/11/2013;12:08:00;192;sem vítima;202,579;BR-101/SC;Norte;Colisão Lateral;1;2;;;;;1
22/11/2013;07:44:00;91;sem vítima;217,077;BR-101/SC;Norte;Colisão Traseira;2;2;;;;;1
22/11/2013;07:36:00;86;sem vítima;643,3;BR-376/PR;Norte;Engavetamento;2;3;;;;;1
22/11/2013;12:11:00;154;sem vítima;652,533;BR-376/PR;Sul;Saida de Pista;1;1;;;;;1
22/11/2013;10:59:00;173;sem vítima;674,02;BR-376/PR;Sul;Saida de Pista;1;1;;;;;1
22/11/2013;11:12:00;185;sem vítima;674,039;BR-376/PR;Sul;Colisão Traseira;2;2;;;;;1
22/11/2013;10:51:00;166;sem vítima;674,8;BR-376/PR;Norte;Saida de Pista;1;3;;;;;1
23/11/2013;16:55:00;270;sem vítima;126,111;BR-101/SC;Norte;Colisão Lateral;1;4;;;;;1
23/11/2013;13:49:00;208;sem vítima;140,001;BR-101/SC;Norte;Colisão Lateral;1;2;;;;;1
23/11/2013;21:55:00;340;sem vítima;231,37;BR-101/SC;Sul;Colisão Lateral;1;2;;;;;1
23/11/2013;16:37:00;264;sem vítima;233;BR-101/SC;Sul;Colisão Lateral;1;2;;;;;1
23/11/2013;20:28:00;322;com vítima;656,677;BR-376/PR;Norte;Saida de Pista;1;1;2;;;;1
23/11/2013;11:09:00;169;sem vítima;663,325;BR-376/PR;Norte;Colisão Lateral;1;2;;;;;1
23/11/2013;15:59:00;249;sem vítima;680,949;BR-376/PR;Norte;Colisão Lateral;2;2;;;;;1
24/11/2013;01:34:00;41;com vítima;37,028;BR-101/SC;Sul;Saida de Pista;1;0;1;;;;1
24/11/2013;21:05:00;319;sem vítima;81,938;BR-116/PR;Norte;Saida de Pista;1;1;;;;;1
24/11/2013;06:01:00;74;sem vítima;88,273;BR-116/PR;Norte;Tombamento;1;2;;;;;1
24/11/2013;07:58:00;102;sem vítima;95,173;BR-116/PR;Sul;Colisão Lateral;1;2;;;;;1
24/11/2013;16:45:00;252;sem vítima;101,117;BR-116/PR;Norte;Saida de Pista;1;1;;;;;1
24/11/2013;11:43:00;156;sem vítima;127,101;BR-101/SC;Norte;Saida de Pista;1;1;;;;;1
24/11/2013;07:38:00;90;sem vítima;201,508;BR-101/SC;Norte;Colisão Lateral;1;3;;;;;1
24/11/2013;16:07:00;234;sem vítima;635,3;BR-376/PR;Norte;Colisão Traseira;1;2;;;;;1
24/11/2013;22:36:00;341;sem vítima;681,929;BR-376/PR;Sul;Choque - Defensa, barreira ou "submarino";1;2;;;;;1
25/11/2013;15:08:00;225;sem vítima;94,558;BR-101/SC;Sul;Colisão Lateral;1;2;;;;;1
25/11/2013;06:44:00;72;sem vítima;110,502;BR-101/SC;Sul;Saida de Pista;1;1;;;;;1
25/11/2013;15:20:00;231;com vítima;150,696;BR-101/SC;Sul;Colisão Lateral;1;1;;;1;;2
25/11/2013;14:51:00;214;sem vítima;207,001;BR-101/SC;Sul;Engavetamento;1;3;;;;;1
25/11/2013;12:00:00;175;sem vítima;209,519;BR-101/SC;Norte;Colisão Traseira;1;2;;;;;1
25/11/2013;22:58:00;358;sem vítima;635,8;BR-376/PR;Norte;Colisão Lateral;1;2;;;;;1
25/11/2013;08:59:00;110;sem vítima;652,457;BR-376/PR;Sul;Saida de Pista;1;1;;;;;1
25/11/2013;15:33:00;236;sem vítima;659,394;BR-376/PR;Norte;Saida de Pista;2;2;;;;;1
26/11/2013;07:53:00;77;sem vítima;10,195;BR-101/SC;Norte;Colisão Lateral;1;2;;;;;1
26/11/2013;00:37:00;29;com vítima;56,545;BR-101/SC;Norte;Colisão Traseira;1;1;1;;;;1
26/11/2013;12:28:00;160;sem vítima;92,2;BR-101/SC;Norte;Colisão Lateral;1;2;;;;;1
26/11/2013;18:04:00;263;sem vítima;99,589;BR-116/PR;Norte;Saida de Pista;1;1;;;;;1
26/11/2013;10:24:00;129;sem vítima;101,4;BR-101/SC;Sul;Colisão Traseira;2;3;;;;;1
26/11/2013;13:44:00;183;sem vítima;112,062;BR-116/PR;Sul;Colisão Lateral;2;2;;;;;1
26/11/2013;09:21:00;109;sem vítima;118,3;BR-101/SC;Sul;Colisão Lateral;1;2;;;;;1
26/11/2013;19:03:00;281;com vítima;139,342;BR-101/SC;Sul;Colisão Lateral;1;1;1;;;;1
26/11/2013;13:58:00;187;sem vítima;195,095;BR-101/SC;Sul;Engavetamento;1;3;;;;;1
26/11/2013;09:05:00;105;sem vítima;622,406;BR-376/PR;Norte;Saida de Pista;1;1;;;;;1
26/11/2013;12:31:00;162;sem vítima;658,482;BR-376/PR;Norte;Saida de Pista;1;1;;;;;1
26/11/2013;10:10:00;125;sem vítima;673,419;BR-376/PR;Sul;Colisão Traseira;1;2;;;;;1
26/11/2013;13:50:00;184;sem vítima;675,8;BR-376/PR;Sul;Saida de Pista;1;1;;;;;1
27/11/2013;00:44:00;33;sem vítima;83,544;BR-101/SC;Norte;Colisão Traseira;2;2;;;;;1
27/11/2013;18:08:00;291;sem vítima;90,536;BR-101/SC;Sul;Colisão Traseira;1;2;;;;;1
27/11/2013;14:36:00;223;sem vítima;99,7;BR-101/SC;Norte;Saida de Pista;1;1;;;;;1
27/11/2013;16:00:00;253;com vítima;100,569;BR-101/SC;Norte;Colisão Traseira;2;1;1;;;;1
27/11/2013;20:00:00;342;sem vítima;101,316;BR-101/SC;Norte;Colisão Traseira;1;2;;;;;1
27/11/2013;13:03:00;199;sem vítima;111,443;BR-101/SC;Sul;Choque - Defensa, barreira ou "submarino";2;2;;;;;1
27/11/2013;10:21:00;160;sem vítima;114,7;BR-101/SC;Norte;Colisão Lateral;1;3;;;;;1
27/11/2013;08:26:00;119;sem vítima;119,9;BR-101/SC;Sul;Colisão Traseira;1;2;;;;;1
27/11/2013;08:58:00;142;sem vítima;122,8;BR-101/SC;Norte;Colisão Lateral;2;2;;;;;1
27/11/2013;08:54:00;132;sem vítima;139,339;BR-101/SC;Sul;Tombamento;1;1;;;;;1
27/11/2013;11:44:00;180;sem vítima;639;BR-376/PR;Sul;Colisão Traseira;1;2;;;;;1
27/11/2013;10:39:00;162;com vítima;676,243;BR-376/PR;Sul;Engavetamento;2;4;;3;;;2
28/11/2013;16:45:00;311;sem vítima;111,8;BR-116/PR;Sul;Colisão Lateral;1;2;;;;;1
28/11/2013;08:38:00;121;sem vítima;112;BR-101/SC;Norte;Saida de Pista;1;1;;;;;1
28/11/2013;11:17:00;170;sem vítima;120,4;BR-101/SC;Norte;Colisão Lateral;1;2;;;;;1
28/11/2013;08:16:00;111;sem vítima;215,125;BR-101/SC;Norte;Colisão Traseira;2;2;;;;;1
28/11/2013;11:46:00;182;sem vítima;620,815;BR-376/PR;Norte;Choque - Defensa, barreira ou "submarino";1;2;;;;;1
28/11/2013;23:43:00;437;sem vítima;652,449;BR-376/PR;Sul;Saida de Pista;1;1;;;;;1
28/11/2013;15:32:00;264;sem vítima;660,009;BR-376/PR;Sul;Engavetamento;2;3;;;;;1
29/11/2013;09:30:00;142;sem vítima;75,767;BR-116/PR;Norte;Saida de Pista;1;1;;;;;1
29/11/2013;22:15:00;402;sem vítima;206,605;BR-101/SC;Sul;Colisão Traseira;1;3;;;;;1
29/11/2013;06:02:00;75;sem vítima;234,23;BR-101/SC;Norte;Saida de Pista;1;1;;;;;1
30/11/2013;21:25:00;349;sem vítima;78,704;BR-101/SC;Sul;Choque - Objeto sobre a pista;1;3;;;;;1
30/11/2013;13:22:00;214;sem vítima;79,5;BR-101/SC;Sul;Colisão Traseira;1;2;;;;;1
30/11/2013;12:17:00;197;sem vítima;102,379;BR-116/PR;Sul;Colisão Lateral;1;2;;;;;1
30/11/2013;04:32:00;68;sem vítima;169,133;BR-101/SC;Sul;Saida de Pista;1;1;;;;;1
30/11/2013;09:18:00;138;com vítima;235,715;BR-101/SC;Sul;Tombamento;1;0;;;1;;2
30/11/2013;12:23:00;200;sem vítima;635,249;BR-376/PR;Norte;Colisão Traseira;2;2;;;;;1
01/12/2013;11:20:00;177;sem vítima;4,001;BR-101/SC;Norte;Saida de Pista;1;2;;;;;1
01/12/2013;17:28:00;277;sem vítima;7,3;BR-101/SC;Sul;Saida de Pista;1;1;;;;;1
01/12/2013;09:18:00;140;com vítima;113,907;BR-101/SC;Norte;Colisão Traseira;2;4;1;;;;1
01/12/2013;21:24:00;365;sem vítima;133,069;BR-101/SC;Norte;Colisão Lateral;1;2;;;;;1
01/12/2013;18:44:00;308;sem vítima;136,1;BR-101/SC;Norte;Colisão Lateral;1;2;;;;;1
01/12/2013;14:32:00;218;sem vítima;149,271;BR-101/SC;Sul;Outros;1;1;;;;;1
01/12/2013;09:51:00;148;com vítima;184,8;BR-101/SC;Norte;Capotamento;1;2;;;1;;2
01/12/2013;21:55:00;374;com vítima;667,839;BR-376/PR;Sul;Colisão Traseira;1;2;;1;;;2
02/12/2013;18:04:00;303;sem vítima;18,504;BR-101/SC;Norte;Colisão Lateral;1;3;;;;;1
02/12/2013;16:25:00;267;sem vítima;84,5;BR-116/PR;Norte;Saida de Pista;1;1;;;;;1
02/12/2013;16:56:00;278;sem vítima;131,873;BR-101/SC;Sul;Colisão Lateral;1;2;;;;;1
02/12/2013;16:56:00;277;sem vítima;202,9;BR-101/SC;Sul;Colisão Traseira;1;3;;;;;1
02/12/2013;19:55:00;331;sem vítima;206,001;BR-101/SC;Sul;Colisão Lateral;1;2;;;;;1
02/12/2013;17:06:00;282;sem vítima;227,87;BR-101/SC;Sul;Saida de Pista;1;1;;;;;1
02/12/2013;15:18:00;236;sem vítima;657,8;BR-376/PR;Norte;Colisão Lateral;1;2;;;;;1
03/12/2013;11:58:00;208;sem vítima;46,825;BR-101/SC;Sul;Colisão Traseira;2;2;;;;;1
03/12/2013;14:51:00;262;com vítima;93,375;BR-101/SC;Norte;Colisão Lateral;1;2;1;;;;1
03/12/2013;11:16:00;191;sem vítima;112,218;BR-101/SC;Sul;Colisão Traseira;1;2;;;;;1
03/12/2013;06:30:00;86;com vítima;170,301;BR-101/SC;Norte;Colisão Traseira;2;1;;1;;;2
03/12/2013;10:58:00;180;sem vítima;204,5;BR-101/SC;Sul;Colisão Traseira;1;2;;;;;1
03/12/2013;07:09:00;94;com vítima;206,9;BR-101/SC;Sul;Colisão Traseira;1;1;1;;;;1
03/12/2013;22:18:00;416;sem vítima;666,177;BR-376/PR;Sul;Tombamento;1;1;;;;;1
04/12/2013;19:14:00;342;sem vítima;1,35;BR-101/SC;Norte;Colisão Traseira;2;2;;;;;1
04/12/2013;13:48:00;218;sem vítima;31,354;BR-101/SC;Sul;Colisão Lateral;1;2;;;;;1
04/12/2013;14:08:00;223;sem vítima;35;BR-101/SC;Sul;Choque - Defensa, barreira ou "submarino";1;1;;;;;1
04/12/2013;08:33:00;101;sem vítima;93,096;BR-116/PR;Sul;Colisão Lateral;1;2;;;;;1
04/12/2013;07:41:00;85;sem vítima;95,653;BR-116/PR;Sul;Colisão Traseira;1;2;;;;;1
04/12/2013;18:13:00;315;sem vítima;106,1;BR-116/PR;Norte;Colisão Traseira;2;2;;;;;1
04/12/2013;18:34:00;323;sem vítima;108;BR-116/PR;Norte;Saida de Pista;1;1;;;;;1
04/12/2013;19:08:00;339;sem vítima;157,5;BR-101/SC;Norte;Colisão Lateral;1;2;;;;;1
04/12/2013;00:04:00;9;sem vítima;210,631;BR-101/SC;Sul;Choque - Defensa, barreira ou "submarino";1;1;;;;;1
04/12/2013;13:43:00;215;sem vítima;622,337;BR-376/PR;Norte;Colisão Traseira;1;2;;;;;1
05/12/2013;17:35:00;293;sem vítima;38,368;BR-101/SC;Sul;Colisão Traseira;2;2;;;;;1
05/12/2013;14:27:00;233;sem vítima;51,5;BR-101/SC;Sul;Colisão Traseira;1;2;;;;;1
05/12/2013;09:25:00;120;sem vítima;51,909;BR-101/SC;Sul;Engavetamento;1;3;;;;;1
05/12/2013;06:48:00;78;com vítima;57,809;BR-101/SC;Sul;Tombamento;1;0;1;;;;1
05/12/2013;14:03:00;221;sem vítima;107,302;BR-101/SC;Norte;Colisão Lateral;1;2;;;;;1
05/12/2013;07:06:00;86;com vítima;108,095;BR-101/SC;Norte;Saida de Pista;1;2;2;;;;1
05/12/2013;08:20:00;104;sem vítima;122,445;BR-101/SC;Sul;Tombamento;1;2;;;;;1
05/12/2013;06:30:00;77;sem vítima;165,27;BR-101/SC;Norte;Saida de Pista;1;6;;;;;1
05/12/2013;12:46:00;200;sem vítima;170,114;BR-101/SC;Norte;Engavetamento;2;3;;;;;1
05/12/2013;09:29:00;123;com vítima;194,04;BR-101/SC;Norte;Colisão Transversal;1;1;;1;;;2
05/12/2013;07:44:00;100;com vítima;216,5;BR-101/SC;Norte;Colisão Traseira;1;1;1;;;;1
05/12/2013;15:57:00;256;sem vítima;614,854;BR-376/PR;Norte;Colisão Traseira;2;3;;;;;1
05/12/2013;04:08:00;63;com vítima;631,032;BR-376/PR;Sul;Colisão Traseira;2;1;;1;;;2
05/12/2013;12:02:00;176;sem vítima;660,1;BR-376/PR;Sul;Engavetamento;3;3;;;;;1
05/12/2013;07:27:00;93;com vítima;673,7;BR-376/PR;Sul;Engavetamento;2;0;1;1;;1;3
06/12/2013;08:01:00;120;sem vítima;1,35;BR-101/SC;Sul;Colisão Traseira;2;2;;;;;1
06/12/2013;16:03:00;292;sem vítima;25,769;BR-101/SC;Norte;Colisão Lateral;3;4;;;;;1
06/12/2013;18:38:00;333;sem vítima;32,074;BR-101/SC;Sul;Colisão Lateral;1;3;;;;;1
06/12/2013;17:12:00;307;sem vítima;35,37;BR-101/SC;Sul;Colisão Traseira;3;4;;;;;1
06/12/2013;01:53:00;37;sem vítima;79,45;BR-101/SC;Sul;Choque - Suporte de Sinalização;1;1;;;;;1
06/12/2013;18:21:00;325;sem vítima;204,462;BR-101/SC;Norte;Colisão Traseira;2;2;;;;;1
06/12/2013;01:56:00;38;sem vítima;655,248;BR-376/PR;Norte;Tombamento;1;1;;;;;1
06/12/2013;14:12:00;262;com vítima;673,687;BR-376/PR;Sul;Engavetamento;3;3;3;;;;1
06/12/2013;21:14:00;385;com vítima;679,8;BR-376/PR;Sul;Engavetamento;3;6;1;;;;1
07/12/2013;13:53:00;246;com vítima;7,089;BR-101/SC;Sul;Saida de Pista;1;0;1;;;;1
07/12/2013;12:19:00;203;com vítima;41,931;BR-101/SC;Sul;Tombamento;1;0;;1;;;2
07/12/2013;07:07:00;91;com vítima;131,713;BR-101/SC;Norte;Colisão Lateral;1;1;1;;;;1
07/12/2013;01:24:00;34;sem vítima;151,263;BR-101/SC;Sul;Colisão Traseira;1;2;;;;;1
07/12/2013;08:51:00;127;sem vítima;157,4;BR-101/SC;Sul;Colisão Traseira;1;7;;;;;1
07/12/2013;00:12:00;3;com vítima;168,635;BR-101/SC;Norte;Colisão Traseira;1;1;1;;;;1
07/12/2013;16:13:00;294;com vítima;615,045;BR-376/PR;Norte;Colisão Lateral;1;2;3;;;1;3
07/12/2013;02:47:00;47;sem vítima;649,297;BR-376/PR;Norte;Saida de Pista;1;1;;;;;1
07/12/2013;12:40:00;213;sem vítima;671,541;BR-376/PR;Sul;Colisão Traseira;1;2;;;;;1
08/12/2013;22:41:00;427;sem vítima;1,247;BR-101/SC;Norte;Engavetamento;2;3;;;;;1
08/12/2013;01:14:00;40;sem vítima;83,771;BR-116/PR;Norte;Saida de Pista;1;1;;;;;1
08/12/2013;12:37:00;209;com vítima;116,354;BR-101/SC;Sul;Colisão Traseira;1;1;1;;;;1
08/12/2013;09:47:00;151;sem vítima;204,4;BR-101/SC;Norte;Colisão Traseira;1;2;;;;;1
08/12/2013;01:42:00;44;sem vítima;658,195;BR-376/PR;Norte;Outros;1;1;;;;;1
09/12/2013;17:02:00;306;sem vítima;1,77;BR-101/SC;Norte;Colisão Lateral;1;2;;;;;1
09/12/2013;10:43:00;183;sem vítima;102,4;BR-116/PR;Norte;Colisão Lateral;1;2;;;;;1
09/12/2013;07:53:00;111;com vítima;104,975;BR-116/PR;Norte;Colisão Lateral;1;1;1;;;;1
09/12/2013;09:52:00;159;sem vítima;112,1;BR-116/PR;Norte;Colisão Traseira;2;2;;;;;1
09/12/2013;07:51:00;107;sem vítima;127,724;BR-101/SC;Norte;Engavetamento;2;4;;;;;1
09/12/2013;09:08:00;136;sem vítima;133,585;BR-101/SC;Norte;Colisão Traseira;2;2;;;;;1
09/12/2013;21:25:00;377;sem vítima;166,066;BR-101/SC;Norte;Colisão Traseira;1;2;;;;;1
09/12/2013;06:12:00;83;sem vítima;177,335;BR-101/SC;Norte;Tombamento;1;1;;;;;1
09/12/2013;18:34:00;337;sem vítima;619,001;BR-376/PR;Norte;Colisão Traseira;1;2;;;;;1
10/12/2013;10:39:00;171;com vítima;66,187;BR-101/SC;Norte;Saida de Pista;1;1;1;;;;1
10/12/2013;15:48:00;261;sem vítima;99,05;BR-116/PR;Norte;Colisão Traseira;2;2;;;;;1
10/12/2013;09:59:00;156;sem vítima;204,162;BR-101/SC;Norte;Engavetamento;2;4;;;;;1
10/12/2013;10:15:00;176;sem vítima;205,001;BR-101/SC;Norte;Colisão Traseira;1;2;;;;;1
10/12/2013;07:25:00;98;sem vítima;206,992;BR-101/SC;Sul;Colisão Traseira;1;2;;;;;1
10/12/2013;17:55:00;308;sem vítima;208,921;BR-101/SC;Sul;Colisão Lateral;1;2;;;;;1
10/12/2013;10:51:00;177;com vítima;668,023;BR-376/PR;Sul;Engavetamento;3;3;1;;;;1
10/12/2013;07:32:00;101;com vítima;673,043;BR-376/PR;Sul;Tombamento;3;2;1;;;;1
11/12/2013;08:59:00;133;sem vítima;54,467;BR-101/SC;Sul;Engavetamento;3;3;;;;;1
11/12/2013;08:36:00;126;sem vítima;56,459;BR-101/SC;Sul;Saida de Pista;1;1;;;;;1
11/12/2013;03:03:00;50;sem vítima;102,425;BR-101/SC;Sul;Tombamento;1;2;;;;;1
11/12/2013;23:29:00;372;sem vítima;129,5;BR-101/SC;Norte;Choque - Defensa, barreira ou "submarino";1;1;;;;;1