data;horario;n_da_ocorrencia;tipo_de_ocorrencia;km;trecho;sentido;tipo_de_acidente;caminhao;ilesos;levemente_feridos;moderadamente_feridos;gravemente_feridos;mortos;3
11/12/2013;16:43:00;279;sem vítima;145;BR-101/SC;Norte;Colisão Traseira;1;2;;;;;1
11/12/2013;18:01:00;299;sem vítima;187,5;BR-101/SC;Norte;Objeto lançado contra veículo;1;2;;;;;1
11/12/2013;09:54:00;151;sem vítima;212,925;BR-101/SC;Norte;Colisão Lateral;1;2;;;;;1
11/12/2013;05:29:00;75;com vítima;241,603;BR-101/SC;Norte;Saida de Pista;1;0;;;;1;3
11/12/2013;14:46:00;233;sem vítima;615,049;BR-376/PR;Norte;Colisão Traseira;2;2;;;;;1
11/12/2013;18:27:00;305;sem vítima;618,225;BR-376/PR;Norte;Colisão Transversal;1;2;;;;;1
11/12/2013;02:30:00;46;sem vítima;666,2;BR-376/PR;Sul;Saida de Pista;1;1;;;;;1
11/12/2013;20:09:00;335;sem vítima;667,603;BR-376/PR;Sul;Colisão Lateral;1;2;;;;;1
12/12/2013;13:52:00;233;sem vítima;94,553;BR-101/SC;Norte;Colisão Lateral;1;2;;;;;1
12/12/2013;15:19:00;259;sem vítima;104,3;BR-101/SC;Sul;Colisão Traseira;1;2;;;;;1
12/12/2013;00:06:00;25;sem vítima;207,189;BR-101/SC;Sul;Colisão Lateral;1;2;;;;;1
12/12/2013;07:46:00;120;com vítima;207,325;BR-101/SC;Sul;Colisão Traseira;1;2;1;;;;1
12/12/2013;20:05:00;351;sem vítima;615,199;BR-376/PR;Norte;Colisão Lateral;1;2;;;;;1
12/12/2013;18:00:00;311;sem vítima;618,22;BR-376/PR;Norte;Colisão Lateral;1;2;;;;;1
12/12/2013;20:43:00;371;sem vítima;618,232;BR-376/PR;Sul;Colisão Lateral;1;2;;;;;1
12/12/2013;03:19:00;67;com vítima;627,207;BR-376/PR;Sul;Colisão Traseira;2;1;1;;;;1
12/12/2013;10:33:00;169;sem vítima;660,046;BR-376/PR;Sul;Colisão Traseira;1;3;;;;;1
12/12/2013;08:01:00;129;com vítima;668,605;BR-376/PR;Sul;Choque - Talude;1;1;;;1;;2
12/12/2013;22:54:00;401;sem vítima;673,056;BR-376/PR;Sul;Colisão Traseira;1;2;;;;;1
12/12/2013;16:01:00;274;sem vítima;673,166;BR-376/PR;Sul;Colisão Traseira;1;2;;;;;1
13/12/2013;20:32:00;361;sem vítima;1,35;BR-101/SC;Sul;Colisão Lateral;1;2;;;;;1
13/12/2013;14:51:00;227;sem vítima;101,966;BR-116/PR;Sul;Colisão Traseira;1;2;;;;;1
13/12/2013;14:45:00;226;sem vítima;116;BR-101/SC;Sul;Colisão Traseira;2;2;;;;;1
13/12/2013;10:55:00;156;sem vítima;168,303;BR-101/SC;Sul;Colisão Traseira;1;2;;;;;1
13/12/2013;13:22:00;204;sem vítima;211,3;BR-101/SC;Norte;Saida de Pista;1;2;;;;;1
13/12/2013;23:02:00;400;sem vítima;212,2;BR-101/SC;Norte;Colisão Lateral;1;4;;;;;1
13/12/2013;10:06:00;136;sem vítima;614,4;BR-376/PR;Sul;Colisão Lateral;1;2;;;;;1
13/12/2013;19:51:00;346;sem vítima;626,64;BR-376/PR;Norte;Tombamento;1;1;;;;;1
13/12/2013;03:46:00;55;com vítima;664,628;BR-376/PR;Norte;Colisão Traseira;2;1;;;1;;2
14/12/2013;07:22:00;97;sem vítima;1,35;BR-101/SC;Sul;Colisão Traseira;2;3;;;;;1
14/12/2013;12:12:00;185;sem vítima;7,914;BR-101/SC;Norte;Choque - Defensa, barreira ou "submarino";1;1;;;;;1
14/12/2013;16:36:00;277;com vítima;8,506;BR-101/SC;Norte;Engavetamento;3;2;1;;;;1
14/12/2013;06:30:00;84;com vítima;51,1;BR-101/SC;Sul;Capotamento;1;1;;1;;;2
14/12/2013;20:18:00;350;sem vítima;95,5;BR-116/PR;Sul;Colisão Lateral;1;2;;;;;1
14/12/2013;23:19:00;394;sem vítima;100,05;BR-101/SC;Norte;Colisão Lateral;1;2;;;;;1
14/12/2013;14:52:00;241;sem vítima;107,8;BR-116/PR;Sul;Colisão Lateral;1;2;;;;;1
14/12/2013;10:18:00;152;sem vítima;111,42;BR-101/SC;Norte;Tombamento;1;1;;;;;1
14/12/2013;09:29:00;132;com vítima;146,951;BR-101/SC;Norte;Colisão Traseira;1;2;;1;;;2
14/12/2013;13:17:00;203;com vítima;149,9;BR-101/SC;Sul;Colisão Lateral;1;1;1;;;;1
14/12/2013;12:28:00;189;sem vítima;163,296;BR-101/SC;Sul;Colisão Lateral;1;2;;;;;1
14/12/2013;15:48:00;264;sem vítima;635,35;BR-376/PR;Norte;Saida de Pista;1;1;;;;;1
14/12/2013;11:44:00;178;sem vítima;671,7;BR-376/PR;Sul;Saida de Pista;1;1;;;;;1
15/12/2013;10:27:00;175;sem vítima;8,7;BR-101/SC;Norte;Colisão Traseira;2;2;;;;;1
15/12/2013;11:15:00;201;sem vítima;79,85;BR-101/SC;Sul;Colisão Traseira;1;2;;;;;1
15/12/2013;15:47:00;295;com vítima;234,247;BR-101/SC;Norte;Atropelamento - Funcionário;1;1;;;;1;3
15/12/2013;17:44:00;349;sem vítima;671,7;BR-376/PR;Sul;Saida de Pista;1;1;;;;;1
16/12/2013;15:05:00;270;sem vítima;104,796;BR-101/SC;Sul;Colisão Lateral;1;2;;;;;1
16/12/2013;16:07:00;300;sem vítima;113,403;BR-101/SC;Sul;Colisão Traseira;2;3;;;;;1
16/12/2013;09:45:00;147;sem vítima;122,9;BR-101/SC;Norte;Outros;1;1;;;;;1
16/12/2013;07:43:00;100;com vítima;136,235;BR-101/SC;Norte;Engavetamento;2;4;1;;;;1
16/12/2013;13:18:00;238;com vítima;138,041;BR-101/SC;Norte;Choque - Defensa, barreira ou "submarino";1;0;1;;;;1
16/12/2013;07:10:00;89;sem vítima;140;BR-101/SC;Sul;Choque - Talude;1;1;;;;;1
16/12/2013;09:48:00;152;sem vítima;157;BR-101/SC;Norte;Colisão Traseira;1;2;;;;;1
16/12/2013;05:40:00;68;sem vítima;157,646;BR-101/SC;Sul;Colisão Traseira;1;2;;;;;1
16/12/2013;16:03:00;299;sem vítima;197,215;BR-101/SC;Norte;Colisão Traseira;1;3;;;;;1
16/12/2013;21:00:00;393;sem vítima;211,9;BR-101/SC;Norte;Colisão Lateral;1;2;;;;;1
16/12/2013;09:07:00;136;sem vítima;623,101;BR-376/PR;Norte;Colisão Traseira;1;2;;;;;1
16/12/2013;13:42:00;251;sem vítima;648,912;BR-376/PR;Norte;Choque - Defensa, barreira ou "submarino";1;1;;;;;1
17/12/2013;14:18:00;205;com vítima;36,615;BR-101/SC;Sul;Colisão Traseira;1;2;2;;;;1
17/12/2013;14:38:00;210;sem vítima;102,5;BR-116/PR;Sul;Colisão Lateral;1;2;;;;;1
17/12/2013;15:20:00;232;sem vítima;111,6;BR-101/SC;Norte;Colisão Traseira;1;3;;;;;1
17/12/2013;08:49:00;97;com vítima;149;BR-101/SC;Norte;Queda de Moto;1;1;1;;;;1
17/12/2013;19:30:00;333;sem vítima;192,6;BR-101/SC;Sul;Colisão Lateral;1;2;;;;;1
17/12/2013;18:58:00;316;sem vítima;212,3;BR-101/SC;Norte;Colisão Traseira;2;2;;;;;1
17/12/2013;07:50:00;75;com vítima;213,799;BR-101/SC;Norte;Colisão Traseira;1;2;;1;;;2
17/12/2013;02:44:00;29;sem vítima;214,126;BR-101/SC;Sul;Colisão Traseira;1;2;;;;;1
17/12/2013;13:48:00;192;sem vítima;615,001;BR-376/PR;Sul;Colisão Traseira;1;2;;;;;1
18/12/2013;14:19:00;227;sem vítima;12,1;BR-101/SC;Sul;Colisão Traseira;2;2;;;;;1
18/12/2013;12:10:00;181;sem vítima;41,464;BR-101/SC;Sul;Colisão Traseira;1;2;;;;;1
18/12/2013;16:59:00;272;sem vítima;53,079;BR-101/SC;Norte;Colisão Lateral;1;2;;;;;1
18/12/2013;10:51:00;155;sem vítima;66,95;BR-101/SC;Sul;Colisão Traseira;1;3;;;;;1
18/12/2013;06:51:00;67;sem vítima;80,217;BR-116/PR;Norte;Tombamento;1;1;;;;;1
18/12/2013;13:33:00;209;sem vítima;106,024;BR-116/PR;Sul;Colisão Traseira;2;2;;;;;1
18/12/2013;05:37:00;56;com vítima;111,45;BR-116/PR;Norte;Saida de Pista;1;0;1;;;;1
18/12/2013;04:08:00;44;sem vítima;112,5;BR-101/SC;Norte;Choque - Defensa, barreira ou "submarino";1;1;;;;;1
18/12/2013;18:07:00;296;sem vítima;118,4;BR-101/SC;Norte;Colisão Traseira;1;4;;;;;1
18/12/2013;02:31:00;37;sem vítima;139,32;BR-101/SC;Sul;Colisão Traseira;2;2;;;;;1
18/12/2013;16:17:00;253;sem vítima;145,9;BR-101/SC;Norte;Colisão Traseira;2;2;;;;;1
18/12/2013;16:56:00;269;sem vítima;164,042;BR-101/SC;Sul;Colisão Lateral;1;2;;;;;1
18/12/2013;17:41:00;284;com vítima;181,9;BR-101/SC;Norte;Colisão Traseira;1;1;;;;1;3
18/12/2013;23:21:00;394;com vítima;192,051;BR-101/SC;Norte;Tombamento;2;1;1;;;;1
18/12/2013;08:19:00;98;sem vítima;664,5;BR-376/PR;Norte;Colisão Traseira;1;2;;;;;1
18/12/2013;14:07:00;225;com vítima;672,624;BR-376/PR;Sul;Engavetamento;2;1;1;;2;1;3
19/12/2013;23:08:00;430;sem vítima;5,379;BR-101/SC;Norte;Colisão Lateral;1;2;;;;;1
19/12/2013;18:41:00;348;sem vítima;102,144;BR-116/PR;Sul;Colisão Lateral;1;2;;;;;1
19/12/2013;10:59:00;172;sem vítima;112,101;BR-101/SC;Sul;Colisão Traseira;1;6;;;;;1
19/12/2013;09:38:00;148;sem vítima;117;BR-101/SC;Sul;Colisão Traseira;2;2;;;;;1
19/12/2013;13:20:00;225;sem vítima;157,375;BR-101/SC;Norte;Colisão Traseira;1;2;;;;;1
19/12/2013;02:36:00;45;sem vítima;168,7;BR-101/SC;Sul;Saida de Pista;1;1;;;;;1
19/12/2013;13:25:00;227;com vítima;199,267;BR-101/SC;Sul;Queda de Moto;1;1;;1;;;2
19/12/2013;15:12:00;259;sem vítima;201,1;BR-101/SC;Sul;Colisão Traseira;1;2;;;;;1
19/12/2013;00:30:00;4;sem vítima;206;BR-101/SC;Sul;Colisão Lateral;1;2;;;;;1
19/12/2013;10:08:00;154;com vítima;635,48;BR-376/PR;Norte;Colisão Traseira;1;1;3;;;;1
19/12/2013;11:33:00;184;sem vítima;668,297;BR-376/PR;Sul;Colisão Traseira;2;5;;;;;1
20/12/2013;08:24:00;131;com vítima;79,6;BR-101/SC;Sul;Choque - Cancela de Pedagio;1;1;1;;;;1
20/12/2013;12:54:00;242;sem vítima;100,642;BR-116/PR;Sul;Tombamento;1;1;;;;;1
20/12/2013;17:34:00;366;sem vítima;117,9;BR-101/SC;Sul;Colisão Traseira;1;2;;;;;1
20/12/2013;07:08:00;86;sem vítima;129;BR-101/SC;Norte;Colisão Lateral;1;2;;;;;1
20/12/2013;17:58:00;373;com vítima;129,001;BR-101/SC;Norte;Colisão Traseira;1;1;2;;;;1
20/12/2013;19:40:00;413;sem vítima;139,5;BR-101/SC;Sul;Colisão Lateral;1;2;;;;;1
20/12/2013;15:18:00;301;sem vítima;208,25;BR-101/SC;Sul;Tombamento;1;1;;;;;1
20/12/2013;16:10:00;334;sem vítima;619,271;BR-376/PR;Sul;Colisão Lateral;1;2;;;;;1
20/12/2013;21:58:00;447;sem vítima;641,433;BR-376/PR;Sul;Tombamento;1;2;;;;;1
20/12/2013;00:44:00;24;sem vítima;644,67;BR-376/PR;Sul;Saida de Pista;1;1;;;;;1
20/12/2013;17:48:00;371;sem vítima;671,751;BR-376/PR;Norte;Saida de Pista;1;1;;;;;1
20/12/2013;15:59:00;326;sem vítima;672,543;BR-376/PR;Sul;Saida de Pista;1;2;;;;;1
20/12/2013;17:12:00;356;sem vítima;673,028;BR-376/PR;Sul;Saida de Pista;1;1;;;;;1
21/12/2013;07:28:00;115;sem vítima;58,17;BR-101/SC;Sul;Colisão Lateral;1;4;;;;;1
21/12/2013;10:58:00;215;sem vítima;121,9;BR-101/SC;Norte;Saida de Pista;1;1;;;;;1
21/12/2013;00:32:00;8;sem vítima;618,411;BR-376/PR;Sul;Colisão Lateral;1;2;;;;;1
21/12/2013;17:14:00;366;sem vítima;644,485;BR-376/PR;Sul;Saida de Pista;1;1;;;;;1
21/12/2013;12:12:00;235;sem vítima;652,544;BR-376/PR;Sul;Saida de Pista;1;1;;;;;1
21/12/2013;14:34:00;299;com vítima;660,283;BR-376/PR;Sul;Engavetamento;2;10;1;;;;1
21/12/2013;20:51:00;456;sem vítima;674,922;BR-376/PR;Norte;Tombamento;1;1;;;;;1
21/12/2013;10:12:00;196;sem vítima;678,117;BR-376/PR;Norte;Colisão Lateral;2;3;;;;;1
22/12/2013;22:16:00;378;com vítima;136,3;BR-101/SC;Sul;Atropelamento - Ciclista;1;1;;;1;;2
22/12/2013;09:30:00;133;sem vítima;657,001;BR-376/PR;Norte;Colisão Lateral;2;4;;;;;1
22/12/2013;09:42:00;139;sem vítima;661,112;BR-376/PR;Norte;Colisão Traseira;2;2;;;;;1
22/12/2013;09:37:00;134;sem vítima;664,636;BR-376/PR;Norte;Colisão Lateral;1;2;;;;;1
23/12/2013;18:34:00;326;sem vítima;1,35;BR-101/SC;Sul;Colisão Lateral;2;2;;;;;1
23/12/2013;06:36:00;64;sem vítima;79,65;BR-101/SC;Sul;Choque - Cancela de Pedagio;1;1;;;;;1
23/12/2013;23:18:00;422;sem vítima;111,3;BR-101/SC;Norte;Choque - Defensa, barreira ou "submarino";1;1;;;;;1
23/12/2013;16:25:00;291;sem vítima;117,001;BR-101/SC;Norte;Colisão Lateral;2;3;;;;;1
23/12/2013;16:05:00;273;sem vítima;618,567;BR-376/PR;Sul;Colisão Traseira;1;2;;;;;1
23/12/2013;06:07:00;60;sem vítima;635,4;BR-376/PR;Norte;Colisão Traseira;1;2;;;;;1
24/12/2013;18:04:00;304;sem vítima;97,1;BR-101/SC;Norte;Colisão Lateral;1;2;;;;;1
24/12/2013;07:56:00;107;sem vítima;622,869;BR-376/PR;Sul;Choque - Defensa, barreira ou "submarino";1;6;;;;;1
24/12/2013;20:59:00;360;sem vítima;668,571;BR-376/PR;Norte;Colisão Lateral;1;2;;;;;1
26/12/2013;19:07:00;415;sem vítima;0,02;BR-101/SC;Sul;Colisão Traseira;1;2;;;;;1
26/12/2013;12:35:00;219;sem vítima;1,357;BR-101/SC;Sul;Colisão Lateral;1;2;;;;;1
26/12/2013;09:32:00;133;sem vítima;112,839;BR-101/SC;Sul;Engavetamento;1;4;;;;;1
26/12/2013;18:20:00;391;sem vítima;137,025;BR-101/SC;Norte;Engavetamento;2;3;;;;;1
26/12/2013;16:00:00;322;sem vítima;138,2;BR-101/SC;Norte;Colisão Lateral;1;2;;;;;1
26/12/2013;19:56:00;430;sem vítima;209,9;BR-101/SC;Norte;Colisão Lateral;1;2;;;;;1
26/12/2013;13:25:00;240;sem vítima;614,401;BR-376/PR;Sul;Colisão Lateral;1;2;;;;;1
27/12/2013;23:45:00;478;sem vítima;92,307;BR-101/SC;Sul;Colisão Traseira;1;2;;;;;1
27/12/2013;10:55:00;199;sem vítima;108,034;BR-116/PR;Norte;Colisão Traseira;1;2;;;;;1
27/12/2013;16:28:00;342;sem vítima;111,002;BR-116/PR;Sul;Colisão Traseira;1;2;;;;;1
27/12/2013;21:08:00;430;sem vítima;119,5;BR-101/SC;Sul;Colisão Lateral;1;2;;;;;1
27/12/2013;19:40:00;403;com vítima;231,523;BR-101/SC;Norte;Colisão Lateral;1;2;;2;;1;3
27/12/2013;08:41:00;135;sem vítima;667,001;BR-376/PR;Sul;Colisão Traseira;1;2;;;;;1
28/12/2013;07:32:00;119;sem vítima;37,455;BR-101/SC;Norte;Colisão Lateral;1;2;;;;;1
28/12/2013;14:50:00;293;sem vítima;53;BR-101/SC;Sul;Colisão Lateral;1;2;;;;;1
28/12/2013;08:55:00;160;sem vítima;54,061;BR-101/SC;Sul;Colisão Traseira;1;2;;;;;1
28/12/2013;18:59:00;393;sem vítima;105,5;BR-116/PR;Norte;Colisão Lateral;1;2;;;;;1
28/12/2013;02:59:00;63;sem vítima;190,3;BR-101/SC;Sul;Colisão Traseira;1;3;;;;;1
28/12/2013;11:46:00;225;sem vítima;657,568;BR-376/PR;Norte;Colisão Traseira;1;2;;;;;1
28/12/2013;11:11:00;213;sem vítima;680,001;BR-376/PR;Sul;Colisão Traseira;1;2;;;;;1
29/12/2013;15:30:00;275;sem vítima;111,5;BR-101/SC;Sul;Choque - Defensa, barreira ou "submarino";1;2;;;;;1
29/12/2013;16:11:00;293;sem vítima;137,729;BR-101/SC;Norte;Saida de Pista;1;1;;;;;1
29/12/2013;15:31:00;276;sem vítima;229;BR-101/SC;Sul;Colisão Lateral;1;2;;;;;1
29/12/2013;16:45:00;319;sem vítima;234,4;BR-101/SC;Sul;Colisão Traseira;1;2;;;;;1
30/12/2013;00:30:00;22;sem vítima;18;BR-101/SC;Norte;Colisão Lateral;1;2;;;;;1
30/12/2013;14:24:00;237;com vítima;63,5;BR-101/SC;Sul;Saida de Pista;1;1;1;;;;1
30/12/2013;13:30:00;222;sem vítima;113;BR-116/PR;Norte;Colisão Lateral;1;2;;;;;1
30/12/2013;17:48:00;315;com vítima;211,12;BR-101/SC;Sul;Engavetamento;1;4;;1;;;2
30/12/2013;15:57:00;273;sem vítima;216,3;BR-101/SC;Sul;Choque - Defensa, barreira ou "submarino";1;3;;;;;1
30/12/2013;16:14:00;281;sem vítima;233;BR-101/SC;Sul;Colisão Lateral;1;2;;;;;1
31/12/2013;16:26:00;288;com vítima;104,497;BR-116/PR;Sul;Colisão Traseira;1;3;;1;;;2
31/12/2013;04:38:00;78;com vítima;107,902;BR-116/PR;Sul;Colisão Traseira;1;2;2;;;;1
31/12/2013;17:39:00;310;com vítima;181,068;BR-101/SC;Sul;Tombamento;1;1;1;;;;1
31/12/2013;17:23:00;306;com vítima;227,5;BR-101/SC;Norte;Colisão Traseira;1;1;1;;;;1
01/01/2014;09:20:00;140;sem vítima;210,1;BR-101/SC;Sul;Colisão Traseira;1;3;;;;;1
01/01/2014;11:29:00;172;com vítima;667,745;BR-376/PR;Sul;Tombamento;1;0;1;;;;1
02/01/2014;16:42:00;343;sem vítima;82,429;BR-116/PR;Norte;Saida de Pista;1;1;;;;;1
02/01/2014;18:44:00;392;sem vítima;119,8;BR-101/SC;Sul;Saida de Pista;1;1;;;;;1
02/01/2014;16:34:00;340;sem vítima;157,1;BR-101/SC;Norte;Colisão Lateral;1;2;;;;;1
02/01/2014;08:39:00;121;sem vítima;208,199;BR-101/SC;Sul;Colisão Traseira;1;2;;;;;1
03/01/2014;09:02:00;142;sem vítima;116,484;BR-101/SC;Sul;Colisão Lateral;1;4;;;;;1
03/01/2014;11:24:00;190;sem vítima;133,519;BR-101/SC;Norte;Colisão Traseira;1;2;;;;;1
03/01/2014;08:43:00;132;sem vítima;143,951;BR-101/SC;Norte;Colisão Traseira;2;2;;;;;1
03/01/2014;13:24:00;259;sem vítima;145,901;BR-101/SC;Norte;Colisão Traseira;1;2;;;;;1
03/01/2014;01:08:00;34;sem vítima;211,8;BR-101/SC;Sul;Colisão Traseira;1;2;;;;;1
03/01/2014;00:03:00;18;com vítima;216,094;BR-101/SC;Sul;Colisão Traseira;3;2;1;;;;1
03/01/2014;17:33:00;366;sem vítima;236,5;BR-101/SC;Norte;Colisão Traseira;1;2;;;;;1
03/01/2014;00:24:00;26;sem vítima;631,098;BR-376/PR;Norte;Colisão Lateral;1;2;;;;;1
04/01/2014;21:39:00;385;sem vítima;1,35;BR-101/SC;Norte;Colisão Traseira;2;2;;;;;1
04/01/2014;04:44:00;73;sem vítima;39,251;BR-101/SC;Sul;Saida de Pista;1;2;;;;;1
04/01/2014;12:01:00;197;com vítima;96,559;BR-101/SC;Norte;Colisão Lateral;1;1;;1;;;2
04/01/2014;23:06:00;421;com vítima;97,26;BR-101/SC;Norte;Saida de Pista;1;3;3;1;;;2
04/01/2014;22:41:00;419;sem vítima;214,158;BR-101/SC;Sul;Colisão Traseira;1;2;;;;;1
04/01/2014;17:56:00;306;sem vítima;234,244;BR-101/SC;Sul;Colisão Traseira;1;3;;;;;1
04/01/2014;10:41:00;166;sem vítima;660,64;BR-376/PR;Sul;Choque - Talude;1;1;;;;;1
04/01/2014;08:13:00;126;sem vítima;676,848;BR-376/PR;Norte;Colisão Traseira;1;2;;;;;1
05/01/2014;07:55:00;98;sem vítima;650,383;BR-376/PR;Norte;Colisão Traseira;1;2;;;;;1
05/01/2014;22:03:00;377;sem vítima;660,132;BR-376/PR;Norte;Objeto lançado contra veículo;1;3;;;;;1
05/01/2014;19:42:00;344;sem vítima;671,7;BR-376/PR;Sul;Saida de Pista;1;1;;;;;1
06/01/2014;17:43:00;315;sem vítima;59,001;BR-101/SC;Sul;Colisão Traseira;1;2;;;;;1
06/01/2014;09:47:00;147;sem vítima;204,196;BR-101/SC;Norte;Colisão Traseira;1;2;;;;;1
06/01/2014;18:20:00;328;sem vítima;212,9;BR-101/SC;Sul;Colisão Lateral;1;2;;;;;1
06/01/2014;08:58:00;129;sem vítima;666,3;BR-376/PR;Sul;Tombamento;1;1;;;;;1
07/01/2014;18:36:00;333;sem vítima;1,756;BR-101/SC;Sul;Colisão Traseira;1;2;;;;;1
07/01/2014;14:54:00;247;sem vítima;4,424;BR-101/SC;Norte;Tombamento;1;1;;;;;1
07/01/2014;20:51:00;379;sem vítima;14,43;BR-101/SC;Norte;Engavetamento;2;3;;;;;1
07/01/2014;16:02:00;273;com vítima;115,2;BR-101/SC;Norte;Colisão Traseira;1;2;;1;;;2
07/01/2014;15:55:00;269;sem vítima;115,9;BR-101/SC;Sul;Saida de Pista;1;1;;;;;1
07/01/2014;14:32:00;238;sem vítima;117,053;BR-101/SC;Norte;Colisão Frontal;1;2;;;;;1
07/01/2014;15:04:00;252;sem vítima;117,4;BR-101/SC;Sul;Colisão Traseira;1;2;;;;;1
07/01/2014;14:29:00;235;sem vítima;205,057;BR-101/SC;Sul;Colisão Lateral;1;2;;;;;1
07/01/2014;08:25:00;101;sem vítima;215,128;BR-101/SC;Norte;Choque - Defensa, barreira ou "submarino";1;1;;;;;1
07/01/2014;03:44:00;40;sem vítima;668,478;BR-376/PR;Sul;Tombamento;1;1;;;;;1
08/01/2014;04:34:00;62;com vítima;96,9;BR-116/PR;Sul;Colisão Traseira;1;1;;3;;;2
08/01/2014;23:13:00;447;sem vítima;115,891;BR-101/SC;Sul;Objeto lançado contra veículo;2;5;;;;;1
08/01/2014;19:30:00;392;sem vítima;119,5;BR-101/SC;Sul;Colisão Lateral;1;2;;;;;1
08/01/2014;10:23:00;160;sem vítima;186,153;BR-101/SC;Norte;Choque - Defensa, barreira ou "submarino";1;1;;;;;1
08/01/2014;04:24:00;60;com vítima;631,267;BR-376/PR;Sul;Colisão Traseira;2;1;;;1;;2
08/01/2014;16:59:00;329;sem vítima;653,99;BR-376/PR;Norte;Colisão Traseira;2;2;;;;;1
08/01/2014;07:01:00;79;sem vítima;667,721;BR-376/PR;Sul;Colisão Traseira;1;2;;;;;1
09/01/2014;06:03:00;71;sem vítima;19,534;BR-101/SC;Sul;Colisão Traseira;2;2;;;;;1
09/01/2014;23:05:00;432;sem vítima;20,896;BR-101/SC;Norte;Tombamento;1;1;;;;;1
09/01/2014;13:18:00;229;sem vítima;106,982;BR-116/PR;Sul;Saida de Pista;1;1;;;;;1
09/01/2014;17:40:00;323;sem vítima;117,249;BR-101/SC;Norte;Colisão Lateral;1;2;;;;;1
09/01/2014;18:54:00;348;sem vítima;123,8;BR-101/SC;Sul;Engavetamento;1;7;;;;;1
09/01/2014;18:39:00;343;sem vítima;636,301;BR-376/PR;Sul;Colisão Lateral;1;3;;;;;1
09/01/2014;14:56:00;262;sem vítima;659,644;BR-376/PR;Norte;Saida de Pista;1;1;;;;;1
09/01/2014;15:23:00;271;sem vítima;672,971;BR-376/PR;Sul;Colisão Traseira;2;2;;;;;1
10/01/2014;13:38:00;239;sem vítima;1,447;BR-101/SC;Sul;Colisão Traseira;1;2;;;;;1
10/01/2014;09:30:00;142;sem vítima;114,726;BR-116/PR;Sul;Colisão Traseira;2;2;;;;;1
10/01/2014;21:58:00;487;sem vítima;116,699;BR-101/SC;Sul;Colisão Lateral;1;2;;;;;1
10/01/2014;18:36:00;401;sem vítima;118,001;BR-101/SC;Sul;Colisão Lateral;1;2;;;;;1
10/01/2014;17:15:00;358;sem vítima;137,001;BR-101/SC;Sul;Colisão Lateral;2;2;;;;;1
10/01/2014;16:45:00;346;sem vítima;152,001;BR-101/SC;Sul;Colisão Lateral;2;2;;;;;1
10/01/2014;09:41:00;136;sem vítima;184,375;BR-101/SC;Sul;Colisão Traseira;1;3;;;;;1
10/01/2014;00:28:00;5;sem vítima;667,65;BR-376/PR;Sul;Colisão Traseira;1;2;;;;;1
10/01/2014;06:30:00;77;sem vítima;671,528;BR-376/PR;Sul;Saida de Pista;1;1;;;;;1
10/01/2014;23:26:00;516;sem vítima;673,457;BR-376/PR;Sul;Colisão Traseira;1;3;;;;;1
11/01/2014;08:39:00;146;com vítima;94,907;BR-116/PR;Sul;Colisão Transversal;1;1;1;;;;1
11/01/2014;11:53:00;234;sem vítima;105,701;BR-101/SC;Norte;Colisão Traseira;1;2;;;;;1
11/01/2014;12:10:00;245;sem vítima;134,818;BR-101/SC;Sul;Colisão Lateral;1;2;;;;;1
11/01/2014;10:17:00;194;sem vítima;207,845;BR-101/SC;Sul;Choque - Defensa, barreira ou "submarino";1;2;;;;;1
11/01/2014;18:27:00;412;sem vítima;231,5;BR-101/SC;Sul;Colisão Traseira;1;2;;;;;1
11/01/2014;14:49:00;317;sem vítima;232,15;BR-101/SC;Sul;Colisão Traseira;1;2;;;;;1
11/01/2014;15:19:00;331;sem vítima;630,001;BR-376/PR;Sul;Choque - Defensa, barreira ou "submarino";1;2;;;;;1
11/01/2014;07:34:00;119;sem vítima;667;BR-376/PR;Sul;Colisão Traseira;2;2;;;;;1
11/01/2014;09:17:00;167;com vítima;671,923;BR-376/PR;Sul;Colisão Traseira;2;1;1;;;;1
12/01/2014;21:28:00;388;sem vítima;107,2;BR-116/PR;Norte;Saida de Pista;1;2;;;;;1
12/01/2014;10:36:00;147;com vítima;672,874;BR-376/PR;Norte;Queda de Moto;1;1;;;;1;3
13/01/2014;17:31:00;324;sem vítima;38,297;BR-101/SC;Norte;Colisão Traseira;1;2;;;;;1
13/01/2014;17:06:00;314;sem vítima;41,343;BR-101/SC;Norte;Colisão Traseira;2;2;;;;;1
13/01/2014;18:51:00;354;sem vítima;45,872;BR-101/SC;Sul;Colisão Traseira;1;2;;;;;1
13/01/2014;09:56:00;150;sem vítima;66,901;BR-101/SC;Sul;Saida de Pista;1;1;;;;;1
13/01/2014;10:51:00;176;sem vítima;100,3;BR-101/SC;Norte;Colisão Traseira;1;2;;;;;1
13/01/2014;15:44:00;285;sem vítima;108,103;BR-101/SC;Norte;Colisão Lateral;3;5;;;;;1
13/01/2014;18:55:00;357;sem vítima;133,725;BR-101/SC;Norte;Colisão Lateral;1;2;;;;;1
13/01/2014;12:07:00;207;sem vítima;140,8;BR-101/SC;Norte;Colisão Traseira;1;2;;;;;1
13/01/2014;19:38:00;374;com vítima;174,9;BR-101/SC;Norte;Outros;1;1;1;;;;1
13/01/2014;17:01:00;317;sem vítima;180,101;BR-101/SC;Norte;Colisão Traseira;1;2;;;;;1
13/01/2014;10:08:00;156;com vítima;207,099;BR-101/SC;Sul;Engavetamento;1;4;;1;;;2
13/01/2014;11:43:00;195;sem vítima;208,267;BR-101/SC;Sul;Colisão Lateral;1;2;;;;;1