data;horario;n_da_ocorrencia;tipo_de_ocorrencia;km;trecho;sentido;tipo_de_acidente;caminhao;ilesos;levemente_feridos;moderadamente_feridos;gravemente_feridos;mortos;3
13/01/2014;13:19:00;227;com vítima;208,399;BR-101/SC;Sul;Colisão Lateral;1;1;1;;;;1
14/01/2014;11:06:00;190;sem vítima;101,927;BR-116/PR;Norte;Colisão Lateral;2;2;;;;;1
14/01/2014;01:33:00;37;com vítima;146,05;BR-101/SC;Norte;Atropelamento - Usuário;1;1;;;;1;3
14/01/2014;08:59:00;142;sem vítima;629,255;BR-376/PR;Norte;Colisão Traseira;2;2;;;;;1
15/01/2014;13:52:00;227;sem vítima;79,65;BR-101/SC;Norte;Colisão Traseira;2;2;;;;;1
15/01/2014;18:15:00;330;sem vítima;123,241;BR-101/SC;Norte;Colisão Lateral;1;2;;;;;1
15/01/2014;14:44:00;242;sem vítima;207,001;BR-101/SC;Sul;Colisão Lateral;1;2;;;;;1
15/01/2014;16:22:00;281;sem vítima;220,001;BR-101/SC;Norte;Colisão Traseira;1;2;;;;;1
15/01/2014;09:11:00;115;sem vítima;635,4;BR-376/PR;Norte;Colisão Traseira;1;2;;;;;1
15/01/2014;23:31:00;423;sem vítima;646,5;BR-376/PR;Norte;Colisão Lateral;1;2;;;;;1
16/01/2014;07:55:00;107;sem vítima;14,581;BR-101/SC;Norte;Colisão Traseira;2;2;;;;;1
16/01/2014;16:32:00;302;sem vítima;37,404;BR-101/SC;Sul;Outros;3;4;;;;;1
16/01/2014;22:49:00;413;sem vítima;88,1;BR-116/PR;Norte;Colisão Lateral;1;2;;;;;1
16/01/2014;15:04:00;268;sem vítima;103,063;BR-116/PR;Sul;Saida de Pista;1;1;;;;;1
16/01/2014;13:56:00;242;sem vítima;665,7;BR-376/PR;Sul;Colisão Traseira;2;2;;;;;1
17/01/2014;23:24:00;434;sem vítima;1,3;BR-101/SC;Sul;Colisão Traseira;1;2;;;;;1
17/01/2014;16:31:00;292;sem vítima;25,308;BR-101/SC;Sul;Choque - Defensa, barreira ou "submarino";1;2;;;;;1
17/01/2014;18:17:00;343;sem vítima;94,644;BR-101/SC;Norte;Colisão Traseira;1;2;;;;;1
17/01/2014;20:13:00;382;sem vítima;122,733;BR-101/SC;Sul;Engavetamento;1;3;;;;;1
17/01/2014;18:53:00;361;sem vítima;204,001;BR-101/SC;Sul;Colisão Traseira;1;2;;;;;1
17/01/2014;00:45:00;23;sem vítima;206,1;BR-101/SC;Sul;Colisão Lateral;1;2;;;;;1
17/01/2014;16:25:00;289;sem vítima;209,8;BR-101/SC;Sul;Colisão Traseira;1;2;;;;;1
17/01/2014;18:36:00;355;sem vítima;211,1;BR-101/SC;Sul;Colisão Traseira;1;2;;;;;1
17/01/2014;11:14:00;190;sem vítima;635,3;BR-376/PR;Sul;Colisão Transversal;2;2;;;;;1
17/01/2014;00:50:00;24;com vítima;644,452;BR-376/PR;Norte;Tombamento;1;0;;1;;;2
17/01/2014;01:45:00;33;sem vítima;644,452;BR-376/PR;Norte;Saida de Pista;1;1;;;;;1
17/01/2014;13:29:00;226;sem vítima;671,538;BR-376/PR;Sul;Colisão Traseira;1;2;;;;;1
18/01/2014;10:55:00;177;sem vítima;1,273;BR-101/SC;Sul;Colisão Traseira;1;2;;;;;1
18/01/2014;10:13:00;161;sem vítima;138,475;BR-101/SC;Sul;Engavetamento;2;3;;;;;1
18/01/2014;10:35:00;164;sem vítima;225,2;BR-101/SC;Sul;Colisão Traseira;1;2;;;;;1
18/01/2014;09:10:00;150;sem vítima;229,3;BR-101/SC;Sul;Colisão Traseira;1;2;;;;;1
18/01/2014;17:26:00;353;sem vítima;229,36;BR-101/SC;Sul;Colisão Lateral;2;2;;;;;1
18/01/2014;19:09:00;390;sem vítima;230,3;BR-101/SC;Sul;Colisão Lateral;1;2;;;;;1
18/01/2014;07:05:00;94;sem vítima;232,5;BR-101/SC;Norte;Engavetamento;1;3;;;;;1
18/01/2014;09:42:00;151;sem vítima;660,419;BR-376/PR;Norte;Tombamento;1;1;;;;;1
18/01/2014;12:33:00;226;sem vítima;668,7;BR-376/PR;Sul;Tombamento;1;1;;;;;1
19/01/2014;20:00:00;443;sem vítima;179,9;BR-101/SC;Sul;Engavetamento;1;3;;;;;1
19/01/2014;19:09:00;415;sem vítima;235,8;BR-101/SC;Norte;Colisão Traseira;1;2;;;;;1
19/01/2014;18:29:00;400;sem vítima;236,4;BR-101/SC;Norte;Colisão Traseira;1;2;;;;;1
19/01/2014;11:35:00;165;sem vítima;646,798;BR-376/PR;Sul;Choque - Defensa, barreira ou "submarino";1;1;;;;;1
20/01/2014;16:30:00;377;sem vítima;33;BR-101/SC;Sul;Colisão Traseira;1;2;;;;;1
20/01/2014;16:01:00;354;sem vítima;111,501;BR-101/SC;Norte;Tombamento;1;1;;;;;1
20/01/2014;12:02:00;234;com vítima;117,277;BR-101/SC;Sul;Colisão Transversal;3;2;1;;;;1
20/01/2014;15:13:00;322;sem vítima;122,601;BR-101/SC;Sul;Colisão Traseira;1;2;;;;;1
20/01/2014;15:06:00;315;sem vítima;123,401;BR-101/SC;Norte;Colisão Traseira;2;2;;;;;1
20/01/2014;08:42:00;154;sem vítima;209,001;BR-101/SC;Sul;Engavetamento;1;3;;;;;1
21/01/2014;00:25:00;23;sem vítima;21,8;BR-101/SC;Sul;Colisão Lateral;2;2;;;;;1
21/01/2014;10:03:00;171;sem vítima;79,45;BR-101/SC;Sul;Choque - Suporte de Sinalização;1;2;;;;;1
21/01/2014;16:32:00;342;sem vítima;123,157;BR-101/SC;Norte;Colisão Transversal;2;2;;;;;1
21/01/2014;19:37:00;413;com vítima;615,643;BR-376/PR;Sul;Capotamento;1;1;1;;;;1
22/01/2014;10:19:00;165;sem vítima;117,5;BR-101/SC;Norte;Colisão Lateral;2;2;;;;;1
22/01/2014;07:06:00;89;sem vítima;138,401;BR-101/SC;Norte;Colisão Lateral;1;4;;;;;1
22/01/2014;12:03:00;205;sem vítima;140;BR-101/SC;Sul;Colisão Lateral;2;2;;;;;1
22/01/2014;16:16:00;315;sem vítima;152,89;BR-101/SC;Norte;Colisão Traseira;1;3;;;;;1
22/01/2014;10:21:00;175;sem vítima;197,5;BR-101/SC;Sul;Colisão Traseira;1;2;;;;;1
22/01/2014;19:57:00;411;sem vítima;209,5;BR-101/SC;Sul;Colisão Lateral;1;2;;;;;1
22/01/2014;16:56:00;335;sem vítima;210,848;BR-101/SC;Norte;Choque - Defensa, barreira ou "submarino";1;1;;;;;1
22/01/2014;17:21:00;402;sem vítima;232,1;BR-101/SC;Sul;Colisão Lateral;1;2;;;;;1
22/01/2014;17:48:00;357;sem vítima;618,266;BR-376/PR;Sul;Colisão Traseira;1;2;;;;;1
22/01/2014;17:48:00;382;sem vítima;618,266;BR-376/PR;Sul;Choque - Defensa, barreira ou "submarino";1;1;;;;;1
22/01/2014;22:44:00;461;com vítima;677,807;BR-376/PR;Norte;Saida de Pista;1;0;;;1;;2
23/01/2014;06:15:00;79;sem vítima;46,701;BR-101/SC;Sul;Capotamento;1;2;;;;;1
23/01/2014;12:17:00;223;sem vítima;109,7;BR-101/SC;Norte;Colisão Traseira;1;3;;;;;1
23/01/2014;09:44:00;165;sem vítima;112,5;BR-101/SC;Norte;Colisão Traseira;1;2;;;;;1
23/01/2014;08:50:00;133;sem vítima;117;BR-101/SC;Sul;Colisão Lateral;1;2;;;;;1
23/01/2014;09:24:00;152;sem vítima;117,101;BR-101/SC;Norte;Colisão Lateral;1;2;;;;;1
23/01/2014;01:56:00;35;sem vítima;121,95;BR-101/SC;Sul;Colisão Traseira;1;2;;;;;1
23/01/2014;01:18:00;32;com vítima;122,678;BR-101/SC;Sul;Engavetamento;3;2;;;2;;2
23/01/2014;11:53:00;212;sem vítima;134;BR-101/SC;Sul;Colisão Traseira;1;2;;;;;1
23/01/2014;21:43:00;443;com vítima;148,236;BR-101/SC;Sul;Atropelamento - Outros;1;3;1;;;;1
23/01/2014;21:03:00;435;sem vítima;197,2;BR-101/SC;Sul;Colisão Lateral;1;2;;;;;1
23/01/2014;08:20:00;121;sem vítima;213,415;BR-101/SC;Norte;Colisão Lateral;1;2;;;;;1
24/01/2014;11:12:00;197;sem vítima;80,642;BR-116/PR;Sul;Colisão Traseira;2;2;;;;;1
24/01/2014;19:53:00;405;com vítima;104,072;BR-116/PR;Sul;Colisão Lateral;1;1;1;;;;1
24/01/2014;10:52:00;188;sem vítima;157,4;BR-101/SC;Sul;Choque - Outros;1;1;;;;;1
24/01/2014;12:50:00;233;sem vítima;157,4;BR-101/SC;Norte;Choque - Cancela de Pedagio;1;1;;;;;1
24/01/2014;20:04:00;407;sem vítima;169,3;BR-101/SC;Sul;Saida de Pista;1;2;;;;;1
24/01/2014;11:06:00;194;sem vítima;204;BR-101/SC;Norte;Colisão Traseira;1;3;;;;;1
24/01/2014;23:12:00;451;sem vítima;206,6;BR-101/SC;Sul;Colisão Lateral;1;2;;;;;1
24/01/2014;13:40:00;252;com vítima;218,25;BR-101/SC;Norte;Outros - Sequência;1;2;2;;;;1
24/01/2014;06:40:00;88;sem vítima;627,7;BR-376/PR;Sul;Colisão Traseira;1;2;;;;;1
24/01/2014;17:39:00;358;sem vítima;671,725;BR-376/PR;Sul;Colisão Lateral;1;2;;;;;1
24/01/2014;05:33:00;81;com vítima;673,961;BR-376/PR;Norte;Colisão Traseira;2;1;;;1;;2
24/01/2014;19:13:00;389;com vítima;677,012;BR-376/PR;Norte;Engavetamento;4;16;;1;;;2
25/01/2014;15:28:00;303;sem vítima;40;BR-101/SC;Sul;Outros;1;1;;;;;1
25/01/2014;15:13:00;298;sem vítima;105,873;BR-116/PR;Norte;Colisão Traseira;2;2;;;;;1
25/01/2014;07:28:00;108;com vítima;152,8;BR-101/SC;Sul;Colisão Transversal;1;2;1;;;;1
25/01/2014;02:07:00;34;sem vítima;184,22;BR-101/SC;Sul;Saida de Pista;2;2;;;;;1
25/01/2014;03:20:00;62;com vítima;206,4;BR-101/SC;Sul;Colisão Traseira;1;1;;;1;;2
25/01/2014;18:32:00;372;sem vítima;212,9;BR-101/SC;Sul;Colisão Traseira;1;2;;;;;1
25/01/2014;13:56:00;266;sem vítima;667,349;BR-376/PR;Sul;Engavetamento;1;9;;;;;1
25/01/2014;23:11:00;445;com vítima;673,2;BR-376/PR;Sul;Colisão Traseira;2;1;;1;;;2
26/01/2014;10:48:00;144;sem vítima;128,292;BR-101/SC;Norte;Colisão Lateral;1;3;;;;;1
26/01/2014;10:22:00;135;sem vítima;665,658;BR-376/PR;Sul;Colisão Lateral;1;2;;;;;1
27/01/2014;13:58:00;248;sem vítima;643,2;BR-376/PR;Norte;Saida de Pista;1;1;;;;;1
28/01/2014;02:58:00;52;sem vítima;121,5;BR-101/SC;Norte;Atropelamento de Animal;1;1;;;;;1
28/01/2014;20:58:00;399;sem vítima;670,4;BR-376/PR;Norte;Tombamento;1;1;;;;;1
29/01/2014;10:05:00;167;sem vítima;21,229;BR-101/SC;Sul;Colisão Lateral;1;2;;;;;1
29/01/2014;12:05:00;221;com vítima;35,592;BR-101/SC;Sul;Colisão Lateral;1;1;;1;;;2
29/01/2014;13:08:00;242;sem vítima;45,109;BR-101/SC;Norte;Colisão Lateral;1;2;;;;;1
29/01/2014;18:47:00;404;sem vítima;111;BR-101/SC;Sul;Colisão Traseira;1;3;;;;;1
29/01/2014;17:40:00;365;sem vítima;209,648;BR-101/SC;Sul;Colisão Lateral;1;2;;;;;1
29/01/2014;08:27:00;115;sem vítima;212,342;BR-101/SC;Norte;Colisão Traseira;1;2;;;;;1
29/01/2014;02:28:00;42;sem vítima;665,555;BR-376/PR;Sul;Colisão Traseira;2;2;;;;;1
29/01/2014;07:36:00;93;sem vítima;674;BR-376/PR;Sul;Colisão Traseira;2;2;;;;;1
30/01/2014;17:04:00;338;sem vítima;163,464;BR-101/SC;Sul;Colisão Traseira;1;3;;;;;1
30/01/2014;10:55:00;186;sem vítima;207,8;BR-101/SC;Sul;Colisão Traseira;1;2;;;;;1
30/01/2014;17:37:00;352;sem vítima;209,801;BR-101/SC;Sul;Engavetamento;1;6;;;;;1
30/01/2014;16:59:00;337;sem vítima;660,722;BR-376/PR;Sul;Colisão Traseira;2;2;;;;;1
30/01/2014;18:53:00;380;sem vítima;665,9;BR-376/PR;Norte;Colisão Traseira;1;2;;;;;1
30/01/2014;12:00:00;215;sem vítima;671,7;BR-376/PR;Sul;Saida de Pista;1;1;;;;;1
30/01/2014;16:04:00;313;sem vítima;671,9;BR-376/PR;Sul;Saida de Pista;1;1;;;;;1
31/01/2014;05:49:00;82;com vítima;74,201;BR-116/PR;Norte;Colisão Frontal;2;3;;1;;;2
31/01/2014;19:22:00;397;sem vítima;113,2;BR-101/SC;Sul;Colisão Lateral;1;2;;;;;1
31/01/2014;08:06:00;117;sem vítima;117,365;BR-101/SC;Sul;Colisão Traseira;1;2;;;;;1
31/01/2014;07:37:00;106;sem vítima;149,34;BR-101/SC;Norte;Colisão Lateral;1;3;;;;;1
31/01/2014;15:01:00;350;sem vítima;179,001;BR-101/SC;Sul;Colisão Frontal;1;2;;;;;1
31/01/2014;17:25:00;351;sem vítima;231,501;BR-101/SC;Sul;Colisão Transversal;1;2;;;;;1
31/01/2014;17:31:00;357;sem vítima;623,239;BR-376/PR;Norte;Engavetamento;1;3;;;;;1
31/01/2014;12:39:00;235;sem vítima;643,055;BR-376/PR;Norte;Tombamento;1;1;;;;;1
01/02/2014;11:10:00;185;sem vítima;62,558;BR-101/SC;Sul;Choque - Defensa, barreira ou "submarino";1;2;;;;;1
01/02/2014;04:56:00;73;sem vítima;82,175;BR-116/PR;Sul;Tombamento;1;1;;;;;1
01/02/2014;23:40:00;440;sem vítima;154,697;BR-101/SC;Norte;Choque - Suporte de Sinalização;1;3;;;;;1
01/02/2014;12:54:00;223;sem vítima;229,377;BR-101/SC;Sul;Colisão Lateral;1;2;;;;;1
01/02/2014;18:02:00;336;sem vítima;229,5;BR-101/SC;Sul;Colisão Traseira;1;2;;;;;1
01/02/2014;10:02:00;163;sem vítima;231,005;BR-101/SC;Sul;Colisão Lateral;1;2;;;;;1
01/02/2014;12:15:00;210;sem vítima;647,791;BR-376/PR;Sul;Choque - Defensa, barreira ou "submarino";1;1;;;;;1
01/02/2014;07:51:00;113;sem vítima;653,6;BR-376/PR;Sul;Colisão Lateral;1;2;;;;;1
01/02/2014;17:43:00;330;com vítima;655,758;BR-376/PR;Norte;Tombamento;1;0;;1;;2;3
01/02/2014;17:00:00;311;sem vítima;669,2;BR-376/PR;Sul;Colisão Lateral;2;2;;;;;1
02/02/2014;08:38:00;133;sem vítima;2,963;BR-101/SC;Sul;Tombamento;1;1;;;;;1
02/02/2014;20:18:00;389;sem vítima;136,4;BR-101/SC;Norte;Colisão Traseira;1;3;;;;;1
02/02/2014;10:42:00;176;com vítima;216,4;BR-101/SC;Sul;Colisão Traseira;1;1;1;;;;1
02/02/2014;17:33:00;322;sem vítima;680,05;BR-376/PR;Norte;Colisão Lateral;1;2;;;;;1
03/02/2014;22:50:00;423;sem vítima;89,7;BR-101/SC;Sul;Colisão Traseira;1;2;;;;;1
03/02/2014;18:57:00;371;sem vítima;107,5;BR-116/PR;Sul;Engavetamento;3;3;;;;;1
03/02/2014;00:44:00;27;sem vítima;242,3;BR-101/SC;Norte;Saida de Pista;1;1;;;;;1
03/02/2014;08:15:00;124;sem vítima;615,416;BR-376/PR;Norte;Engavetamento;1;4;;;;;1
03/02/2014;13:20:00;244;sem vítima;620,1;BR-376/PR;Sul;Colisão Traseira;1;2;;;;;1
04/02/2014;15:46:00;277;sem vítima;44,3;BR-101/SC;Norte;Colisão Traseira;1;2;;;;;1
04/02/2014;17:36:00;323;sem vítima;88;BR-116/PR;Sul;Saida de Pista;1;1;;;;;1
04/02/2014;14:24:00;255;com vítima;643,973;BR-376/PR;Norte;Colisão Lateral;1;2;2;;;;1
05/02/2014;17:09:00;364;sem vítima;1,35;BR-101/SC;Sul;Colisão Traseira;1;3;;;;;1
05/02/2014;14:05:00;277;sem vítima;126,741;BR-101/SC;Sul;Colisão Traseira;1;2;;;;;1
05/02/2014;10:54:00;202;sem vítima;157,354;BR-101/SC;Sul;Colisão Traseira;1;2;;;;;1
05/02/2014;07:34:00;122;sem vítima;213,204;BR-101/SC;Sul;Colisão Lateral;1;2;;;;;1
05/02/2014;07:30:00;108;sem vítima;615,351;BR-376/PR;Sul;Colisão Lateral;1;2;;;;;1
05/02/2014;15:30:00;333;sem vítima;664,9;BR-376/PR;Norte;Colisão Traseira;1;2;;;;;1
06/02/2014;15:15:00;286;sem vítima;3,94;BR-101/SC;Sul;Choque - Objeto sobre a pista;1;2;;;;;1
06/02/2014;19:00:00;376;sem vítima;78,545;BR-101/SC;Norte;Colisão Lateral;2;2;;;;;1
06/02/2014;09:06:00;146;sem vítima;108,4;BR-116/PR;Sul;Colisão Traseira;2;2;;;;;1
06/02/2014;10:24:00;177;sem vítima;110,145;BR-116/PR;Sul;Colisão Traseira;2;2;;;;;1
06/02/2014;07:42:00;103;com vítima;121,8;BR-101/SC;Norte;Colisão Traseira;1;1;1;;;;1
06/02/2014;15:34:00;296;sem vítima;165,05;BR-101/SC;Norte;Colisão Traseira;1;3;;;;;1
06/02/2014;15:21:00;291;sem vítima;201,3;BR-101/SC;Sul;Colisão Lateral;1;2;;;;;1
06/02/2014;10:36:00;183;sem vítima;205,144;BR-101/SC;Sul;Colisão Traseira;1;2;;;;;1
06/02/2014;07:09:00;85;sem vítima;635,2;BR-376/PR;Norte;Colisão Traseira;1;2;;;;;1
06/02/2014;17:12:00;335;com vítima;648,403;BR-376/PR;Norte;Colisão Traseira;1;1;1;;;;1
07/02/2014;07:44:00;85;sem vítima;50,001;BR-101/SC;Norte;Colisão Traseira;1;2;;;;;1
07/02/2014;19:22:00;375;com vítima;91,53;BR-101/SC;Sul;Colisão Traseira;2;3;1;;;;1
07/02/2014;05:15:00;64;com vítima;111,117;BR-101/SC;Sul;Colisão Traseira;1;2;;;1;;2
07/02/2014;23:35:00;442;sem vítima;118,624;BR-101/SC;Sul;Choque - Objeto sobre a pista;2;2;;;;;1
07/02/2014;21:27:00;420;sem vítima;206;BR-101/SC;Sul;Colisão Lateral;1;2;;;;;1
07/02/2014;17:30:00;331;sem vítima;209,8;BR-101/SC;Sul;Colisão Lateral;1;2;;;;;1
07/02/2014;10:34:00;167;com vítima;666,69;BR-376/PR;Sul;Colisão Lateral;1;1;1;;;;1
08/02/2014;08:08:00;125;com vítima;45,499;BR-101/SC;Norte;Choque - Defensa, barreira ou "submarino";1;1;1;;;;1
08/02/2014;10:21:00;178;sem vítima;93,5;BR-101/SC;Norte;Colisão Lateral;1;2;;;;;1
08/02/2014;17:11:00;353;sem vítima;196,934;BR-101/SC;Sul;Colisão Lateral;1;2;;;;;1
08/02/2014;13:28:00;245;sem vítima;208,1;BR-101/SC;Sul;Queda de Moto;1;2;;;;;1
08/02/2014;07:17:00;107;sem vítima;212,5;BR-101/SC;Norte;Colisão Lateral;1;3;;;;;1
08/02/2014;11:40:00;210;sem vítima;643,149;BR-376/PR;Norte;Tombamento;1;1;;;;;1
08/02/2014;07:46:00;113;com vítima;659,768;BR-376/PR;Norte;Colisão Traseira;1;2;1;;;;1
09/02/2014;23:31:00;475;com vítima;82,7;BR-116/PR;Norte;Colisão Lateral;1;1;;;1;;2
09/02/2014;19:16:00;370;sem vítima;136,001;BR-101/SC;Norte;Colisão Lateral;1;2;;;;;1
09/02/2014;22:14:00;449;sem vítima;145,85;BR-101/SC;Norte;Colisão Lateral;1;2;;;;;1
09/02/2014;19:30:00;382;sem vítima;151,3;BR-101/SC;Norte;Colisão Lateral;1;2;;;;;1
09/02/2014;09:26:00;139;com vítima;628,394;BR-376/PR;Norte;Colisão Traseira;1;2;3;;;;1
10/02/2014;15:36:00;342;com vítima;17,225;BR-101/SC;Sul;Colisão Traseira;2;2;;;;1;3
10/02/2014;12:46:00;260;com vítima;143,001;BR-101/SC;Sul;Atropelamento - Usuário;1;1;1;;;;1
10/02/2014;15:40:00;345;sem vítima;170,5;BR-101/SC;Sul;Colisão Traseira;2;2;;;;;1
10/02/2014;01:04:00;36;sem vítima;670,05;BR-376/PR;Norte;Colisão Lateral;1;2;;;;;1
11/02/2014;05:42:00;82;sem vítima;81,176;BR-101/SC;Norte;Colisão Lateral;1;2;;;;;1
11/02/2014;11:42:00;196;sem vítima;117,246;BR-101/SC;Sul;Colisão Traseira;1;2;;;;;1
11/02/2014;18:46:00;377;com vítima;121,118;BR-101/SC;Norte;Atropelamento - Usuário;1;1;;;1;;2
11/02/2014;17:39:00;357;sem vítima;157,418;BR-101/SC;Norte;Colisão Traseira;2;2;;;;;1
11/02/2014;08:02:00;111;sem vítima;200,532;BR-101/SC;Sul;Colisão Lateral;1;2;;;;;1
11/02/2014;06:26:00;85;sem vítima;217,43;BR-101/SC;Norte;Saida de Pista;1;1;;;;;1
12/02/2014;08:08:00;103;sem vítima;157,25;BR-101/SC;Sul;Colisão Lateral;1;2;;;;;1
12/02/2014;11:29:00;191;sem vítima;175,833;BR-101/SC;Norte;Saida de Pista;1;1;;;;;1
12/02/2014;18:40:00;393;sem vítima;213,3;BR-101/SC;Sul;Choque - Defensa, barreira ou "submarino";1;1;;;;;1
12/02/2014;01:49:00;36;sem vítima;217,685;BR-101/SC;Sul;Atropelamento de Animal;1;1;;;;;1
13/02/2014;08:57:00;126;sem vítima;53,571;BR-101/SC;Sul;Colisão Traseira;2;2;;;;;1
13/02/2014;21:20:00;400;sem vítima;54,708;BR-101/SC;Sul;Outros;1;1;;;;;1
13/02/2014;19:03:00;356;sem vítima;79,4;BR-101/SC;Sul;Colisão Traseira;1;2;;;;;1
13/02/2014;18:22:00;351;sem vítima;80,7;BR-101/SC;Sul;Colisão Traseira;1;2;;;;;1
13/02/2014;17:21:00;319;sem vítima;207,01;BR-101/SC;Sul;Colisão Traseira;1;2;;;;;1
13/02/2014;12:16:00;203;sem vítima;207,207;BR-101/SC;Sul;Colisão Traseira;1;2;;;;;1
13/02/2014;15:31:00;264;sem vítima;218,333;BR-101/SC;Sul;Tombamento;1;1;;;;;1
13/02/2014;07:58:00;105;sem vítima;653,358;BR-376/PR;Norte;Colisão Traseira;2;2;;;;;1
14/02/2014;13:45:00;233;sem vítima;29,765;BR-101/SC;Norte;Choque - Defensa, barreira ou "submarino";1;1;;;;;1
14/02/2014;16:00:00;294;com vítima;37,885;BR-101/SC;Norte;Colisão Lateral;1;2;1;;;;1
14/02/2014;17:56:00;351;sem vítima;79,45;BR-101/SC;Norte;Colisão Traseira;1;2;;;;;1
14/02/2014;00:31:00;22;sem vítima;157,489;BR-101/SC;Sul;Colisão Traseira;1;2;;;;;1
14/02/2014;22:22:00;442;sem vítima;206,3;BR-101/SC;Sul;Colisão Lateral;2;2;;;;;1
14/02/2014;13:10:00;219;sem vítima;215,068;BR-101/SC;Norte;Colisão Traseira;1;3;;;;;1
14/02/2014;15:35:00;301;sem vítima;225,875;BR-101/SC;Sul;Choque - Objeto sobre a pista;1;2;;;;;1
14/02/2014;21:45:00;434;sem vítima;234,434;BR-101/SC;Sul;Colisão Lateral;1;2;;;;;1
14/02/2014;23:17:00;451;sem vítima;673,479;BR-376/PR;Sul;Colisão Traseira;1;1;;;;;1
15/02/2014;20:58:00;355;sem vítima;212,1;BR-101/SC;Sul;Colisão Traseira;1;2;;;;;1
15/02/2014;21:41:00;372;sem vítima;214,3;BR-101/SC;Norte;Colisão Lateral;1;3;;;;;1
15/02/2014;10:23:00;158;sem vítima;215,8;BR-101/SC;Sul;Colisão Lateral;1;2;;;;;1
15/02/2014;12:18:00;195;sem vítima;657,986;BR-376/PR;Sul;Colisão Traseira;1;2;;;;;1
15/02/2014;15:48:00;261;sem vítima;659,952;BR-376/PR;Norte;Saida de Pista;1;1;;;;;1
15/02/2014;12:23:00;196;sem vítima;660,5;BR-376/PR;Norte;Colisão Lateral;1;2;;;;;1
15/02/2014;09:53:00;144;sem vítima;671,376;BR-376/PR;Sul;Colisão Lateral;1;2;;;;;1
16/02/2014;01:47:00;21;com vítima;151,837;BR-101/SC;Sul;Atropelamento - Sem Informação;1;3;;;;1;3
16/02/2014;02:01:00;23;sem vítima;225,5;BR-101/SC;Sul;Colisão Traseira;1;2;;;;;1
17/02/2014;06:50:00;59;sem vítima;23,901;BR-101/SC;Norte;Colisão Lateral;2;2;;;;;1
17/02/2014;11:01:00;149;com vítima;48,776;BR-101/SC;Norte;Choque - Defensa, barreira ou "submarino";1;0;1;;;;1
17/02/2014;16:30:00;260;sem vítima;86,801;BR-116/PR;Sul;Saida de Pista;1;2;;;;;1
17/02/2014;18:46:00;308;sem vítima;102,4;BR-116/PR;Sul;Colisão Traseira;1;3;;;;;1
17/02/2014;19:45:00;328;sem vítima;102,4;BR-116/PR;Sul;Colisão Lateral;1;2;;;;;1
17/02/2014;10:48:00;147;sem vítima;120,621;BR-101/SC;Norte;Engavetamento;3;3;;;;;1
17/02/2014;05:10:00;43;com vítima;204,5;BR-101/SC;Sul;Tombamento;1;1;1;;;;1
17/02/2014;16:53:00;268;com vítima;209,446;BR-101/SC;Norte;Atropelamento - Usuário;1;1;;;1;;2
17/02/2014;05:26:00;50;sem vítima;235,5;BR-101/SC;Norte;Saida de Pista;1;1;;;;;1
17/02/2014;09:09:00;117;sem vítima;616,6;BR-376/PR;Sul;Colisão Traseira;1;2;;;;;1
17/02/2014;10:41:00;144;com vítima;671,723;BR-376/PR;Sul;Saida de Pista;1;0;1;;;;1
18/02/2014;04:55:00;45;com vítima;100,9;BR-116/PR;Norte;Colisão Traseira;1;1;;1;;;2
18/02/2014;07:47:00;72;sem vítima;101,9;BR-116/PR;Sul;Saida de Pista;1;1;;;;;1
18/02/2014;07:55:00;76;sem vítima;102,321;BR-116/PR;Sul;Colisão Traseira;1;2;;;;;1
18/02/2014;07:29:00;66;sem vítima;107,012;BR-116/PR;Sul;Capotamento;1;2;;;;;1
18/02/2014;15:45:00;250;sem vítima;132,3;BR-101/SC;Sul;Colisão Traseira;1;2;;;;;1
18/02/2014;06:44:00;55;com vítima;204,23;BR-101/SC;Sul;Colisão Lateral;2;2;1;;;;1
18/02/2014;23:52:00;360;com vítima;234,5;BR-101/SC;Norte;Tombamento;1;1;1;;;;1
18/02/2014;08:04:00;78;sem vítima;635,4;BR-376/PR;Sul;Colisão Traseira;2;2;;;;;1
18/02/2014;21:05:00;335;sem vítima;655,353;BR-376/PR;Norte;Tombamento;1;1;;;;;1
19/02/2014;15:05:00;245;sem vítima;35,8;BR-101/SC;Sul;Choque - Defensa, barreira ou "submarino";1;1;;;;;1
19/02/2014;14:46:00;239;sem vítima;49,1;BR-101/SC;Norte;Colisão Traseira;1;2;;;;;1
19/02/2014;17:25:00;304;sem vítima;125,6;BR-101/SC;Sul;Colisão Traseira;1;2;;;;;1
19/02/2014;06:21:00;65;sem vítima;138,985;BR-101/SC;Sul;Tombamento;1;1;;;;;1
19/02/2014;15:24:00;255;sem vítima;139,195;BR-101/SC;Sul;Colisão Traseira;1;2;;;;;1
19/02/2014;00:52:00;22;com vítima;156,8;BR-101/SC;Sul;Colisão Traseira;1;3;2;;;;1
19/02/2014;14:07:00;220;sem vítima;157,4;BR-101/SC;Norte;Colisão Traseira;2;2;;;;;1
19/02/2014;07:06:00;76;sem vítima;168,984;BR-101/SC;Sul;Saida de Pista;1;1;;;;;1
19/02/2014;07:45:00;86;sem vítima;201,587;BR-101/SC;Sul;Engavetamento;1;4;;;;;1
19/02/2014;08:49:00;110;sem vítima;205,05;BR-101/SC;Sul;Colisão Lateral;1;2;;;;;1
19/02/2014;06:26:00;66;sem vítima;638,874;BR-376/PR;Norte;Colisão Traseira;1;2;;;;;1
19/02/2014;05:56:00;62;com vítima;668,65;BR-376/PR;Sul;Colisão Traseira;1;1;;;1;1;3
20/02/2014;06:31:00;88;sem vítima;16,219;BR-101/SC;Sul;Colisão Traseira;1;2;;;;;1