data;horario;n_da_ocorrencia;tipo_de_ocorrencia;km;trecho;sentido;tipo_de_acidente;caminhao;ilesos;levemente_feridos;moderadamente_feridos;gravemente_feridos;mortos;3
20/02/2014;12:39:00;216;sem vítima;49,566;BR-101/SC;Sul;Colisão Lateral;1;3;;;;;1
20/02/2014;17:36:00;339;sem vítima;105,9;BR-101/SC;Sul;Colisão Traseira;1;2;;;;;1
20/02/2014;12:09:00;207;sem vítima;122;BR-101/SC;Norte;Colisão Lateral;1;2;;;;;1
20/02/2014;09:24:00;145;sem vítima;151,677;BR-101/SC;Norte;Choque - Outros;1;1;;;;;1
20/02/2014;16:36:00;308;sem vítima;199,001;BR-101/SC;Sul;Colisão Traseira;1;2;;;;;1
20/02/2014;19:57:00;390;sem vítima;219;BR-101/SC;Sul;Colisão Transversal;1;2;;;;;1
20/02/2014;21:27:00;411;sem vítima;231,901;BR-101/SC;Sul;Colisão Traseira;1;2;;;;;1
20/02/2014;14:06:00;243;sem vítima;672,784;BR-376/PR;Sul;Saida de Pista;1;1;;;;;1
21/02/2014;14:51:00;269;sem vítima;13,451;BR-101/SC;Norte;Saida de Pista;1;1;;;;;1
21/02/2014;13:28:00;228;sem vítima;102,79;BR-116/PR;Sul;Colisão Lateral;1;2;;;;;1
21/02/2014;09:52:00;152;sem vítima;111,881;BR-101/SC;Norte;Colisão Lateral;1;2;;;;;1
21/02/2014;19:44:00;392;sem vítima;205,07;BR-101/SC;Norte;Colisão Transversal;1;2;;;;;1
21/02/2014;09:06:00;134;sem vítima;667,2;BR-376/PR;Sul;Engavetamento;4;11;;;;;1
21/02/2014;23:06:00;456;sem vítima;667,965;BR-376/PR;Sul;Tombamento;1;1;;;;;1
22/02/2014;05:50:00;75;com vítima;103,75;BR-116/PR;Norte;Tombamento;1;2;1;;;;1
22/02/2014;20:11:00;319;com vítima;117,6;BR-101/SC;Sul;Queda de Moto;1;1;1;;;;1
22/02/2014;13:11:00;194;sem vítima;123;BR-101/SC;Norte;Colisão Frontal;1;2;;;;;1
22/02/2014;14:01:00;211;com vítima;196,725;BR-101/SC;Sul;Colisão Lateral;1;1;1;1;;;2
22/02/2014;08:12:00;101;sem vítima;669,29;BR-376/PR;Sul;Tombamento;1;1;;;;;1
23/02/2014;11:31:00;153;sem vítima;14,416;BR-101/SC;Norte;Engavetamento;3;3;;;;;1
23/02/2014;15:20:00;204;sem vítima;23,9;BR-101/SC;Sul;Colisão Lateral;1;2;;;;;1
23/02/2014;11:10:00;145;com vítima;214,199;BR-101/SC;Sul;Colisão Traseira;1;1;2;;;;1
23/02/2014;14:48:00;192;sem vítima;652,9;BR-376/PR;Sul;Saida de Pista;1;1;;;;;1
24/02/2014;23:27:00;398;com vítima;24,474;BR-101/SC;Norte;Atropelamento - Outros;1;1;;1;;;2
24/02/2014;15:48:00;265;sem vítima;84;BR-101/SC;Sul;Colisão Lateral;1;2;;;;;1
24/02/2014;10:34:00;155;sem vítima;98,001;BR-116/PR;Sul;Engavetamento;2;3;;;;;1
24/02/2014;11:02:00;170;sem vítima;104,5;BR-101/SC;Sul;Colisão Traseira;1;2;;;;;1
24/02/2014;08:10:00;124;sem vítima;131,8;BR-101/SC;Norte;Colisão Traseira;1;2;;;;;1
24/02/2014;17:49:00;311;sem vítima;155,275;BR-101/SC;Sul;Colisão Traseira;1;2;;;;;1
24/02/2014;00:15:00;3;com vítima;175,165;BR-101/SC;Norte;Tombamento;1;0;;1;;;2
24/02/2014;06:16:00;81;com vítima;199,945;BR-101/SC;Norte;Colisão Lateral;1;2;1;;;;1
24/02/2014;07:57:00;106;sem vítima;208,215;BR-101/SC;Sul;Colisão Lateral;1;2;;;;;1
24/02/2014;01:42:00;26;sem vítima;642,585;BR-376/PR;Norte;Saida de Pista;1;1;;;;;1
25/02/2014;05:06:00;46;sem vítima;21,123;BR-101/SC;Sul;Saida de Pista;1;1;;;;;1
25/02/2014;14:03:00;235;sem vítima;27,45;BR-101/SC;Sul;Choque - Defensa, barreira ou "submarino";1;1;;;;;1
25/02/2014;16:31:00;297;sem vítima;51;BR-101/SC;Sul;Colisão Lateral;1;1;;;;;1
25/02/2014;12:54:00;211;sem vítima;97,483;BR-101/SC;Norte;Colisão Traseira;1;2;;;;;1
25/02/2014;09:03:00;128;sem vítima;103,112;BR-116/PR;Sul;Colisão Traseira;2;2;;;;;1
25/02/2014;22:39:00;388;com vítima;116,838;BR-101/SC;Sul;Colisão Traseira;1;1;;;1;;2
25/02/2014;15:34:00;279;sem vítima;121,5;BR-101/SC;Sul;Colisão Lateral;1;2;;;;;1
25/02/2014;15:17:00;268;sem vítima;206,8;BR-101/SC;Sul;Colisão Lateral;1;2;;;;;1
25/02/2014;11:50:00;188;sem vítima;662,001;BR-376/PR;Sul;Choque - Defensa, barreira ou "submarino";1;2;;;;;1
25/02/2014;12:01:00;193;com vítima;671,7;BR-376/PR;Sul;Saida de Pista;1;0;;1;;;2
26/02/2014;14:04:00;269;sem vítima;1,35;BR-101/SC;Sul;Colisão Traseira;1;2;;;;;1
26/02/2014;19:27:00;396;sem vítima;99,169;BR-116/PR;Norte;Saida de Pista;1;1;;;;;1
26/02/2014;19:57:00;404;sem vítima;125,48;BR-101/SC;Norte;Colisão Lateral;1;2;;;;;1
26/02/2014;07:20:00;106;sem vítima;131,24;BR-101/SC;Norte;Colisão Traseira;2;2;;;;;1
26/02/2014;17:18:00;356;sem vítima;243,001;BR-101/SC;Norte;Colisão Traseira;1;2;;;;;1
26/02/2014;06:47:00;95;sem vítima;617,5;BR-376/PR;Norte;Colisão Traseira;1;2;;;;;1
26/02/2014;19:10:00;390;sem vítima;636,162;BR-376/PR;Sul;Colisão Traseira;1;2;;;;;1
26/02/2014;06:02:00;85;sem vítima;655,3;BR-376/PR;Norte;Tombamento;1;2;;;;;1
26/02/2014;17:25:00;359;sem vítima;667,706;BR-376/PR;Sul;Saida de Pista;1;1;;;;;1
26/02/2014;12:27:00;234;sem vítima;671,322;BR-376/PR;Sul;Colisão Traseira;1;1;;;;;1
26/02/2014;12:31:00;236;sem vítima;672;BR-376/PR;Sul;Colisão Traseira;1;2;;;;;1
27/02/2014;23:42:00;425;sem vítima;3,144;BR-101/SC;Norte;Tombamento;1;1;;;;;1
27/02/2014;15:34:00;257;com vítima;39,2;BR-101/SC;Sul;Saida de Pista;2;1;1;;;;1
27/02/2014;14:57:00;245;sem vítima;79,85;BR-101/SC;Sul;Colisão Traseira;1;2;;;;;1
27/02/2014;07:23:00;95;sem vítima;95,924;BR-116/PR;Norte;Saida de Pista;1;2;;;;;1
27/02/2014;19:06:00;339;sem vítima;98;BR-116/PR;Sul;Saida de Pista;1;1;;;;;1
27/02/2014;20:08:00;365;com vítima;99,078;BR-116/PR;Norte;Colisão Traseira;3;2;;1;;;2
27/02/2014;14:08:00;225;com vítima;101,001;BR-116/PR;Sul;Engavetamento;4;3;;1;;;2
27/02/2014;07:15:00;92;sem vítima;114,488;BR-116/PR;Norte;Colisão Traseira;3;4;;;;;1
27/02/2014;07:31:00;98;sem vítima;121,374;BR-101/SC;Sul;Tombamento;1;1;;;;;1
27/02/2014;20:25:00;368;sem vítima;157,4;BR-101/SC;Norte;Colisão Traseira;1;2;;;;;1
27/02/2014;19:28:00;347;sem vítima;208;BR-101/SC;Norte;Colisão Traseira;1;3;;;;;1
27/02/2014;00:30:00;6;sem vítima;643,842;BR-376/PR;Norte;Colisão Traseira;2;2;;;;;1
27/02/2014;21:51:00;401;sem vítima;672,146;BR-376/PR;Sul;Colisão Traseira;2;2;;;;;1
28/02/2014;16:03:00;294;com vítima;80,15;BR-101/SC;Sul;Colisão Traseira;1;3;1;;;;1
28/02/2014;23:36:00;455;sem vítima;99,5;BR-116/PR;Norte;Saida de Pista;1;1;;;;;1
28/02/2014;11:07:00;186;sem vítima;105,201;BR-101/SC;Sul;Colisão Traseira;1;2;;;;;1
28/02/2014;11:07:00;195;sem vítima;105,4;BR-101/SC;Sul;Engavetamento;1;3;;;;;1
28/02/2014;22:54:00;442;sem vítima;111,457;BR-101/SC;Norte;Saida de Pista;2;2;;;;;1
28/02/2014;23:11:00;446;sem vítima;132,992;BR-101/SC;Sul;Engavetamento;2;3;;;;;1
28/02/2014;06:51:00;86;sem vítima;155,963;BR-101/SC;Norte;Colisão Traseira;1;2;;;;;1
28/02/2014;12:54:00;225;sem vítima;199,501;BR-101/SC;Norte;Colisão Traseira;1;2;;;;;1
01/03/2014;16:03:00;302;sem vítima;128,924;BR-101/SC;Sul;Engavetamento;1;3;;;;;1
01/03/2014;07:10:00;98;sem vítima;229,4;BR-101/SC;Sul;Colisão Lateral;1;2;;;;;1
01/03/2014;12:27:00;233;sem vítima;231,2;BR-101/SC;Sul;Colisão Lateral;1;2;;;;;1
01/03/2014;19:36:00;373;com vítima;617,514;BR-376/PR;Sul;Choque - Objeto sobre a pista;1;1;1;;;1;3
01/03/2014;15:44:00;296;sem vítima;671,7;BR-376/PR;Sul;Colisão Lateral;1;4;;;;;1
01/03/2014;03:21:00;37;sem vítima;680,952;BR-376/PR;Sul;Engavetamento;1;4;;;;;1
02/03/2014;17:46:00;294;com vítima;92,748;BR-116/PR;Sul;Colisão Traseira;1;2;1;1;;;2
02/03/2014;09:55:00;128;sem vítima;108,01;BR-116/PR;Sul;Colisão Traseira;1;2;;;;;1
02/03/2014;22:00:00;365;sem vítima;671,888;BR-376/PR;Sul;Colisão Lateral;2;2;;;;;1
03/03/2014;15:08:00;204;sem vítima;102,887;BR-101/SC;Sul;Engavetamento;2;3;;;;;1
03/03/2014;19:16:00;279;sem vítima;630,192;BR-376/PR;Sul;Colisão Lateral;1;2;;;;;1
04/03/2014;13:51:00;212;sem vítima;30,15;BR-101/SC;Norte;Engavetamento;1;5;;;;;1
04/03/2014;09:36:00;138;com vítima;42;BR-101/SC;Norte;Colisão Lateral;2;1;;1;;;2
04/03/2014;17:06:00;289;sem vítima;56,961;BR-101/SC;Norte;Colisão Traseira;2;2;;;;;1
04/03/2014;07:37:00;99;sem vítima;92,687;BR-116/PR;Norte;Saida de Pista;1;2;;;;;1
04/03/2014;18:12:00;317;sem vítima;99,606;BR-101/SC;Norte;Choque - Defensa, barreira ou "submarino";1;1;;;;;1
04/03/2014;06:12:00;72;com vítima;206,613;BR-101/SC;Norte;Colisão Traseira;1;1;1;;;;1
04/03/2014;20:39:00;377;sem vítima;615;BR-376/PR;Norte;Colisão Traseira;1;2;;;;;1
04/03/2014;22:37:00;406;sem vítima;638,15;BR-376/PR;Norte;Engavetamento;1;3;;;;;1
05/03/2014;05:48:00;77;sem vítima;21,37;BR-101/SC;Sul;Choque - Defensa, barreira ou "submarino";1;1;;;;;1
05/03/2014;13:19:00;245;com vítima;54,328;BR-101/SC;Norte;Engavetamento;1;9;1;;;;1
05/03/2014;14:45:00;272;sem vítima;64,662;BR-101/SC;Norte;Colisão Traseira;1;2;;;;;1
05/03/2014;17:39:00;361;sem vítima;105,7;BR-116/PR;Sul;Saida de Pista;1;1;;;;;1
05/03/2014;11:37:00;207;sem vítima;108,006;BR-116/PR;Norte;Saida de Pista;1;1;;;;;1
05/03/2014;14:22:00;265;sem vítima;112,001;BR-116/PR;Sul;Colisão Traseira;1;2;;;;;1
05/03/2014;13:28:00;248;sem vítima;118,5;BR-101/SC;Sul;Colisão Traseira;2;2;;;;;1
05/03/2014;16:45:00;321;sem vítima;122,653;BR-101/SC;Sul;Colisão Traseira;2;2;;;;;1
05/03/2014;18:15:00;369;sem vítima;124,277;BR-101/SC;Norte;Engavetamento;1;3;;;;;1
05/03/2014;12:56:00;238;sem vítima;133,401;BR-101/SC;Norte;Colisão Traseira;1;2;;;;;1
05/03/2014;13:34:00;251;sem vítima;138,6;BR-101/SC;Sul;Colisão Traseira;1;2;;;;;1
05/03/2014;17:06:00;334;sem vítima;213,195;BR-101/SC;Sul;Colisão Traseira;3;4;;;;;1
05/03/2014;03:46:00;55;sem vítima;656,77;BR-376/PR;Norte;Colisão Traseira;1;2;;;;;1
05/03/2014;02:30:00;40;com vítima;664,829;BR-376/PR;Norte;Saida de Pista;1;0;;2;1;;2
05/03/2014;04:57:00;66;sem vítima;668,658;BR-376/PR;Sul;Choque - Defensa, barreira ou "submarino";1;1;;;;;1
06/03/2014;08:01:00;87;sem vítima;0,102;BR-101/SC;Norte;Saida de Pista;1;1;;;;;1
06/03/2014;14:12:00;229;sem vítima;90,723;BR-101/SC;Norte;Colisão Lateral;1;2;;;;;1
06/03/2014;18:04:00;330;sem vítima;104,7;BR-116/PR;Sul;Colisão Lateral;1;2;;;;;1
06/03/2014;17:52:00;321;sem vítima;204,267;BR-101/SC;Sul;Colisão Lateral;1;2;;;;;1
06/03/2014;08:48:00;111;sem vítima;210,86;BR-101/SC;Sul;Colisão Traseira;1;2;;;;;1
07/03/2014;01:46:00;21;sem vítima;82,656;BR-116/PR;Norte;Tombamento;1;1;;;;;1
07/03/2014;19:11:00;356;sem vítima;91;BR-101/SC;Norte;Choque - Objeto sobre a pista;1;4;;;;;1
07/03/2014;13:47:00;232;sem vítima;109,434;BR-101/SC;Norte;Colisão Traseira;2;2;;;;;1
07/03/2014;17:52:00;329;com vítima;114,7;BR-116/PR;Norte;Colisão Lateral;1;1;1;;;;1
07/03/2014;23:58:00;422;sem vítima;157,583;BR-101/SC;Sul;Colisão Lateral;1;2;;;;;1
07/03/2014;07:24:00;102;sem vítima;202,471;BR-101/SC;Sul;Colisão Traseira;1;2;;;;;1
07/03/2014;17:15:00;317;sem vítima;203,3;BR-101/SC;Norte;Colisão Traseira;1;2;;;;;1
07/03/2014;18:38:00;345;com vítima;207,125;BR-101/SC;Sul;Queda de Moto;1;1;1;;;;1
07/03/2014;18:47:00;348;sem vítima;209,75;BR-101/SC;Norte;Colisão Traseira;1;2;;;;;1
07/03/2014;07:22:00;83;com vítima;210,768;BR-101/SC;Norte;Colisão Traseira;1;1;1;;;;1
07/03/2014;03:20:00;49;com vítima;621,189;BR-376/PR;Sul;Colisão Traseira;4;4;;;2;;2
07/03/2014;01:32:00;18;sem vítima;664,9;BR-376/PR;Norte;Colisão Traseira;2;2;;;;;1
07/03/2014;15:27:00;270;sem vítima;666,2;BR-376/PR;Sul;Saida de Pista;1;1;;;;;1
07/03/2014;07:32:00;84;sem vítima;671,151;BR-376/PR;Sul;Colisão Lateral;2;2;;;;;1
08/03/2014;11:24:00;156;sem vítima;109,7;BR-116/PR;Sul;Colisão Lateral;1;2;;;;;1
08/03/2014;01:12:00;15;sem vítima;117,86;BR-101/SC;Norte;Saida de Pista;1;1;;;;;1
08/03/2014;12:39:00;177;sem vítima;136,524;BR-101/SC;Sul;Colisão Transversal;1;2;;;;;1
08/03/2014;06:57:00;71;com vítima;148,022;BR-101/SC;Norte;Atropelamento - Morador;1;1;1;;;;1
08/03/2014;20:33:00;320;sem vítima;213,588;BR-101/SC;Norte;Colisão Traseira;1;3;;;;;1
08/03/2014;09:36:00;116;sem vítima;668,201;BR-376/PR;Sul;Choque - Defensa, barreira ou "submarino";1;1;;;;;1
08/03/2014;15:02:00;214;sem vítima;677,198;BR-376/PR;Norte;Saida de Pista;1;1;;;;;1
09/03/2014;06:55:00;65;sem vítima;1,512;BR-101/SC;Sul;Colisão Lateral;2;2;;;;;1
09/03/2014;11:37:00;155;com vítima;14,033;BR-101/SC;Norte;Queda de Moto;1;2;1;;;;1
09/03/2014;23:40:00;386;com vítima;21,252;BR-101/SC;Sul;Engavetamento;2;8;1;;;;1
09/03/2014;22:32:00;374;com vítima;109,944;BR-116/PR;Sul;Saida de Pista;1;1;1;1;;;2
10/03/2014;16:54:00;256;sem vítima;50,422;BR-101/SC;Norte;Choque - Defensa, barreira ou "submarino";1;2;;;;;1
10/03/2014;01:27:00;17;com vítima;108,973;BR-101/SC;Sul;Saida de Pista;1;0;1;;;;1
10/03/2014;23:19:00;366;sem vítima;111,431;BR-101/SC;Norte;Colisão Lateral;2;2;;;;;1
10/03/2014;14:56:00;226;com vítima;158,635;BR-101/SC;Sul;Tombamento;1;0;;1;;;2
10/03/2014;17:36:00;276;sem vítima;209,843;BR-101/SC;Sul;Colisão Transversal;1;2;;;;;1
10/03/2014;16:59:00;261;sem vítima;223,283;BR-101/SC;Norte;Colisão Lateral;1;2;;;;;1
10/03/2014;15:23:00;233;sem vítima;633,7;BR-376/PR;Norte;Tombamento;1;1;;;;;1
11/03/2014;12:49:00;193;sem vítima;94,918;BR-116/PR;Sul;Saida de Pista;1;1;;;;;1
11/03/2014;15:01:00;232;sem vítima;102,237;BR-116/PR;Sul;Tombamento;1;1;;;;;1
11/03/2014;15:34:00;246;sem vítima;108,422;BR-116/PR;Sul;Saida de Pista;3;4;;;;;1
11/03/2014;17:25:00;308;sem vítima;109;BR-116/PR;Sul;Colisão Lateral;2;3;;;;;1
11/03/2014;01:01:00;22;sem vítima;111,101;BR-116/PR;Sul;Choque - Objeto sobre a pista;1;2;;;;;1
11/03/2014;07:57:00;76;sem vítima;140,637;BR-101/SC;Sul;Saida de Pista;1;1;;;;;1
11/03/2014;10:56:00;144;sem vítima;157,4;BR-101/SC;Sul;Colisão Lateral;1;2;;;;;1
11/03/2014;02:15:00;34;sem vítima;674,6;BR-376/PR;Sul;Tombamento;1;1;;;;;1
12/03/2014;11:38:00;196;sem vítima;13,9;BR-101/SC;Norte;Colisão Traseira;2;2;;;;;1
12/03/2014;11:50:00;204;sem vítima;14,832;BR-101/SC;Sul;Colisão Traseira;1;2;;;;;1
12/03/2014;11:50:00;200;sem vítima;42,881;BR-101/SC;Norte;Saida de Pista;1;1;;;;;1
12/03/2014;14:45:00;250;sem vítima;45,5;BR-101/SC;Norte;Colisão Lateral;1;2;;;;;1
12/03/2014;17:51:00;316;sem vítima;77,2;BR-101/SC;Norte;Saida de Pista;1;1;;;;;1
12/03/2014;22:05:00;374;com vítima;103,286;BR-116/PR;Norte;Colisão Frontal;1;3;;;;3;3
12/03/2014;13:30:00;231;sem vítima;157,4;BR-101/SC;Sul;Colisão Traseira;1;2;;;;;1
12/03/2014;18:58:00;331;sem vítima;209,316;BR-101/SC;Sul;Colisão Lateral;1;2;;;;;1
12/03/2014;16:17:00;281;sem vítima;635,35;BR-376/PR;Norte;Colisão Traseira;1;2;;;;;1
12/03/2014;19:29:00;339;sem vítima;671,1;BR-376/PR;Sul;Saida de Pista;1;1;;;;;1
12/03/2014;05:24:00;48;sem vítima;671,7;BR-376/PR;Sul;Saida de Pista;1;1;;;;;1
12/03/2014;09:48:00;152;sem vítima;673,4;BR-376/PR;Sul;Colisão Traseira;2;2;;;;;1
12/03/2014;22:48:00;384;com vítima;674,1;BR-376/PR;Sul;Colisão Traseira;2;1;;;1;;2
13/03/2014;11:18:00;156;sem vítima;25,981;BR-101/SC;Norte;Saida de Pista;1;2;;;;;1
13/03/2014;04:56:00;54;sem vítima;91,475;BR-116/PR;Norte;Saida de Pista;1;1;;;;;1
13/03/2014;18:26:00;281;sem vítima;105,879;BR-116/PR;Sul;Saida de Pista;4;4;;;;;1
13/03/2014;17:21:00;259;sem vítima;120,801;BR-101/SC;Norte;Choque - Defensa, barreira ou "submarino";1;1;;;;;1
13/03/2014;14:12:00;202;sem vítima;133,595;BR-101/SC;Sul;Colisão Lateral;1;2;;;;;1
13/03/2014;08:34:00;101;sem vítima;170;BR-101/SC;Sul;Saida de Pista;1;1;;;;;1
13/03/2014;20:34:00;314;sem vítima;209,915;BR-101/SC;Sul;Colisão Lateral;1;2;;;;;1
13/03/2014;07:15:00;76;sem vítima;211,96;BR-101/SC;Norte;Colisão Traseira;1;2;;;;;1
13/03/2014;05:48:00;58;sem vítima;671,4;BR-376/PR;Sul;Saida de Pista;1;1;;;;;1
14/03/2014;21:12:00;419;sem vítima;1,35;BR-101/SC;Norte;Colisão Traseira;1;2;;;;;1
14/03/2014;20:45:00;409;sem vítima;49,844;BR-101/SC;Sul;Choque - Objeto sobre a pista;1;1;;;;;1
14/03/2014;15:28:00;290;sem vítima;57,2;BR-101/SC;Norte;Colisão Traseira;2;2;;;;;1
14/03/2014;17:04:00;334;sem vítima;99,3;BR-101/SC;Sul;Saida de Pista;1;1;;;;;1
14/03/2014;15:36:00;295;sem vítima;110,08;BR-116/PR;Sul;Colisão Traseira;2;2;;;;;1
14/03/2014;05:58:00;70;sem vítima;113,102;BR-101/SC;Norte;Tombamento;1;1;;;;;1
14/03/2014;19:43:00;395;sem vítima;114,8;BR-101/SC;Sul;Engavetamento;1;3;;;;;1
14/03/2014;15:49:00;301;sem vítima;212,133;BR-101/SC;Sul;Colisão Lateral;1;2;;;;;1
14/03/2014;22:40:00;441;sem vítima;666;BR-376/PR;Sul;Colisão Traseira;2;2;;;;;1
15/03/2014;23:41:00;445;sem vítima;36,5;BR-101/SC;Norte;Saida de Pista;1;1;;;;;1
15/03/2014;20:54:00;409;sem vítima;42,574;BR-101/SC;Sul;Choque - Defensa, barreira ou "submarino";1;2;;;;;1
15/03/2014;10:27:00;162;sem vítima;75,9;BR-101/SC;Sul;Colisão Traseira;1;2;;;;;1
15/03/2014;18:50:00;351;com vítima;118,512;BR-101/SC;Sul;Engavetamento;3;2;1;;;1;3
15/03/2014;18:54:00;368;sem vítima;157,908;BR-101/SC;Sul;Colisão Traseira;1;2;;;;;1
15/03/2014;17:40:00;337;sem vítima;207,5;BR-101/SC;Norte;Colisão Traseira;1;1;;;;;1
15/03/2014;17:38:00;343;sem vítima;207,5;BR-101/SC;Sul;Colisão Lateral;1;2;;;;;1
15/03/2014;08:51:00;128;sem vítima;660,1;BR-376/PR;Sul;Colisão Traseira;1;6;;;;;1
15/03/2014;10:07:00;156;sem vítima;667,595;BR-376/PR;Sul;Choque - Defensa, barreira ou "submarino";1;1;;;;;1
15/03/2014;20:37:00;405;sem vítima;671,5;BR-376/PR;Sul;Colisão Traseira;1;2;;;;;1
15/03/2014;07:45:00;104;sem vítima;676,296;BR-376/PR;Sul;Saida de Pista;1;2;;;;;1
15/03/2014;09:21:00;137;sem vítima;676,7;BR-376/PR;Sul;Colisão Traseira;2;2;;;;;1
16/03/2014;08:14:00;98;com vítima;186,212;BR-101/SC;Sul;Tombamento;1;1;1;;;;1
16/03/2014;12:03:00;176;com vítima;668,5;BR-376/PR;Norte;Atropelamento - Andarilho;1;1;;1;;;2
17/03/2014;11:43:00;187;sem vítima;151,7;BR-101/SC;Norte;Choque - Outros;1;1;;;;;1
17/03/2014;04:18:00;52;sem vítima;156,126;BR-101/SC;Norte;Atropelamento de Animal;1;2;;;;;1
17/03/2014;06:05:00;61;sem vítima;157,398;BR-101/SC;Sul;Colisão Traseira;1;2;;;;;1
18/03/2014;18:50:00;323;sem vítima;36,1;BR-101/SC;Sul;Saida de Pista;1;1;;;;;1
18/03/2014;20:52:00;353;com vítima;92,001;BR-101/SC;Norte;Colisão Lateral;1;1;1;;;;1
18/03/2014;16:02:00;272;sem vítima;150,5;BR-101/SC;Norte;Colisão Lateral;1;2;;;;;1
18/03/2014;19:42:00;338;sem vítima;209,2;BR-101/SC;Sul;Colisão Traseira;1;2;;;;;1
18/03/2014;18:26:00;314;sem vítima;635,5;BR-376/PR;Sul;Colisão Lateral;2;2;;;;;1
18/03/2014;05:16:00;44;sem vítima;665,235;BR-376/PR;Sul;Choque - Talude;1;1;;;;;1
18/03/2014;07:25:00;83;sem vítima;680,111;BR-376/PR;Sul;Colisão Lateral;1;2;;;;;1
19/03/2014;06:51:00;64;sem vítima;1,35;BR-101/SC;Sul;Colisão Traseira;1;2;;;;;1
19/03/2014;07:02:00;67;sem vítima;1,35;BR-101/SC;Norte;Colisão Traseira;2;2;;;;;1
19/03/2014;12:04:00;173;sem vítima;46,5;BR-101/SC;Norte;Colisão Traseira;1;2;;;;;1
19/03/2014;05:55:00;53;sem vítima;111,388;BR-101/SC;Sul;Tombamento;1;1;;;;;1
19/03/2014;08:34:00;96;com vítima;116,148;BR-101/SC;Norte;Colisão Transversal;1;3;1;;;;1
19/03/2014;18:51:00;307;com vítima;122,264;BR-101/SC;Sul;Colisão Traseira;2;4;1;;;;1
19/03/2014;18:18:00;300;sem vítima;125,8;BR-101/SC;Sul;Colisão Traseira;1;2;;;;;1
19/03/2014;19:50:00;326;com vítima;163,642;BR-101/SC;Norte;Colisão Traseira;1;3;1;;;;1
19/03/2014;18:21:00;301;com vítima;213,333;BR-101/SC;Norte;Colisão Traseira;1;7;1;;;;1
19/03/2014;19:58:00;328;sem vítima;215,877;BR-101/SC;Norte;Colisão Traseira;1;3;;;;;1
19/03/2014;07:50:00;84;sem vítima;660,7;BR-376/PR;Norte;Tombamento;1;1;;;;;1
19/03/2014;14:33:00;212;sem vítima;665,609;BR-376/PR;Sul;Saida de Pista;1;1;;;;;1
20/03/2014;15:13:00;286;sem vítima;1,35;BR-101/SC;Sul;Choque - Defensa, barreira ou "submarino";1;1;;;;;1
20/03/2014;13:57:00;273;sem vítima;14,5;BR-101/SC;Norte;Choque - Defensa, barreira ou "submarino";1;1;;;;;1
20/03/2014;23:59:00;438;sem vítima;52,5;BR-101/SC;Sul;Colisão Traseira;2;2;;;;;1
20/03/2014;05:15:00;61;sem vítima;79,7;BR-101/SC;Norte;Colisão Traseira;1;2;;;;;1
20/03/2014;17:39:00;338;com vítima;88,4;BR-116/PR;Norte;Colisão Traseira;1;1;1;1;;;2
20/03/2014;19:12:00;373;sem vítima;111,4;BR-101/SC;Sul;Colisão Lateral;1;2;;;;;1
20/03/2014;14:06:00;267;sem vítima;111,537;BR-101/SC;Norte;Tombamento;1;1;;;;;1
20/03/2014;15:32:00;293;sem vítima;207,791;BR-101/SC;Norte;Colisão Traseira;1;2;;;;;1
20/03/2014;19:23:00;377;sem vítima;643;BR-376/PR;Norte;Saida de Pista;1;1;;;;;1
20/03/2014;15:48:00;300;sem vítima;658;BR-376/PR;Norte;Saida de Pista;1;1;;;;;1
20/03/2014;13:22:00;257;sem vítima;671,095;BR-376/PR;Sul;Engavetamento;2;3;;;;;1
21/03/2014;10:51:00;170;sem vítima;23,7;BR-101/SC;Sul;Colisão Transversal;1;2;;;;;1
21/03/2014;19:35:00;349;sem vítima;45,8;BR-101/SC;Norte;Tombamento;1;1;;;;;1
21/03/2014;11:48:00;195;sem vítima;86,101;BR-101/SC;Norte;Colisão Traseira;1;4;;;;;1
21/03/2014;17:43:00;314;sem vítima;105,912;BR-116/PR;Sul;Saida de Pista;1;1;;;;;1
21/03/2014;02:57:00;31;sem vítima;117,3;BR-101/SC;Sul;Tombamento;1;1;;;;;1
21/03/2014;14:45:00;251;sem vítima;157,4;BR-101/SC;Norte;Choque - Outros;2;2;;;;;1
21/03/2014;11:02:00;175;com vítima;242,7;BR-101/SC;Sul;Colisão Traseira;2;2;1;;1;;2
21/03/2014;17:39:00;312;sem vítima;627,896;BR-376/PR;Norte;Colisão Traseira;1;2;;;;;1
21/03/2014;08:53:00;117;sem vítima;651,431;BR-376/PR;Sul;Tombamento;1;2;;;;;1
21/03/2014;05:37:00;56;sem vítima;665,897;BR-376/PR;Sul;Colisão Traseira;2;2;;;;;1
21/03/2014;14:14:00;239;sem vítima;678,157;BR-376/PR;Sul;Saida de Pista;1;1;;;;;1
22/03/2014;05:32:00;72;sem vítima;243,2;BR-101/SC;Norte;Colisão Lateral;1;2;;;;;1
22/03/2014;07:05:00;91;sem vítima;641,996;BR-376/PR;Sul;Saida de Pista;1;1;;;;;1
23/03/2014;18:28:00;262;sem vítima;86;BR-101/SC;Norte;Colisão Traseira;1;2;;;;;1
24/03/2014;07:35:00;81;sem vítima;13,821;BR-101/SC;Sul;Colisão Lateral;1;2;;;;;1
24/03/2014;09:57:00;131;sem vítima;102,001;BR-116/PR;Sul;Colisão Lateral;1;2;;;;;1
24/03/2014;09:01:00;109;com vítima;116,952;BR-101/SC;Norte;Colisão Lateral;1;1;2;;;;1
24/03/2014;14:13:00;219;sem vítima;117,458;BR-101/SC;Norte;Colisão Lateral;1;2;;;;;1
24/03/2014;18:19:00;302;sem vítima;117,6;BR-101/SC;Norte;Colisão Lateral;1;2;;;;;1