data;horario;n_da_ocorrencia;tipo_de_ocorrencia;km;trecho;sentido;tipo_de_acidente;caminhao;ilesos;levemente_feridos;moderadamente_feridos;gravemente_feridos;mortos;3
24/03/2014;18:26:00;305;com vítima;208,8;BR-101/SC;Sul;Colisão Traseira;1;1;;;1;;2
25/03/2014;08:37:00;120;sem vítima;58,254;BR-101/SC;Sul;Colisão Traseira;2;2;;;;;1
25/03/2014;14:30:00;223;sem vítima;106,501;BR-116/PR;Sul;Colisão Traseira;1;2;;;;;1
25/03/2014;08:19:00;110;sem vítima;114,832;BR-101/SC;Norte;Colisão Traseira;2;2;;;;;1
25/03/2014;12:23:00;196;sem vítima;201,5;BR-101/SC;Sul;Colisão Transversal;1;2;;;;;1
25/03/2014;06:49:00;75;sem vítima;206,1;BR-101/SC;Norte;Colisão Traseira;1;2;;;;;1
25/03/2014;18:23:00;301;com vítima;211,85;BR-101/SC;Sul;Colisão Traseira;1;1;1;;;;1
25/03/2014;07:44:00;99;sem vítima;215,001;BR-101/SC;Norte;Colisão Lateral;1;2;;;;;1
25/03/2014;12:15:00;193;sem vítima;674,1;BR-376/PR;Sul;Engavetamento;2;3;;;;;1
26/03/2014;20:20:00;389;sem vítima;40,605;BR-101/SC;Sul;Choque - Objeto sobre a pista;1;3;;;;;1
26/03/2014;23:16:00;415;sem vítima;76,4;BR-116/PR;Norte;Colisão Traseira;1;2;;;;;1
26/03/2014;10:50:00;178;sem vítima;100;BR-101/SC;Norte;Colisão Traseira;1;2;;;;;1
26/03/2014;11:49:00;206;com vítima;118,49;BR-101/SC;Sul;Colisão Traseira;1;1;1;;;;1
26/03/2014;08:02:00;108;sem vítima;121,2;BR-101/SC;Norte;Colisão Traseira;1;2;;;;;1
26/03/2014;13:24:00;238;sem vítima;169,797;BR-101/SC;Norte;Colisão Traseira;1;3;;;;;1
26/03/2014;11:15:00;192;sem vítima;208,512;BR-101/SC;Sul;Colisão Lateral;1;2;;;;;1
26/03/2014;07:36:00;97;sem vítima;215,145;BR-101/SC;Sul;Colisão Lateral;1;2;;;;;1
26/03/2014;02:42:00;34;com vítima;644,874;BR-376/PR;Sul;Saida de Pista;1;0;;1;;;2
27/03/2014;22:31:00;376;sem vítima;40,5;BR-101/SC;Norte;Colisão Traseira;1;2;;;;;1
27/03/2014;15:51:00;271;sem vítima;79,5;BR-101/SC;Norte;Colisão Lateral;1;2;;;;;1
27/03/2014;16:04:00;276;sem vítima;117,289;BR-101/SC;Norte;Colisão Traseira;1;2;;;;;1
27/03/2014;07:52:00;97;sem vítima;180,408;BR-101/SC;Sul;Choque - Defensa, barreira ou "submarino";1;2;;;;;1
27/03/2014;07:34:00;90;sem vítima;216,7;BR-101/SC;Norte;Colisão Traseira;2;2;;;;;1
27/03/2014;16:04:00;274;sem vítima;242,8;BR-101/SC;Norte;Choque - Defensa, barreira ou "submarino";1;1;;;;;1
27/03/2014;00:11:00;3;sem vítima;629,455;BR-376/PR;Norte;Colisão Lateral;2;2;;;;;1
27/03/2014;09:28:00;141;com vítima;662,098;BR-376/PR;Norte;Saida de Pista;1;1;2;;;;1
27/03/2014;20:42:00;354;sem vítima;676;BR-376/PR;Sul;Engavetamento;2;6;;;;;1
28/03/2014;10:57:00;177;sem vítima;199,901;BR-101/SC;Sul;Colisão Traseira;2;2;;;;;1
28/03/2014;16:10:00;282;sem vítima;202;BR-101/SC;Norte;Colisão Traseira;2;3;;;;;1
28/03/2014;10:40:00;167;sem vítima;243,5;BR-101/SC;Sul;Choque - Outros;1;1;;;;;1
28/03/2014;23:57:00;430;sem vítima;660,983;BR-376/PR;Sul;Saida de Pista;1;1;;;;;1
28/03/2014;10:53:00;173;sem vítima;671,7;BR-376/PR;Sul;Saida de Pista;1;1;;;;;1
29/03/2014;14:35:00;228;sem vítima;79,5;BR-101/SC;Sul;Colisão Traseira;2;2;;;;;1
29/03/2014;16:21:00;261;com vítima;118,476;BR-101/SC;Sul;Colisão Transversal;1;1;1;;;;1
29/03/2014;08:27:00;114;sem vítima;143,001;BR-101/SC;Norte;Capotamento;1;2;;;;;1
29/03/2014;07:58:00;105;com vítima;152,942;BR-101/SC;Sul;Colisão Traseira;1;1;1;;;;1
29/03/2014;06:29:00;67;sem vítima;208,5;BR-101/SC;Sul;Colisão Traseira;1;2;;;;;1
30/03/2014;04:31:00;51;com vítima;41,844;BR-101/SC;Norte;Choque - Defensa, barreira ou "submarino";1;1;1;;;;1
30/03/2014;20:15:00;274;sem vítima;102,001;BR-116/PR;Sul;Colisão Traseira;1;2;;;;;1
30/03/2014;20:24:00;277;sem vítima;102,001;BR-116/PR;Sul;Colisão Traseira;1;2;;;;;1
30/03/2014;01:21:00;28;sem vítima;207,9;BR-101/SC;Sul;Colisão Lateral;1;6;;;;;1
30/03/2014;05:26:00;58;com vítima;221,98;BR-101/SC;Sul;Capotamento;1;1;1;;;;1
30/03/2014;17:00:00;222;sem vítima;657,001;BR-376/PR;Sul;Outros;1;1;;;;;1
30/03/2014;17:29:00;230;sem vítima;660,001;BR-376/PR;Sul;Colisão Traseira;1;2;;;;;1
30/03/2014;15:37:00;196;com vítima;665,7;BR-376/PR;Sul;Engavetamento;2;7;3;;;;1
30/03/2014;13:24:00;165;sem vítima;677,175;BR-376/PR;Sul;Engavetamento;1;4;;;;;1
31/03/2014;08:05:00;79;com vítima;200,379;BR-101/SC;Sul;Colisão Lateral;1;3;1;;;;1
31/03/2014;19:15:00;290;sem vítima;209,5;BR-101/SC;Sul;Engavetamento;1;4;;;;;1
31/03/2014;13:21:00;180;sem vítima;243,001;BR-101/SC;Norte;Colisão Lateral;1;2;;;;;1
31/03/2014;15:56:00;228;sem vítima;656;BR-376/PR;Norte;Engavetamento;4;9;;;;;1
31/03/2014;15:45:00;316;sem vítima;667;BR-376/PR;Sul;Colisão Traseira;1;2;;;;;1
31/03/2014;15:26:00;217;sem vítima;667,1;BR-376/PR;Norte;Colisão Traseira;1;2;;;;;1
31/03/2014;14:18:00;322;sem vítima;676,94;BR-376/PR;Norte;Colisão Traseira;1;2;;;;;1
31/03/2014;14:18:00;324;com vítima;676,94;BR-376/PR;Norte;Colisão Traseira;1;1;;1;;;2
31/03/2014;08:29:00;86;sem vítima;677,523;BR-376/PR;Sul;Tombamento;1;2;;;;;1
01/04/2014;11:37:00;170;com vítima;5,912;BR-101/SC;Norte;Saida de Pista;1;0;1;1;;;2
01/04/2014;03:44:00;48;sem vítima;13,546;BR-101/SC;Sul;Tombamento;1;1;;;;;1
01/04/2014;09:42:00;137;com vítima;104,312;BR-116/PR;Sul;Capotamento;2;2;;1;;;2
01/04/2014;07:33:00;86;sem vítima;118,886;BR-101/SC;Sul;Choque - Defensa, barreira ou "submarino";1;1;;;;;1
01/04/2014;15:38:00;263;sem vítima;157,38;BR-101/SC;Sul;Colisão Traseira;1;2;;;;;1
01/04/2014;16:28:00;277;sem vítima;209,5;BR-101/SC;Sul;Colisão Transversal;1;2;;;;;1
02/04/2014;03:10:00;38;sem vítima;13,546;BR-101/SC;Sul;Colisão Traseira;2;2;;;;;1
02/04/2014;15:29:00;246;sem vítima;18,264;BR-101/SC;Sul;Choque - Defensa, barreira ou "submarino";1;1;;;;;1
02/04/2014;18:27:00;313;sem vítima;48,077;BR-101/SC;Norte;Colisão Lateral;1;2;;;;;1
02/04/2014;21:07:00;352;sem vítima;119,4;BR-101/SC;Norte;Choque - Defensa, barreira ou "submarino";1;2;;;;;1
02/04/2014;21:57:00;359;sem vítima;124,4;BR-101/SC;Sul;Colisão Traseira;1;2;;;;;1
02/04/2014;09:31:00;134;com vítima;180,276;BR-101/SC;Sul;Atropelamento - Morador;1;0;1;1;;;2
02/04/2014;01:56:00;30;com vítima;180,4;BR-101/SC;Sul;Colisão Traseira;1;3;1;;;;1
02/04/2014;21:23:00;354;sem vítima;203,969;BR-101/SC;Norte;Colisão Traseira;1;2;;;;;1
02/04/2014;06:04:00;61;sem vítima;204,2;BR-101/SC;Sul;Colisão Traseira;1;2;;;;;1
02/04/2014;05:55:00;58;sem vítima;204,388;BR-101/SC;Sul;Choque - Defensa, barreira ou "submarino";1;1;;;;;1
02/04/2014;08:15:00;105;sem vítima;208,4;BR-101/SC;Sul;Colisão Lateral;1;2;;;;;1
02/04/2014;00:20:00;10;com vítima;211,2;BR-101/SC;Sul;Queda de Moto;1;1;1;;;;1
02/04/2014;09:47:00;138;sem vítima;213,403;BR-101/SC;Sul;Colisão Traseira;1;2;;;;;1
02/04/2014;10:25:00;154;sem vítima;214,485;BR-101/SC;Norte;Colisão Lateral;1;2;;;;;1
02/04/2014;07:24:00;80;com vítima;216,4;BR-101/SC;Norte;Colisão Traseira;2;2;1;;;;1
02/04/2014;15:32:00;248;sem vítima;677,001;BR-376/PR;Sul;Colisão Lateral;1;2;;;;;1
03/04/2014;00:26:00;18;com vítima;28,329;BR-101/SC;Sul;Saida de Pista;1;0;;1;;;2
03/04/2014;22:11:00;358;sem vítima;97,5;BR-116/PR;Sul;Saida de Pista;1;1;;;;;1
03/04/2014;10:38:00;154;com vítima;99;BR-116/PR;Norte;Colisão Traseira;4;4;;1;;;2
03/04/2014;19:38:00;338;sem vítima;99,713;BR-101/SC;Norte;Choque - Suporte de Sinalização;1;1;;;;;1
03/04/2014;01:29:00;29;com vítima;120,344;BR-101/SC;Norte;Colisão Traseira;1;1;;1;;;2
03/04/2014;06:14:00;55;com vítima;175,2;BR-101/SC;Norte;Colisão Traseira;1;3;1;;;;1
03/04/2014;07:53:00;89;com vítima;199,9;BR-101/SC;Norte;Colisão Lateral;1;2;1;;;;1
03/04/2014;14:29:00;229;com vítima;204,185;BR-101/SC;Sul;Colisão Traseira;2;3;2;;;;1
03/04/2014;16:59:00;296;sem vítima;635,3;BR-376/PR;Norte;Colisão Traseira;1;2;;;;;1
03/04/2014;09:29:00;124;sem vítima;652,2;BR-376/PR;Sul;Tombamento;1;1;;;;;1
03/04/2014;01:31:00;30;com vítima;678,9;BR-376/PR;Sul;Colisão Traseira;1;1;;;1;;2
04/04/2014;10:31:00;167;sem vítima;4,107;BR-101/SC;Sul;Saida de Pista;1;1;;;;;1
04/04/2014;10:54:00;171;sem vítima;9,9;BR-101/SC;Norte;Tombamento;1;1;;;;;1
04/04/2014;11:14:00;178;sem vítima;40,973;BR-101/SC;Norte;Colisão Traseira;3;3;;;;;1
04/04/2014;16:39:00;309;sem vítima;111,4;BR-116/PR;Sul;Colisão Lateral;1;2;;;;;1
04/04/2014;15:07:00;270;sem vítima;165,125;BR-101/SC;Sul;Atropelamento - Outros;1;2;;;;;1
04/04/2014;14:22:00;238;com vítima;628,614;BR-376/PR;Sul;Colisão Traseira;1;2;;1;;;2
05/04/2014;04:10:00;51;com vítima;68,392;BR-101/SC;Norte;Colisão Traseira;1;1;1;1;;;2
05/04/2014;07:02:00;80;sem vítima;157,4;BR-101/SC;Norte;Choque - Cancela de Pedagio;1;1;;;;;1
05/04/2014;13:25:00;213;com vítima;185,95;BR-101/SC;Sul;Colisão Traseira;1;1;;1;;;2
05/04/2014;13:31:00;217;com vítima;202,1;BR-101/SC;Sul;Colisão Traseira;1;1;1;;;;1
05/04/2014;07:21:00;89;com vítima;203,9;BR-101/SC;Sul;Colisão Lateral;2;0;4;;;;1
05/04/2014;01:00:00;14;com vítima;204,35;BR-101/SC;Sul;Choque - Defensa, barreira ou "submarino";1;1;1;;;;1
05/04/2014;18:38:00;306;com vítima;208,308;BR-101/SC;Norte;Colisão Lateral;1;2;;1;;;2
06/04/2014;15:42:00;267;com vítima;44,323;BR-101/SC;Norte;Colisão Lateral;1;1;1;;;;1
06/04/2014;09:54:00;159;sem vítima;55,543;BR-101/SC;Sul;Colisão Traseira;1;2;;;;;1
06/04/2014;20:23:00;357;sem vítima;205,15;BR-101/SC;Sul;Colisão Lateral;1;2;;;;;1
06/04/2014;19:22:00;340;sem vítima;214,8;BR-101/SC;Norte;Colisão Traseira;1;3;;;;;1
06/04/2014;09:40:00;155;sem vítima;671,812;BR-376/PR;Sul;Saida de Pista;1;1;;;;;1
07/04/2014;09:56:00;145;sem vítima;81,464;BR-116/PR;Sul;Colisão Traseira;1;2;;;;;1
07/04/2014;12:37:00;190;sem vítima;107;BR-116/PR;Sul;Saida de Pista;1;1;;;;;1
07/04/2014;09:04:00;119;sem vítima;127,458;BR-101/SC;Sul;Colisão Lateral;2;2;;;;;1
07/04/2014;16:43:00;265;com vítima;190,38;BR-101/SC;Sul;Colisão Traseira;1;1;1;;;;1
07/04/2014;22:14:00;349;sem vítima;207,115;BR-101/SC;Sul;Colisão Traseira;1;2;;;;;1
07/04/2014;14:02:00;201;com vítima;207,85;BR-101/SC;Norte;Colisão Traseira;1;1;1;;;;1
07/04/2014;00:39:00;11;sem vítima;658,87;BR-376/PR;Norte;Saida de Pista;1;1;;;;;1
08/04/2014;16:55:00;269;sem vítima;1,35;BR-101/SC;Sul;Colisão Lateral;1;3;;;;;1
08/04/2014;13:09:00;196;com vítima;95,262;BR-116/PR;Norte;Tombamento;1;2;1;;;;1
08/04/2014;19:12:00;307;com vítima;102,662;BR-116/PR;Sul;Engavetamento;4;3;;1;;1;3
08/04/2014;18:52:00;302;sem vítima;121,472;BR-101/SC;Sul;Colisão Traseira;2;2;;;;;1
08/04/2014;06:50:00;81;com vítima;125,047;BR-101/SC;Sul;Colisão Traseira;2;2;1;;;;1
08/04/2014;17:28:00;281;sem vítima;207;BR-101/SC;Sul;Colisão Lateral;1;2;;;;;1
08/04/2014;17:45:00;287;com vítima;208,48;BR-101/SC;Sul;Queda de Moto;1;1;1;;;;1
09/04/2014;17:33:00;285;sem vítima;47,9;BR-101/SC;Norte;Saida de Pista;1;1;;;;;1
09/04/2014;06:31:00;57;sem vítima;74,464;BR-116/PR;Sul;Tombamento;2;2;;;;;1
09/04/2014;02:01:00;32;sem vítima;79,4;BR-101/SC;Sul;Colisão Lateral;1;2;;;;;1
09/04/2014;15:37:00;250;sem vítima;97,45;BR-116/PR;Norte;Colisão Traseira;2;2;;;;;1
09/04/2014;07:59:00;76;sem vítima;211,05;BR-101/SC;Norte;Colisão Traseira;1;3;;;;;1
09/04/2014;19:26:00;322;sem vítima;623,7;BR-376/PR;Sul;Colisão Traseira;1;2;;;;;1
10/04/2014;12:05:00;174;sem vítima;57,541;BR-101/SC;Sul;Tombamento;1;1;;;;;1
10/04/2014;17:10:00;266;sem vítima;58,5;BR-101/SC;Sul;Outros;1;1;;;;;1
10/04/2014;06:57:00;70;sem vítima;81,161;BR-101/SC;Sul;Saida de Pista;1;1;;;;;1
10/04/2014;20:52:00;315;sem vítima;621,25;BR-376/PR;Sul;Choque - Objeto sobre a pista;1;1;;;;;1
10/04/2014;12:50:00;181;com vítima;666,897;BR-376/PR;Sul;Engavetamento;3;11;2;;;;1
10/04/2014;08:12:00;98;com vítima;668,132;BR-376/PR;Sul;Engavetamento;4;3;1;1;;;2
10/04/2014;20:10:00;308;sem vítima;671,088;BR-376/PR;Sul;Engavetamento;1;3;;;;;1
11/04/2014;00:54:00;19;sem vítima;57,5;BR-101/SC;Sul;Tombamento;1;1;;;;;1
11/04/2014;19:09:00;314;com vítima;106,595;BR-116/PR;Sul;Saida de Pista;1;0;2;;;;1
11/04/2014;11:21:00;163;sem vítima;108,001;BR-116/PR;Sul;Saida de Pista;1;1;;;;;1
11/04/2014;10:38:00;148;sem vítima;120,4;BR-101/SC;Norte;Tombamento;1;2;;;;;1
11/04/2014;14:26:00;210;sem vítima;215,605;BR-101/SC;Norte;Colisão Lateral;1;3;;;;;1
12/04/2014;14:56:00;225;com vítima;33,5;BR-101/SC;Sul;Colisão Traseira;1;1;;;1;;2
12/04/2014;10:48:00;145;sem vítima;41,724;BR-101/SC;Norte;Colisão Lateral;1;2;;;;;1
12/04/2014;06:00:00;50;sem vítima;57,297;BR-101/SC;Sul;Choque - Defensa, barreira ou "submarino";1;2;;;;;1
12/04/2014;07:35:00;70;sem vítima;81,216;BR-101/SC;Sul;Colisão Traseira;2;3;;;;;1
12/04/2014;00:06:00;2;sem vítima;113,303;BR-101/SC;Sul;Colisão Traseira;1;2;;;;;1
12/04/2014;18:49:00;326;com vítima;113,321;BR-116/PR;Sul;Atropelamento - Usuário;1;2;;;;1;3
12/04/2014;10:24:00;129;sem vítima;209,95;BR-101/SC;Norte;Engavetamento;1;3;;;;;1
12/04/2014;17:14:00;291;sem vítima;215,303;BR-101/SC;Norte;Colisão Lateral;1;3;;;;;1
13/04/2014;12:35:00;166;sem vítima;79,4;BR-101/SC;Sul;Colisão Traseira;1;2;;;;;1
13/04/2014;21:43:00;348;com vítima;80,4;BR-116/PR;Norte;Colisão Lateral;1;2;1;;;;1
13/04/2014;09:54:00;105;sem vítima;207,049;BR-101/SC;Sul;Colisão Traseira;3;3;;;;;1
13/04/2014;09:12:00;91;sem vítima;210,15;BR-101/SC;Norte;Colisão Lateral;1;2;;;;;1
13/04/2014;16:06:00;249;sem vítima;210,9;BR-101/SC;Norte;Colisão Lateral;1;3;;;;;1
14/04/2014;20:05:00;360;sem vítima;92,623;BR-116/PR;Norte;Tombamento;1;1;;;;;1
14/04/2014;17:15:00;306;sem vítima;99,256;BR-101/SC;Norte;Colisão Lateral;1;2;;;;;1
14/04/2014;05:31:00;59;com vítima;197,103;BR-101/SC;Sul;Colisão Lateral;1;1;1;;;;1
14/04/2014;13:17:00;210;sem vítima;635,5;BR-376/PR;Norte;Colisão Traseira;2;2;;;;;1
14/04/2014;22:46:00;383;sem vítima;666,5;BR-376/PR;Norte;Colisão Lateral;2;2;;;;;1
14/04/2014;00:11:00;1;sem vítima;677,7;BR-376/PR;Norte;Tombamento;1;1;;;;;1
15/04/2014;20:40:00;306;com vítima;6,908;BR-101/SC;Norte;Colisão Lateral;1;1;;1;;;2
15/04/2014;18:01:00;262;com vítima;44,95;BR-101/SC;Norte;Colisão Lateral;1;2;1;;;;1
15/04/2014;11:56:00;170;sem vítima;93,1;BR-116/PR;Sul;Colisão Traseira;3;3;;;;;1
15/04/2014;07:46:00;80;sem vítima;113,3;BR-116/PR;Sul;Colisão Lateral;2;2;;;;;1
15/04/2014;15:00:00;213;com vítima;132,21;BR-101/SC;Norte;Colisão Traseira;1;2;1;;;;1
15/04/2014;10:14:00;138;com vítima;149,5;BR-101/SC;Norte;Colisão Lateral;1;1;1;;;;1
15/04/2014;22:25:00;324;com vítima;163,7;BR-101/SC;Norte;Colisão Transversal;2;1;;1;;;2
15/04/2014;15:29:00;223;sem vítima;191,5;BR-101/SC;Norte;Choque - Defensa, barreira ou "submarino";1;1;;;;;1
15/04/2014;18:40:00;272;com vítima;199,99;BR-101/SC;Norte;Colisão Traseira;1;1;3;;;;1
15/04/2014;08:59:00;107;com vítima;667,9;BR-376/PR;Sul;Saida de Pista;1;0;;1;;;2
16/04/2014;11:59:00;185;sem vítima;100,992;BR-101/SC;Norte;Colisão Traseira;1;5;;;;;1
16/04/2014;08:37:00;110;com vítima;118,5;BR-101/SC;Sul;Colisão Traseira;1;4;1;;;;1
16/04/2014;16:01:00;241;sem vítima;120;BR-101/SC;Sul;Colisão Traseira;2;2;;;;;1
16/04/2014;14:58:00;224;com vítima;129,865;BR-101/SC;Sul;Tombamento;1;0;1;;;;1
16/04/2014;12:53:00;192;sem vítima;178,358;BR-101/SC;Sul;Colisão Lateral;1;2;;;;;1
16/04/2014;18:57:00;303;sem vítima;207,8;BR-101/SC;Sul;Colisão Traseira;1;2;;;;;1
16/04/2014;16:09:00;243;com vítima;208,001;BR-101/SC;Sul;Colisão Lateral;1;2;1;;;;1
16/04/2014;10:41:00;159;sem vítima;675,959;BR-376/PR;Sul;Colisão Traseira;2;2;;;;;1
16/04/2014;17:11:00;265;sem vítima;676;BR-376/PR;Sul;Colisão Lateral;2;2;;;;;1
17/04/2014;08:15:00;93;sem vítima;103,812;BR-101/SC;Norte;Choque - Defensa, barreira ou "submarino";1;3;;;;;1
17/04/2014;00:21:00;6;sem vítima;113,7;BR-101/SC;Sul;Choque - Defensa, barreira ou "submarino";1;2;;;;;1
17/04/2014;11:34:00;183;sem vítima;120,098;BR-101/SC;Sul;Colisão Traseira;1;2;;;;;1
17/04/2014;11:50:00;168;sem vítima;204,2;BR-101/SC;Sul;Colisão Traseira;1;2;;;;;1
17/04/2014;08:49:00;109;sem vítima;209,5;BR-101/SC;Sul;Colisão Traseira;1;2;;;;;1
17/04/2014;18:32:00;319;sem vítima;214,7;BR-101/SC;Sul;Colisão Traseira;1;2;;;;;1
17/04/2014;18:40:00;332;sem vítima;231,001;BR-101/SC;Sul;Colisão Traseira;1;3;;;;;1
17/04/2014;04:46:00;46;sem vítima;231,84;BR-101/SC;Sul;Colisão Traseira;2;2;;;;;1
17/04/2014;13:21:00;192;sem vítima;243,579;BR-101/SC;Sul;Colisão Traseira;2;2;;;;;1
17/04/2014;11:57:00;170;sem vítima;668,532;BR-376/PR;Sul;Colisão Traseira;2;2;;;;;1
17/04/2014;23:42:00;436;sem vítima;671,05;BR-376/PR;Sul;Saida de Pista;1;1;;;;;1
18/04/2014;16:34:00;361;sem vítima;79,5;BR-101/SC;Sul;Colisão Traseira;2;2;;;;;1
18/04/2014;14:28:00;294;sem vítima;210,001;BR-101/SC;Norte;Colisão Lateral;1;2;;;;;1
18/04/2014;11:51:00;233;sem vítima;213,423;BR-101/SC;Sul;Saida de Pista;1;2;;;;;1
18/04/2014;00:29:00;17;sem vítima;226,38;BR-101/SC;Sul;Colisão Traseira;1;2;;;;;1
18/04/2014;18:15:00;397;sem vítima;231,001;BR-101/SC;Sul;Colisão Traseira;1;2;;;;;1
18/04/2014;06:59:00;104;sem vítima;671,5;BR-376/PR;Sul;Colisão Traseira;1;1;;;;;1
19/04/2014;09:57:00;130;sem vítima;1,35;BR-101/SC;Norte;Colisão Traseira;1;2;;;;;1
19/04/2014;17:57:00;273;sem vítima;53,221;BR-101/SC;Sul;Choque - Defensa, barreira ou "submarino";1;3;;;;;1
19/04/2014;14:48:00;216;com vítima;107,05;BR-116/PR;Sul;Tombamento;1;1;2;;;;1
19/04/2014;02:17:00;35;sem vítima;110,5;BR-116/PR;Sul;Saida de Pista;1;2;;;;;1
20/04/2014;06:24:00;59;sem vítima;105,001;BR-101/SC;Norte;Choque - Defensa, barreira ou "submarino";1;1;;;;;1
20/04/2014;08:22:00;75;sem vítima;625,66;BR-376/PR;Norte;Tombamento;1;1;;;;;1
21/04/2014;11:46:00;163;sem vítima;95,7;BR-101/SC;Norte;Colisão Traseira;1;2;;;;;1
21/04/2014;06:45:00;64;sem vítima;108,435;BR-101/SC;Norte;Tombamento;1;1;;;;;1
21/04/2014;21:48:00;366;com vítima;227,9;BR-101/SC;Sul;Colisão Traseira;1;2;;1;;;2
21/04/2014;13:21:00;193;sem vítima;656,233;BR-376/PR;Norte;Saida de Pista;1;1;;;;;1
22/04/2014;16:52:00;276;sem vítima;50,8;BR-101/SC;Sul;Choque - Defensa, barreira ou "submarino";1;1;;;;;1
22/04/2014;15:28:00;248;sem vítima;112;BR-101/SC;Sul;Saida de Pista;1;2;;;;;1
22/04/2014;16:41:00;271;sem vítima;153,001;BR-101/SC;Norte;Saida de Pista;2;2;;;;;1
22/04/2014;09:30:00;136;sem vítima;203,453;BR-101/SC;Norte;Saida de Pista;1;2;;;;;1
22/04/2014;16:00:00;260;sem vítima;644,638;BR-376/PR;Norte;Saida de Pista;1;2;;;;;1
22/04/2014;12:36:00;213;sem vítima;665,911;BR-376/PR;Sul;Saida de Pista;1;3;;;;;1
22/04/2014;13:01:00;216;com vítima;672,995;BR-376/PR;Sul;Colisão Traseira;1;3;;1;;;2
23/04/2014;12:26:00;168;sem vítima;106,877;BR-116/PR;Norte;Colisão Traseira;2;3;;;;;1
23/04/2014;12:30:00;170;sem vítima;111,445;BR-101/SC;Norte;Tombamento;1;1;;;;;1
23/04/2014;08:14:00;78;sem vítima;114,871;BR-116/PR;Sul;Colisão Traseira;1;3;;;;;1
23/04/2014;09:22:00;107;com vítima;184,584;BR-101/SC;Norte;Colisão Lateral;1;1;1;;;;1
23/04/2014;19:20:00;289;sem vítima;209,562;BR-101/SC;Sul;Colisão Lateral;1;2;;;;;1
24/04/2014;19:07:00;316;sem vítima;47,927;BR-101/SC;Sul;Colisão Lateral;1;2;;;;;1
24/04/2014;21:02:00;345;sem vítima;56,701;BR-101/SC;Sul;Outros;1;1;;;;;1
24/04/2014;17:05:00;278;sem vítima;65,3;BR-101/SC;Norte;Choque - Objeto sobre a pista;2;2;;;;;1
24/04/2014;01:10:00;23;sem vítima;196,671;BR-101/SC;Sul;Saida de Pista;1;1;;;;;1
24/04/2014;07:34:00;73;sem vítima;213,258;BR-101/SC;Norte;Colisão Traseira;1;2;;;;;1
24/04/2014;08:24:00;98;com vítima;213,371;BR-101/SC;Sul;Colisão Traseira;1;2;1;;;;1
24/04/2014;17:34:00;285;sem vítima;624,5;BR-376/PR;Norte;Colisão Lateral;1;2;;;;;1
24/04/2014;02:10:00;36;sem vítima;664,65;BR-376/PR;Norte;Saida de Pista;1;2;;;;;1
24/04/2014;04:32:00;49;sem vítima;676,439;BR-376/PR;Sul;Saida de Pista;1;1;;;;;1
24/04/2014;10:13:00;153;sem vítima;676,565;BR-376/PR;Sul;Saida de Pista;1;1;;;;;1
25/04/2014;16:47:00;267;sem vítima;24;BR-101/SC;Sul;Colisão Traseira;1;2;;;;;1
25/04/2014;23:35:00;374;sem vítima;168,113;BR-101/SC;Norte;Saida de Pista;1;1;;;;;1
25/04/2014;13:39:00;206;sem vítima;660;BR-376/PR;Sul;Engavetamento;3;3;;;;;1
25/04/2014;15:51:00;247;com vítima;660,066;BR-376/PR;Sul;Engavetamento;4;7;1;;1;1;3
25/04/2014;10:25:00;155;sem vítima;668,301;BR-376/PR;Sul;Colisão Lateral;1;2;;;;;1
26/04/2014;09:05:00;122;sem vítima;132,001;BR-101/SC;Norte;Colisão Traseira;1;2;;;;;1
26/04/2014;19:36:00;347;sem vítima;145,577;BR-101/SC;Norte;Colisão Lateral;1;3;;;;;1
26/04/2014;07:28:00;78;com vítima;210,5;BR-101/SC;Sul;Colisão Lateral;1;1;1;1;;;2
26/04/2014;05:14:00;54;sem vítima;632;BR-376/PR;Norte;Colisão Traseira;1;2;;;;;1
27/04/2014;04:55:00;59;com vítima;100,737;BR-116/PR;Sul;Colisão Traseira;1;1;2;;;;1
27/04/2014;12:12:00;168;sem vítima;192,161;BR-101/SC;Norte;Choque - Defensa, barreira ou "submarino";1;1;;;;;1
27/04/2014;20:31:00;319;com vítima;206,964;BR-101/SC;Sul;Colisão Transversal;1;2;1;;;;1
27/04/2014;22:34:00;350;com vítima;221,8;BR-101/SC;Sul;Choque - Defensa, barreira ou "submarino";1;2;1;;;;1
27/04/2014;02:00:00;30;sem vítima;670,644;BR-376/PR;Norte;Saida de Pista;1;1;;;;;1
28/04/2014;21:33:00;314;sem vítima;1,35;BR-101/SC;Sul;Colisão Traseira;1;2;;;;;1
28/04/2014;07:26:00;63;sem vítima;64,15;BR-101/SC;Sul;Saida de Pista;1;2;;;;;1
28/04/2014;12:05:00;152;sem vítima;98,684;BR-116/PR;Norte;Colisão Traseira;2;3;;;;;1
28/04/2014;12:02:00;149;sem vítima;115,176;BR-101/SC;Sul;Colisão Traseira;1;3;;;;;1
28/04/2014;19:25:00;285;sem vítima;118,452;BR-101/SC;Sul;Choque - Defensa, barreira ou "submarino";1;1;;;;;1
28/04/2014;10:30:00;119;sem vítima;129,561;BR-101/SC;Norte;Colisão Traseira;1;2;;;;;1
28/04/2014;04:05:00;36;sem vítima;176,492;BR-101/SC;Sul;Tombamento;1;1;;;;;1
28/04/2014;08:57:00;91;sem vítima;211,001;BR-101/SC;Norte;Engavetamento;1;3;;;;;1
28/04/2014;11:20:00;137;sem vítima;614,799;BR-376/PR;Norte;Saida de Pista;1;1;;;;;1