data;horario;n_da_ocorrencia;tipo_de_ocorrencia;km;trecho;sentido;tipo_de_acidente;caminhao;ilesos;levemente_feridos;moderadamente_feridos;gravemente_feridos;mortos;3
29/04/2014;21:56:00;329;sem vítima;8,607;BR-101/SC;Sul;Saida de Pista;1;1;;;;;1
29/04/2014;22:43:00;335;sem vítima;26,771;BR-101/SC;Norte;Colisão Traseira;1;2;;;;;1
29/04/2014;11:30:00;139;sem vítima;81,015;BR-101/SC;Sul;Engavetamento;1;3;;;;;1
29/04/2014;16:24:00;242;sem vítima;113,313;BR-116/PR;Norte;Saida de Pista;1;1;;;;;1
29/04/2014;13:30:00;173;sem vítima;115,746;BR-101/SC;Norte;Saida de Pista;1;1;;;;;1
29/04/2014;17:41:00;268;sem vítima;143,268;BR-101/SC;Sul;Colisão Lateral;1;2;;;;;1
29/04/2014;15:38:00;216;sem vítima;192,8;BR-101/SC;Norte;Colisão Transversal;1;2;;;;;1
29/04/2014;08:40:00;78;sem vítima;193,07;BR-101/SC;Sul;Choque - Defensa, barreira ou "submarino";1;1;;;;;1
29/04/2014;03:43:00;30;sem vítima;642,14;BR-376/PR;Sul;Choque - Defensa, barreira ou "submarino";1;1;;;;;1
30/04/2014;14:18:00;213;sem vítima;43,557;BR-101/SC;Norte;Colisão Lateral;1;2;;;;;1
30/04/2014;20:35:00;341;sem vítima;66,956;BR-101/SC;Norte;Tombamento;1;1;;;;;1
30/04/2014;16:06:00;252;sem vítima;88,213;BR-101/SC;Sul;Saida de Pista;1;1;;;;;1
30/04/2014;10:15:00;138;sem vítima;102;BR-116/PR;Norte;Saida de Pista;1;2;;;;;1
30/04/2014;10:28:00;143;sem vítima;107,1;BR-116/PR;Sul;Saida de Pista;1;2;;;;;1
30/04/2014;04:48:00;47;sem vítima;140,4;BR-101/SC;Sul;Saida de Pista;1;1;;;;;1
30/04/2014;13:34:00;196;sem vítima;202,804;BR-101/SC;Sul;Colisão Traseira;1;2;;;;;1
30/04/2014;09:45:00;117;sem vítima;215,714;BR-101/SC;Norte;Capotamento;1;4;;;;;1
30/04/2014;21:38:00;350;sem vítima;637,2;BR-376/PR;Norte;Colisão Lateral;1;2;;;;;1
30/04/2014;09:02:00;110;sem vítima;639;BR-376/PR;Norte;Colisão Traseira;1;2;;;;;1
01/05/2014;13:27:00;188;sem vítima;1,35;BR-101/SC;Norte;Colisão Traseira;2;2;;;;;1
01/05/2014;08:36:00;94;sem vítima;33,388;BR-101/SC;Norte;Saida de Pista;1;2;;;;;1
01/05/2014;19:00:00;272;sem vítima;111,2;BR-116/PR;Sul;Colisão Traseira;1;2;;;;;1
01/05/2014;02:46:00;36;sem vítima;192,1;BR-101/SC;Norte;Choque - Poste;1;1;;;;;1
01/05/2014;12:38:00;176;sem vítima;648,296;BR-376/PR;Sul;Colisão Lateral;1;2;;;;;1
02/05/2014;22:30:00;353;com vítima;4,914;BR-101/SC;Norte;Atropelamento - Morador;1;0;2;;;1;3
02/05/2014;15:49:00;239;com vítima;113;BR-101/SC;Norte;Colisão Traseira;1;1;;1;;;2
02/05/2014;19:17:00;305;sem vítima;115,001;BR-101/SC;Sul;Colisão Traseira;1;2;;;;;1
02/05/2014;15:56:00;241;sem vítima;130,001;BR-101/SC;Norte;Choque - Objeto sobre a pista;1;1;;;;;1
02/05/2014;06:09:00;65;com vítima;211,104;BR-101/SC;Norte;Colisão Traseira;1;1;1;;;;1
02/05/2014;21:07:00;340;sem vítima;235,252;BR-101/SC;Norte;Colisão Traseira;1;2;;;;;1
02/05/2014;16:22:00;250;sem vítima;671,7;BR-376/PR;Sul;Saida de Pista;1;1;;;;;1
03/05/2014;17:28:00;274;com vítima;145,172;BR-101/SC;Norte;Colisão Lateral;1;3;1;;;;1
03/05/2014;19:55:00;320;com vítima;207,088;BR-101/SC;Norte;Saida de Pista;1;0;;1;;;2
03/05/2014;17:15:00;271;sem vítima;635,5;BR-376/PR;Sul;Colisão Lateral;1;2;;;;;1
03/05/2014;18:39:00;304;sem vítima;643,589;BR-376/PR;Norte;Choque - Defensa, barreira ou "submarino";1;1;;;;;1
03/05/2014;20:10:00;325;sem vítima;671,7;BR-376/PR;Sul;Saida de Pista;1;1;;;;;1
04/05/2014;18:46:00;276;com vítima;104,914;BR-116/PR;Sul;Colisão Lateral;1;1;2;;;;1
04/05/2014;15:52:00;204;com vítima;151,164;BR-101/SC;Sul;Colisão Lateral;1;1;2;;1;;2
04/05/2014;09:32:00;75;sem vítima;202,418;BR-101/SC;Sul;Colisão Lateral;1;2;;;;;1
04/05/2014;15:02:00;181;sem vítima;204;BR-101/SC;Sul;Colisão Traseira;1;2;;;;;1
04/05/2014;18:05:00;258;sem vítima;227,525;BR-101/SC;Norte;Colisão Lateral;1;2;;;;;1
05/05/2014;20:39:00;337;sem vítima;153,035;BR-101/SC;Sul;Saida de Pista;1;2;;;;;1
05/05/2014;19:33:00;328;sem vítima;212,888;BR-101/SC;Norte;Colisão Lateral;1;2;;;;;1
05/05/2014;06:30:00;51;sem vítima;214,922;BR-101/SC;Norte;Colisão Lateral;2;2;;;;;1
05/05/2014;06:35:00;52;com vítima;216,348;BR-101/SC;Norte;Colisão Transversal;1;1;1;;;;1
06/05/2014;19:26:00;301;sem vítima;5,44;BR-101/SC;Sul;Tombamento;1;1;;;;;1
06/05/2014;14:40:00;213;sem vítima;94,028;BR-116/PR;Sul;Colisão Traseira;2;2;;;;;1
06/05/2014;09:23:00;104;sem vítima;117,032;BR-101/SC;Norte;Colisão Lateral;1;2;;;;;1
06/05/2014;21:40:00;328;sem vítima;139,731;BR-101/SC;Norte;Colisão Lateral;1;2;;;;;1
06/05/2014;18:16:00;286;com vítima;202,283;BR-101/SC;Sul;Engavetamento;1;2;2;;;;1
06/05/2014;15:04:00;226;com vítima;227,673;BR-101/SC;Sul;Colisão Transversal;2;2;1;;;;1
06/05/2014;14:18:00;204;com vítima;229,701;BR-101/SC;Sul;Colisão Lateral;1;1;;1;;;2
06/05/2014;05:01:00;44;sem vítima;665;BR-376/PR;Sul;Colisão Traseira;2;2;;;;;1
07/05/2014;09:37:00;142;sem vítima;103,001;BR-116/PR;Sul;Colisão Traseira;2;2;;;;;1
07/05/2014;08:11:00;99;sem vítima;114,579;BR-116/PR;Sul;Colisão Lateral;1;2;;;;;1
07/05/2014;14:28:00;235;sem vítima;204,485;BR-101/SC;Sul;Colisão Transversal;1;2;;;;;1
07/05/2014;18:15:00;320;com vítima;212,655;BR-101/SC;Sul;Colisão Lateral;1;1;2;;;;1
07/05/2014;22:23:00;399;sem vítima;625,343;BR-376/PR;Sul;Atropelamento de Animal;1;2;;;;;1
07/05/2014;10:01:00;159;sem vítima;635,4;BR-376/PR;Sul;Colisão Traseira;1;2;;;;;1
07/05/2014;06:45:00;68;sem vítima;669,9;BR-376/PR;Sul;Colisão Lateral;1;2;;;;;1
08/05/2014;15:38:00;217;sem vítima;1,35;BR-101/SC;Norte;Colisão Traseira;1;5;;;;;1
08/05/2014;09:45:00;120;sem vítima;98,5;BR-116/PR;Sul;Colisão Traseira;2;2;;;;;1
08/05/2014;15:07:00;206;sem vítima;155,8;BR-101/SC;Norte;Outros;1;1;;;;;1
08/05/2014;09:40:00;117;sem vítima;203,221;BR-101/SC;Sul;Colisão Transversal;1;2;;;;;1
08/05/2014;14:51:00;201;sem vítima;211,3;BR-101/SC;Norte;Saida de Pista;1;1;;;;;1
08/05/2014;10:57:00;141;sem vítima;212,593;BR-101/SC;Sul;Colisão Traseira;1;2;;;;;1
08/05/2014;15:42:00;220;sem vítima;242,8;BR-101/SC;Sul;Choque - Outros;1;1;;;;;1
08/05/2014;11:46:00;159;com vítima;617,8;BR-376/PR;Sul;Capotamento;1;1;;1;;;2
08/05/2014;23:40:00;348;sem vítima;671,2;BR-376/PR;Norte;Colisão Lateral;1;2;;;;;1
08/05/2014;12:42:00;173;sem vítima;675,996;BR-376/PR;Sul;Saida de Pista;1;1;;;;;1
09/05/2014;18:14:00;277;com vítima;22,8;BR-101/SC;Sul;Colisão Traseira;1;1;1;;;;1
09/05/2014;11:57:00;146;sem vítima;152,426;BR-101/SC;Sul;Colisão Traseira;1;2;;;;;1
09/05/2014;13:07:00;171;com vítima;616,571;BR-376/PR;Norte;Colisão Traseira;2;2;;1;;;2
09/05/2014;10:37:00;121;sem vítima;676,399;BR-376/PR;Sul;Saida de Pista;1;1;;;;;1
10/05/2014;14:18:00;199;sem vítima;69,812;BR-101/SC;Norte;Colisão Traseira;1;2;;;;;1
10/05/2014;22:36:00;331;sem vítima;655,7;BR-376/PR;Norte;Engavetamento;2;7;;;;;1
10/05/2014;20:52:00;303;sem vítima;672,9;BR-376/PR;Sul;Colisão Transversal;1;2;;;;;1
11/05/2014;01:23:00;16;com vítima;46,925;BR-101/SC;Norte;Colisão Lateral;2;4;1;;;;1
11/05/2014;12:07:00;130;sem vítima;629,15;BR-376/PR;Norte;Colisão Traseira;1;2;;;;;1
11/05/2014;14:25:00;165;sem vítima;659,383;BR-376/PR;Norte;Colisão Lateral;1;2;;;;;1
11/05/2014;11:27:00;117;sem vítima;666,37;BR-376/PR;Norte;Saida de Pista;1;2;;;;;1
11/05/2014;18:10:00;232;sem vítima;666,895;BR-376/PR;Sul;Tombamento;1;1;;;;;1
12/05/2014;13:11:00;163;sem vítima;107,475;BR-116/PR;Norte;Saida de Pista;1;1;;;;;1
12/05/2014;16:00:00;205;com vítima;149,382;BR-101/SC;Norte;Choque - Objeto sobre a pista;1;1;1;;;;1
12/05/2014;16:48:00;229;sem vítima;630,09;BR-376/PR;Norte;Colisão Lateral;1;2;;;;;1
13/05/2014;14:28:00;207;sem vítima;1,35;BR-101/SC;Sul;Colisão Traseira;2;2;;;;;1
13/05/2014;03:46:00;37;com vítima;21,5;BR-101/SC;Sul;Colisão Traseira;1;2;;1;;;2
13/05/2014;18:31:00;298;sem vítima;92,8;BR-116/PR;Norte;Engavetamento;1;3;;;;;1
13/05/2014;15:11:00;221;sem vítima;111,462;BR-101/SC;Sul;Colisão Lateral;1;2;;;;;1
13/05/2014;11:26:00;157;sem vítima;157,317;BR-101/SC;Sul;Colisão Lateral;1;2;;;;;1
13/05/2014;15:19:00;225;sem vítima;616,511;BR-376/PR;Norte;Colisão Lateral;1;2;;;;;1
13/05/2014;10:39:00;137;sem vítima;627,734;BR-376/PR;Sul;Saida de Pista;1;1;;;;;1
13/05/2014;06:44:00;55;sem vítima;668,662;BR-376/PR;Sul;Colisão Lateral;1;3;;;;;1
13/05/2014;08:30:00;91;sem vítima;672,124;BR-376/PR;Norte;Colisão Traseira;2;2;;;;;1
13/05/2014;19:38:00;314;sem vítima;672,18;BR-376/PR;Sul;Colisão Traseira;3;3;;;;;1
13/05/2014;17:39:00;280;sem vítima;673,093;BR-376/PR;Sul;Colisão Traseira;1;4;;;;;1
14/05/2014;08:11:00;69;sem vítima;79,65;BR-101/SC;Sul;Colisão Traseira;3;3;;;;;1
14/05/2014;15:44:00;218;sem vítima;99,078;BR-116/PR;Norte;Engavetamento;2;3;;;;;1
14/05/2014;15:46:00;219;sem vítima;101,1;BR-116/PR;Norte;Saida de Pista;1;1;;;;;1
14/05/2014;07:05:00;46;com vítima;117,25;BR-101/SC;Norte;Colisão Traseira;1;1;1;;;;1
14/05/2014;15:40:00;215;com vítima;208,125;BR-101/SC;Norte;Colisão Traseira;1;2;1;;;;1
14/05/2014;18:25:00;269;sem vítima;209,61;BR-101/SC;Sul;Colisão Lateral;1;2;;;;;1
14/05/2014;18:42:00;275;sem vítima;209,812;BR-101/SC;Sul;Colisão Lateral;1;2;;;;;1
14/05/2014;08:18:00;72;sem vítima;217,501;BR-101/SC;Sul;Colisão Lateral;1;2;;;;;1
14/05/2014;10:43:00;131;sem vítima;666,948;BR-376/PR;Sul;Colisão Traseira;1;2;;;;;1
15/05/2014;17:24:00;278;sem vítima;1,3;BR-101/SC;Norte;Colisão Traseira;1;2;;;;;1
15/05/2014;12:01:00;169;sem vítima;76,22;BR-101/SC;Norte;Colisão Lateral;1;2;;;;;1
15/05/2014;14:36:00;214;sem vítima;86,394;BR-101/SC;Sul;Colisão Lateral;1;2;;;;;1
15/05/2014;11:38:00;162;sem vítima;93,15;BR-116/PR;Sul;Colisão Traseira;2;2;;;;;1
15/05/2014;12:32:00;179;sem vítima;138,5;BR-101/SC;Norte;Choque - Talude;1;1;;;;;1
15/05/2014;13:42:00;200;sem vítima;153,522;BR-101/SC;Sul;Colisão Traseira;2;2;;;;;1
15/05/2014;16:57:00;270;sem vítima;160,101;BR-101/SC;Norte;Saida de Pista;1;1;;;;;1
15/05/2014;10:42:00;139;com vítima;210;BR-101/SC;Sul;Colisão Lateral;1;2;1;;;;1
16/05/2014;13:19:00;210;sem vítima;40,827;BR-101/SC;Norte;Tombamento;1;1;;;;;1
16/05/2014;11:56:00;184;com vítima;121,787;BR-101/SC;Norte;Colisão Traseira;1;2;2;;;;1
16/05/2014;18:03:00;304;sem vítima;160,055;BR-101/SC;Sul;Colisão Lateral;1;2;;;;;1
16/05/2014;18:51:00;322;sem vítima;233,99;BR-101/SC;Sul;Colisão Lateral;1;2;;;;;1
16/05/2014;09:36:00;130;sem vítima;667,55;BR-376/PR;Sul;Choque - Defensa, barreira ou "submarino";1;1;;;;;1
17/05/2014;00:15:00;9;sem vítima;67,261;BR-101/SC;Sul;Colisão Traseira;2;2;;;;;1
17/05/2014;07:19:00;65;sem vítima;110,3;BR-101/SC;Norte;Colisão Traseira;1;3;;;;;1
17/05/2014;19:36:00;311;sem vítima;665,928;BR-376/PR;Sul;Choque - Defensa, barreira ou "submarino";1;1;;;;;1
17/05/2014;10:51:00;130;sem vítima;676,104;BR-376/PR;Sul;Tombamento;1;1;;;;;1
18/05/2014;17:41:00;215;sem vítima;198,026;BR-101/SC;Sul;Colisão Traseira;1;2;;;;;1
18/05/2014;23:43:00;292;sem vítima;671,7;BR-376/PR;Sul;Saida de Pista;1;1;;;;;1
19/05/2014;13:01:00;157;sem vítima;5,87;BR-101/SC;Sul;Saida de Pista;1;1;;;;;1
19/05/2014;20:29:00;286;com vítima;36,876;BR-101/SC;Norte;Colisão Traseira;1;1;1;;;;1
19/05/2014;09:05:00;76;sem vítima;79,35;BR-101/SC;Norte;Colisão Lateral;1;2;;;;;1
19/05/2014;23:50:00;321;com vítima;110,934;BR-116/PR;Sul;Colisão Traseira;2;1;1;;;;1
19/05/2014;19:03:00;264;com vítima;114,867;BR-116/PR;Sul;Engavetamento;1;5;1;;;;1
19/05/2014;20:43:00;291;com vítima;200,9;BR-101/SC;Norte;Colisão Lateral;1;1;1;;;;1
19/05/2014;17:50:00;246;sem vítima;207,236;BR-101/SC;Sul;Engavetamento;1;4;;;;;1
19/05/2014;02:31:00;22;sem vítima;676,49;BR-376/PR;Norte;Saida de Pista;1;1;;;;;1
20/05/2014;05:21:00;39;sem vítima;3,738;BR-101/SC;Norte;Saida de Pista;1;1;;;;;1
20/05/2014;09:20:00;84;com vítima;121,929;BR-101/SC;Sul;Queda de Moto;2;2;1;;;;1
20/05/2014;14:21:00;191;com vítima;140,168;BR-101/SC;Sul;Colisão Traseira;1;1;1;;;;1
20/05/2014;03:29:00;29;com vítima;206,934;BR-101/SC;Norte;Tombamento;1;0;1;;;;1
20/05/2014;14:18:00;190;sem vítima;208,101;BR-101/SC;Sul;Colisão Lateral;1;2;;;;;1
20/05/2014;06:40:00;44;sem vítima;211,1;BR-101/SC;Norte;Engavetamento;1;5;;;;;1
20/05/2014;05:56:00;43;com vítima;660,6;BR-376/PR;Norte;Tombamento;1;0;1;;;;1
20/05/2014;18:40:00;288;sem vítima;671,9;BR-376/PR;Sul;Saida de Pista;1;1;;;;;1
21/05/2014;22:17:00;332;sem vítima;56,633;BR-101/SC;Norte;Saida de Pista;1;1;;;;;1
21/05/2014;18:20:00;298;sem vítima;150;BR-101/SC;Sul;Colisão Lateral;1;4;;;;;1
21/05/2014;08:05:00;81;sem vítima;181,001;BR-101/SC;Norte;Colisão Lateral;1;2;;;;;1
21/05/2014;09:15:00;114;sem vítima;204,187;BR-101/SC;Norte;Colisão Lateral;1;2;;;;;1
21/05/2014;09:44:00;127;com vítima;205,16;BR-101/SC;Sul;Colisão Traseira;1;2;1;;;;1
21/05/2014;13:48:00;201;sem vítima;644,686;BR-376/PR;Sul;Colisão Traseira;1;2;;;;;1
21/05/2014;14:03:00;205;sem vítima;678,241;BR-376/PR;Sul;Engavetamento;1;3;;;;;1
22/05/2014;05:46:00;46;sem vítima;37,215;BR-101/SC;Sul;Colisão Traseira;2;2;;;;;1
22/05/2014;12:44:00;144;sem vítima;93,629;BR-116/PR;Sul;Colisão Traseira;2;2;;;;;1
22/05/2014;18:22:00;234;sem vítima;113,516;BR-101/SC;Sul;Colisão Transversal;1;2;;;;;1
22/05/2014;14:37:00;173;sem vítima;178,566;BR-101/SC;Norte;Saida de Pista;1;1;;;;;1
22/05/2014;06:16:00;48;sem vítima;210,22;BR-101/SC;Norte;Tombamento;1;2;;;;;1
22/05/2014;13:30:00;155;sem vítima;210,812;BR-101/SC;Sul;Saida de Pista;1;1;;;;;1
22/05/2014;08:24:00;72;sem vítima;225,9;BR-101/SC;Norte;Colisão Traseira;2;2;;;;;1
22/05/2014;10:45:00;110;com vítima;615,584;BR-376/PR;Norte;Engavetamento;4;4;;1;;1;3
22/05/2014;13:01:00;150;sem vítima;624,126;BR-376/PR;Norte;Colisão Traseira;2;3;;;;;1
22/05/2014;18:31:00;239;sem vítima;634,384;BR-376/PR;Norte;Colisão Lateral;1;2;;;;;1
22/05/2014;16:57:00;215;sem vítima;665,648;BR-376/PR;Sul;Saida de Pista;1;1;;;;;1
22/05/2014;20:17:00;260;sem vítima;665,698;BR-376/PR;Sul;Saida de Pista;1;1;;;;;1
22/05/2014;17:16:00;227;sem vítima;667,01;BR-376/PR;Sul;Colisão Traseira;2;2;;;;;1
22/05/2014;12:49:00;146;sem vítima;671,7;BR-376/PR;Sul;Saida de Pista;1;1;;;;;1
22/05/2014;12:28:00;138;com vítima;676,059;BR-376/PR;Sul;Engavetamento;2;3;1;;;;1
22/05/2014;00:06:00;6;sem vítima;677,24;BR-376/PR;Sul;Choque - Defensa, barreira ou "submarino";1;1;;;;;1
23/05/2014;23:04:00;329;com vítima;62,573;BR-101/SC;Sul;Saida de Pista;1;0;1;;;;1
23/05/2014;13:56:00;177;sem vítima;62,9;BR-101/SC;Norte;Colisão Lateral;2;2;;;;;1
23/05/2014;23:35:00;337;sem vítima;76,957;BR-101/SC;Sul;Saida de Pista;1;2;;;;;1
23/05/2014;08:21:00;81;sem vítima;107,4;BR-116/PR;Sul;Engavetamento;2;3;;;;;1
23/05/2014;07:42:00;66;sem vítima;110,858;BR-116/PR;Sul;Colisão Traseira;2;2;;;;;1
23/05/2014;07:05:00;50;sem vítima;211,248;BR-101/SC;Norte;Engavetamento;1;4;;;;;1
23/05/2014;15:51:00;207;sem vítima;629,542;BR-376/PR;Norte;Colisão Traseira;2;2;;;;;1
23/05/2014;19:50:00;283;com vítima;651,793;BR-376/PR;Sul;Colisão Traseira;1;6;1;;;;1
23/05/2014;07:45:00;68;com vítima;658,917;BR-376/PR;Norte;Colisão Traseira;1;3;;2;;;2
23/05/2014;18:58:00;258;sem vítima;660,587;BR-376/PR;Norte;Saida de Pista;1;1;;;;;1
23/05/2014;11:19:00;131;sem vítima;672,9;BR-376/PR;Sul;Saida de Pista;1;1;;;;;1
24/05/2014;00:21:00;9;sem vítima;125,537;BR-101/SC;Norte;Colisão Lateral;1;2;;;;;1
24/05/2014;00:11:00;6;com vítima;161,844;BR-101/SC;Norte;Capotamento;1;3;2;;;;1
24/05/2014;21:41:00;312;com vítima;646,79;BR-376/PR;Norte;Engavetamento;2;4;1;;;;1
24/05/2014;11:39:00;155;sem vítima;675,911;BR-376/PR;Sul;Tombamento;1;1;;;;;1
25/05/2014;06:08:00;44;sem vítima;1,3;BR-101/SC;Sul;Colisão Lateral;1;2;;;;;1
25/05/2014;02:57:00;25;sem vítima;10,508;BR-101/SC;Sul;Saida de Pista;1;1;;;;;1
25/05/2014;18:51:00;247;com vítima;21,321;BR-101/SC;Sul;Colisão Lateral;1;2;1;;;;1
25/05/2014;00:55:00;14;com vítima;31,555;BR-101/SC;Sul;Colisão Traseira;1;1;;;;1;3
25/05/2014;13:55:00;145;sem vítima;66,426;BR-101/SC;Sul;Colisão Lateral;1;2;;;;;1
25/05/2014;08:44:00;77;sem vítima;79,65;BR-101/SC;Sul;Colisão Traseira;2;3;;;;;1
25/05/2014;15:55:00;181;sem vítima;99,867;BR-101/SC;Norte;Colisão Lateral;1;2;;;;;1
25/05/2014;18:13:00;227;sem vítima;102,243;BR-116/PR;Sul;Colisão Lateral;1;2;;;;;1
25/05/2014;10:01:00;103;sem vítima;243,001;BR-101/SC;Sul;Choque - Suporte de Sinalização;1;1;;;;;1
25/05/2014;15:46:00;178;sem vítima;635,5;BR-376/PR;Norte;Colisão Traseira;1;2;;;;;1
25/05/2014;20:30:00;285;sem vítima;644,412;BR-376/PR;Norte;Colisão Traseira;2;2;;;;;1
25/05/2014;17:04:00;210;sem vítima;659,508;BR-376/PR;Norte;Colisão Lateral;1;3;;;;;1
26/05/2014;09:28:00;95;sem vítima;41,3;BR-101/SC;Sul;Tombamento;1;1;;;;;1
26/05/2014;11:17:00;140;sem vítima;41,3;BR-101/SC;Sul;Colisão Traseira;1;2;;;;;1
26/05/2014;20:40:00;313;sem vítima;77;BR-101/SC;Norte;Choque - Defensa, barreira ou "submarino";1;1;;;;;1
26/05/2014;14:33:00;198;sem vítima;105;BR-101/SC;Sul;Colisão Lateral;1;2;;;;;1
26/05/2014;22:27:00;335;sem vítima;113,155;BR-101/SC;Sul;Colisão Lateral;1;2;;;;;1
26/05/2014;19:04:00;288;sem vítima;114;BR-101/SC;Sul;Colisão Traseira;2;2;;;;;1
26/05/2014;11:48:00;148;sem vítima;138,1;BR-101/SC;Sul;Colisão Traseira;1;2;;;;;1
26/05/2014;14:08:00;192;sem vítima;209,5;BR-101/SC;Norte;Colisão Traseira;1;2;;;;;1
26/05/2014;07:45:00;60;sem vítima;664,471;BR-376/PR;Norte;Colisão Lateral;1;2;;;;;1
26/05/2014;08:49:00;81;com vítima;674,846;BR-376/PR;Norte;Colisão Traseira;1;2;1;;;;1
27/05/2014;15:16:00;222;sem vítima;81,264;BR-101/SC;Norte;Colisão Traseira;3;3;;;;;1
27/05/2014;09:56:00;129;com vítima;87,31;BR-116/PR;Sul;Colisão Traseira;3;2;1;1;;;2
27/05/2014;18:08:00;277;sem vítima;101;BR-101/SC;Norte;Colisão Traseira;1;2;;;;;1
27/05/2014;10:06:00;134;sem vítima;102;BR-116/PR;Sul;Colisão Traseira;2;2;;;;;1
27/05/2014;17:49:00;268;sem vítima;157,4;BR-101/SC;Norte;Colisão Traseira;1;2;;;;;1
27/05/2014;08:10:00;82;sem vítima;201,109;BR-101/SC;Sul;Colisão Traseira;2;2;;;;;1
27/05/2014;08:46:00;98;com vítima;207,233;BR-101/SC;Norte;Queda de Moto;1;1;2;;;;1
27/05/2014;19:13:00;301;sem vítima;667,714;BR-376/PR;Sul;Tombamento;1;1;;;;;1
28/05/2014;10:09:00;123;sem vítima;1,35;BR-101/SC;Sul;Colisão Traseira;2;2;;;;;1
28/05/2014;07:36:00;65;sem vítima;57;BR-101/SC;Norte;Colisão Lateral;1;2;;;;;1
28/05/2014;21:40:00;348;sem vítima;92,403;BR-116/PR;Norte;Saida de Pista;1;1;;;;;1
28/05/2014;14:45:00;214;sem vítima;204,9;BR-101/SC;Sul;Colisão Lateral;1;2;;;;;1
28/05/2014;08:29:00;84;sem vítima;208,246;BR-101/SC;Norte;Engavetamento;1;5;;;;;1
28/05/2014;00:54:00;16;sem vítima;668,655;BR-376/PR;Sul;Colisão Traseira;2;2;;;;;1
29/05/2014;16:00:00;258;sem vítima;1,35;BR-101/SC;Sul;Colisão Traseira;1;4;;;;;1
29/05/2014;12:12:00;171;sem vítima;59,147;BR-101/SC;Norte;Colisão Lateral;1;2;;;;;1
29/05/2014;14:31:00;219;sem vítima;85,513;BR-101/SC;Norte;Colisão Traseira;2;2;;;;;1
29/05/2014;21:56:00;351;com vítima;86,615;BR-101/SC;Sul;Colisão Lateral;2;1;1;;;;1
29/05/2014;16:52:00;290;com vítima;105,854;BR-116/PR;Norte;Colisão Traseira;1;1;2;;;;1
29/05/2014;18:14:00;304;sem vítima;113,3;BR-101/SC;Norte;Colisão Traseira;1;2;;;;;1
29/05/2014;08:09:00;68;sem vítima;209,522;BR-101/SC;Norte;Colisão Traseira;2;2;;;;;1
29/05/2014;23:25:00;359;sem vítima;212,911;BR-101/SC;Norte;Colisão Lateral;1;2;;;;;1
29/05/2014;15:39:00;251;sem vítima;676,281;BR-376/PR;Sul;Engavetamento;3;3;;;;;1
30/05/2014;15:09:00;221;sem vítima;86,012;BR-101/SC;Norte;Colisão Traseira;1;2;;;;;1
30/05/2014;20:58:00;352;sem vítima;106,182;BR-116/PR;Sul;Engavetamento;2;3;;;;;1
30/05/2014;11:20:00;143;com vítima;112,1;BR-116/PR;Sul;Colisão Traseira;1;1;1;;;;1
30/05/2014;18:30:00;300;sem vítima;112,532;BR-116/PR;Sul;Colisão Traseira;2;2;;;;;1
30/05/2014;01:58:00;20;sem vítima;116,388;BR-101/SC;Sul;Colisão Traseira;1;3;;;;;1
30/05/2014;11:56:00;161;sem vítima;117,381;BR-101/SC;Sul;Colisão Traseira;1;2;;;;;1
30/05/2014;11:46:00;158;sem vítima;120,312;BR-101/SC;Sul;Engavetamento;3;5;;;;;1
30/05/2014;15:47:00;236;sem vítima;169;BR-101/SC;Sul;Colisão Lateral;1;2;;;;;1
30/05/2014;19:46:00;330;sem vítima;205,138;BR-101/SC;Norte;Colisão Traseira;1;2;;;;;1
30/05/2014;12:45:00;178;sem vítima;205,55;BR-101/SC;Sul;Colisão Traseira;1;2;;;;;1
30/05/2014;08:25:00;73;com vítima;644,665;BR-376/PR;Sul;Colisão Traseira;1;2;1;;;;1
31/05/2014;19:14:00;291;sem vítima;101,682;BR-116/PR;Sul;Engavetamento;2;4;;;;;1
31/05/2014;12:16:00;171;sem vítima;130,3;BR-101/SC;Norte;Colisão Lateral;1;2;;;;;1
31/05/2014;19:47:00;299;sem vítima;204,3;BR-101/SC;Sul;Colisão Lateral;1;2;;;;;1
31/05/2014;18:51:00;286;com vítima;204,816;BR-101/SC;Norte;Colisão Lateral;1;2;2;;;;1
31/05/2014;11:16:00;151;sem vítima;622,304;BR-376/PR;Norte;Colisão Lateral;1;2;;;;;1
31/05/2014;06:11:00;66;sem vítima;664,843;BR-376/PR;Sul;Saida de Pista;1;1;;;;;1
31/05/2014;14:44:00;208;com vítima;674,688;BR-376/PR;Sul;Tombamento;1;0;;1;;;2
01/06/2014;20:16:00;305;sem vítima;100,103;BR-101/SC;Norte;Colisão Traseira;1;2;;;;;1
01/06/2014;19:09:00;286;sem vítima;635,4;BR-376/PR;Sul;Colisão Traseira;2;2;;;;;1
01/06/2014;16:47:00;238;com vítima;676,662;BR-376/PR;Sul;Engavetamento;4;3;;2;3;5;3
02/06/2014;22:58:00;347;sem vítima;93,147;BR-116/PR;Sul;Saida de Pista;1;1;;;;;1
02/06/2014;20:07:00;321;sem vítima;103,882;BR-116/PR;Norte;Saida de Pista;1;1;;;;;1
02/06/2014;08:37:00;94;sem vítima;122,339;BR-101/SC;Sul;Colisão Traseira;2;2;;;;;1
02/06/2014;14:44:00;222;sem vítima;161,852;BR-101/SC;Norte;Colisão Traseira;1;3;;;;;1
02/06/2014;18:48:00;299;sem vítima;212,01;BR-101/SC;Sul;Colisão Lateral;1;2;;;;;1
02/06/2014;19:12:00;305;sem vítima;212,01;BR-101/SC;Sul;Colisão Lateral;1;2;;;;;1
02/06/2014;16:49:00;271;sem vítima;217,127;BR-101/SC;Sul;Colisão Lateral;1;2;;;;;1
02/06/2014;16:55:00;272;sem vítima;635,5;BR-376/PR;Norte;Colisão Lateral;1;3;;;;;1