data;horario;n_da_ocorrencia;tipo_de_ocorrencia;km;trecho;sentido;tipo_de_acidente;caminhao;ilesos;levemente_feridos;moderadamente_feridos;gravemente_feridos;mortos;3
02/06/2014;18:24:00;295;com vítima;667,529;BR-376/PR;Sul;Tombamento;1;0;2;;;;1
02/06/2014;23:44:00;357;com vítima;673,702;BR-376/PR;Sul;Colisão Traseira;2;1;;1;;;2
03/06/2014;14:13:00;227;sem vítima;114;BR-116/PR;Norte;Colisão Traseira;1;2;;;;;1
03/06/2014;16:12:00;267;sem vítima;118,722;BR-101/SC;Norte;Colisão Lateral;1;2;;;;;1
03/06/2014;19:45:00;320;sem vítima;132,309;BR-101/SC;Sul;Colisão Traseira;1;2;;;;;1
03/06/2014;17:08:00;280;com vítima;196,505;BR-101/SC;Sul;Colisão Lateral;1;1;1;;;;1
03/06/2014;07:23:00;69;sem vítima;198,6;BR-101/SC;Norte;Colisão Lateral;1;2;;;;;1
03/06/2014;09:19:00;128;sem vítima;203,5;BR-101/SC;Sul;Colisão Lateral;1;2;;;;;1
03/06/2014;21:01:00;337;sem vítima;207,055;BR-101/SC;Norte;Colisão Traseira;1;3;;;;;1
04/06/2014;04:18:00;37;sem vítima;19,11;BR-101/SC;Sul;Colisão Traseira;2;2;;;;;1
04/06/2014;15:45:00;237;sem vítima;52,422;BR-101/SC;Norte;Colisão Traseira;2;2;;;;;1
04/06/2014;17:00:00;257;sem vítima;81,779;BR-101/SC;Norte;Choque - Objeto sobre a pista;1;2;;;;;1
04/06/2014;08:44:00;89;sem vítima;102,939;BR-101/SC;Sul;Colisão Traseira;2;2;;;;;1
04/06/2014;07:46:00;69;com vítima;107,129;BR-116/PR;Sul;Engavetamento;1;3;1;;;;1
04/06/2014;08:41:00;87;sem vítima;108,41;BR-116/PR;Norte;Engavetamento;2;3;;;;;1
04/06/2014;12:39:00;170;sem vítima;120,585;BR-101/SC;Norte;Tombamento;1;1;;;;;1
04/06/2014;06:44:00;47;com vítima;134,058;BR-101/SC;Sul;Colisão Traseira;1;1;1;;;;1
04/06/2014;03:15:00;33;sem vítima;161,3;BR-101/SC;Norte;Choque - Outros;1;2;;;;;1
04/06/2014;05:17:00;44;sem vítima;182,1;BR-101/SC;Norte;Colisão Traseira;2;2;;;;;1
04/06/2014;13:25:00;182;com vítima;204,088;BR-101/SC;Sul;Colisão Traseira;2;3;2;;;;1
04/06/2014;04:07:00;36;sem vítima;205,8;BR-101/SC;Sul;Tombamento;1;1;;;;;1
04/06/2014;08:17:00;78;com vítima;209,085;BR-101/SC;Norte;Colisão Traseira;1;1;2;;;;1
04/06/2014;08:44:00;90;sem vítima;212,5;BR-101/SC;Norte;Colisão Lateral;1;2;;;;;1
04/06/2014;16:16:00;252;sem vítima;232;BR-101/SC;Sul;Colisão Lateral;1;2;;;;;1
04/06/2014;00:59:00;7;sem vítima;647,404;BR-376/PR;Norte;Saida de Pista;1;1;;;;;1
04/06/2014;18:08:00;272;com vítima;672,176;BR-376/PR;Sul;Colisão Traseira;2;2;1;;;;1
04/06/2014;05:09:00;42;com vítima;672,34;BR-376/PR;Sul;Colisão Traseira;2;1;1;;;;1
05/06/2014;03:09:00;27;com vítima;12,849;BR-101/SC;Norte;Colisão Traseira;2;2;1;;;;1
05/06/2014;05:00:00;32;sem vítima;23,404;BR-101/SC;Norte;Saida de Pista;1;2;;;;;1
05/06/2014;16:35:00;248;sem vítima;35,728;BR-101/SC;Norte;Saida de Pista;1;2;;;;;1
05/06/2014;17:28:00;264;sem vítima;39,41;BR-101/SC;Sul;Colisão Lateral;1;2;;;;;1
05/06/2014;14:13:00;190;sem vítima;47,925;BR-101/SC;Norte;Engavetamento;2;4;;;;;1
05/06/2014;05:10:00;33;com vítima;79,577;BR-116/PR;Sul;Colisão Traseira;2;1;1;;;;1
05/06/2014;18:30:00;288;sem vítima;98,481;BR-101/SC;Norte;Colisão Lateral;1;2;;;;;1
05/06/2014;18:42:00;294;sem vítima;115,355;BR-101/SC;Sul;Colisão Traseira;1;2;;;;;1
05/06/2014;09:19:00;90;sem vítima;157,4;BR-101/SC;Norte;Colisão Traseira;1;2;;;;;1
05/06/2014;17:28:00;265;sem vítima;176,079;BR-101/SC;Norte;Saida de Pista;1;1;;;;;1
05/06/2014;18:54:00;298;com vítima;199;BR-101/SC;Sul;Colisão Lateral;1;1;1;;;;1
05/06/2014;22:16:00;345;sem vítima;209,5;BR-101/SC;Sul;Colisão Lateral;1;2;;;;;1
05/06/2014;16:25:00;244;sem vítima;616,661;BR-376/PR;Norte;Colisão Lateral;1;2;;;;;1
05/06/2014;18:26:00;286;sem vítima;617,061;BR-376/PR;Sul;Colisão Traseira;1;2;;;;;1
05/06/2014;20:36:00;334;sem vítima;652,491;BR-376/PR;Sul;Saida de Pista;1;2;;;;;1
05/06/2014;16:44:00;249;sem vítima;665,1;BR-376/PR;Norte;Colisão Traseira;1;2;;;;;1
05/06/2014;21:39:00;343;sem vítima;667,509;BR-376/PR;Sul;Tombamento;1;1;;;;;1
06/06/2014;14:36:00;219;sem vítima;76,665;BR-101/SC;Norte;Choque - Defensa, barreira ou "submarino";1;2;;;;;1
06/06/2014;16:45:00;259;sem vítima;114,1;BR-101/SC;Norte;Engavetamento;1;3;;;;;1
06/06/2014;12:07:00;174;sem vítima;130,57;BR-101/SC;Sul;Colisão Traseira;1;2;;;;;1
06/06/2014;22:39:00;374;sem vítima;180,1;BR-101/SC;Sul;Choque - Defensa, barreira ou "submarino";1;2;;;;;1
06/06/2014;20:59:00;350;sem vítima;209,1;BR-101/SC;Sul;Colisão Traseira;1;2;;;;;1
06/06/2014;18:32:00;306;sem vítima;210,5;BR-101/SC;Sul;Colisão Traseira;1;2;;;;;1
06/06/2014;18:39:00;309;sem vítima;674,5;BR-376/PR;Sul;Colisão Traseira;2;3;;;;;1
06/06/2014;16:42:00;258;sem vítima;679,466;BR-376/PR;Sul;Choque - Defensa, barreira ou "submarino";1;1;;;;;1
07/06/2014;10:57:00;140;com vítima;40,82;BR-101/SC;Sul;Choque - Defensa, barreira ou "submarino";1;0;1;;;;1
07/06/2014;17:25:00;267;sem vítima;51,201;BR-101/SC;Norte;Colisão Lateral;1;2;;;;;1
07/06/2014;00:00:00;4;sem vítima;180,1;BR-101/SC;Norte;Choque - Defensa, barreira ou "submarino";1;1;;;;;1
07/06/2014;13:13:00;182;sem vítima;180,364;BR-101/SC;Sul;Tombamento;1;1;;;;;1
07/06/2014;18:09:00;285;sem vítima;206,3;BR-101/SC;Norte;Choque - Defensa, barreira ou "submarino";1;1;;;;;1
07/06/2014;04:36:00;52;com vítima;216,1;BR-101/SC;Sul;Colisão Traseira;1;3;1;;;;1
07/06/2014;05:52:00;68;sem vítima;616,55;BR-376/PR;Norte;Colisão Traseira;1;1;;;;;1
07/06/2014;23:03:00;360;sem vítima;623,5;BR-376/PR;Norte;Choque - Defensa, barreira ou "submarino";1;2;;;;;1
08/06/2014;08:30:00;94;com vítima;71;BR-101/SC;Sul;Colisão Traseira;1;2;3;;;;1
08/06/2014;06:17:00;61;com vítima;149,1;BR-101/SC;Sul;Colisão Traseira;1;3;3;;1;;2
08/06/2014;18:46:00;260;sem vítima;215,001;BR-101/SC;Norte;Colisão Lateral;1;2;;;;;1
08/06/2014;17:51:00;248;sem vítima;233,532;BR-101/SC;Norte;Saida de Pista;1;1;;;;;1
09/06/2014;14:28:00;216;sem vítima;104,5;BR-116/PR;Sul;Colisão Traseira;1;2;;;;;1
09/06/2014;11:03:00;156;com vítima;197,14;BR-101/SC;Sul;Capotamento;1;1;1;;;;1
09/06/2014;07:10:00;70;sem vítima;225;BR-101/SC;Norte;Colisão Lateral;1;2;;;;;1
09/06/2014;09:20:00;117;com vítima;227,72;BR-101/SC;Norte;Atropelamento - Outros;1;1;1;;;;1
10/06/2014;15:37:00;216;sem vítima;79,357;BR-101/SC;Sul;Choque - Defensa, barreira ou "submarino";1;1;;;;;1
10/06/2014;08:14:00;76;sem vítima;79,4;BR-101/SC;Norte;Colisão Lateral;2;2;;;;;1
10/06/2014;10:41:00;130;sem vítima;104,35;BR-116/PR;Sul;Tombamento;1;1;;;;;1
10/06/2014;19:05:00;281;sem vítima;112,8;BR-116/PR;Norte;Outros;1;1;;;;;1
10/06/2014;03:42:00;35;sem vítima;112,85;BR-101/SC;Norte;Tombamento;1;1;;;;;1
10/06/2014;07:30:00;64;sem vítima;137,03;BR-101/SC;Sul;Colisão Traseira;1;2;;;;;1
10/06/2014;16:25:00;232;com vítima;180,42;BR-101/SC;Sul;Choque - Defensa, barreira ou "submarino";1;0;1;;;;1
10/06/2014;17:20:00;251;sem vítima;180,42;BR-101/SC;Sul;Colisão Traseira;1;1;;;;;1
10/06/2014;16:34:00;233;sem vítima;654,059;BR-376/PR;Norte;Colisão Traseira;1;2;;;;;1
10/06/2014;18:14:00;264;sem vítima;671,7;BR-376/PR;Sul;Saida de Pista;1;1;;;;;1
11/06/2014;05:21:00;54;sem vítima;10;BR-101/SC;Norte;Colisão Traseira;2;2;;;;;1
11/06/2014;10:48:00;155;sem vítima;14,5;BR-101/SC;Norte;Saida de Pista;1;1;;;;;1
11/06/2014;21:59:00;345;com vítima;39;BR-101/SC;Sul;Colisão Traseira;1;1;1;;;;1
11/06/2014;12:25:00;178;sem vítima;79,3;BR-101/SC;Norte;Colisão Traseira;1;2;;;;;1
11/06/2014;00:49:00;12;com vítima;85,95;BR-101/SC;Norte;Colisão Lateral;1;1;;1;;;2
11/06/2014;10:40:00;151;com vítima;91,7;BR-101/SC;Norte;Saida de Pista;1;0;1;;;;1
11/06/2014;00:33:00;8;sem vítima;105,9;BR-116/PR;Norte;Choque - Outros;2;2;;;;;1
11/06/2014;11:48:00;175;sem vítima;204,402;BR-101/SC;Sul;Colisão Lateral;1;2;;;;;1
11/06/2014;21:23:00;338;sem vítima;232,212;BR-101/SC;Norte;Colisão Lateral;1;3;;;;;1
11/06/2014;21:16:00;337;sem vítima;616,001;BR-376/PR;Norte;Saida de Pista;1;2;;;;;1
11/06/2014;21:16:00;362;com vítima;616,001;BR-376/PR;Norte;Colisão Traseira;1;2;1;;;;1
11/06/2014;04:57:00;51;sem vítima;627,3;BR-376/PR;Sul;Tombamento;1;1;;;;;1
11/06/2014;10:02:00;135;sem vítima;635,4;BR-376/PR;Sul;Colisão Traseira;1;2;;;;;1
11/06/2014;10:17:00;142;sem vítima;653,05;BR-376/PR;Norte;Colisão Traseira;2;2;;;;;1
11/06/2014;07:45:00;80;sem vítima;660,508;BR-376/PR;Norte;Saida de Pista;1;2;;;;;1
12/06/2014;22:57:00;305;sem vítima;36,194;BR-101/SC;Sul;Saida de Pista;1;1;;;;;1
12/06/2014;16:27:00;239;sem vítima;47,3;BR-101/SC;Norte;Colisão Traseira;2;2;;;;;1
12/06/2014;19:12:00;271;sem vítima;132,309;BR-101/SC;Norte;Choque - Defensa, barreira ou "submarino";1;1;;;;;1
12/06/2014;05:42:00;49;sem vítima;193,502;BR-101/SC;Sul;Colisão Lateral;1;2;;;;;1
12/06/2014;03:06:00;35;sem vítima;204,502;BR-101/SC;Sul;Saida de Pista;1;1;;;;;1
12/06/2014;01:12:00;21;com vítima;205,9;BR-101/SC;Sul;Saida de Pista;1;0;;1;;;2
12/06/2014;15:20:00;219;com vítima;645,1;BR-376/PR;Sul;Colisão Traseira;1;1;;1;;;2
12/06/2014;02:25:00;20;sem vítima;664,8;BR-376/PR;Norte;Colisão Lateral;1;2;;;;;1
13/06/2014;05:53:00;61;com vítima;152,5;BR-101/SC;Sul;Colisão Traseira;1;1;2;;;;1
13/06/2014;13:03:00;196;com vítima;193,478;BR-101/SC;Sul;Engavetamento;2;2;;1;;;2
13/06/2014;16:42:00;270;com vítima;215,963;BR-101/SC;Sul;Colisão Traseira;1;1;;1;;;2
13/06/2014;02:57:00;36;sem vítima;665,4;BR-376/PR;Sul;Saida de Pista;1;1;;;;;1
13/06/2014;14:12:00;214;sem vítima;665,666;BR-376/PR;Sul;Tombamento;1;1;;;;;1
14/06/2014;06:25:00;63;com vítima;69,228;BR-101/SC;Norte;Colisão Traseira;1;1;1;;;;1
14/06/2014;06:27:00;109;sem vítima;69,325;BR-101/SC;Norte;Colisão Traseira;2;2;;;;;1
14/06/2014;01:40:00;26;sem vítima;91,335;BR-116/PR;Norte;Saida de Pista;1;1;;;;;1
14/06/2014;18:24:00;276;sem vítima;175,108;BR-101/SC;Norte;Colisão Traseira;1;2;;;;;1
14/06/2014;19:37:00;298;sem vítima;655,804;BR-376/PR;Norte;Colisão Lateral;2;2;;;;;1
15/06/2014;14:00:00;160;sem vítima;1,35;BR-101/SC;Norte;Colisão Traseira;2;2;;;;;1
15/06/2014;18:14:00;225;com vítima;234,253;BR-101/SC;Norte;Colisão Traseira;1;3;1;;;;1
16/06/2014;05:57:00;44;sem vítima;79,277;BR-101/SC;Norte;Colisão Traseira;2;2;;;;;1
16/06/2014;19:54:00;302;sem vítima;114,8;BR-116/PR;Sul;Engavetamento;1;3;;;;;1
16/06/2014;13:10:00;178;com vítima;174,968;BR-101/SC;Norte;Tombamento;1;0;;1;;;2
16/06/2014;16:25:00;239;sem vítima;671,7;BR-376/PR;Sul;Saida de Pista;1;1;;;;;1
17/06/2014;08:04:00;83;sem vítima;71,6;BR-101/SC;Norte;Colisão Lateral;2;2;;;;;1
17/06/2014;18:28:00;290;com vítima;92,7;BR-116/PR;Sul;Colisão Lateral;1;1;1;;;;1
17/06/2014;19:38:00;307;sem vítima;109,5;BR-116/PR;Sul;Colisão Traseira;1;2;;;;;1
17/06/2014;01:54:00;22;sem vítima;170,8;BR-101/SC;Sul;Atropelamento de Animal;1;1;;;;;1
17/06/2014;06:36:00;63;sem vítima;210,8;BR-101/SC;Norte;Engavetamento;2;3;;;;;1
17/06/2014;06:36:00;62;sem vítima;210,87;BR-101/SC;Norte;Engavetamento;1;4;;;;;1
17/06/2014;17:14:00;275;sem vítima;615;BR-376/PR;Norte;Colisão Traseira;2;3;;;;;1
17/06/2014;03:38:00;43;sem vítima;671,7;BR-376/PR;Sul;Saida de Pista;1;1;;;;;1
18/06/2014;09:26:00;95;com vítima;45,8;BR-101/SC;Sul;Saida de Pista;1;2;;1;;;2
18/06/2014;19:32:00;277;com vítima;121,8;BR-101/SC;Norte;Colisão Traseira;1;3;1;;;;1
18/06/2014;10:32:00;116;sem vítima;157,4;BR-101/SC;Norte;Choque - Cancela de Pedagio;1;1;;;;;1
18/06/2014;17:34:00;234;com vítima;204,332;BR-101/SC;Norte;Colisão Lateral;1;1;1;;;;1
18/06/2014;18:38:00;257;sem vítima;214,512;BR-101/SC;Norte;Colisão Traseira;1;2;;;;;1
18/06/2014;11:11:00;132;sem vítima;675,936;BR-376/PR;Sul;Saida de Pista;1;1;;;;;1
19/06/2014;05:42:00;54;sem vítima;118,7;BR-101/SC;Sul;Tombamento;1;1;;;;;1
19/06/2014;16:13:00;218;sem vítima;201,301;BR-101/SC;Sul;Colisão Lateral;1;2;;;;;1
20/06/2014;08:44:00;70;sem vítima;8,968;BR-101/SC;Sul;Choque - Defensa, barreira ou "submarino";1;1;;;;;1
20/06/2014;13:54:00;163;com vítima;103,982;BR-116/PR;Sul;Atropelamento - Ciclista;1;1;;1;;;2
20/06/2014;18:01:00;237;sem vítima;121,25;BR-101/SC;Sul;Colisão Traseira;1;1;;;;;1
20/06/2014;20:48:00;282;sem vítima;125,3;BR-101/SC;Sul;Colisão Traseira;1;3;;;;;1
20/06/2014;18:46:00;254;com vítima;157,4;BR-101/SC;Norte;Colisão Traseira;1;2;1;;;;1
20/06/2014;07:52:00;54;sem vítima;210,183;BR-101/SC;Norte;Colisão Lateral;1;2;;;;;1
20/06/2014;01:46:00;12;sem vítima;243,709;BR-101/SC;Sul;Choque - Suporte de Sinalização;1;1;;;;;1
20/06/2014;21:58:00;297;com vítima;616,15;BR-376/PR;Sul;Colisão Frontal;1;1;;1;;2;3
20/06/2014;16:05:00;203;sem vítima;654,1;BR-376/PR;Sul;Colisão Traseira;2;2;;;;;1
21/06/2014;15:52:00;211;sem vítima;195,001;BR-101/SC;Sul;Colisão Traseira;2;2;;;;;1
21/06/2014;15:52:00;217;sem vítima;195,001;BR-101/SC;Sul;Colisão Traseira;2;2;;;;;1
21/06/2014;16:53:00;236;sem vítima;197,2;BR-101/SC;Norte;Colisão Traseira;1;2;;;;;1
22/06/2014;09:48:00;89;sem vítima;95,5;BR-101/SC;Sul;Colisão Traseira;1;2;;;;;1
22/06/2014;09:32:00;84;sem vítima;211,78;BR-101/SC;Norte;Colisão Lateral;1;2;;;;;1
22/06/2014;22:59:00;315;com vítima;219,5;BR-101/SC;Sul;Colisão Lateral;1;1;1;;;;1
22/06/2014;12:03:00;123;sem vítima;628,646;BR-376/PR;Norte;Choque - Defensa, barreira ou "submarino";1;2;;;;;1
23/06/2014;16:30:00;258;com vítima;206,001;BR-101/SC;Norte;Colisão Traseira;1;1;2;;;;1
24/06/2014;09:36:00;91;sem vítima;43,154;BR-101/SC;Norte;Capotamento;1;4;;;;;1
24/06/2014;06:34:00;45;com vítima;100,787;BR-101/SC;Sul;Colisão Frontal;1;1;;;;1;3
24/06/2014;06:23:00;46;sem vítima;190,15;BR-101/SC;Norte;Colisão Lateral;1;2;;;;;1
24/06/2014;09:37:00;92;sem vítima;660;BR-376/PR;Norte;Colisão Lateral;1;2;;;;;1
24/06/2014;12:30:00;143;sem vítima;666,2;BR-376/PR;Sul;Engavetamento;1;3;;;;;1
24/06/2014;07:57:00;62;sem vítima;673,3;BR-376/PR;Sul;Colisão Traseira;1;2;;;;;1
25/06/2014;05:45:00;57;sem vítima;10,511;BR-101/SC;Sul;Colisão Lateral;1;2;;;;;1
25/06/2014;11:59:00;175;sem vítima;113,354;BR-101/SC;Sul;Saida de Pista;1;2;;;;;1
25/06/2014;18:18:00;289;sem vítima;116,555;BR-101/SC;Norte;Colisão Lateral;1;2;;;;;1
25/06/2014;18:17:00;288;sem vítima;213;BR-101/SC;Norte;Colisão Traseira;1;2;;;;;1
25/06/2014;07:03:00;68;sem vítima;214,5;BR-101/SC;Norte;Colisão Traseira;2;2;;;;;1
25/06/2014;07:10:00;69;sem vítima;215,1;BR-101/SC;Norte;Colisão Lateral;1;2;;;;;1
25/06/2014;19:39:00;314;sem vítima;617,1;BR-376/PR;Norte;Colisão Transversal;2;2;;;;;1
25/06/2014;21:20:00;334;com vítima;618,1;BR-376/PR;Norte;Colisão Transversal;1;2;1;;;;1
25/06/2014;01:52:00;25;sem vítima;674,001;BR-376/PR;Norte;Colisão Traseira;2;2;;;;;1
25/06/2014;10:00:00;127;sem vítima;678,001;BR-376/PR;Norte;Colisão Traseira;2;3;;;;;1
26/06/2014;23:37:00;351;sem vítima;104,761;BR-101/SC;Sul;Choque - Defensa, barreira ou "submarino";1;1;;;;;1
26/06/2014;18:39:00;280;sem vítima;122,757;BR-101/SC;Norte;Colisão Lateral;1;2;;;;;1
26/06/2014;18:10:00;272;sem vítima;157,3;BR-101/SC;Sul;Colisão Traseira;1;2;;;;;1
26/06/2014;22:55:00;344;sem vítima;163,554;BR-101/SC;Sul;Colisão Traseira;2;2;;;;;1
26/06/2014;18:04:00;269;com vítima;204,15;BR-101/SC;Norte;Engavetamento;1;6;1;;;;1
26/06/2014;18:14:00;274;sem vítima;204,998;BR-101/SC;Sul;Colisão Traseira;1;2;;;;;1
26/06/2014;19:00:00;286;sem vítima;208;BR-101/SC;Norte;Colisão Traseira;1;2;;;;;1
26/06/2014;14:38:00;194;sem vítima;209,9;BR-101/SC;Norte;Colisão Traseira;1;2;;;;;1
26/06/2014;18:45:00;282;sem vítima;211,44;BR-101/SC;Sul;Colisão Traseira;1;2;;;;;1
26/06/2014;11:03:00;141;sem vítima;675,799;BR-376/PR;Sul;Colisão Traseira;1;2;;;;;1
27/06/2014;20:48:00;284;sem vítima;21,112;BR-101/SC;Norte;Colisão Lateral;1;2;;;;;1
27/06/2014;14:12:00;169;sem vítima;94;BR-116/PR;Sul;Colisão Traseira;1;2;;;;;1
27/06/2014;10:30:00;100;sem vítima;157,4;BR-101/SC;Norte;Choque - Defensa, barreira ou "submarino";1;1;;;;;1
27/06/2014;23:10:00;315;sem vítima;168,024;BR-101/SC;Norte;Colisão Lateral;1;2;;;;;1
27/06/2014;05:50:00;42;sem vítima;180,52;BR-101/SC;Sul;Tombamento;1;1;;;;;1
27/06/2014;15:42:00;211;sem vítima;199,3;BR-101/SC;Sul;Colisão Traseira;1;2;;;;;1
27/06/2014;07:03:00;47;sem vítima;214,599;BR-101/SC;Norte;Colisão Lateral;1;2;;;;;1
27/06/2014;18:16:00;251;sem vítima;233,706;BR-101/SC;Norte;Choque - Defensa, barreira ou "submarino";1;1;;;;;1
27/06/2014;18:24:00;257;sem vítima;617,89;BR-376/PR;Sul;Engavetamento;1;5;;;;;1
27/06/2014;17:46:00;243;sem vítima;676,89;BR-376/PR;Sul;Colisão Lateral;1;2;;;;;1
28/06/2014;07:01:00;53;sem vítima;1,35;BR-101/SC;Norte;Choque - Defensa, barreira ou "submarino";1;1;;;;;1
28/06/2014;10:07:00;102;sem vítima;88,938;BR-116/PR;Norte;Saida de Pista;1;2;;;;;1
28/06/2014;01:52:00;22;sem vítima;121,5;BR-101/SC;Sul;Saida de Pista;1;1;;;;;1
28/06/2014;00:21:00;7;sem vítima;218,337;BR-101/SC;Sul;Saida de Pista;1;1;;;;;1
29/06/2014;00:40:00;13;sem vítima;103,012;BR-101/SC;Sul;Colisão Traseira;1;2;;;;;1
29/06/2014;16:18:00;188;sem vítima;111,431;BR-101/SC;Norte;Saida de Pista;1;1;;;;;1
29/06/2014;13:09:00;129;com vítima;670,902;BR-376/PR;Sul;Colisão Traseira;1;2;2;;;;1
30/06/2014;22:37:00;372;sem vítima;1,33;BR-101/SC;Norte;Colisão Traseira;1;2;;;;;1
30/06/2014;15:29:00;274;sem vítima;30,668;BR-101/SC;Norte;Choque - Defensa, barreira ou "submarino";1;1;;;;;1
30/06/2014;06:46:00;50;com vítima;129,001;BR-101/SC;Norte;Colisão Lateral;1;1;;1;;;2
30/06/2014;10:33:00;153;sem vítima;157,4;BR-101/SC;Norte;Colisão Lateral;1;2;;;;;1
30/06/2014;09:36:00;111;com vítima;169,8;BR-101/SC;Sul;Colisão Traseira;1;1;1;;;;1
01/07/2014;10:25:00;151;sem vítima;22,2;BR-101/SC;Sul;Colisão Lateral;2;2;;;;;1
01/07/2014;09:57:00;136;sem vítima;79,65;BR-101/SC;Sul;Colisão Traseira;1;2;;;;;1
01/07/2014;20:42:00;334;sem vítima;113,727;BR-116/PR;Norte;Colisão Lateral;1;2;;;;;1
01/07/2014;22:13:00;347;sem vítima;205,1;BR-101/SC;Sul;Colisão Lateral;1;2;;;;;1
01/07/2014;16:52:00;270;com vítima;624,471;BR-376/PR;Norte;Atropelamento - Sem Informação;1;1;;;;1;3
01/07/2014;18:18:00;299;sem vítima;652,6;BR-376/PR;Sul;Saida de Pista;1;1;;;;;1
01/07/2014;17:42:00;282;sem vítima;667,888;BR-376/PR;Sul;Colisão Traseira;2;2;;;;;1
01/07/2014;13:00:00;199;sem vítima;672,456;BR-376/PR;Sul;Colisão Traseira;3;3;;;;;1
02/07/2014;07:43:00;70;sem vítima;79,65;BR-101/SC;Sul;Colisão Traseira;2;2;;;;;1
02/07/2014;18:04:00;305;sem vítima;93,1;BR-116/PR;Sul;Colisão Traseira;1;2;;;;;1
02/07/2014;11:14:00;157;sem vítima;119,3;BR-101/SC;Norte;Colisão Lateral;1;2;;;;;1
02/07/2014;14:04:00;219;sem vítima;123,1;BR-101/SC;Norte;Colisão Transversal;2;2;;;;;1
02/07/2014;17:39:00;296;sem vítima;158,352;BR-101/SC;Norte;Colisão Lateral;1;2;;;;;1
02/07/2014;11:30:00;164;sem vítima;243,81;BR-101/SC;Norte;Colisão Traseira;1;2;;;;;1
03/07/2014;15:43:00;233;com vítima;101,073;BR-101/SC;Sul;Colisão Traseira;1;3;;1;;;2
03/07/2014;08:25:00;87;sem vítima;108,64;BR-116/PR;Sul;Colisão Traseira;1;2;;;;;1
03/07/2014;19:43:00;313;sem vítima;112,001;BR-101/SC;Norte;Colisão Traseira;1;2;;;;;1
03/07/2014;22:50:00;351;sem vítima;157,378;BR-101/SC;Norte;Colisão Traseira;2;2;;;;;1
03/07/2014;20:37:00;322;com vítima;159,125;BR-101/SC;Sul;Colisão Traseira;1;1;;;1;1;3
03/07/2014;17:23:00;275;sem vítima;197,012;BR-101/SC;Sul;Colisão Traseira;1;2;;;;;1
03/07/2014;18:28:00;292;sem vítima;200,946;BR-101/SC;Sul;Colisão Traseira;1;2;;;;;1
03/07/2014;19:29:00;311;sem vítima;205,302;BR-101/SC;Sul;Colisão Lateral;1;2;;;;;1
03/07/2014;06:26:00;45;sem vítima;243,001;BR-101/SC;Sul;Colisão Traseira;1;2;;;;;1
03/07/2014;10:50:00;145;sem vítima;667,614;BR-376/PR;Sul;Engavetamento;5;5;;;;;1
04/07/2014;14:40:00;220;sem vítima;108,851;BR-101/SC;Sul;Colisão Traseira;1;2;;;;;1
04/07/2014;16:04:00;244;sem vítima;115,731;BR-101/SC;Sul;Engavetamento;1;4;;;;;1
04/07/2014;16:19:00;248;com vítima;205,12;BR-101/SC;Norte;Engavetamento;1;3;1;1;;;2
04/07/2014;06:29:00;57;sem vítima;223,5;BR-101/SC;Sul;Colisão Traseira;1;2;;;;;1
04/07/2014;07:44:00;72;sem vítima;623,7;BR-376/PR;Sul;Colisão Traseira;1;2;;;;;1
04/07/2014;12:03:00;176;sem vítima;667,3;BR-376/PR;Sul;Colisão Lateral;1;1;;;;;1
05/07/2014;08:40:00;73;sem vítima;80,5;BR-116/PR;Norte;Colisão Traseira;1;2;;;;;1
05/07/2014;05:00:00;53;sem vítima;187,684;BR-101/SC;Norte;Colisão Lateral;2;2;;;;;1
05/07/2014;16:44:00;211;sem vítima;635,4;BR-376/PR;Norte;Colisão Transversal;2;2;;;;;1
05/07/2014;06:35:00;61;com vítima;672,922;BR-376/PR;Sul;Colisão Lateral;3;2;;;;1;3
06/07/2014;15:40:00;179;com vítima;157,2;BR-101/SC;Norte;Colisão Traseira;1;2;1;;;;1
06/07/2014;10:00:00;96;sem vítima;671,7;BR-376/PR;Sul;Saida de Pista;1;1;;;;;1
07/07/2014;18:10:00;256;sem vítima;50,057;BR-101/SC;Norte;Engavetamento;1;3;;;;;1
07/07/2014;23:49:00;319;com vítima;102,7;BR-116/PR;Norte;Atropelamento - Outros;2;2;;1;;;2
07/07/2014;23:32:00;313;sem vítima;115,1;BR-116/PR;Sul;Colisão Lateral;1;2;;;;;1
07/07/2014;14:55:00;199;sem vítima;665,205;BR-376/PR;Sul;Saida de Pista;1;1;;;;;1
07/07/2014;23:38:00;316;sem vítima;671,7;BR-376/PR;Sul;Saida de Pista;1;1;;;;;1
08/07/2014;13:32:00;184;sem vítima;108,551;BR-101/SC;Sul;Saida de Pista;1;1;;;;;1
08/07/2014;11:19:00;149;sem vítima;112,239;BR-101/SC;Norte;Tombamento;1;2;;;;;1
08/07/2014;10:09:00;119;sem vítima;167,15;BR-101/SC;Sul;Colisão Lateral;1;2;;;;;1
08/07/2014;09:21:00;100;sem vítima;666,001;BR-376/PR;Sul;Colisão Traseira;2;2;;;;;1
09/07/2014;23:00:00;352;sem vítima;1,35;BR-101/SC;Norte;Colisão Traseira;2;2;;;;;1
09/07/2014;14:54:00;225;sem vítima;18,901;BR-101/SC;Sul;Saida de Pista;1;2;;;;;1
09/07/2014;20:53:00;334;com vítima;39,913;BR-101/SC;Norte;Choque - Defensa, barreira ou "submarino";1;4;1;;;;1
09/07/2014;15:15:00;230;sem vítima;40,95;BR-101/SC;Norte;Colisão Lateral;1;2;;;;;1
09/07/2014;18:25:00;300;com vítima;115,167;BR-101/SC;Norte;Colisão Traseira;2;2;;1;;;2