data;horario;n_da_ocorrencia;tipo_de_ocorrencia;km;trecho;sentido;tipo_de_acidente;caminhao;ilesos;levemente_feridos;moderadamente_feridos;gravemente_feridos;mortos;3
09/07/2014;23:13:00;354;sem vítima;164,939;BR-101/SC;Norte;Choque - Objeto sobre a pista;1;2;;;;;1
09/07/2014;20:33:00;331;sem vítima;205,505;BR-101/SC;Norte;Colisão Lateral;1;2;;;;;1
09/07/2014;14:12:00;210;sem vítima;235,122;BR-101/SC;Norte;Colisão Lateral;1;2;;;;;1
09/07/2014;14:36:00;219;sem vítima;237,621;BR-101/SC;Norte;Colisão Traseira;2;3;;;;;1
09/07/2014;16:08:00;254;com vítima;652,9;BR-376/PR;Sul;Capotamento;4;7;;1;;;2
10/07/2014;00:45:00;10;sem vítima;48,728;BR-101/SC;Norte;Choque - Defensa, barreira ou "submarino";1;1;;;;;1
10/07/2014;20:26:00;254;sem vítima;137,919;BR-101/SC;Norte;Colisão Transversal;1;2;;;;;1
10/07/2014;12:54:00;134;sem vítima;235,2;BR-101/SC;Norte;Colisão Lateral;1;2;;;;;1
10/07/2014;17:16:00;204;sem vítima;660,29;BR-376/PR;Norte;Colisão Lateral;1;2;;;;;1
10/07/2014;05:35:00;31;sem vítima;664,953;BR-376/PR;Norte;Saida de Pista;1;1;;;;;1
11/07/2014;16:27:00;214;sem vítima;117,348;BR-101/SC;Sul;Colisão Traseira;1;2;;;;;1
11/07/2014;19:30:00;276;com vítima;118,481;BR-101/SC;Sul;Colisão Traseira;1;3;1;;;;1
11/07/2014;20:36:00;298;sem vítima;120,775;BR-101/SC;Norte;Colisão Traseira;1;2;;;;;1
11/07/2014;04:16:00;33;sem vítima;207,01;BR-101/SC;Sul;Choque - Defensa, barreira ou "submarino";1;1;;;;;1
11/07/2014;13:45:00;176;sem vítima;233,2;BR-101/SC;Sul;Colisão Traseira;1;2;;;;;1
11/07/2014;22:58:00;326;sem vítima;234,701;BR-101/SC;Norte;Saida de Pista;1;1;;;;;1
11/07/2014;20:49:00;308;sem vítima;645,732;BR-376/PR;Sul;Colisão Lateral;1;4;;;;;1
11/07/2014;02:46:00;25;sem vítima;652,312;BR-376/PR;Norte;Tombamento;1;1;;;;;1
11/07/2014;06:31:00;43;sem vítima;671,7;BR-376/PR;Sul;Saida de Pista;1;1;;;;;1
11/07/2014;18:35:00;257;sem vítima;673,1;BR-376/PR;Norte;Saida de Pista;1;2;;;;;1
11/07/2014;11:45:00;141;com vítima;673,21;BR-376/PR;Sul;Tombamento;1;0;;1;;;2
12/07/2014;00:20:00;4;sem vítima;55,224;BR-101/SC;Sul;Saida de Pista;1;2;;;;;1
12/07/2014;04:00:00;32;sem vítima;57,231;BR-101/SC;Sul;Saida de Pista;1;1;;;;;1
12/07/2014;11:39:00;141;sem vítima;160,107;BR-101/SC;Sul;Colisão Lateral;1;2;;;;;1
12/07/2014;13:13:00;170;sem vítima;208,152;BR-101/SC;Sul;Colisão Traseira;1;2;;;;;1
12/07/2014;06:41:00;50;sem vítima;650,875;BR-376/PR;Norte;Choque - Defensa, barreira ou "submarino";1;1;;;;;1
12/07/2014;13:14:00;172;com vítima;651,328;BR-376/PR;Norte;Colisão Lateral;1;3;1;;;;1
12/07/2014;12:23:00;151;sem vítima;657,223;BR-376/PR;Norte;Colisão Traseira;1;2;;;;;1
12/07/2014;12:08:00;147;sem vítima;675,532;BR-376/PR;Sul;Saida de Pista;1;1;;;;;1
13/07/2014;17:39:00;204;sem vítima;98,414;BR-116/PR;Norte;Colisão Lateral;1;2;;;;;1
13/07/2014;19:58:00;238;sem vítima;615,111;BR-376/PR;Sul;Outros;2;2;;;;;1
14/07/2014;12:39:00;147;sem vítima;102,907;BR-101/SC;Norte;Colisão Traseira;1;3;;;;;1
14/07/2014;18:48:00;251;sem vítima;117,001;BR-101/SC;Norte;Colisão Traseira;1;2;;;;;1
14/07/2014;07:25:00;61;sem vítima;117,1;BR-101/SC;Norte;Colisão Lateral;1;2;;;;;1
14/07/2014;10:32:00;113;com vítima;117,5;BR-101/SC;Sul;Colisão Traseira;1;1;;1;;;2
14/07/2014;16:08:00;215;sem vítima;141,9;BR-101/SC;Sul;Colisão Lateral;1;2;;;;;1
14/07/2014;11:12:00;124;sem vítima;157,375;BR-101/SC;Norte;Colisão Traseira;1;2;;;;;1
14/07/2014;12:42:00;150;sem vítima;204,355;BR-101/SC;Sul;Colisão Lateral;1;2;;;;;1
14/07/2014;07:46:00;64;com vítima;215,589;BR-101/SC;Norte;Colisão Traseira;1;2;;;1;1;3
14/07/2014;13:44:00;167;sem vítima;668,611;BR-376/PR;Sul;Tombamento;1;1;;;;;1
15/07/2014;18:35:00;292;sem vítima;121;BR-101/SC;Sul;Colisão Lateral;1;2;;;;;1
15/07/2014;09:00:00;111;sem vítima;157,374;BR-101/SC;Sul;Colisão Traseira;1;2;;;;;1
15/07/2014;06:29:00;60;com vítima;211,526;BR-101/SC;Norte;Colisão Lateral;1;1;;1;;;2
15/07/2014;08:00:00;90;sem vítima;675,5;BR-376/PR;Sul;Engavetamento;2;3;;;;;1
16/07/2014;19:23:00;317;com vítima;95,367;BR-116/PR;Sul;Colisão Traseira;2;1;;;1;;2
16/07/2014;19:24:00;328;sem vítima;181,802;BR-101/SC;Norte;Colisão Traseira;1;2;;;;;1
16/07/2014;20:55:00;337;sem vítima;195,601;BR-101/SC;Norte;Colisão Traseira;1;2;;;;;1
16/07/2014;08:05:00;85;sem vítima;616,5;BR-376/PR;Norte;Colisão Lateral;1;2;;;;;1
16/07/2014;11:02:00;139;sem vítima;666,991;BR-376/PR;Sul;Colisão Lateral;2;2;;;;;1
17/07/2014;05:11:00;38;sem vítima;1,341;BR-101/SC;Sul;Colisão Traseira;2;2;;;;;1
17/07/2014;17:37:00;258;sem vítima;51,936;BR-101/SC;Sul;Colisão Traseira;1;2;;;;;1
17/07/2014;04:04:00;30;sem vítima;56,586;BR-101/SC;Sul;Saida de Pista;1;1;;;;;1
17/07/2014;13:16:00;159;sem vítima;57,791;BR-101/SC;Sul;Colisão Lateral;1;2;;;;;1
17/07/2014;15:39:00;211;sem vítima;96,496;BR-101/SC;Sul;Colisão Traseira;1;2;;;;;1
17/07/2014;17:59:00;265;sem vítima;133,472;BR-101/SC;Norte;Colisão Traseira;2;2;;;;;1
17/07/2014;21:15:00;322;sem vítima;210,2;BR-101/SC;Norte;Colisão Transversal;1;2;;;;;1
17/07/2014;10:31:00;114;sem vítima;617,1;BR-376/PR;Norte;Colisão Lateral;1;2;;;;;1
17/07/2014;20:19:00;312;sem vítima;617,3;BR-376/PR;Norte;Colisão Lateral;1;2;;;;;1
17/07/2014;14:33:00;176;sem vítima;651,3;BR-376/PR;Norte;Saida de Pista;1;1;;;;;1
17/07/2014;00:10:00;11;sem vítima;672,78;BR-376/PR;Sul;Colisão Traseira;2;2;;;;;1
18/07/2014;12:09:00;165;sem vítima;96,498;BR-101/SC;Sul;Colisão Lateral;1;2;;;;;1
18/07/2014;19:19:00;298;sem vítima;106,023;BR-101/SC;Sul;Colisão Lateral;1;2;;;;;1
18/07/2014;19:32:00;297;sem vítima;117,324;BR-101/SC;Norte;Colisão Lateral;1;2;;;;;1
18/07/2014;18:40:00;283;sem vítima;205;BR-101/SC;Sul;Colisão Lateral;1;2;;;;;1
18/07/2014;20:46:00;335;com vítima;205,056;BR-101/SC;Norte;Engavetamento;1;4;1;;;;1
19/07/2014;10:55:00;143;sem vítima;33,6;BR-101/SC;Sul;Colisão Traseira;1;2;;;;;1
19/07/2014;11:44:00;156;sem vítima;64,864;BR-101/SC;Sul;Colisão Traseira;1;3;;;;;1
19/07/2014;16:18:00;247;sem vítima;210,3;BR-101/SC;Norte;Colisão Traseira;1;2;;;;;1
19/07/2014;02:41:00;39;com vítima;237,1;BR-101/SC;Sul;Tombamento;1;0;1;;;;1
19/07/2014;06:49:00;66;sem vítima;622,001;BR-376/PR;Sul;Colisão Traseira;1;2;;;;;1
20/07/2014;15:15:00;209;sem vítima;197,001;BR-101/SC;Sul;Colisão Lateral;1;2;;;;;1
20/07/2014;18:41:00;290;sem vítima;242,11;BR-101/SC;Norte;Colisão Traseira;1;2;;;;;1
20/07/2014;18:23:00;284;sem vítima;242,499;BR-101/SC;Norte;Engavetamento;1;3;;;;;1
21/07/2014;11:41:00;148;sem vítima;57,8;BR-101/SC;Norte;Engavetamento;1;3;;;;;1
21/07/2014;22:03:00;312;com vítima;112,532;BR-116/PR;Sul;Colisão Traseira;2;3;1;;;;1
21/07/2014;14:07:00;190;com vítima;114,408;BR-101/SC;Sul;Colisão Traseira;2;2;1;;;;1
21/07/2014;07:56:00;72;sem vítima;119,381;BR-101/SC;Sul;Colisão Lateral;1;2;;;;;1
22/07/2014;12:03:00;184;sem vítima;100,332;BR-101/SC;Sul;Engavetamento;1;5;;;;;1
22/07/2014;10:01:00;137;sem vítima;111,453;BR-101/SC;Norte;Tombamento;1;1;;;;;1
22/07/2014;00:00:00;8;sem vítima;140,895;BR-101/SC;Sul;Saida de Pista;1;1;;;;;1
22/07/2014;03:48:00;38;sem vítima;169,662;BR-101/SC;Norte;Colisão Traseira;1;2;;;;;1
22/07/2014;19:26:00;346;sem vítima;206,001;BR-101/SC;Norte;Colisão Traseira;1;2;;;;;1
22/07/2014;15:30:00;256;sem vítima;210,2;BR-101/SC;Norte;Colisão Lateral;1;2;;;;;1
22/07/2014;09:25:00;126;sem vítima;666,736;BR-376/PR;Norte;Colisão Traseira;1;2;;;;;1
22/07/2014;11:36:00;173;sem vítima;676,757;BR-376/PR;Sul;Colisão Traseira;1;3;;;;;1
23/07/2014;08:41:00;96;sem vítima;106,392;BR-116/PR;Sul;Saida de Pista;1;1;;;;;1
23/07/2014;11:13:00;155;sem vítima;107,165;BR-116/PR;Sul;Colisão Traseira;3;3;;;;;1
23/07/2014;09:22:00;122;com vítima;109,155;BR-116/PR;Sul;Colisão Traseira;1;1;;1;;;2
23/07/2014;13:28:00;201;com vítima;121,723;BR-101/SC;Norte;Colisão Transversal;1;1;1;;;;1
23/07/2014;17:31:00;299;sem vítima;203,171;BR-101/SC;Norte;Colisão Traseira;2;2;;;;;1
23/07/2014;15:40:00;251;sem vítima;664,4;BR-376/PR;Sul;Colisão Traseira;2;2;;;;;1
23/07/2014;11:20:00;159;sem vítima;667,663;BR-376/PR;Sul;Tombamento;1;1;;;;;1
23/07/2014;12:45:00;191;sem vítima;673,95;BR-376/PR;Sul;Colisão Lateral;1;2;;;;;1
24/07/2014;05:57:00;44;sem vítima;10,376;BR-101/SC;Sul;Saida de Pista;2;2;;;;;1
24/07/2014;14:13:00;174;sem vítima;12,1;BR-101/SC;Sul;Choque - Defensa, barreira ou "submarino";1;2;;;;;1
24/07/2014;07:16:00;57;sem vítima;48,2;BR-101/SC;Sul;Colisão Traseira;1;3;;;;;1
24/07/2014;08:00:00;99;sem vítima;48,2;BR-101/SC;Sul;Colisão Lateral;1;2;;;;;1
24/07/2014;07:30:00;62;sem vítima;48,748;BR-101/SC;Norte;Choque - Defensa, barreira ou "submarino";1;1;;;;;1
24/07/2014;16:00:00;223;sem vítima;66,277;BR-101/SC;Norte;Colisão Traseira;1;2;;;;;1
24/07/2014;07:15:00;56;com vítima;106,01;BR-116/PR;Sul;Colisão Traseira;2;1;;1;;;2
24/07/2014;13:23:00;160;sem vítima;115,808;BR-101/SC;Norte;Colisão Traseira;1;2;;;;;1
24/07/2014;14:10:00;173;sem vítima;125,965;BR-101/SC;Norte;Saida de Pista;1;1;;;;;1
24/07/2014;15:45:00;213;com vítima;148,707;BR-101/SC;Sul;Colisão Traseira;1;1;1;;;;1
24/07/2014;07:23:00;58;sem vítima;671,8;BR-376/PR;Sul;Saida de Pista;1;1;;;;;1
25/07/2014;22:11:00;346;sem vítima;69,276;BR-101/SC;Sul;Colisão Traseira;1;2;;;;;1
25/07/2014;11:45:00;169;sem vítima;96,1;BR-101/SC;Sul;Colisão Traseira;1;2;;;;;1
25/07/2014;00:20:00;8;com vítima;104,81;BR-116/PR;Sul;Tombamento;1;0;1;;;;1
25/07/2014;17:39:00;277;sem vítima;114,2;BR-116/PR;Norte;Choque - Objeto sobre a pista;1;3;;;;;1
25/07/2014;21:23:00;342;sem vítima;117,517;BR-101/SC;Sul;Colisão Traseira;2;2;;;;;1
25/07/2014;20:56:00;337;sem vítima;157,477;BR-101/SC;Sul;Colisão Traseira;1;2;;;;;1
25/07/2014;17:33:00;273;sem vítima;203,646;BR-101/SC;Norte;Colisão Traseira;1;2;;;;;1
25/07/2014;16:44:00;259;sem vítima;206,508;BR-101/SC;Sul;Colisão Traseira;1;2;;;;;1
25/07/2014;07:48:00;76;sem vítima;210,561;BR-101/SC;Sul;Colisão Lateral;1;2;;;;;1
25/07/2014;10:53:00;152;sem vítima;212,763;BR-101/SC;Norte;Colisão Lateral;1;2;;;;;1
25/07/2014;22:55:00;357;sem vítima;213,223;BR-101/SC;Norte;Choque - Defensa, barreira ou "submarino";1;2;;;;;1
25/07/2014;01:19:00;16;sem vítima;233,406;BR-101/SC;Norte;Saida de Pista;1;1;;;;;1
25/07/2014;07:52:00;78;sem vítima;674,739;BR-376/PR;Sul;Colisão Traseira;1;2;;;;;1
26/07/2014;13:52:00;180;sem vítima;68,812;BR-101/SC;Sul;Saida de Pista;1;3;;;;;1
26/07/2014;09:04:00;98;sem vítima;79,65;BR-101/SC;Norte;Colisão Traseira;1;2;;;;;1
26/07/2014;08:06:00;82;sem vítima;101,5;BR-116/PR;Sul;Colisão Transversal;1;3;;;;;1
26/07/2014;10:14:00;119;sem vítima;163,863;BR-101/SC;Norte;Colisão Traseira;1;2;;;;;1
26/07/2014;16:12:00;231;sem vítima;623,737;BR-376/PR;Norte;Saida de Pista;1;2;;;;;1
27/07/2014;15:45:00;173;sem vítima;75,5;BR-116/PR;Norte;Colisão Traseira;1;2;;;;;1
27/07/2014;12:47:00;126;sem vítima;102,463;BR-101/SC;Norte;Colisão Lateral;1;2;;;;;1
27/07/2014;16:36:00;190;sem vítima;141,216;BR-101/SC;Norte;Engavetamento;1;3;;;;;1
27/07/2014;11:27:00;116;sem vítima;650,16;BR-376/PR;Sul;Choque - Defensa, barreira ou "submarino";1;1;;;;;1
28/07/2014;18:38:00;259;sem vítima;14,435;BR-101/SC;Norte;Saida de Pista;1;1;;;;;1
28/07/2014;07:43:00;59;sem vítima;28,5;BR-101/SC;Sul;Colisão Traseira;1;2;;;;;1
28/07/2014;14:53:00;184;sem vítima;78,562;BR-101/SC;Norte;Colisão Lateral;1;2;;;;;1
28/07/2014;14:08:00;173;sem vítima;79,5;BR-101/SC;Sul;Colisão Traseira;1;2;;;;;1
28/07/2014;16:17:00;212;sem vítima;103,169;BR-116/PR;Sul;Saida de Pista;1;1;;;;;1
28/07/2014;14:21:00;179;com vítima;114,647;BR-101/SC;Sul;Colisão Traseira;1;1;1;;;;1
28/07/2014;11:13:00;137;sem vítima;185,1;BR-101/SC;Sul;Colisão Traseira;1;2;;;;;1
28/07/2014;23:27:00;304;sem vítima;193,274;BR-101/SC;Norte;Colisão Traseira;1;2;;;;;1
28/07/2014;18:59:00;266;sem vítima;203,877;BR-101/SC;Sul;Colisão Traseira;1;2;;;;;1
28/07/2014;16:50:00;227;sem vítima;233,844;BR-101/SC;Sul;Colisão Traseira;1;2;;;;;1
28/07/2014;19:11:00;267;com vítima;617,549;BR-376/PR;Sul;Tombamento;1;0;1;;;;1
28/07/2014;19:48:00;274;sem vítima;635,1;BR-376/PR;Norte;Colisão Lateral;1;3;;;;;1
28/07/2014;10:44:00;125;sem vítima;655,919;BR-376/PR;Norte;Colisão Traseira;1;2;;;;;1
29/07/2014;18:31:00;265;sem vítima;87,104;BR-116/PR;Sul;Colisão Traseira;1;2;;;;;1
29/07/2014;14:34:00;188;sem vítima;103,264;BR-101/SC;Sul;Colisão Traseira;1;2;;;;;1
29/07/2014;14:36:00;191;sem vítima;114,001;BR-101/SC;Norte;Colisão Traseira;1;2;;;;;1
29/07/2014;11:32:00;132;sem vítima;114,41;BR-101/SC;Norte;Colisão Lateral;1;2;;;;;1
29/07/2014;11:18:00;123;sem vítima;116,331;BR-101/SC;Sul;Colisão Traseira;2;3;;;;;1
29/07/2014;14:30:00;186;sem vítima;197,474;BR-101/SC;Norte;Colisão Traseira;2;2;;;;;1
29/07/2014;19:21:00;275;sem vítima;203,347;BR-101/SC;Norte;Engavetamento;1;3;;;;;1
29/07/2014;14:33:00;187;sem vítima;205,239;BR-101/SC;Sul;Colisão Lateral;1;2;;;;;1
29/07/2014;14:57:00;195;sem vítima;209,469;BR-101/SC;Sul;Colisão Lateral;2;2;;;;;1
29/07/2014;12:26:00;153;sem vítima;657,764;BR-376/PR;Norte;Colisão Traseira;1;2;;;;;1
30/07/2014;12:01:00;167;sem vítima;28,01;BR-101/SC;Sul;Colisão Traseira;1;2;;;;;1
30/07/2014;13:30:00;196;sem vítima;106,9;BR-101/SC;Sul;Choque - Defensa, barreira ou "submarino";1;1;;;;;1
30/07/2014;07:18:00;70;com vítima;183,012;BR-101/SC;Norte;Colisão Traseira;1;1;1;;;;1
30/07/2014;18:19:00;276;sem vítima;210,098;BR-101/SC;Sul;Colisão Lateral;1;2;;;;;1
30/07/2014;07:41:00;78;sem vítima;214,654;BR-101/SC;Norte;Colisão Traseira;1;2;;;;;1
30/07/2014;17:36:00;266;sem vítima;626;BR-376/PR;Sul;Colisão Lateral;1;2;;;;;1
30/07/2014;14:42:00;215;sem vítima;641,01;BR-376/PR;Norte;Tombamento;1;1;;;;;1
30/07/2014;09:38:00;115;sem vítima;655,4;BR-376/PR;Norte;Tombamento;1;1;;;;;1
30/07/2014;20:56:00;317;sem vítima;667,8;BR-376/PR;Sul;Colisão Traseira;2;2;;;;;1
31/07/2014;14:55:00;235;sem vítima;25,701;BR-101/SC;Sul;Choque - Suporte de Sinalização;1;2;;;;;1
31/07/2014;19:31:00;341;sem vítima;121,39;BR-101/SC;Sul;Colisão Traseira;1;2;;;;;1
31/07/2014;07:47:00;74;sem vítima;138,015;BR-101/SC;Sul;Colisão Lateral;1;2;;;;;1
31/07/2014;17:06:00;287;sem vítima;155,988;BR-101/SC;Sul;Colisão Lateral;1;2;;;;;1
01/09/2014;18:09:00;351;sem vítima;93,1;BR-116/PR;Norte;Colisão Traseira;1;2;;;;;1
01/09/2014;22:53:00;402;sem vítima;93,816;BR-116/PR;Norte;Saida de Pista;1;2;;;;;1
01/09/2014;11:00:00;175;sem vítima;157,401;BR-101/SC;Norte;Colisão Traseira;1;2;;;;;1
01/09/2014;15:10:00;271;sem vítima;158,401;BR-101/SC;Norte;Colisão Traseira;1;4;;;;;1
01/09/2014;15:52:00;291;sem vítima;200,95;BR-101/SC;Sul;Colisão Lateral;1;2;;;;;1
01/09/2014;13:51:00;239;sem vítima;631,8;BR-376/PR;Norte;Colisão Transversal;1;2;;;;;1
01/09/2014;11:58:00;189;sem vítima;663,2;BR-376/PR;Sul;Engavetamento;1;3;;;;;1
02/09/2014;19:08:00;309;com vítima;63,001;BR-101/SC;Sul;Choque - Defensa, barreira ou "submarino";1;1;1;;;;1
02/09/2014;04:55:00;29;sem vítima;98,601;BR-116/PR;Sul;Saida de Pista;1;1;;;;;1
02/09/2014;05:05:00;30;sem vítima;98,601;BR-116/PR;Norte;Colisão Traseira;2;6;;;;;1
02/09/2014;15:31:00;220;sem vítima;111,6;BR-101/SC;Norte;Saida de Pista;1;1;;;;;1
02/09/2014;16:38:00;253;sem vítima;121,4;BR-101/SC;Norte;Colisão Traseira;1;2;;;;;1
02/09/2014;16:08:00;230;sem vítima;175,001;BR-101/SC;Sul;Saida de Pista;1;1;;;;;1
02/09/2014;18:55:00;306;sem vítima;180,68;BR-101/SC;Sul;Choque - Defensa, barreira ou "submarino";1;1;;;;;1
02/09/2014;19:41:00;317;sem vítima;671,7;BR-376/PR;Sul;Saida de Pista;1;2;;;;;1
03/09/2014;07:28:00;66;sem vítima;13,041;BR-101/SC;Sul;Choque - Defensa, barreira ou "submarino";1;2;;;;;1
03/09/2014;15:20:00;239;sem vítima;56,101;BR-101/SC;Norte;Colisão Lateral;1;2;;;;;1
03/09/2014;19:00:00;313;sem vítima;79,404;BR-101/SC;Sul;Colisão Traseira;1;2;;;;;1
03/09/2014;14:42:00;222;sem vítima;103,601;BR-101/SC;Norte;Colisão Traseira;1;2;;;;;1
03/09/2014;15:37:00;243;sem vítima;103,605;BR-101/SC;Norte;Colisão Traseira;2;2;;;;;1
03/09/2014;14:42:00;221;sem vítima;103,622;BR-101/SC;Norte;Colisão Traseira;1;3;;;;;1
03/09/2014;20:34:00;337;sem vítima;123,01;BR-101/SC;Norte;Colisão Traseira;1;2;;;;;1
03/09/2014;14:47:00;226;sem vítima;123,032;BR-101/SC;Norte;Saida de Pista;1;1;;;;;1
03/09/2014;12:31:00;178;sem vítima;204,401;BR-101/SC;Sul;Choque - Defensa, barreira ou "submarino";1;2;;;;;1
03/09/2014;12:54:00;188;com vítima;211,98;BR-101/SC;Norte;Colisão Traseira;1;1;1;;;;1
04/09/2014;18:58:00;306;com vítima;39,401;BR-101/SC;Sul;Colisão Lateral;1;1;2;;;;1
04/09/2014;16:24:00;260;sem vítima;80,099;BR-101/SC;Sul;Colisão Lateral;1;2;;;;;1
04/09/2014;05:48:00;41;sem vítima;93,9;BR-116/PR;Sul;Colisão Traseira;1;5;;;;;1
04/09/2014;01:07:00;12;sem vítima;110,531;BR-101/SC;Norte;Saida de Pista;1;1;;;;;1
04/09/2014;14:12:00;211;sem vítima;157,38;BR-101/SC;Sul;Colisão Traseira;1;2;;;;;1
04/09/2014;07:05:00;63;sem vítima;209,011;BR-101/SC;Norte;Colisão Lateral;1;2;;;;;1
04/09/2014;09:54:00;131;sem vítima;648,1;BR-376/PR;Norte;Colisão Traseira;1;2;;;;;1
04/09/2014;22:31:00;342;sem vítima;671,7;BR-376/PR;Sul;Saida de Pista;1;1;;;;;1
05/09/2014;13:48:00;206;com vítima;67,501;BR-101/SC;Sul;Colisão Frontal;1;2;2;;;;1
05/09/2014;01:43:00;27;sem vítima;157,4;BR-101/SC;Norte;Choque - Outros;1;1;;;;;1
05/09/2014;09:03:00;114;sem vítima;157,45;BR-101/SC;Sul;Colisão Lateral;1;2;;;;;1
05/09/2014;08:27:00;103;sem vítima;198,139;BR-101/SC;Sul;Colisão Lateral;1;2;;;;;1
05/09/2014;07:31:00;80;sem vítima;201,9;BR-101/SC;Sul;Colisão Traseira;1;2;;;;;1
05/09/2014;17:10:00;273;sem vítima;233,001;BR-101/SC;Sul;Colisão Traseira;1;2;;;;;1
05/09/2014;18:39:00;300;sem vítima;661,25;BR-376/PR;Sul;Colisão Lateral;1;2;;;;;1
05/09/2014;12:57:00;195;sem vítima;664,78;BR-376/PR;Norte;Saida de Pista;1;1;;;;;1
05/09/2014;12:53:00;188;sem vítima;672,109;BR-376/PR;Sul;Saida de Pista;1;1;;;;;1
06/09/2014;06:45:00;63;sem vítima;206,778;BR-101/SC;Norte;Saida de Pista;2;3;;;;;1
06/09/2014;07:14:00;71;sem vítima;215,751;BR-101/SC;Sul;Saida de Pista;1;2;;;;;1
06/09/2014;00:22:00;8;sem vítima;669,801;BR-376/PR;Sul;Colisão Traseira;1;2;;;;;1
06/09/2014;07:47:00;83;sem vítima;670,8;BR-376/PR;Sul;Saida de Pista;1;1;;;;;1
07/09/2014;18:21:00;276;sem vítima;635,176;BR-376/PR;Sul;Colisão Traseira;2;2;;;;;1
08/09/2014;06:59:00;62;sem vítima;75,405;BR-101/SC;Sul;Choque - Defensa, barreira ou "submarino";1;1;;;;;1
08/09/2014;09:43:00;124;com vítima;97,24;BR-116/PR;Sul;Colisão Traseira;2;1;1;;;;1
08/09/2014;16:48:00;289;sem vítima;108,388;BR-116/PR;Sul;Colisão Traseira;2;3;;;;;1
08/09/2014;16:13:00;278;sem vítima;109,538;BR-116/PR;Sul;Saida de Pista;1;1;;;;;1
08/09/2014;09:52:00;125;com vítima;111,394;BR-116/PR;Norte;Saida de Pista;1;1;;1;;1;3
08/09/2014;07:24:00;71;sem vítima;114,366;BR-116/PR;Sul;Saida de Pista;1;1;;;;;1
08/09/2014;19:40:00;341;com vítima;197,3;BR-101/SC;Norte;Colisão Traseira;1;2;1;;;;1
08/09/2014;20:22:00;354;sem vítima;198,3;BR-101/SC;Norte;Colisão Lateral;1;2;;;;;1
08/09/2014;19:00:00;331;sem vítima;213,7;BR-101/SC;Norte;Colisão Lateral;1;2;;;;;1
08/09/2014;01:10:00;16;sem vítima;215,942;BR-101/SC;Sul;Engavetamento;1;3;;;;;1
08/09/2014;20:15:00;352;sem vítima;631,83;BR-376/PR;Sul;Colisão Traseira;1;2;;;;;1
09/09/2014;21:19:00;329;sem vítima;32,588;BR-101/SC;Sul;Colisão Traseira;1;2;;;;;1
09/09/2014;09:42:00;97;sem vítima;33,001;BR-101/SC;Sul;Colisão Lateral;1;2;;;;;1
09/09/2014;20:03:00;316;sem vítima;112,108;BR-101/SC;Norte;Colisão Lateral;1;2;;;;;1
09/09/2014;15:12:00;206;sem vítima;127,5;BR-101/SC;Sul;Engavetamento;2;3;;;;;1
09/09/2014;13:18:00;165;sem vítima;204,301;BR-101/SC;Sul;Capotamento;1;2;;;;;1
09/09/2014;04:14:00;30;sem vítima;209,1;BR-101/SC;Sul;Colisão Lateral;1;2;;;;;1
09/09/2014;13:44:00;174;sem vítima;216,601;BR-101/SC;Norte;Colisão Lateral;1;2;;;;;1
09/09/2014;07:42:00;61;sem vítima;646,001;BR-376/PR;Norte;Colisão Lateral;1;2;;;;;1
10/09/2014;14:35:00;201;sem vítima;1,681;BR-101/SC;Sul;Colisão Lateral;2;2;;;;;1
10/09/2014;15:57:00;235;sem vítima;129,7;BR-101/SC;Sul;Choque - Defensa, barreira ou "submarino";1;2;;;;;1
10/09/2014;18:01:00;266;sem vítima;230,8;BR-101/SC;Sul;Colisão Lateral;1;2;;;;;1
10/09/2014;15:56:00;234;sem vítima;232,5;BR-101/SC;Norte;Choque - Defensa, barreira ou "submarino";1;1;;;;;1
10/09/2014;10:36:00;124;com vítima;668,964;BR-376/PR;Sul;Tombamento;1;1;;1;;;2
11/09/2014;05:43:00;45;sem vítima;3,052;BR-101/SC;Norte;Colisão Lateral;2;2;;;;;1
11/09/2014;17:18:00;264;sem vítima;117,339;BR-101/SC;Sul;Colisão Lateral;1;2;;;;;1
11/09/2014;13:30:00;190;com vítima;163,874;BR-101/SC;Norte;Colisão Frontal;1;2;2;;;;1
11/09/2014;17:47:00;274;sem vítima;211,511;BR-101/SC;Norte;Colisão Lateral;1;2;;;;;1
11/09/2014;20:30:00;307;sem vítima;635,416;BR-376/PR;Norte;Colisão Traseira;1;2;;;;;1
11/09/2014;18:45:00;287;sem vítima;671,7;BR-376/PR;Sul;Saida de Pista;1;1;;;;;1
12/09/2014;22:16:00;363;sem vítima;21,28;BR-101/SC;Sul;Saida de Pista;1;2;;;;;1
12/09/2014;19:25:00;318;com vítima;23,62;BR-101/SC;Sul;Colisão Lateral;1;1;;1;;;2
12/09/2014;18:49:00;307;sem vítima;113,458;BR-101/SC;Norte;Engavetamento;2;4;;;;;1
12/09/2014;11:40:00;177;sem vítima;117,279;BR-101/SC;Norte;Saida de Pista;1;2;;;;;1
12/09/2014;19:49:00;326;com vítima;139,383;BR-101/SC;Sul;Colisão Lateral;1;1;1;;;;1
12/09/2014;16:33:00;262;sem vítima;204,202;BR-101/SC;Norte;Colisão Lateral;1;2;;;;;1
12/09/2014;18:11:00;301;sem vítima;671,7;BR-376/PR;Sul;Saida de Pista;1;1;;;;;1
13/09/2014;09:58:00;118;sem vítima;79,35;BR-101/SC;Norte;Colisão Lateral;1;2;;;;;1
13/09/2014;10:19:00;128;sem vítima;157,45;BR-101/SC;Sul;Colisão Traseira;1;2;;;;;1