data;horario;n_da_ocorrencia;tipo_de_ocorrencia;km;trecho;sentido;tipo_de_acidente;caminhao;ilesos;levemente_feridos;moderadamente_feridos;gravemente_feridos;mortos;3
13/09/2014;20:26:00;327;sem vítima;190,01;BR-101/SC;Norte;Colisão Lateral;1;2;;;;;1
13/09/2014;15:38:00;236;sem vítima;205,123;BR-101/SC;Norte;Colisão Lateral;1;2;;;;;1
13/09/2014;06:57:00;64;sem vítima;664,7;BR-376/PR;Sul;Saida de Pista;1;1;;;;;1
13/09/2014;12:40:00;170;com vítima;672,833;BR-376/PR;Sul;Colisão Traseira;2;1;;2;1;;2
13/09/2014;13:58:00;186;sem vítima;674,3;BR-376/PR;Sul;Saida de Pista;1;2;;;;;1
14/09/2014;07:22:00;75;com vítima;9,937;BR-101/SC;Norte;Colisão Traseira;1;1;;;;1;3
14/09/2014;07:48:00;78;com vítima;71,398;BR-101/SC;Norte;Saida de Pista;1;0;1;;;;1
14/09/2014;09:36:00;115;sem vítima;647,3;BR-376/PR;Sul;Colisão Lateral;1;2;;;;;1
15/09/2014;14:53:00;239;sem vítima;112,9;BR-116/PR;Sul;Colisão Lateral;1;2;;;;;1
15/09/2014;10:40:00;147;sem vítima;114,539;BR-116/PR;Norte;Tombamento;1;1;;;;;1
15/09/2014;06:56:00;61;com vítima;116,361;BR-101/SC;Sul;Tombamento;2;3;1;;;;1
15/09/2014;15:08:00;246;sem vítima;143,164;BR-101/SC;Norte;Choque - Defensa, barreira ou "submarino";1;1;;;;;1
15/09/2014;07:22:00;69;com vítima;163,574;BR-101/SC;Sul;Colisão Transversal;1;1;1;;;;1
15/09/2014;15:31:00;252;com vítima;192,42;BR-101/SC;Norte;Saida de Pista;1;3;1;;1;;2
15/09/2014;07:29:00;82;sem vítima;204,002;BR-101/SC;Norte;Outros;1;1;;;;;1
15/09/2014;07:41:00;78;sem vítima;215,001;BR-101/SC;Norte;Colisão Lateral;1;2;;;;;1
15/09/2014;06:56:00;62;sem vítima;241,001;BR-101/SC;Sul;Colisão Lateral;1;3;;;;;1
16/09/2014;11:06:00;166;sem vítima;103,782;BR-116/PR;Sul;Colisão Traseira;1;2;;;;;1
16/09/2014;14:17:00;236;sem vítima;117,001;BR-101/SC;Norte;Colisão Lateral;2;2;;;;;1
16/09/2014;16:41:00;277;sem vítima;128,047;BR-101/SC;Sul;Colisão Traseira;2;2;;;;;1
16/09/2014;09:01:00;127;com vítima;682,048;BR-376/PR;Norte;Colisão Traseira;1;1;;;1;;2
17/09/2014;11:39:00;162;com vítima;1,35;BR-101/SC;Sul;Colisão Traseira;1;1;1;;;;1
17/09/2014;21:06:00;324;sem vítima;1,5;BR-101/SC;Norte;Colisão Traseira;1;2;;;;;1
17/09/2014;02:08:00;22;com vítima;100,936;BR-116/PR;Sul;Saida de Pista;1;1;1;;;;1
17/09/2014;19:43:00;308;sem vítima;113,791;BR-101/SC;Sul;Choque - Objeto sobre a pista;1;3;;;;;1
17/09/2014;18:13:00;292;sem vítima;124,001;BR-101/SC;Sul;Engavetamento;1;2;;;;;1
17/09/2014;21:10:00;326;com vítima;135,201;BR-101/SC;Sul;Colisão Lateral;1;1;;1;;;2
18/09/2014;08:04:00;62;sem vítima;57,514;BR-101/SC;Sul;Colisão Traseira;2;2;;;;;1
18/09/2014;23:16:00;320;sem vítima;92,798;BR-116/PR;Sul;Saida de Pista;1;1;;;;;1
18/09/2014;21:50:00;303;com vítima;93,846;BR-101/SC;Sul;Colisão Traseira;1;1;;1;;;2
18/09/2014;06:17:00;38;sem vítima;118,358;BR-101/SC;Sul;Saida de Pista;1;1;;;;;1
18/09/2014;15:52:00;217;sem vítima;210,7;BR-101/SC;Sul;Colisão Lateral;1;2;;;;;1
18/09/2014;03:28:00;25;sem vítima;640,132;BR-376/PR;Sul;Colisão Lateral;1;2;;;;;1
18/09/2014;13:47:00;185;sem vítima;670,001;BR-376/PR;Sul;Colisão Traseira;1;2;;;;;1
18/09/2014;10:58:00;135;sem vítima;670,95;BR-376/PR;Sul;Engavetamento;2;3;;;;;1
18/09/2014;23:08:00;318;com vítima;671,58;BR-376/PR;Norte;Saida de Pista;1;0;;1;;;2
18/09/2014;10:29:00;125;com vítima;679,9;BR-376/PR;Sul;Engavetamento;1;3;1;;;;1
19/09/2014;09:16:00;88;sem vítima;79,953;BR-101/SC;Norte;Colisão Traseira;2;2;;;;;1
19/09/2014;08:19:00;68;sem vítima;102,001;BR-116/PR;Sul;Choque - Defensa, barreira ou "submarino";1;1;;;;;1
19/09/2014;03:06:00;22;sem vítima;116,988;BR-101/SC;Norte;Colisão Traseira;1;2;;;;;1
19/09/2014;00:50:00;13;com vítima;124,5;BR-101/SC;Norte;Colisão Traseira;1;1;;1;;;2
19/09/2014;09:26:00;91;sem vítima;151,301;BR-101/SC;Norte;Colisão Traseira;2;2;;;;;1
19/09/2014;16:26:00;241;com vítima;201,331;BR-101/SC;Sul;Colisão Traseira;1;1;1;;;;1
19/09/2014;06:52:00;45;sem vítima;614,944;BR-376/PR;Norte;Choque - Defensa, barreira ou "submarino";1;3;;;;;1
19/09/2014;19:36:00;297;sem vítima;635,202;BR-376/PR;Sul;Colisão Traseira;2;2;;;;;1
20/09/2014;14:47:00;209;sem vítima;41,245;BR-101/SC;Norte;Colisão Traseira;1;2;;;;;1
20/09/2014;22:40:00;326;sem vítima;84,1;BR-101/SC;Norte;Saida de Pista;1;1;;;;;1
20/09/2014;23:03:00;328;sem vítima;96,543;BR-116/PR;Norte;Tombamento;1;1;;;;;1
20/09/2014;11:28:00;169;sem vítima;107,001;BR-101/SC;Sul;Colisão Traseira;1;3;;;;;1
20/09/2014;06:36:00;73;sem vítima;120,325;BR-101/SC;Sul;Colisão Traseira;1;2;;;;;1
20/09/2014;07:00:00;82;sem vítima;210,801;BR-101/SC;Sul;Colisão Traseira;1;2;;;;;1
20/09/2014;06:42:00;76;sem vítima;665,959;BR-376/PR;Sul;Colisão Traseira;1;2;;;;;1
20/09/2014;10:20:00;143;sem vítima;666,01;BR-376/PR;Sul;Saida de Pista;1;1;;;;;1
20/09/2014;11:33:00;171;com vítima;673,082;BR-376/PR;Sul;Engavetamento;3;2;;;1;1;3
21/09/2014;11:06:00;142;sem vítima;112,001;BR-101/SC;Norte;Colisão Lateral;1;2;;;;;1
21/09/2014;14:42:00;194;sem vítima;123,35;BR-101/SC;Sul;Colisão Lateral;1;2;;;;;1
21/09/2014;19:28:00;332;sem vítima;131,1;BR-101/SC;Norte;Colisão Lateral;1;2;;;;;1
22/09/2014;23:12:00;347;com vítima;46,192;BR-101/SC;Sul;Colisão Traseira;2;3;1;;;;1
22/09/2014;00:26:00;6;sem vítima;166,5;BR-101/SC;Sul;Atropelamento de Animal;1;4;;;;;1
22/09/2014;12:08:00;152;sem vítima;193,154;BR-101/SC;Sul;Colisão Lateral;1;2;;;;;1
22/09/2014;08:57:00;97;com vítima;665,258;BR-376/PR;Sul;Tombamento;1;0;1;;;;1
23/09/2014;16:14:00;249;sem vítima;15,001;BR-101/SC;Sul;Colisão Lateral;1;2;;;;;1
23/09/2014;00:57:00;16;com vítima;210,8;BR-101/SC;Sul;Colisão Lateral;1;1;1;;;;1
24/09/2014;14:16:00;153;com vítima;45,951;BR-101/SC;Norte;Colisão Transversal;2;0;3;;;;1
24/09/2014;02:10:00;15;sem vítima;106,114;BR-116/PR;Sul;Colisão Traseira;2;3;;;;;1
24/09/2014;05:46:00;32;sem vítima;106,114;BR-116/PR;Norte;Colisão Lateral;2;2;;;;;1
24/09/2014;10:02:00;96;sem vítima;111,101;BR-116/PR;Sul;Colisão Traseira;1;2;;;;;1
24/09/2014;14:32:00;158;sem vítima;111,203;BR-116/PR;Sul;Colisão Lateral;2;2;;;;;1
24/09/2014;12:06:00;124;sem vítima;116,393;BR-101/SC;Norte;Engavetamento;3;3;;;;;1
24/09/2014;10:33:00;100;sem vítima;180,313;BR-101/SC;Sul;Saida de Pista;1;1;;;;;1
24/09/2014;12:32:00;128;sem vítima;616,801;BR-376/PR;Norte;Colisão Traseira;1;2;;;;;1
25/09/2014;17:16:00;257;com vítima;81,001;BR-101/SC;Sul;Colisão Traseira;1;2;1;;;;1
26/09/2014;15:56:00;258;sem vítima;44,949;BR-101/SC;Norte;Colisão Lateral;1;2;;;;;1
26/09/2014;21:14:00;401;sem vítima;58,627;BR-101/SC;Norte;Colisão Traseira;1;2;;;;;1
26/09/2014;11:00:00;139;sem vítima;79,435;BR-101/SC;Norte;Colisão Traseira;1;2;;;;;1
26/09/2014;06:38:00;40;sem vítima;120,255;BR-101/SC;Norte;Saida de Pista;1;1;;;;;1
26/09/2014;08:40:00;87;sem vítima;121,579;BR-101/SC;Sul;Colisão Lateral;1;2;;;;;1
26/09/2014;18:23:00;345;sem vítima;203,4;BR-101/SC;Sul;Colisão Lateral;1;2;;;;;1
26/09/2014;07:04:00;49;sem vítima;634,05;BR-376/PR;Sul;Choque - Defensa, barreira ou "submarino";1;2;;;;;1
27/09/2014;12:31:00;163;sem vítima;14,2;BR-101/SC;Norte;Colisão Traseira;2;4;;;;;1
27/09/2014;07:19:00;65;com vítima;184,567;BR-101/SC;Sul;Colisão Lateral;1;3;1;;;;1
27/09/2014;07:43:00;76;sem vítima;188,405;BR-101/SC;Norte;Engavetamento;1;3;;;;;1
28/09/2014;16:40:00;228;sem vítima;120,085;BR-101/SC;Sul;Saida de Pista;1;1;;;;;1
28/09/2014;11:51:00;166;sem vítima;143,701;BR-101/SC;Norte;Choque - Defensa, barreira ou "submarino";2;2;;;;;1
28/09/2014;09:13:00;122;sem vítima;653,133;BR-376/PR;Norte;Saida de Pista;1;1;;;;;1
28/09/2014;11:30:00;159;sem vítima;667,773;BR-376/PR;Norte;Colisão Lateral;1;2;;;;;1
29/09/2014;03:22:00;20;sem vítima;124,733;BR-101/SC;Sul;Choque - Defensa, barreira ou "submarino";1;5;;;;;1
29/09/2014;06:13:00;33;sem vítima;128,001;BR-101/SC;Sul;Colisão Lateral;2;3;;;;;1
29/09/2014;07:25:00;48;sem vítima;149,332;BR-101/SC;Norte;Colisão Lateral;5;8;;;;;1
29/09/2014;12:51:00;129;com vítima;204,209;BR-101/SC;Norte;Atropelamento - Sem Informação;1;1;;;1;;2
29/09/2014;00:11:00;3;sem vítima;243,95;BR-101/SC;Sul;Saida de Pista;1;1;;;;;1
29/09/2014;09:06:00;76;sem vítima;622,2;BR-376/PR;Norte;Saida de Pista;1;3;;;;;1
29/09/2014;08:25:00;64;sem vítima;659,947;BR-376/PR;Sul;Saida de Pista;1;1;;;;;1
30/09/2014;10:33:00;139;sem vítima;118,245;BR-101/SC;Norte;Colisão Lateral;1;2;;;;;1
30/09/2014;15:57:00;232;sem vítima;169,595;BR-101/SC;Sul;Saida de Pista;1;1;;;;;1
30/09/2014;16:45:00;253;com vítima;174,928;BR-101/SC;Norte;Saida de Pista;1;0;2;;;;1
30/09/2014;19:00:00;297;sem vítima;209,7;BR-101/SC;Norte;Colisão Lateral;1;2;;;;;1
30/09/2014;07:24:00;69;sem vítima;209,8;BR-101/SC;Norte;Colisão Traseira;1;2;;;;;1
30/09/2014;10:02:00;125;sem vítima;233,014;BR-101/SC;Sul;Colisão Traseira;2;2;;;;;1
30/09/2014;18:15:00;281;sem vítima;635,4;BR-376/PR;Norte;Colisão Traseira;1;2;;;;;1
30/09/2014;19:41:00;304;sem vítima;652,483;BR-376/PR;Sul;Tombamento;1;1;;;;;1
30/09/2014;11:48:00;162;com vítima;670,241;BR-376/PR;Sul;Choque - Defensa, barreira ou "submarino";1;0;;1;;;2
01/11/2014;20:05:00;280;sem vítima;41,1;BR-101/SC;Sul;Choque - Defensa, barreira ou "submarino";1;3;;;;;1
01/11/2014;11:16:00;126;com vítima;85,855;BR-116/PR;Sul;Tombamento;4;4;;1;;;2
01/11/2014;14:44:00;178;sem vítima;85,911;BR-116/PR;Sul;Colisão Traseira;1;2;;;;;1
01/11/2014;00:18:00;4;com vítima;90,991;BR-116/PR;Norte;Colisão Traseira;4;2;2;;;2;3
01/11/2014;15:17:00;189;sem vítima;93,802;BR-116/PR;Sul;Colisão Traseira;1;2;;;;;1
01/11/2014;14:01:00;168;sem vítima;113,487;BR-101/SC;Sul;Engavetamento;1;4;;;;;1
01/11/2014;16:30:00;212;sem vítima;202,1;BR-101/SC;Norte;Colisão Traseira;1;2;;;;;1
01/11/2014;01:30:00;16;sem vítima;620,801;BR-376/PR;Sul;Tombamento;1;1;;;;;1
01/11/2014;14:40:00;180;sem vítima;635,255;BR-376/PR;Sul;Colisão Traseira;2;2;;;;;1
01/11/2014;15:07:00;183;sem vítima;635,255;BR-376/PR;Sul;Colisão Traseira;1;2;;;;;1
01/11/2014;08:33:00;84;com vítima;647,75;BR-376/PR;Sul;Engavetamento;1;8;;1;;2;3
01/11/2014;12:19:00;137;sem vítima;671,7;BR-376/PR;Sul;Saida de Pista;1;1;;;;;1
01/11/2014;15:01:00;182;sem vítima;671,7;BR-376/PR;Sul;Saida de Pista;1;1;;;;;1
01/11/2014;10:34:00;113;sem vítima;674,5;BR-376/PR;Sul;Saida de Pista;1;1;;;;;1
02/11/2014;11:13:00;120;sem vítima;79,276;BR-101/SC;Norte;Colisão Traseira;1;2;;;;;1
02/11/2014;19:35:00;267;sem vítima;85;BR-116/PR;Norte;Colisão Traseira;1;2;;;;;1
02/11/2014;05:28:00;37;sem vítima;671,7;BR-376/PR;Sul;Saida de Pista;1;1;;;;;1
03/11/2014;07:44:00;80;com vítima;119,248;BR-101/SC;Norte;Engavetamento;2;3;;1;;;2
03/11/2014;16:02:00;248;sem vítima;124,371;BR-101/SC;Sul;Saida de Pista;1;1;;;;;1
03/11/2014;11:06:00;146;sem vítima;137,2;BR-101/SC;Norte;Colisão Lateral;1;2;;;;;1
04/11/2014;16:50:00;239;sem vítima;79,3;BR-101/SC;Norte;Colisão Traseira;1;2;;;;;1
04/11/2014;17:44:00;256;sem vítima;79,4;BR-101/SC;Sul;Choque - Defensa, barreira ou "submarino";1;1;;;;;1
04/11/2014;07:50:00;79;sem vítima;99,3;BR-101/SC;Sul;Objeto lançado contra veículo;1;2;;;;;1
04/11/2014;19:23:00;278;sem vítima;117,3;BR-101/SC;Norte;Colisão Lateral;1;2;;;;;1
04/11/2014;15:55:00;218;sem vítima;131,4;BR-101/SC;Sul;Choque - Defensa, barreira ou "submarino";1;1;;;;;1
04/11/2014;10:04:00;125;sem vítima;161,2;BR-101/SC;Norte;Colisão Traseira;1;2;;;;;1
04/11/2014;18:47:00;272;sem vítima;658,655;BR-376/PR;Norte;Saida de Pista;1;1;;;;;1
04/11/2014;15:53:00;216;sem vítima;671,001;BR-376/PR;Norte;Colisão Traseira;2;2;;;;;1
05/11/2014;00:33:00;5;sem vítima;36,05;BR-101/SC;Norte;Colisão Lateral;3;3;;;;;1
05/11/2014;03:06:00;26;com vítima;36,7;BR-101/SC;Norte;Colisão Traseira;1;1;;1;;;2
05/11/2014;15:58:00;240;sem vítima;90,1;BR-101/SC;Sul;Outros;1;2;;;;;1
05/11/2014;23:16:00;335;sem vítima;117,331;BR-101/SC;Sul;Colisão Traseira;1;2;;;;;1
05/11/2014;08:13:00;77;sem vítima;125,001;BR-101/SC;Sul;Colisão Traseira;1;2;;;;;1
05/11/2014;15:48:00;234;sem vítima;232,5;BR-101/SC;Sul;Colisão Traseira;2;2;;;;;1
05/11/2014;10:57:00;137;com vítima;671,802;BR-376/PR;Sul;Colisão Traseira;2;1;1;;;;1
05/11/2014;07:32:00;59;sem vítima;673,8;BR-376/PR;Sul;Colisão Traseira;1;2;;;;;1
06/11/2014;19:11:00;282;sem vítima;1,2;BR-101/SC;Norte;Colisão Lateral;1;2;;;;;1
06/11/2014;09:00:00;92;sem vítima;99,2;BR-116/PR;Sul;Colisão Traseira;1;2;;;;;1
06/11/2014;19:19:00;286;sem vítima;112,401;BR-101/SC;Sul;Colisão Lateral;2;2;;;;;1
06/11/2014;03:13:00;30;com vítima;131,127;BR-101/SC;Sul;Choque - Defensa, barreira ou "submarino";1;1;;1;;;2
06/11/2014;12:59:00;170;sem vítima;192,216;BR-101/SC;Sul;Choque - Objeto sobre a pista;1;2;;;;;1
06/11/2014;13:00:00;172;sem vítima;672,1;BR-376/PR;Norte;Colisão Traseira;1;2;;;;;1
06/11/2014;16:50:00;237;sem vítima;674,001;BR-376/PR;Sul;Colisão Lateral;1;2;;;;;1
07/11/2014;13:43:00;172;sem vítima;1,35;BR-101/SC;Sul;Colisão Traseira;1;2;;;;;1
07/11/2014;07:12:00;39;sem vítima;39,001;BR-101/SC;Norte;Colisão Lateral;1;2;;;;;1
07/11/2014;13:24:00;165;sem vítima;97,9;BR-116/PR;Norte;Colisão Lateral;2;2;;;;;1
07/11/2014;18:14:00;262;sem vítima;108,186;BR-116/PR;Sul;Tombamento;1;1;;;;;1
07/11/2014;09:18:00;78;sem vítima;134,601;BR-101/SC;Norte;Colisão Lateral;1;2;;;;;1
07/11/2014;11:21:00;117;com vítima;136,001;BR-101/SC;Norte;Objeto lançado contra veículo;1;1;1;;;;1
07/11/2014;06:10:00;29;sem vítima;189,541;BR-101/SC;Sul;Colisão Traseira;1;2;;;;;1
07/11/2014;23:39:00;343;sem vítima;670,8;BR-376/PR;Sul;Colisão Traseira;2;2;;;;;1
08/11/2014;23:07:00;324;com vítima;42,1;BR-101/SC;Sul;Colisão Lateral;1;3;1;;;;1
08/11/2014;14:41:00;183;sem vítima;71,001;BR-101/SC;Sul;Colisão Lateral;1;3;;;;;1
08/11/2014;05:10:00;46;sem vítima;106,2;BR-116/PR;Norte;Saida de Pista;1;2;;;;;1
08/11/2014;10:06:00;116;sem vítima;117,001;BR-101/SC;Norte;Colisão Traseira;1;2;;;;;1
08/11/2014;21:54:00;310;sem vítima;232,734;BR-101/SC;Sul;Saida de Pista;2;2;;;;;1
08/11/2014;10:19:00;121;sem vítima;665,001;BR-376/PR;Sul;Colisão Lateral;1;2;;;;;1
09/11/2014;09:05:00;95;sem vítima;92,001;BR-116/PR;Norte;Colisão Lateral;1;2;;;;;1
10/11/2014;13:02:00;203;sem vítima;85,7;BR-101/SC;Sul;Engavetamento;2;3;;;;;1
10/11/2014;13:24:00;210;sem vítima;85,75;BR-101/SC;Sul;Colisão Lateral;1;2;;;;;1
10/11/2014;20:02:00;324;sem vítima;131;BR-101/SC;Norte;Colisão Lateral;1;3;;;;;1
10/11/2014;23:29:00;368;sem vítima;151,9;BR-101/SC;Sul;Colisão Traseira;2;3;;;;;1
10/11/2014;14:07:00;222;sem vítima;158,193;BR-101/SC;Norte;Colisão Lateral;2;2;;;;;1
10/11/2014;08:26:00;102;sem vítima;668,601;BR-376/PR;Sul;Saida de Pista;1;1;;;;;1
11/11/2014;10:52:00;143;sem vítima;47,2;BR-101/SC;Sul;Colisão Traseira;2;2;;;;;1
11/11/2014;08:18:00;91;sem vítima;109,901;BR-116/PR;Sul;Saida de Pista;1;1;;;;;1
11/11/2014;10:03:00;128;sem vítima;127,3;BR-101/SC;Sul;Colisão Traseira;2;2;;;;;1
11/11/2014;02:59:00;32;com vítima;160,261;BR-101/SC;Norte;Colisão Traseira;1;2;;;;1;3
11/11/2014;09:23:00;117;sem vítima;197,001;BR-101/SC;Norte;Choque - Objeto sobre a pista;1;2;;;;;1
11/11/2014;08:34:00;100;sem vítima;202,001;BR-101/SC;Sul;Colisão Transversal;1;2;;;;;1
11/11/2014;11:58:00;174;sem vítima;203,295;BR-101/SC;Sul;Colisão Lateral;1;2;;;;;1
11/11/2014;11:57:00;173;com vítima;618,001;BR-376/PR;Norte;Colisão Lateral;1;1;3;;;;1
11/11/2014;09:07:00;112;sem vítima;669,539;BR-376/PR;Sul;Engavetamento;3;3;;;;;1
12/11/2014;23:04:00;366;com vítima;71,655;BR-101/SC;Norte;Colisão Traseira;2;1;;1;;;2
12/11/2014;09:41:00;113;sem vítima;98,6;BR-101/SC;Norte;Tombamento;1;3;;;;;1
12/11/2014;14:36:00;229;sem vítima;137,5;BR-101/SC;Norte;Colisão Traseira;1;3;;;;;1
12/11/2014;08:43:00;91;sem vítima;191,02;BR-101/SC;Sul;Saida de Pista;1;1;;;;;1
12/11/2014;00:02:00;3;sem vítima;666,999;BR-376/PR;Sul;Choque - Defensa, barreira ou "submarino";2;3;;;;;1
12/11/2014;15:20:00;246;com vítima;667,65;BR-376/PR;Sul;Colisão Traseira;1;2;1;;;;1
12/11/2014;14:27:00;224;sem vítima;673,4;BR-376/PR;Sul;Saida de Pista;1;1;;;;;1
13/11/2014;18:36:00;303;sem vítima;30,4;BR-101/SC;Norte;Colisão Traseira;1;2;;;;;1
13/11/2014;11:40:00;174;sem vítima;193,001;BR-101/SC;Sul;Engavetamento;2;3;;;;;1
13/11/2014;19:31:00;318;sem vítima;207,6;BR-101/SC;Sul;Colisão Traseira;1;2;;;;;1
13/11/2014;15:10:00;236;sem vítima;209,811;BR-101/SC;Norte;Colisão Lateral;1;2;;;;;1
13/11/2014;13:33:00;200;sem vítima;211,149;BR-101/SC;Norte;Colisão Lateral;1;2;;;;;1
13/11/2014;21:50:00;348;sem vítima;211,2;BR-101/SC;Norte;Colisão Lateral;1;2;;;;;1
13/11/2014;16:33:00;265;sem vítima;229,609;BR-101/SC;Sul;Colisão Lateral;1;2;;;;;1
13/11/2014;04:54:00;38;sem vítima;234,001;BR-101/SC;Norte;Choque - Defensa, barreira ou "submarino";1;1;;;;;1
13/11/2014;12:11:00;180;sem vítima;635,402;BR-376/PR;Sul;Colisão Lateral;1;3;;;;;1
13/11/2014;18:51:00;306;sem vítima;670,09;BR-376/PR;Sul;Colisão Lateral;1;2;;;;;1
14/11/2014;15:41:00;238;sem vítima;108,011;BR-116/PR;Sul;Colisão Traseira;1;2;;;;;1
14/11/2014;16:51:00;265;sem vítima;116,408;BR-101/SC;Sul;Engavetamento;1;4;;;;;1
14/11/2014;17:34:00;282;sem vítima;129,501;BR-101/SC;Sul;Colisão Traseira;1;3;;;;;1
14/11/2014;23:20:00;389;sem vítima;197,001;BR-101/SC;Sul;Colisão Traseira;1;2;;;;;1
14/11/2014;18:05:00;292;com vítima;208,3;BR-101/SC;Norte;Colisão Traseira;1;1;;1;;;2
14/11/2014;22:37:00;375;sem vítima;616,3;BR-376/PR;Sul;Colisão Traseira;1;2;;;;;1
14/11/2014;16:17:00;253;sem vítima;650,111;BR-376/PR;Sul;Engavetamento;2;4;;;;;1
14/11/2014;23:16:00;388;sem vítima;668,001;BR-376/PR;Norte;Saida de Pista;1;1;;;;;1
15/11/2014;05:00:00;69;com vítima;18,001;BR-101/SC;Sul;Saida de Pista;2;1;;;;1;3
15/11/2014;17:03:00;274;sem vítima;23,111;BR-101/SC;Sul;Colisão Traseira;1;2;;;;;1
15/11/2014;11:26:00;181;sem vítima;38,5;BR-101/SC;Norte;Colisão Traseira;2;3;;;;;1
15/11/2014;18:03:00;296;com vítima;57,622;BR-101/SC;Norte;Tombamento;1;0;3;;;;1
15/11/2014;04:58:00;67;sem vítima;79,4;BR-101/SC;Sul;Engavetamento;1;3;;;;;1
15/11/2014;12:53:00;208;sem vítima;110,311;BR-116/PR;Norte;Colisão Lateral;1;2;;;;;1
15/11/2014;06:13:00;83;com vítima;111,5;BR-101/SC;Norte;Colisão Traseira;1;2;1;;;;1
15/11/2014;22:40:00;373;sem vítima;111,95;BR-101/SC;Norte;Colisão Traseira;1;2;;;;;1
15/11/2014;22:40:00;372;com vítima;155,9;BR-101/SC;Sul;Colisão Traseira;1;1;;;1;;2
15/11/2014;02:38:00;42;sem vítima;678,001;BR-376/PR;Sul;Colisão Traseira;2;2;;;;;1
16/11/2014;20:04:00;324;sem vítima;105,99;BR-116/PR;Sul;Colisão Traseira;2;2;;;;;1
16/11/2014;09:57:00;115;com vítima;195,5;BR-101/SC;Sul;Colisão Traseira;2;2;2;;;;1
16/11/2014;17:59:00;267;sem vítima;671,7;BR-376/PR;Sul;Saida de Pista;1;1;;;;;1
17/11/2014;08:48:00;87;sem vítima;1,3;BR-101/SC;Norte;Colisão Traseira;1;2;;;;;1
17/11/2014;10:25:00;132;sem vítima;113,7;BR-101/SC;Sul;Colisão Traseira;2;2;;;;;1
17/11/2014;15:34:00;224;sem vítima;116,401;BR-101/SC;Sul;Colisão Lateral;2;2;;;;;1
17/11/2014;10:55:00;137;com vítima;201,001;BR-101/SC;Norte;Colisão Traseira;1;1;1;;;;1
17/11/2014;11:42:00;157;sem vítima;202,001;BR-101/SC;Norte;Colisão Traseira;1;2;;;;;1
17/11/2014;02:27:00;27;com vítima;676,6;BR-376/PR;Sul;Saida de Pista;1;0;;;1;;2
18/11/2014;19:29:00;271;sem vítima;79,3;BR-101/SC;Norte;Colisão Traseira;2;2;;;;;1
18/11/2014;10:29:00;124;sem vítima;108,502;BR-116/PR;Norte;Colisão Traseira;2;3;;;;;1
18/11/2014;16:00:00;212;com vítima;122,01;BR-101/SC;Norte;Colisão Traseira;1;1;;;1;;2
18/11/2014;18:04:00;253;sem vítima;146,489;BR-101/SC;Norte;Colisão Traseira;1;2;;;;;1
18/11/2014;03:54:00;30;com vítima;156,743;BR-101/SC;Norte;Colisão Traseira;1;1;;1;;;2
18/11/2014;11:47:00;149;sem vítima;190,923;BR-101/SC;Norte;Tombamento;1;1;;;;;1
18/11/2014;07:59:00;71;com vítima;206,212;BR-101/SC;Sul;Colisão Traseira;1;1;;1;;;2
18/11/2014;13:38:00;174;sem vítima;673,01;BR-376/PR;Sul;Colisão Traseira;1;2;;;;;1
19/11/2014;18:28:00;307;sem vítima;116,801;BR-101/SC;Norte;Colisão Traseira;1;2;;;;;1
19/11/2014;11:27:00;172;sem vítima;660,1;BR-376/PR;Norte;Colisão Traseira;1;2;;;;;1
20/11/2014;00:12:00;5;sem vítima;43,482;BR-101/SC;Norte;Choque - Defensa, barreira ou "submarino";1;2;;;;;1
20/11/2014;23:54:00;335;sem vítima;636,001;BR-376/PR;Norte;Colisão Traseira;2;2;;;;;1
20/11/2014;11:00:00;116;com vítima;668,3;BR-376/PR;Sul;Tombamento;1;0;1;;;;1
21/11/2014;11:50:00;170;sem vítima;81,61;BR-101/SC;Sul;Engavetamento;3;3;;;;;1
21/11/2014;04:19:00;28;com vítima;81,818;BR-101/SC;Norte;Colisão Traseira;2;2;;;;1;3
21/11/2014;00:01:00;1;com vítima;110,947;BR-101/SC;Norte;Saida de Pista;1;0;1;;;;1
21/11/2014;09:51:00;120;com vítima;120,183;BR-101/SC;Sul;Colisão Traseira;1;1;1;1;;;2
21/11/2014;21:19:00;367;sem vítima;151,001;BR-101/SC;Sul;Choque - Defensa, barreira ou "submarino";1;1;;;;;1
21/11/2014;08:56:00;95;sem vítima;204,3;BR-101/SC;Sul;Colisão Lateral;1;2;;;;;1
21/11/2014;11:34:00;167;sem vítima;205,001;BR-101/SC;Sul;Colisão Lateral;1;2;;;;;1
21/11/2014;10:48:00;147;sem vítima;673,001;BR-376/PR;Sul;Saida de Pista;1;1;;;;;1
22/11/2014;05:43:00;52;sem vítima;47,044;BR-101/SC;Norte;Choque - Defensa, barreira ou "submarino";1;2;;;;;1
22/11/2014;06:51:00;64;sem vítima;192,001;BR-101/SC;Norte;Colisão Lateral;1;2;;;;;1
22/11/2014;01:16:00;16;sem vítima;652,6;BR-376/PR;Sul;Colisão Lateral;1;2;;;;;1
22/11/2014;08:50:00;90;sem vítima;666,001;BR-376/PR;Norte;Colisão Lateral;1;2;;;;;1
23/11/2014;06:11:00;50;sem vítima;207,048;BR-101/SC;Norte;Tombamento;1;1;;;;;1
23/11/2014;09:36:00;106;com vítima;209,3;BR-101/SC;Norte;Colisão Traseira;1;3;1;;;;1
23/11/2014;22:07:00;310;sem vítima;219,9;BR-101/SC;Sul;Colisão Lateral;1;2;;;;;1
23/11/2014;22:12:00;312;sem vítima;662,1;BR-376/PR;Sul;Colisão Transversal;1;2;;;;;1
23/11/2014;07:20:00;61;sem vítima;679,001;BR-376/PR;Norte;Colisão Traseira;1;2;;;;;1