data;horario;n_da_ocorrencia;tipo_de_ocorrencia;km;trecho;sentido;tipo_de_acidente;caminhao;ilesos;levemente_feridos;moderadamente_feridos;gravemente_feridos;mortos;3
24/11/2014;08:45:00;83;com vítima;132,5;BR-101/SC;Norte;Colisão Lateral;1;1;;;1;;2
24/11/2014;13:11:00;152;sem vítima;173,551;BR-101/SC;Sul;Colisão Traseira;1;2;;;;;1
24/11/2014;15:10:00;186;sem vítima;207,656;BR-101/SC;Norte;Colisão Traseira;1;2;;;;;1
24/11/2014;03:49:00;36;sem vítima;635,35;BR-376/PR;Sul;Choque - Cancela de Pedagio;1;1;;;;;1
24/11/2014;08:32:00;76;sem vítima;635,5;BR-376/PR;Norte;Colisão Traseira;1;5;;;;;1
25/11/2014;07:22:00;57;sem vítima;10,7;BR-101/SC;Norte;Colisão Traseira;1;2;;;;;1
25/11/2014;13:50:00;152;sem vítima;78,811;BR-101/SC;Sul;Colisão Lateral;1;2;;;;;1
25/11/2014;16:50:00;190;sem vítima;96,411;BR-101/SC;Sul;Colisão Lateral;1;2;;;;;1
25/11/2014;10:46:00;106;sem vítima;99,2;BR-116/PR;Sul;Engavetamento;2;3;;;;;1
25/11/2014;06:57:00;49;com vítima;103,098;BR-116/PR;Sul;Saida de Pista;1;1;;2;;;2
25/11/2014;16:22:00;186;com vítima;108,055;BR-101/SC;Sul;Colisão Traseira;1;1;1;;;;1
25/11/2014;12:59:00;136;sem vítima;111,19;BR-116/PR;Norte;Tombamento;1;1;;;;;1
25/11/2014;13:42:00;148;sem vítima;168,99;BR-101/SC;Norte;Choque - Objeto sobre a pista;1;3;;;;;1
25/11/2014;15:14:00;178;sem vítima;169,595;BR-101/SC;Sul;Saida de Pista;1;1;;;;;1
25/11/2014;11:36:00;115;sem vítima;180,5;BR-101/SC;Sul;Saida de Pista;1;1;;;;;1
25/11/2014;12:18:00;128;sem vítima;192,499;BR-101/SC;Norte;Colisão Lateral;1;2;;;;;1
25/11/2014;15:28:00;181;sem vítima;202,999;BR-101/SC;Sul;Colisão Traseira;2;2;;;;;1
25/11/2014;20:25:00;239;sem vítima;618,7;BR-376/PR;Norte;Colisão Lateral;1;2;;;;;1
25/11/2014;01:40:00;15;sem vítima;635,35;BR-376/PR;Sul;Choque - Cancela de Pedagio;1;1;;;;;1
25/11/2014;05:23:00;33;sem vítima;635,4;BR-376/PR;Sul;Colisão Traseira;2;2;;;;;1
25/11/2014;14:09:00;159;sem vítima;635,4;BR-376/PR;Sul;Colisão Lateral;1;2;;;;;1
25/11/2014;16:51:00;192;sem vítima;672,09;BR-376/PR;Sul;Colisão Traseira;1;2;;;;;1
26/11/2014;17:56:00;274;sem vítima;37,812;BR-101/SC;Norte;Choque - Defensa, barreira ou "submarino";1;1;;;;;1
26/11/2014;08:41:00;80;sem vítima;92,83;BR-116/PR;Norte;Engavetamento;3;5;;;;;1
26/11/2014;07:48:00;62;sem vítima;214,506;BR-101/SC;Norte;Colisão Traseira;1;2;;;;;1
26/11/2014;00:05:00;1;sem vítima;243,3;BR-101/SC;Norte;Colisão Traseira;2;2;;;;;1
26/11/2014;06:10:00;43;sem vítima;243,606;BR-101/SC;Sul;Choque - Defensa, barreira ou "submarino";1;1;;;;;1
27/11/2014;20:03:00;307;sem vítima;1,35;BR-101/SC;Sul;Colisão Traseira;2;2;;;;;1
27/11/2014;03:29:00;28;sem vítima;110,301;BR-116/PR;Sul;Saida de Pista;1;1;;;;;1
27/11/2014;16:27:00;246;sem vítima;115,122;BR-101/SC;Sul;Colisão Lateral;1;2;;;;;1
27/11/2014;20:51:00;320;com vítima;136,5;BR-101/SC;Sul;Colisão Traseira;1;1;1;;;;1
27/11/2014;08:19:00;83;com vítima;137,201;BR-101/SC;Norte;Engavetamento;1;3;1;;;;1
27/11/2014;00:49:00;15;com vítima;183,664;BR-101/SC;Sul;Colisão Traseira;2;1;1;;;;1
27/11/2014;14:32:00;203;sem vítima;208,928;BR-101/SC;Norte;Colisão Lateral;1;2;;;;;1
27/11/2014;01:44:00;22;sem vítima;236,933;BR-101/SC;Sul;Saida de Pista;1;1;;;;;1
27/11/2014;02:14:00;24;sem vítima;651,524;BR-376/PR;Norte;Colisão Traseira;1;2;;;;;1
28/11/2014;17:18:00;255;sem vítima;38,48;BR-101/SC;Sul;Colisão Traseira;1;2;;;;;1
28/11/2014;09:52:00;106;com vítima;121,001;BR-101/SC;Norte;Colisão Lateral;1;1;1;;;;1
28/11/2014;02:34:00;21;sem vítima;123,5;BR-101/SC;Sul;Saida de Pista;1;1;;;;;1
28/11/2014;09:50:00;105;com vítima;215,505;BR-101/SC;Sul;Colisão Lateral;1;1;;1;;;2
28/11/2014;11:54:00;158;sem vítima;614,837;BR-376/PR;Norte;Colisão Lateral;1;3;;;;;1
28/11/2014;19:50:00;316;sem vítima;617,5;BR-376/PR;Norte;Engavetamento;1;3;;;;;1
28/11/2014;15:05:00;201;sem vítima;624,15;BR-376/PR;Norte;Colisão Traseira;1;2;;;;;1
28/11/2014;17:21:00;258;sem vítima;635,4;BR-376/PR;Sul;Colisão Traseira;1;2;;;;;1
28/11/2014;22:31:00;358;sem vítima;665,8;BR-376/PR;Sul;Colisão Traseira;2;2;;;;;1
28/11/2014;11:50:00;155;sem vítima;671,7;BR-376/PR;Sul;Saida de Pista;1;1;;;;;1
29/11/2014;04:10:00;33;sem vítima;0,8;BR-101/SC;Norte;Saida de Pista;1;1;;;;;1
29/11/2014;13:02:00;175;sem vítima;26,302;BR-101/SC;Sul;Choque - Defensa, barreira ou "submarino";1;2;;;;;1
29/11/2014;20:29:00;305;sem vítima;79,492;BR-101/SC;Sul;Colisão Traseira;2;2;;;;;1
29/11/2014;04:53:00;36;sem vítima;116,9;BR-101/SC;Sul;Colisão Traseira;1;2;;;;;1
29/11/2014;08:52:00;93;com vítima;121,4;BR-101/SC;Norte;Colisão Lateral;1;1;;;1;;2
29/11/2014;11:11:00;141;sem vítima;671,7;BR-376/PR;Sul;Engavetamento;1;5;;;;;1
29/11/2014;09:56:00;118;sem vítima;671,75;BR-376/PR;Sul;Engavetamento;1;3;;;;;1
30/11/2014;10:02:00;118;sem vítima;79,65;BR-101/SC;Norte;Colisão Lateral;1;2;;;;;1
30/11/2014;14:34:00;192;sem vítima;135,399;BR-101/SC;Norte;Colisão Lateral;1;2;;;;;1
30/11/2014;04:14:00;36;sem vítima;199,05;BR-101/SC;Sul;Colisão Traseira;1;4;;;;;1
01/01/2015;18:06:00;270;sem vítima;194,108;BR-101/SC;Norte;Colisão Lateral;1;2;;;;;1
02/01/2015;14:39:00;246;sem vítima;51,3;BR-101/SC;Norte;Engavetamento;1;3;;;;;1
02/01/2015;14:50:00;251;sem vítima;66,5;BR-101/SC;Norte;Saida de Pista;1;1;;;;;1
02/01/2015;18:20:00;335;com vítima;119,301;BR-101/SC;Sul;Saida de Pista;1;0;2;;;;1
02/01/2015;20:00:00;362;sem vítima;668,8;BR-376/PR;Norte;Colisão Lateral;1;2;;;;;1
03/01/2015;12:28:00;200;sem vítima;156,012;BR-101/SC;Norte;Outros - Sequência;1;2;;;;;1
04/01/2015;07:09:00;99;sem vítima;106,001;BR-116/PR;Norte;Saida de Pista;1;1;;;;;1
04/01/2015;05:21:00;70;sem vítima;629,2;BR-376/PR;Sul;Capotamento;1;2;;;;;1
05/01/2015;16:39:00;269;sem vítima;22,001;BR-101/SC;Norte;Choque - Defensa, barreira ou "submarino";1;1;;;;;1
05/01/2015;15:51:00;255;sem vítima;47,3;BR-101/SC;Sul;Colisão Lateral;1;2;;;;;1
05/01/2015;19:24:00;308;sem vítima;120,001;BR-101/SC;Norte;Colisão Traseira;1;2;;;;;1
05/01/2015;14:48:00;234;sem vítima;199,799;BR-101/SC;Sul;Colisão Traseira;2;2;;;;;1
05/01/2015;21:05:00;333;sem vítima;635,6;BR-376/PR;Sul;Choque - Defensa, barreira ou "submarino";1;1;;;;;1
06/01/2015;16:45:00;262;sem vítima;1,42;BR-101/SC;Sul;Colisão Traseira;1;2;;;;;1
06/01/2015;10:49:00;172;sem vítima;107,901;BR-101/SC;Sul;Colisão Traseira;1;2;;;;;1
06/01/2015;04:54:00;42;sem vítima;156,001;BR-101/SC;Norte;Colisão Traseira;2;2;;;;;1
06/01/2015;11:57:00;173;com vítima;216,5;BR-101/SC;Norte;Colisão Transversal;1;1;1;;;;1
06/01/2015;12:52:00;189;sem vítima;662,001;BR-376/PR;Sul;Colisão Lateral;1;2;;;;;1
06/01/2015;12:24:00;183;sem vítima;667,5;BR-376/PR;Sul;Colisão Traseira;1;2;;;;;1
07/01/2015;17:19:00;278;sem vítima;14,399;BR-101/SC;Norte;Colisão Traseira;2;2;;;;;1
07/01/2015;15:25:00;229;sem vítima;31,6;BR-101/SC;Sul;Colisão Lateral;2;2;;;;;1
07/01/2015;01:44:00;18;sem vítima;114,7;BR-101/SC;Sul;Colisão Lateral;2;2;;;;;1
07/01/2015;21:54:00;349;sem vítima;155,5;BR-101/SC;Sul;Colisão Traseira;1;2;;;;;1
07/01/2015;07:54:00;81;sem vítima;209,95;BR-101/SC;Norte;Colisão Traseira;1;2;;;;;1
07/01/2015;11:10:00;166;sem vítima;614,7;BR-376/PR;Norte;Colisão Lateral;2;3;;;;;1
08/01/2015;18:30:00;306;sem vítima;93,1;BR-101/SC;Sul;Choque - Outros;1;2;;;;;1
08/01/2015;07:59:00;69;sem vítima;129,2;BR-101/SC;Norte;Colisão Traseira;1;3;;;;;1
08/01/2015;10:17:00;122;com vítima;199,5;BR-101/SC;Sul;Colisão Traseira;1;2;1;;;;1
09/01/2015;18:59:00;332;sem vítima;1,35;BR-101/SC;Norte;Colisão Traseira;2;2;;;;;1
09/01/2015;20:11:00;336;sem vítima;52,01;BR-101/SC;Sul;Engavetamento;1;5;;;;;1
09/01/2015;10:30:00;116;sem vítima;79,65;BR-101/SC;Norte;Colisão Traseira;1;2;;;;;1
09/01/2015;03:00:00;18;sem vítima;87,835;BR-101/SC;Norte;Colisão Traseira;1;2;;;;;1
09/01/2015;19:09:00;315;sem vítima;139,1;BR-101/SC;Norte;Saida de Pista;1;1;;;;;1
09/01/2015;10:27:00;115;com vítima;176,001;BR-101/SC;Sul;Colisão Traseira;1;3;1;;;;1
09/01/2015;21:51:00;364;com vítima;214,5;BR-101/SC;Sul;Colisão Lateral;1;2;1;;;;1
09/01/2015;16:03:00;240;sem vítima;614,984;BR-376/PR;Norte;Choque - Defensa, barreira ou "submarino";1;1;;;;;1
10/01/2015;09:58:00;133;com vítima;116,543;BR-101/SC;Norte;Capotamento;1;1;3;2;;;2
10/01/2015;10:36:00;151;sem vítima;138,4;BR-101/SC;Sul;Colisão Traseira;1;2;;;;;1
10/01/2015;21:13:00;385;sem vítima;149,1;BR-101/SC;Sul;Objeto lançado contra veículo;1;2;;;;;1
11/01/2015;03:28:00;36;sem vítima;41,745;BR-101/SC;Norte;Capotamento;2;3;;;;;1
11/01/2015;16:15:00;274;sem vítima;58,3;BR-101/SC;Norte;Colisão Traseira;1;2;;;;;1
11/01/2015;11:31:00;160;sem vítima;94,3;BR-101/SC;Norte;Capotamento;1;4;;;;;1
11/01/2015;10:46:00;142;com vítima;244,265;BR-101/SC;Norte;Colisão Traseira;1;2;1;;;;1
11/01/2015;11:14:00;155;sem vítima;679,001;BR-376/PR;Norte;Colisão Traseira;1;2;;;;;1
12/01/2015;04:16:00;43;sem vítima;112,701;BR-116/PR;Norte;Choque - Defensa, barreira ou "submarino";1;1;;;;;1
12/01/2015;17:06:00;300;sem vítima;116,5;BR-101/SC;Norte;Colisão Traseira;2;2;;;;;1
12/01/2015;07:56:00;88;sem vítima;134,8;BR-101/SC;Norte;Colisão Traseira;1;2;;;;;1
12/01/2015;21:42:00;411;sem vítima;203,111;BR-101/SC;Norte;Outros;1;1;;;;;1
12/01/2015;17:43:00;318;sem vítima;203,122;BR-101/SC;Norte;Colisão Traseira;1;3;;;;;1
12/01/2015;17:26:00;311;sem vítima;662,3;BR-376/PR;Sul;Colisão Traseira;1;2;;;;;1
12/01/2015;12:48:00;198;sem vítima;666,185;BR-376/PR;Sul;Colisão Traseira;2;2;;;;;1
12/01/2015;18:34:00;356;sem vítima;681,98;BR-376/PR;Sul;Colisão Traseira;1;2;;;;;1
13/01/2015;23:20:00;368;sem vítima;86,278;BR-116/PR;Norte;Tombamento;1;1;;;;;1
13/01/2015;02:28:00;30;sem vítima;170,001;BR-101/SC;Norte;Colisão Traseira;1;2;;;;;1
13/01/2015;06:24:00;52;sem vítima;182,026;BR-101/SC;Sul;Saida de Pista;1;2;;;;;1
13/01/2015;17:57:00;278;com vítima;211,1;BR-101/SC;Norte;Colisão Traseira;1;1;1;;;;1
13/01/2015;16:47:00;251;com vítima;670,799;BR-376/PR;Norte;Saida de Pista;1;0;1;;;;1
14/01/2015;16:11:00;270;sem vítima;1,35;BR-101/SC;Sul;Engavetamento;1;3;;;;;1
14/01/2015;07:46:00;82;sem vítima;153,05;BR-101/SC;Sul;Saida de Pista;1;1;;;;;1
14/01/2015;13:42:00;212;sem vítima;157,25;BR-101/SC;Norte;Colisão Traseira;1;2;;;;;1
14/01/2015;00:12:00;3;sem vítima;162,001;BR-101/SC;Norte;Colisão Lateral;1;2;;;;;1
14/01/2015;14:34:00;232;sem vítima;199,4;BR-101/SC;Sul;Colisão Traseira;1;2;;;;;1
14/01/2015;11:40:00;169;sem vítima;676,331;BR-376/PR;Sul;Engavetamento;1;4;;;;;1
15/01/2015;20:33:00;386;sem vítima;79,399;BR-101/SC;Sul;Colisão Traseira;1;2;;;;;1
15/01/2015;09:56:00;136;sem vítima;133,505;BR-101/SC;Norte;Engavetamento;1;3;;;;;1
15/01/2015;03:38:00;41;sem vítima;232,102;BR-101/SC;Sul;Saida de Pista;1;2;;;;;1
15/01/2015;22:56:00;412;com vítima;243,401;BR-101/SC;Sul;Colisão Traseira;1;2;1;;;;1
15/01/2015;13:46:00;221;sem vítima;641,95;BR-376/PR;Sul;Saida de Pista;1;1;;;;;1
15/01/2015;00:34:00;10;sem vítima;644,001;BR-376/PR;Sul;Colisão Lateral;1;2;;;;;1
15/01/2015;08:19:00;92;sem vítima;671,4;BR-376/PR;Sul;Colisão Traseira;2;2;;;;;1
15/01/2015;01:42:00;23;sem vítima;671,701;BR-376/PR;Sul;Saida de Pista;1;1;;;;;1
16/01/2015;11:37:00;188;sem vítima;1,3;BR-101/SC;Sul;Colisão Traseira;1;2;;;;;1
16/01/2015;14:11:00;239;sem vítima;80,9;BR-101/SC;Sul;Colisão Lateral;1;2;;;;;1
16/01/2015;15:32:00;276;sem vítima;116,05;BR-101/SC;Norte;Colisão Traseira;1;3;;;;;1
16/01/2015;08:16:00;101;sem vítima;208,001;BR-101/SC;Sul;Colisão Traseira;1;3;;;;;1
17/01/2015;00:25:00;5;sem vítima;108,9;BR-101/SC;Sul;Saida de Pista;1;1;;;;;1
17/01/2015;07:54:00;70;sem vítima;122,7;BR-101/SC;Norte;Colisão Lateral;2;2;;;;;1
17/01/2015;23:58:00;397;sem vítima;163,864;BR-101/SC;Norte;Colisão Transversal;1;2;;;;;1
17/01/2015;14:58:00;232;sem vítima;671,7;BR-376/PR;Sul;Saida de Pista;1;1;;;;;1
18/01/2015;17:51:00;298;sem vítima;14,2;BR-101/SC;Norte;Engavetamento;3;3;;;;;1
18/01/2015;09:56:00;128;com vítima;111,501;BR-101/SC;Norte;Colisão Lateral;1;1;2;;;;1
18/01/2015;13:24:00;196;com vítima;134,9;BR-101/SC;Sul;Choque - Defensa, barreira ou "submarino";1;3;1;;;;1
18/01/2015;15:05:00;231;sem vítima;146,056;BR-101/SC;Norte;Engavetamento;1;3;;;;;1
18/01/2015;12:27:00;178;sem vítima;235,1;BR-101/SC;Sul;Colisão Lateral;1;2;;;;;1
18/01/2015;09:12:00;106;sem vítima;243,001;BR-101/SC;Sul;Colisão Lateral;1;2;;;;;1
18/01/2015;13:25:00;197;sem vítima;629,111;BR-376/PR;Norte;Colisão Traseira;1;2;;;;;1
18/01/2015;01:37:00;16;sem vítima;635,1;BR-376/PR;Sul;Colisão Traseira;1;2;;;;;1
18/01/2015;18:36:00;318;sem vítima;635,3;BR-376/PR;Norte;Colisão Traseira;1;2;;;;;1
19/01/2015;09:58:00;149;com vítima;38,499;BR-101/SC;Norte;Colisão Frontal;2;3;1;;;;1
19/01/2015;21:09:00;365;com vítima;112,199;BR-101/SC;Norte;Colisão Transversal;1;1;1;;;;1
19/01/2015;14:34:00;219;sem vítima;137,001;BR-101/SC;Norte;Engavetamento;1;3;;;;;1
19/01/2015;08:14:00;113;com vítima;195,005;BR-101/SC;Sul;Colisão Traseira;1;1;1;;;;1
19/01/2015;16:18:00;268;sem vítima;614,69;BR-376/PR;Norte;Saida de Pista;1;1;;;;;1
19/01/2015;19:40:00;347;sem vítima;615,101;BR-376/PR;Sul;Saida de Pista;1;1;;;;;1
19/01/2015;16:26:00;273;com vítima;616,827;BR-376/PR;Sul;Saida de Pista;1;0;1;;;;1
19/01/2015;06:35:00;61;sem vítima;634,9;BR-376/PR;Norte;Engavetamento;1;2;;;;;1
19/01/2015;17:59:00;299;sem vítima;659,98;BR-376/PR;Norte;Choque - Defensa, barreira ou "submarino";1;1;;;;;1
19/01/2015;15:29:00;242;sem vítima;666,1;BR-376/PR;Sul;Colisão Traseira;2;2;;;;;1
19/01/2015;16:12:00;263;sem vítima;673,2;BR-376/PR;Sul;Colisão Traseira;1;2;;;;;1
20/01/2015;14:04:00;209;com vítima;24,411;BR-101/SC;Norte;Colisão Traseira;2;2;;1;;;2
20/01/2015;11:03:00;145;sem vítima;37,764;BR-101/SC;Norte;Colisão Lateral;1;2;;;;;1
20/01/2015;12:58:00;192;sem vítima;104,4;BR-116/PR;Norte;Colisão Traseira;1;2;;;;;1
20/01/2015;14:12:00;210;sem vítima;105,399;BR-101/SC;Norte;Colisão Traseira;1;2;;;;;1
20/01/2015;12:36:00;176;sem vítima;106,001;BR-101/SC;Norte;Colisão Traseira;2;2;;;;;1
20/01/2015;22:33:00;396;sem vítima;113,6;BR-116/PR;Sul;Colisão Lateral;2;3;;;;;1
20/01/2015;18:27:00;332;sem vítima;121,399;BR-101/SC;Norte;Engavetamento;3;4;;;;;1
20/01/2015;17:17:00;302;sem vítima;189,95;BR-101/SC;Sul;Choque - Defensa, barreira ou "submarino";1;1;;;;;1
20/01/2015;17:20:00;304;sem vítima;199,3;BR-101/SC;Norte;Saida de Pista;1;1;;;;;1
20/01/2015;18:23:00;330;sem vítima;634,5;BR-376/PR;Norte;Colisão Lateral;1;2;;;;;1
20/01/2015;18:23:00;365;sem vítima;634,5;BR-376/PR;Norte;Saida de Pista;1;1;;;;;1
20/01/2015;07:48:00;70;sem vítima;665,955;BR-376/PR;Sul;Tombamento;1;1;;;;;1
21/01/2015;11:34:00;163;sem vítima;113,01;BR-101/SC;Norte;Colisão Traseira;1;2;;;;;1
21/01/2015;00:14:00;5;sem vítima;163,5;BR-101/SC;Norte;Colisão Traseira;1;2;;;;;1
21/01/2015;08:50:00;98;com vítima;185,001;BR-101/SC;Sul;Colisão Lateral;1;2;1;;;;1
21/01/2015;09:39:00;119;sem vítima;185,001;BR-101/SC;Sul;Colisão Traseira;2;2;;;;;1
21/01/2015;21:39:00;375;sem vítima;200,001;BR-101/SC;Sul;Colisão Traseira;1;3;;;;;1
21/01/2015;19:27:00;343;sem vítima;205,25;BR-101/SC;Sul;Colisão Traseira;1;2;;;;;1
21/01/2015;09:36:00;114;sem vítima;619,001;BR-376/PR;Sul;Colisão Lateral;2;3;;;;;1
21/01/2015;10:39:00;143;sem vítima;632,001;BR-376/PR;Norte;Colisão Lateral;1;2;;;;;1
21/01/2015;08:50:00;99;sem vítima;673,001;BR-376/PR;Norte;Colisão Traseira;2;2;;;;;1
21/01/2015;11:50:00;168;sem vítima;678,001;BR-376/PR;Sul;Colisão Traseira;1;2;;;;;1
22/01/2015;07:14:00;58;sem vítima;66,901;BR-101/SC;Sul;Colisão Lateral;1;2;;;;;1
22/01/2015;19:51:00;307;sem vítima;114,01;BR-101/SC;Norte;Engavetamento;1;3;;;;;1
22/01/2015;07:30:00;62;sem vítima;133,001;BR-101/SC;Norte;Colisão Traseira;1;3;;;;;1
22/01/2015;08:15:00;80;sem vítima;202,001;BR-101/SC;Sul;Colisão Transversal;1;2;;;;;1
22/01/2015;11:06:00;142;sem vítima;635,401;BR-376/PR;Norte;Colisão Lateral;1;2;;;;;1
22/01/2015;02:43:00;24;sem vítima;673,915;BR-376/PR;Norte;Tombamento;1;1;;;;;1
22/01/2015;19:27:00;301;com vítima;673,915;BR-376/PR;Norte;Tombamento;1;1;1;;;;1
23/01/2015;15:06:00;247;sem vítima;51,499;BR-101/SC;Sul;Engavetamento;2;3;;;;;1
23/01/2015;11:47:00;170;sem vítima;97,001;BR-116/PR;Sul;Colisão Traseira;1;2;;;;;1
23/01/2015;20:01:00;360;sem vítima;105,1;BR-101/SC;Sul;Colisão Lateral;2;2;;;;;1
23/01/2015;23:27:00;405;com vítima;106,802;BR-101/SC;Norte;Colisão Traseira;1;1;;;2;1;3
23/01/2015;10:16:00;146;com vítima;109,001;BR-116/PR;Sul;Colisão Traseira;2;2;1;;;;1
23/01/2015;17:48:00;313;sem vítima;116,5;BR-101/SC;Sul;Colisão Traseira;1;2;;;;;1
23/01/2015;15:22:00;256;sem vítima;121,3;BR-101/SC;Sul;Colisão Lateral;1;2;;;;;1
23/01/2015;11:21:00;167;sem vítima;123,132;BR-101/SC;Norte;Engavetamento;2;3;;;;;1
23/01/2015;15:23:00;258;sem vítima;129,5;BR-101/SC;Sul;Colisão Traseira;1;2;;;;;1
23/01/2015;13:36:00;210;sem vítima;157,35;BR-101/SC;Sul;Colisão Traseira;1;2;;;;;1
23/01/2015;17:59:00;317;sem vítima;209,6;BR-101/SC;Norte;Colisão Traseira;1;2;;;;;1
23/01/2015;10:49:00;154;sem vítima;639,001;BR-376/PR;Sul;Colisão Lateral;2;2;;;;;1
23/01/2015;20:19:00;369;sem vítima;666,5;BR-376/PR;Sul;Colisão Traseira;2;2;;;;;1
23/01/2015;10:15:00;147;sem vítima;668,001;BR-376/PR;Sul;Colisão Traseira;2;2;;;;;1
23/01/2015;15:02:00;243;sem vítima;669,886;BR-376/PR;Norte;Saida de Pista;1;1;;;;;1
24/01/2015;16:20:00;295;com vítima;53,407;BR-101/SC;Norte;Colisão Frontal;1;1;;1;;1;3
24/01/2015;08:24:00;93;sem vítima;236,7;BR-101/SC;Sul;Colisão Lateral;1;3;;;;;1
24/01/2015;11:03:00;168;sem vítima;621,1;BR-376/PR;Sul;Colisão Lateral;1;3;;;;;1
25/01/2015;18:22:00;261;sem vítima;10,6;BR-101/SC;Norte;Saida de Pista;1;1;;;;;1
25/01/2015;22:13:00;345;sem vítima;83,01;BR-101/SC;Sul;Colisão Traseira;1;2;;;;;1
25/01/2015;17:12:00;228;sem vítima;101,1;BR-101/SC;Sul;Engavetamento;2;10;;;;;1
25/01/2015;19:04:00;276;sem vítima;102,001;BR-101/SC;Sul;Colisão Lateral;1;2;;;;;1
25/01/2015;17:08:00;224;sem vítima;103,01;BR-101/SC;Sul;Choque - Defensa, barreira ou "submarino";1;1;;;;;1
25/01/2015;07:32:00;61;sem vítima;125,2;BR-101/SC;Norte;Colisão Traseira;1;2;;;;;1
25/01/2015;13:42:00;171;sem vítima;238,565;BR-101/SC;Norte;Colisão Traseira;2;3;;;;;1
25/01/2015;04:56:00;45;sem vítima;653,001;BR-376/PR;Sul;Capotamento;1;3;;;;;1
26/01/2015;23:29:00;374;sem vítima;3,001;BR-101/SC;Sul;Colisão Traseira;2;2;;;;;1
26/01/2015;16:40:00;275;sem vítima;102,2;BR-116/PR;Sul;Colisão Traseira;1;2;;;;;1
26/01/2015;17:20:00;290;sem vítima;102,25;BR-116/PR;Sul;Colisão Traseira;1;2;;;;;1
26/01/2015;10:33:00;147;sem vítima;110,001;BR-116/PR;Sul;Engavetamento;1;4;;;;;1
26/01/2015;08:05:00;84;sem vítima;116,001;BR-101/SC;Norte;Saida de Pista;1;1;;;;;1
26/01/2015;16:24:00;269;com vítima;116,5;BR-101/SC;Sul;Colisão Lateral;1;1;1;;;;1
26/01/2015;12:02:00;183;sem vítima;148,7;BR-101/SC;Norte;Colisão Traseira;1;2;;;;;1
26/01/2015;20:01:00;327;sem vítima;204,5;BR-101/SC;Norte;Colisão Traseira;1;2;;;;;1
26/01/2015;17:10:00;287;com vítima;206,497;BR-101/SC;Sul;Colisão Lateral;1;1;;;;1;3
26/01/2015;10:10:00;142;com vítima;668,201;BR-376/PR;Sul;Tombamento;1;0;1;;;;1
27/01/2015;11:28:00;149;sem vítima;15,801;BR-101/SC;Sul;Colisão Traseira;1;2;;;;;1
27/01/2015;13:07:00;191;sem vítima;33,001;BR-101/SC;Norte;Colisão Lateral;2;2;;;;;1
27/01/2015;11:03:00;136;sem vítima;128,001;BR-101/SC;Norte;Engavetamento;1;4;;;;;1
27/01/2015;16:56:00;268;sem vítima;215,95;BR-101/SC;Norte;Colisão Traseira;2;2;;;;;1
28/01/2015;20:09:00;371;sem vítima;6,199;BR-101/SC;Norte;Tombamento;1;1;;;;;1
28/01/2015;04:06:00;29;sem vítima;43,999;BR-101/SC;Sul;Colisão Traseira;2;2;;;;;1
28/01/2015;17:26:00;301;sem vítima;114,001;BR-116/PR;Norte;Colisão Traseira;1;2;;;;;1
28/01/2015;16:18:00;287;sem vítima;162,8;BR-101/SC;Norte;Colisão Lateral;1;2;;;;;1
28/01/2015;08:28:00;93;sem vítima;195,5;BR-101/SC;Norte;Colisão Traseira;1;2;;;;;1
28/01/2015;15:29:00;267;sem vítima;204,8;BR-101/SC;Sul;Colisão Lateral;1;2;;;;;1
28/01/2015;14:06:00;234;sem vítima;208,001;BR-101/SC;Norte;Colisão Traseira;2;3;;;;;1
28/01/2015;06:59:00;58;sem vítima;214,001;BR-101/SC;Norte;Colisão Transversal;1;2;;;;;1
28/01/2015;16:33:00;290;sem vítima;221,294;BR-101/SC;Norte;Saida de Pista;1;1;;;;;1
28/01/2015;15:31:00;269;sem vítima;243,001;BR-101/SC;Norte;Choque - Defensa, barreira ou "submarino";1;1;;;;;1
29/01/2015;05:07:00;45;sem vítima;96,739;BR-101/SC;Sul;Colisão Lateral;2;2;;;;;1
29/01/2015;13:41:00;216;sem vítima;98,201;BR-101/SC;Norte;Colisão Traseira;2;2;;;;;1
29/01/2015;00:17:00;3;sem vítima;135,001;BR-101/SC;Norte;Colisão Lateral;1;2;;;;;1
29/01/2015;12:08:00;176;sem vítima;208,001;BR-101/SC;Sul;Colisão Lateral;1;2;;;;;1
29/01/2015;15:53:00;260;sem vítima;217,5;BR-101/SC;Sul;Colisão Lateral;1;2;;;;;1
29/01/2015;12:07:00;175;sem vítima;654,5;BR-376/PR;Norte;Colisão Traseira;2;2;;;;;1
29/01/2015;11:34:00;152;sem vítima;665,001;BR-376/PR;Sul;Colisão Traseira;2;2;;;;;1
30/01/2015;11:03:00;147;sem vítima;1,35;BR-101/SC;Norte;Choque - Defensa, barreira ou "submarino";1;1;;;;;1
30/01/2015;07:14:00;64;sem vítima;29,56;BR-101/SC;Sul;Colisão Traseira;1;2;;;;;1
30/01/2015;18:00:00;276;sem vítima;79,3;BR-101/SC;Sul;Colisão Traseira;1;2;;;;;1
30/01/2015;15:11:00;220;sem vítima;93,001;BR-116/PR;Sul;Colisão Lateral;1;2;;;;;1
30/01/2015;13:57:00;194;sem vítima;105,843;BR-116/PR;Norte;Saida de Pista;1;1;;;;;1
30/01/2015;18:23:00;282;sem vítima;200,4;BR-101/SC;Norte;Engavetamento;1;4;;;;;1
30/01/2015;17:33:00;264;sem vítima;208,501;BR-101/SC;Sul;Colisão Lateral;1;2;;;;;1
30/01/2015;15:23:00;225;sem vítima;209,8;BR-101/SC;Norte;Colisão Lateral;1;2;;;;;1