data;horario;n_da_ocorrencia;tipo_de_ocorrencia;km;trecho;sentido;tipo_de_acidente;caminhao;ilesos;levemente_feridos;moderadamente_feridos;gravemente_feridos;mortos;3
17/04/2015;12:51:00;157;sem vítima;46,901;BR-101/SC;Sul;Choque - Defensa, barreira ou "submarino";1;2;;;;;1
17/04/2015;09:41:00;108;sem vítima;97,002;BR-116/PR;Norte;Colisão Lateral;1;2;;;;;1
17/04/2015;16:19:00;227;sem vítima;120,5;BR-101/SC;Sul;Engavetamento;1;5;;;;;1
17/04/2015;12:13:00;159;sem vítima;171,001;BR-101/SC;Sul;Colisão Frontal;1;2;;;;;1
17/04/2015;19:52:00;291;sem vítima;213,907;BR-101/SC;Norte;Colisão Traseira;1;2;;;;;1
17/04/2015;11:03:00;140;sem vítima;665,499;BR-376/PR;Sul;Saida de Pista;1;1;;;;;1
18/04/2015;07:14:00;73;com vítima;121,732;BR-101/SC;Norte;Colisão Traseira;1;1;2;;;;1
18/04/2015;15:30:00;230;sem vítima;190,55;BR-101/SC;Norte;Saida de Pista;1;1;;;;;1
18/04/2015;16:24:00;247;sem vítima;218,101;BR-101/SC;Sul;Colisão Lateral;1;3;;;;;1
19/04/2015;07:49:00;91;sem vítima;83,13;BR-101/SC;Norte;Colisão Lateral;1;6;;;;;1
19/04/2015;14:17:00;213;sem vítima;199,853;BR-101/SC;Norte;Choque - Defensa, barreira ou "submarino";1;1;;;;;1
19/04/2015;15:44:00;236;sem vítima;210,982;BR-101/SC;Norte;Colisão Traseira;1;2;;;;;1
19/04/2015;07:30:00;82;com vítima;212,757;BR-101/SC;Sul;Engavetamento;1;2;1;;;;1
19/04/2015;11:26:00;165;sem vítima;656,001;BR-376/PR;Norte;Colisão Traseira;1;2;;;;;1
20/04/2015;18:58:00;281;sem vítima;99,1;BR-101/SC;Sul;Colisão Traseira;1;2;;;;;1
20/04/2015;17:04:00;232;com vítima;104,334;BR-116/PR;Sul;Engavetamento;3;7;3;1;1;;2
20/04/2015;17:02:00;229;sem vítima;160,449;BR-101/SC;Sul;Saida de Pista;1;1;;;;;1
20/04/2015;18:13:00;268;sem vítima;214,9;BR-101/SC;Sul;Colisão Lateral;1;2;;;;;1
20/04/2015;18:51:00;284;sem vítima;614,7;BR-376/PR;Norte;Colisão Traseira;1;2;;;;;1
20/04/2015;18:34:00;277;sem vítima;615,001;BR-376/PR;Norte;Colisão Transversal;1;2;;;;;1
20/04/2015;11:56:00;134;com vítima;665,216;BR-376/PR;Sul;Choque - Defensa, barreira ou "submarino";1;0;1;;1;;2
21/04/2015;12:42:00;154;sem vítima;1,35;BR-101/SC;Sul;Colisão Traseira;1;2;;;;;1
21/04/2015;13:09:00;162;sem vítima;87,4;BR-101/SC;Sul;Choque - Defensa, barreira ou "submarino";1;1;;;;;1
21/04/2015;15:26:00;206;sem vítima;666,1;BR-376/PR;Sul;Colisão Transversal;1;2;;;;;1
22/04/2015;15:53:00;190;com vítima;25,8;BR-101/SC;Sul;Colisão Traseira;1;1;1;;;;1
22/04/2015;17:43:00;215;sem vítima;44,001;BR-101/SC;Norte;Colisão Traseira;1;2;;;;;1
22/04/2015;08:10:00;68;sem vítima;79,45;BR-101/SC;Sul;Choque - Veiculo parado na pista;2;2;;;;;1
22/04/2015;17:51:00;216;sem vítima;86,001;BR-101/SC;Norte;Colisão Lateral;2;2;;;;;1
22/04/2015;18:36:00;226;sem vítima;114,6;BR-116/PR;Sul;Colisão Traseira;1;2;;;;;1
22/04/2015;05:35:00;34;sem vítima;134,25;BR-101/SC;Sul;Colisão Lateral;1;2;;;;;1
22/04/2015;09:28:00;88;sem vítima;137,213;BR-101/SC;Norte;Engavetamento;1;8;;;;;1
22/04/2015;06:35:00;41;sem vítima;215,015;BR-101/SC;Norte;Engavetamento;1;3;;;;;1
22/04/2015;21:31:00;269;sem vítima;243,001;BR-101/SC;Norte;Colisão Traseira;2;2;;;;;1
23/04/2015;08:44:00;75;sem vítima;1,35;BR-101/SC;Norte;Colisão Traseira;2;2;;;;;1
23/04/2015;20:50:00;318;sem vítima;30,05;BR-101/SC;Norte;Colisão Lateral;2;2;;;;;1
23/04/2015;23:42:00;334;sem vítima;65,2;BR-101/SC;Sul;Saida de Pista;1;1;;;;;1
23/04/2015;10:31:00;113;sem vítima;66,584;BR-101/SC;Norte;Colisão Traseira;1;2;;;;;1
23/04/2015;15:27:00;206;sem vítima;106,1;BR-116/PR;Norte;Tombamento;1;1;;;;;1
23/04/2015;17:20:00;247;sem vítima;113,8;BR-101/SC;Sul;Engavetamento;1;3;;;;;1
23/04/2015;06:28:00;41;sem vítima;149,303;BR-101/SC;Sul;Queda de Moto;1;2;;;;;1
23/04/2015;12:19:00;152;com vítima;149,773;BR-101/SC;Sul;Colisão Lateral;1;1;1;;;;1
23/04/2015;14:57:00;191;sem vítima;157,4;BR-101/SC;Sul;Colisão Traseira;1;2;;;;;1
23/04/2015;15:47:00;211;sem vítima;192,647;BR-101/SC;Norte;Colisão Lateral;1;2;;;;;1
23/04/2015;12:02:00;145;sem vítima;207,88;BR-101/SC;Norte;Engavetamento;1;3;;;;;1
23/04/2015;18:16:00;264;com vítima;212,03;BR-101/SC;Sul;Colisão Lateral;1;1;;1;;;2
23/04/2015;18:59:00;260;sem vítima;215,1;BR-101/SC;Norte;Colisão Lateral;1;2;;;;;1
23/04/2015;08:29:00;70;sem vítima;243,05;BR-101/SC;Norte;Choque - Cancela de Pedagio;1;1;;;;;1
23/04/2015;14:03:00;173;com vítima;665,1;BR-376/PR;Sul;Outros - Sequência;3;3;1;;;;1
23/04/2015;17:38:00;252;sem vítima;670,906;BR-376/PR;Norte;Choque - Defensa, barreira ou "submarino";1;1;;;;;1
24/04/2015;11:16:00;173;sem vítima;1,35;BR-101/SC;Norte;Colisão Traseira;1;2;;;;;1
24/04/2015;20:45:00;355;sem vítima;2,001;BR-101/SC;Sul;Colisão Traseira;2;3;;;;;1
24/04/2015;21:25:00;366;sem vítima;2,001;BR-101/SC;Norte;Colisão Lateral;1;2;;;;;1
24/04/2015;10:05:00;137;com vítima;95,001;BR-116/PR;Norte;Colisão Traseira;1;2;1;;;;1
24/04/2015;13:18:00;211;sem vítima;157,404;BR-101/SC;Sul;Colisão Traseira;2;2;;;;;1
24/04/2015;13:47:00;218;sem vítima;163,1;BR-101/SC;Norte;Colisão Lateral;1;2;;;;;1
24/04/2015;16:59:00;300;sem vítima;203,1;BR-101/SC;Norte;Colisão Traseira;1;3;;;;;1
24/04/2015;10:06:00;138;sem vítima;205,05;BR-101/SC;Sul;Colisão Traseira;1;2;;;;;1
24/04/2015;12:34:00;194;sem vítima;635,1;BR-376/PR;Sul;Colisão Lateral;1;2;;;;;1
24/04/2015;06:40:00;52;com vítima;665,883;BR-376/PR;Sul;Colisão Traseira;2;1;1;;;;1
25/04/2015;10:30:00;152;sem vítima;243,7;BR-101/SC;Sul;Colisão Lateral;2;2;;;;;1
25/04/2015;14:38:00;205;sem vítima;660,001;BR-376/PR;Sul;Colisão Lateral;1;2;;;;;1
25/04/2015;15:19:00;215;com vítima;661,1;BR-376/PR;Sul;Engavetamento;3;5;1;1;;;2
26/04/2015;18:00:00;231;sem vítima;79,7;BR-101/SC;Sul;Colisão Traseira;1;3;;;;;1
26/04/2015;13:32:00;148;com vítima;109,001;BR-116/PR;Sul;Colisão Lateral;1;1;1;;;;1
26/04/2015;03:50:00;36;sem vítima;201,9;BR-101/SC;Norte;Colisão Lateral;1;2;;;;;1
26/04/2015;09:37:00;96;sem vítima;665,053;BR-376/PR;Sul;Tombamento;1;1;;;;;1
26/04/2015;17:53:00;230;sem vítima;669,001;BR-376/PR;Norte;Colisão Traseira;2;2;;;;;1
27/04/2015;00:42:00;20;com vítima;7,8;BR-101/SC;Norte;Colisão Traseira;2;2;1;;;;1
27/04/2015;13:11:00;194;sem vítima;199,001;BR-101/SC;Sul;Colisão Lateral;1;2;;;;;1
27/04/2015;23:07:00;332;sem vítima;665,001;BR-376/PR;Norte;Saida de Pista;1;1;;;;;1
28/04/2015;12:10:00;172;sem vítima;36,101;BR-101/SC;Norte;Colisão Traseira;1;2;;;;;1
28/04/2015;23:34:00;326;sem vítima;71,7;BR-101/SC;Norte;Colisão Traseira;1;2;;;;;1
28/04/2015;20:18:00;297;sem vítima;104,9;BR-101/SC;Sul;Colisão Lateral;1;2;;;;;1
28/04/2015;21:33:00;307;sem vítima;106,4;BR-101/SC;Sul;Colisão Traseira;1;2;;;;;1
28/04/2015;14:20:00;200;sem vítima;170,8;BR-101/SC;Sul;Colisão Transversal;1;2;;;;;1
28/04/2015;17:24:00;251;sem vítima;205,1;BR-101/SC;Norte;Colisão Lateral;1;2;;;;;1
28/04/2015;16:47:00;240;sem vítima;207,45;BR-101/SC;Sul;Colisão Lateral;1;2;;;;;1
28/04/2015;22:55:00;319;com vítima;211,3;BR-101/SC;Sul;Colisão Lateral;1;2;1;;;;1
28/04/2015;06:27:00;57;com vítima;212,212;BR-101/SC;Norte;Colisão Traseira;1;1;1;;;;1
28/04/2015;20:11:00;296;sem vítima;629,4;BR-376/PR;Norte;Tombamento;1;1;;;;;1
28/04/2015;07:00:00;67;sem vítima;673,001;BR-376/PR;Sul;Colisão Lateral;2;3;;;;;1
29/04/2015;22:59:00;365;sem vítima;63,001;BR-101/SC;Sul;Colisão Traseira;1;2;;;;;1
29/04/2015;11:34:00;178;sem vítima;157,404;BR-101/SC;Sul;Colisão Traseira;2;2;;;;;1
29/04/2015;21:49:00;355;sem vítima;184,8;BR-101/SC;Norte;Colisão Traseira;2;2;;;;;1
29/04/2015;16:16:00;272;sem vítima;203,23;BR-101/SC;Norte;Choque - Elemento de Drenagem;1;1;;;;;1
29/04/2015;20:08:00;331;sem vítima;207,55;BR-101/SC;Sul;Colisão Lateral;1;2;;;;;1
29/04/2015;07:29:00;79;sem vítima;216,101;BR-101/SC;Norte;Colisão Traseira;1;2;;;;;1
29/04/2015;08:00:00;118;sem vítima;216,101;BR-101/SC;Norte;Colisão Lateral;1;3;;;;;1
29/04/2015;07:38:00;87;sem vítima;641,001;BR-376/PR;Sul;Colisão Lateral;1;3;;;;;1
29/04/2015;15:55:00;254;sem vítima;672,001;BR-376/PR;Sul;Choque - Objeto sobre a pista;1;2;;;;;1
30/04/2015;15:07:00;235;sem vítima;95,001;BR-116/PR;Sul;Colisão Traseira;2;2;;;;;1
30/04/2015;08:33:00;112;sem vítima;109,699;BR-116/PR;Sul;Engavetamento;2;3;;;;;1
30/04/2015;15:51:00;256;sem vítima;115,001;BR-101/SC;Sul;Colisão Lateral;1;2;;;;;1
30/04/2015;02:47:00;29;sem vítima;116,001;BR-101/SC;Norte;Colisão Traseira;1;2;;;;;1
30/04/2015;05:52:00;58;sem vítima;118,001;BR-101/SC;Norte;Colisão Traseira;1;2;;;;;1
30/04/2015;06:20:00;65;sem vítima;213,005;BR-101/SC;Norte;Colisão Traseira;2;2;;;;;1
01/06/2015;08:01:00;68;sem vítima;5,001;BR-101/SC;Sul;Colisão Lateral;1;2;;;;;1
01/06/2015;06:23:00;44;sem vítima;95,099;BR-116/PR;Norte;Tombamento;2;2;;;;;1
01/06/2015;21:10:00;296;com vítima;121,55;BR-101/SC;Sul;Colisão Traseira;1;2;1;;;;1
01/06/2015;20:54:00;290;com vítima;121,6;BR-101/SC;Sul;Atropelamento - Andarilho;1;1;;;;1;3
01/06/2015;16:16:00;229;com vítima;132,301;BR-101/SC;Sul;Colisão Traseira;1;1;;1;;;2
01/06/2015;07:46:00;65;sem vítima;197,4;BR-101/SC;Norte;Colisão Traseira;1;3;;;;;1
01/06/2015;21:12:00;298;sem vítima;672,3;BR-376/PR;Sul;Colisão Traseira;3;3;;;;;1
02/06/2015;19:05:00;286;sem vítima;14,1;BR-101/SC;Norte;Colisão Lateral;1;2;;;;;1
02/06/2015;23:50:00;352;sem vítima;16,05;BR-101/SC;Norte;Saida de Pista;1;1;;;;;1
02/06/2015;17:11:00;252;sem vítima;20,8;BR-101/SC;Sul;Colisão Traseira;1;2;;;;;1
02/06/2015;19:36:00;301;com vítima;108,2;BR-101/SC;Sul;Colisão Traseira;1;1;1;1;;;2
02/06/2015;19:59:00;310;sem vítima;145,001;BR-101/SC;Norte;Colisão Lateral;1;2;;;;;1
03/06/2015;10:21:00;134;sem vítima;1,35;BR-101/SC;Sul;Colisão Lateral;1;2;;;;;1
03/06/2015;12:10:00;178;sem vítima;27,01;BR-101/SC;Sul;Colisão Traseira;1;2;;;;;1
03/06/2015;09:14:00;104;sem vítima;44,52;BR-101/SC;Sul;Colisão Traseira;2;2;;;;;1
03/06/2015;08:55:00;94;com vítima;46,54;BR-101/SC;Sul;Colisão Traseira;2;2;;1;;;2
03/06/2015;21:01:00;329;sem vítima;111,3;BR-116/PR;Sul;Engavetamento;1;3;;;;;1
03/06/2015;20:47:00;320;sem vítima;111,001;BR-101/SC;Sul;Saida de Pista;1;1;;;;;1
03/06/2015;07:52:00;67;com vítima;139,601;BR-101/SC;Sul;Colisão Traseira;1;2;1;1;;;2
03/06/2015;20:46:00;318;sem vítima;163,5;BR-101/SC;Sul;Colisão Lateral;1;2;;;;;1
03/06/2015;01:03:00;18;sem vítima;630,3;BR-376/PR;Norte;Saida de Pista;1;1;;;;;1
04/06/2015;16:04:00;235;sem vítima;197,4;BR-101/SC;Sul;Colisão Lateral;1;2;;;;;1
05/06/2015;05:51:00;49;com vítima;97,9;BR-116/PR;Norte;Colisão Traseira;1;1;;1;;;2
05/06/2015;09:52:00;112;sem vítima;111,699;BR-101/SC;Norte;Outros;1;1;;;;;1
05/06/2015;18:59:00;305;com vítima;182,001;BR-101/SC;Sul;Engavetamento;2;2;;1;;;2
05/06/2015;21:54:00;352;com vítima;206,001;BR-101/SC;Norte;Colisão Traseira;1;1;1;;;;1
05/06/2015;19:32:00;312;com vítima;207,001;BR-101/SC;Norte;Engavetamento;1;3;1;;;;1
05/06/2015;04:29:00;42;com vítima;212,725;BR-101/SC;Sul;Colisão Transversal;1;1;1;;;;1
06/06/2015;02:26:00;30;sem vítima;129,5;BR-101/SC;Norte;Tombamento;1;1;;;;;1
06/06/2015;21:14:00;301;sem vítima;650,6;BR-376/PR;Sul;Tombamento;1;1;;;;;1
07/06/2015;10:37:00;113;sem vítima;46,001;BR-101/SC;Sul;Engavetamento;3;3;;;;;1
08/06/2015;03:45:00;40;sem vítima;56,307;BR-101/SC;Sul;Saida de Pista;1;1;;;;;1
08/06/2015;17:27:00;254;sem vítima;116,45;BR-101/SC;Norte;Colisão Traseira;1;2;;;;;1
08/06/2015;18:50:00;276;sem vítima;123,001;BR-101/SC;Sul;Engavetamento;1;3;;;;;1
08/06/2015;15:56:00;220;sem vítima;125,06;BR-101/SC;Norte;Colisão Traseira;1;2;;;;;1
08/06/2015;16:05:00;227;sem vítima;202,2;BR-101/SC;Norte;Colisão Lateral;1;2;;;;;1
08/06/2015;10:20:00;135;sem vítima;648,599;BR-376/PR;Norte;Colisão Lateral;1;2;;;;;1
09/06/2015;10:53:00;120;sem vítima;12,5;BR-101/SC;Norte;Colisão Traseira;1;2;;;;;1
09/06/2015;08:03:00;68;sem vítima;102,001;BR-101/SC;Sul;Tombamento;1;1;;;;;1
09/06/2015;10:38:00;114;sem vítima;112,699;BR-116/PR;Norte;Saida de Pista;1;1;;;;;1
09/06/2015;08:41:00;79;sem vítima;204,5;BR-101/SC;Sul;Engavetamento;1;3;;;;;1
09/06/2015;12:11:00;146;com vítima;207,33;BR-101/SC;Sul;Colisão Traseira;2;2;1;;;;1
09/06/2015;15:46:00;207;sem vítima;208,35;BR-101/SC;Norte;Colisão Lateral;1;2;;;;;1
09/06/2015;11:19:00;130;sem vítima;215,6;BR-101/SC;Sul;Engavetamento;1;3;;;;;1
09/06/2015;22:16:00;294;sem vítima;668,001;BR-376/PR;Norte;Colisão Traseira;1;1;;;;;1
09/06/2015;08:53:00;85;com vítima;679,005;BR-376/PR;Sul;Saida de Pista;1;2;;;;1;3
10/06/2015;11:09:00;154;com vítima;71,301;BR-116/PR;Sul;Tombamento;1;0;1;;;;1
10/06/2015;16:58:00;264;sem vítima;117,6;BR-101/SC;Sul;Colisão Lateral;1;2;;;;;1
10/06/2015;17:23:00;270;com vítima;122,3;BR-101/SC;Norte;Choque - Defensa, barreira ou "submarino";1;0;;1;;;2
10/06/2015;18:14:00;286;sem vítima;139,2;BR-101/SC;Sul;Colisão Lateral;1;4;;;;;1
10/06/2015;12:49:00;187;sem vítima;157,404;BR-101/SC;Sul;Colisão Traseira;1;2;;;;;1
10/06/2015;07:26:00;70;com vítima;160,5;BR-101/SC;Sul;Colisão Lateral;2;2;1;;;;1
10/06/2015;19:50:00;310;com vítima;668,56;BR-376/PR;Sul;Choque - Defensa, barreira ou "submarino";1;1;;;1;;2
11/06/2015;17:54:00;279;sem vítima;1,35;BR-101/SC;Sul;Colisão Lateral;1;2;;;;;1
11/06/2015;20:34:00;313;sem vítima;99,231;BR-116/PR;Norte;Colisão Lateral;2;2;;;;;1
11/06/2015;00:44:00;13;com vítima;102,1;BR-116/PR;Norte;Choque - Suporte de Sinalização;1;1;1;;;;1
11/06/2015;17:25:00;267;com vítima;110,1;BR-116/PR;Sul;Colisão Traseira;1;1;1;;;;1
11/06/2015;14:20:00;213;com vítima;139,491;BR-101/SC;Sul;Colisão Traseira;1;1;;1;;;2
11/06/2015;18:03:00;286;sem vítima;631,1;BR-376/PR;Norte;Colisão Lateral;2;2;;;;;1
12/06/2015;16:07:00;219;sem vítima;134,001;BR-101/SC;Sul;Colisão Lateral;1;2;;;;;1
12/06/2015;03:25:00;52;sem vítima;169,85;BR-101/SC;Sul;Colisão Traseira;1;2;;;;;1
12/06/2015;08:23:00;77;com vítima;204,5;BR-101/SC;Norte;Colisão Traseira;1;1;2;;;;1
12/06/2015;06:27:00;54;sem vítima;212,6;BR-101/SC;Norte;Colisão Traseira;2;2;;;;;1
12/06/2015;19:52:00;284;sem vítima;663,501;BR-376/PR;Sul;Saida de Pista;1;1;;;;;1
12/06/2015;21:55:00;310;sem vítima;666,001;BR-376/PR;Sul;Colisão Traseira;1;2;;;;;1
12/06/2015;16:14:00;224;sem vítima;668,001;BR-376/PR;Norte;Saida de Pista;1;1;;;;;1
13/06/2015;08:53:00;89;sem vítima;79,65;BR-101/SC;Sul;Colisão Traseira;2;2;;;;;1
13/06/2015;05:35:00;56;sem vítima;162,001;BR-101/SC;Sul;Colisão Traseira;1;2;;;;;1
13/06/2015;10:25:00;121;sem vítima;171,1;BR-101/SC;Sul;Choque - Defensa, barreira ou "submarino";1;1;;;;;1
13/06/2015;05:52:00;59;sem vítima;635,4;BR-376/PR;Sul;Colisão Traseira;1;2;;;;;1
14/06/2015;23:10:00;330;sem vítima;138,7;BR-101/SC;Sul;Choque - Defensa, barreira ou "submarino";1;1;;;;;1
14/06/2015;13:54:00;175;sem vítima;152,95;BR-101/SC;Norte;Saida de Pista;1;1;;;;;1
14/06/2015;18:31:00;254;sem vítima;157,4;BR-101/SC;Norte;Colisão Traseira;1;2;;;;;1
14/06/2015;20:02:00;279;sem vítima;665,5;BR-376/PR;Sul;Colisão Traseira;1;2;;;;;1
15/06/2015;20:38:00;322;sem vítima;72,001;BR-116/PR;Norte;Saida de Pista;1;1;;;;;1
15/06/2015;15:06:00;216;sem vítima;79,399;BR-101/SC;Norte;Colisão Traseira;1;2;;;;;1
15/06/2015;00:39:00;23;sem vítima;103,9;BR-101/SC;Norte;Colisão Traseira;1;2;;;;;1
15/06/2015;19:05:00;302;sem vítima;111,1;BR-101/SC;Norte;Tombamento;1;1;;;;;1
15/06/2015;23:00:00;345;com vítima;117,827;BR-101/SC;Norte;Colisão Traseira;1;1;1;1;;;2
15/06/2015;18:26:00;286;com vítima;164,001;BR-101/SC;Norte;Colisão Frontal;1;1;1;;;;1
16/06/2015;15:07:00;216;sem vítima;204,98;BR-101/SC;Sul;Colisão Lateral;1;2;;;;;1
16/06/2015;18:57:00;277;sem vítima;206,549;BR-101/SC;Sul;Colisão Lateral;1;2;;;;;1
16/06/2015;12:29:00;168;com vítima;216,005;BR-101/SC;Sul;Atropelamento - Andarilho;1;1;;1;;;2
16/06/2015;18:29:00;276;sem vítima;618,001;BR-376/PR;Norte;Colisão Transversal;1;2;;;;;1
16/06/2015;15:53:00;234;sem vítima;671,7;BR-376/PR;Sul;Saida de Pista;1;1;;;;;1
17/06/2015;13:33:00;173;sem vítima;37,9;BR-101/SC;Norte;Colisão Lateral;1;2;;;;;1
17/06/2015;13:41:00;174;sem vítima;38,5;BR-101/SC;Norte;Colisão Traseira;2;3;;;;;1
17/06/2015;17:14:00;234;com vítima;205,518;BR-101/SC;Sul;Colisão Lateral;2;2;;;;1;3
17/06/2015;18:55:00;268;sem vítima;206,631;BR-101/SC;Sul;Colisão Lateral;1;2;;;;;1
17/06/2015;11:23:00;139;com vítima;212,505;BR-101/SC;Sul;Colisão Lateral;1;1;;;;1;3
17/06/2015;15:10:00;198;sem vítima;650,811;BR-376/PR;Norte;Tombamento;1;1;;;;;1
17/06/2015;01:37:00;27;sem vítima;671,7;BR-376/PR;Sul;Saida de Pista;1;1;;;;;1
18/06/2015;20:48:00;261;sem vítima;12,87;BR-101/SC;Sul;Colisão Traseira;1;2;;;;;1
18/06/2015;11:13:00;119;sem vítima;49,2;BR-101/SC;Sul;Choque - Objeto sobre a pista;1;1;;;;;1
18/06/2015;08:13:00;68;sem vítima;92,408;BR-116/PR;Sul;Saida de Pista;1;1;;;;;1
18/06/2015;20:35:00;258;com vítima;102,5;BR-116/PR;Sul;Colisão Traseira;2;2;4;1;;;2
18/06/2015;19:20:00;238;com vítima;107,001;BR-116/PR;Sul;Engavetamento;3;3;;1;;;2
18/06/2015;12:17:00;136;com vítima;127,2;BR-101/SC;Norte;Choque - Defensa, barreira ou "submarino";1;3;;3;;1;3
18/06/2015;08:41:00;78;sem vítima;214,88;BR-101/SC;Norte;Colisão Traseira;1;2;;;;;1
18/06/2015;10:52:00;114;sem vítima;633,4;BR-376/PR;Sul;Saida de Pista;1;1;;;;;1
18/06/2015;10:12:00;102;sem vítima;657,15;BR-376/PR;Sul;Saida de Pista;1;1;;;;;1
18/06/2015;17:28:00;213;sem vítima;668,1;BR-376/PR;Sul;Colisão Lateral;1;3;;;;;1
18/06/2015;17:13:00;209;com vítima;668,3;BR-376/PR;Sul;Tombamento;1;0;;1;;;2
18/06/2015;05:01:00;44;sem vítima;671,7;BR-376/PR;Sul;Saida de Pista;1;1;;;;;1
19/06/2015;17:47:00;334;sem vítima;46,8;BR-101/SC;Norte;Colisão Lateral;1;2;;;;;1
19/06/2015;09:10:00;91;com vítima;79,35;BR-101/SC;Norte;Colisão Traseira;1;1;1;;;;1
19/06/2015;18:08:00;303;sem vítima;193,393;BR-101/SC;Norte;Colisão Traseira;1;2;;;;;1
19/06/2015;16:50:00;272;com vítima;206,345;BR-101/SC;Norte;Colisão Lateral;1;1;1;;;;1
19/06/2015;06:02:00;53;sem vítima;215,015;BR-101/SC;Norte;Colisão Lateral;1;4;;;;;1
19/06/2015;06:19:00;54;sem vítima;614,766;BR-376/PR;Norte;Colisão Traseira;2;2;;;;;1
19/06/2015;15:24:00;242;sem vítima;650,1;BR-376/PR;Norte;Choque - Defensa, barreira ou "submarino";1;1;;;;;1
19/06/2015;07:15:00;83;sem vítima;660,401;BR-376/PR;Sul;Saida de Pista;1;1;;;;;1
20/06/2015;05:42:00;51;sem vítima;79,65;BR-101/SC;Sul;Choque - Outros;1;1;;;;;1
20/06/2015;08:41:00;86;sem vítima;105,136;BR-101/SC;Norte;Colisão Lateral;2;2;;;;;1
20/06/2015;10:31:00;132;sem vítima;117,225;BR-101/SC;Norte;Colisão Traseira;1;2;;;;;1
20/06/2015;22:31:00;331;sem vítima;655,001;BR-376/PR;Norte;Saida de Pista;1;1;;;;;1
21/06/2015;11:21:00;159;com vítima;114,6;BR-116/PR;Norte;Tombamento;1;0;1;;;;1
22/06/2015;06:40:00;53;sem vítima;121,611;BR-101/SC;Norte;Saida de Pista;1;1;;;;;1
22/06/2015;16:41:00;234;sem vítima;194,6;BR-101/SC;Norte;Saida de Pista;1;1;;;;;1
22/06/2015;11:26:00;159;sem vítima;214,25;BR-101/SC;Norte;Colisão Lateral;1;2;;;;;1
22/06/2015;18:28:00;255;sem vítima;661,5;BR-376/PR;Sul;Saida de Pista;1;1;;;;;1
23/06/2015;06:44:00;52;sem vítima;85,432;BR-101/SC;Norte;Colisão Lateral;1;2;;;;;1
23/06/2015;09:18:00;102;sem vítima;98,7;BR-116/PR;Sul;Colisão Traseira;2;2;;;;;1
23/06/2015;10:36:00;141;sem vítima;106,668;BR-116/PR;Sul;Saida de Pista;1;1;;;;;1
23/06/2015;16:57:00;260;sem vítima;106,64;BR-101/SC;Norte;Colisão Transversal;1;2;;;;;1
23/06/2015;19:09:00;296;com vítima;106,98;BR-101/SC;Sul;Colisão Lateral;1;1;1;;;;1
23/06/2015;18:07:00;283;sem vítima;108,001;BR-116/PR;Sul;Colisão Traseira;1;2;;;;;1
23/06/2015;22:33:00;334;sem vítima;162,4;BR-101/SC;Sul;Saida de Pista;1;2;;;;;1
23/06/2015;01:21:00;21;sem vítima;176,61;BR-101/SC;Sul;Colisão Traseira;1;2;;;;;1
23/06/2015;07:40:00;60;sem vítima;213,001;BR-101/SC;Norte;Colisão Transversal;1;2;;;;;1
23/06/2015;10:12:00;130;sem vítima;671,7;BR-376/PR;Sul;Saida de Pista;1;2;;;;;1
24/06/2015;18:39:00;272;sem vítima;101,6;BR-116/PR;Sul;Saida de Pista;1;1;;;;;1
24/06/2015;11:03:00;141;sem vítima;102,5;BR-101/SC;Norte;Engavetamento;1;6;;;;;1
24/06/2015;15:47:00;226;sem vítima;210,525;BR-101/SC;Sul;Colisão Lateral;1;2;;;;;1
24/06/2015;09:20:00;113;sem vítima;227,604;BR-101/SC;Norte;Tombamento;1;1;;;;;1
25/06/2015;16:30:00;243;sem vítima;31,1;BR-101/SC;Sul;Colisão Traseira;1;2;;;;;1
25/06/2015;14:58:00;215;sem vítima;57,75;BR-101/SC;Sul;Tombamento;1;2;;;;;1
25/06/2015;10:07:00;124;sem vítima;70,68;BR-101/SC;Sul;Tombamento;1;1;;;;;1
25/06/2015;08:40:00;84;com vítima;113,7;BR-116/PR;Sul;Colisão Lateral;1;1;1;;;;1
25/06/2015;14:30:00;204;com vítima;120,579;BR-101/SC;Sul;Colisão Traseira;2;1;1;;;;1
25/06/2015;11:42:00;154;com vítima;139,405;BR-101/SC;Sul;Engavetamento;1;5;1;;;;1
25/06/2015;14:35:00;220;sem vítima;205,5;BR-101/SC;Sul;Colisão Lateral;1;2;;;;;1
25/06/2015;11:57:00;162;sem vítima;659,8;BR-376/PR;Norte;Colisão Lateral;2;2;;;;;1
25/06/2015;09:42:00;108;sem vítima;665,001;BR-376/PR;Sul;Colisão Traseira;2;2;;;;;1
26/06/2015;10:44:00;130;sem vítima;67,4;BR-101/SC;Norte;Colisão Lateral;1;3;;;;;1
26/06/2015;18:00:00;260;sem vítima;181,8;BR-101/SC;Sul;Colisão Traseira;1;2;;;;;1
26/06/2015;09:56:00;113;sem vítima;207,601;BR-101/SC;Sul;Colisão Traseira;2;2;;;;;1
26/06/2015;22:24:00;320;sem vítima;629,9;BR-376/PR;Norte;Tombamento;1;1;;;;;1
26/06/2015;22:56:00;328;com vítima;674,001;BR-376/PR;Sul;Colisão Traseira;1;1;;1;;;2
27/06/2015;05:56:00;54;sem vítima;1,35;BR-101/SC;Norte;Colisão Traseira;1;2;;;;;1
28/06/2015;15:51:00;188;sem vítima;53,1;BR-101/SC;Norte;Colisão Lateral;1;2;;;;;1
28/06/2015;20:46:00;274;sem vítima;150,555;BR-101/SC;Sul;Colisão Lateral;1;2;;;;;1
28/06/2015;23:58:00;308;sem vítima;638,6;BR-376/PR;Norte;Colisão Traseira;2;2;;;;;1
28/06/2015;13:33:00;152;sem vítima;668,555;BR-376/PR;Sul;Tombamento;1;1;;;;;1