data;horario;n_da_ocorrencia;tipo_de_ocorrencia;km;trecho;sentido;tipo_de_acidente;caminhao;ilesos;levemente_feridos;moderadamente_feridos;gravemente_feridos;mortos;3
29/06/2015;18:39:00;274;sem vítima;132,8;BR-101/SC;Sul;Colisão Traseira;1;2;;;;;1
29/06/2015;18:22:00;266;com vítima;145,965;BR-101/SC;Norte;Engavetamento;1;5;;;1;;2
29/06/2015;18:33:00;271;sem vítima;161,818;BR-101/SC;Norte;Colisão Traseira;1;2;;;;;1
29/06/2015;04:45:00;39;sem vítima;193,15;BR-101/SC;Norte;Choque - Defensa, barreira ou "submarino";1;1;;;;;1
29/06/2015;15:47:00;222;com vítima;202,064;BR-101/SC;Norte;Queda de Moto;1;1;;;;1;3
29/06/2015;10:21:00;129;sem vítima;671,7;BR-376/PR;Sul;Saida de Pista;1;1;;;;;1
30/06/2015;15:45:00;198;com vítima;65,001;BR-101/SC;Sul;Colisão Traseira;1;2;3;;;;1
30/06/2015;11:41:00;136;com vítima;668,1;BR-376/PR;Sul;Tombamento;1;0;;1;;;2
01/07/2015;10:05:00;118;sem vítima;94,707;BR-116/PR;Sul;Saida de Pista;1;2;;;;;1
01/07/2015;15:42:00;242;sem vítima;114,3;BR-116/PR;Norte;Engavetamento;2;4;;;;;1
01/07/2015;08:02:00;73;sem vítima;116,901;BR-101/SC;Norte;Colisão Lateral;1;2;;;;;1
01/07/2015;09:00:00;106;sem vítima;123,101;BR-101/SC;Norte;Colisão Transversal;1;2;;;;;1
01/07/2015;04:45:00;41;sem vítima;123,13;BR-101/SC;Norte;Tombamento;1;1;;;;;1
01/07/2015;06:37:00;48;sem vítima;143,95;BR-101/SC;Sul;Colisão Traseira;2;3;;;;;1
01/07/2015;13:37:00;202;sem vítima;676,01;BR-376/PR;Sul;Saida de Pista;2;2;;;;;1
02/07/2015;11:02:00;145;sem vítima;84,115;BR-116/PR;Sul;Saida de Pista;1;1;;;;;1
02/07/2015;19:35:00;314;sem vítima;183,001;BR-101/SC;Sul;Choque - Objeto sobre a pista;1;3;;;;;1
02/07/2015;08:12:00;73;sem vítima;217,3;BR-101/SC;Sul;Colisão Lateral;1;2;;;;;1
02/07/2015;13:23:00;191;sem vítima;666,005;BR-376/PR;Norte;Colisão Lateral;1;2;;;;;1
03/07/2015;18:55:00;306;sem vítima;39,7;BR-101/SC;Norte;Engavetamento;1;3;;;;;1
03/07/2015;18:37:00;300;sem vítima;40,001;BR-101/SC;Sul;Colisão Lateral;1;3;;;;;1
03/07/2015;11:20:00;174;com vítima;105,001;BR-116/PR;Norte;Colisão Traseira;2;1;2;1;;;2
03/07/2015;19:19:00;316;sem vítima;154,8;BR-101/SC;Sul;Choque - Objeto sobre a pista;1;3;;;;;1
03/07/2015;18:42:00;303;sem vítima;168,8;BR-101/SC;Sul;Colisão Traseira;1;3;;;;;1
03/07/2015;16:32:00;265;sem vítima;202,001;BR-101/SC;Norte;Colisão Lateral;1;2;;;;;1
03/07/2015;01:25:00;20;sem vítima;206,897;BR-101/SC;Sul;Colisão Traseira;1;2;;;;;1
03/07/2015;18:30:00;299;com vítima;636,1;BR-376/PR;Sul;Choque - Defensa, barreira ou "submarino";1;0;1;;;;1
03/07/2015;00:43:00;9;sem vítima;673,001;BR-376/PR;Norte;Saida de Pista;1;2;;;;;1
04/07/2015;04:41:00;58;com vítima;72,001;BR-101/SC;Sul;Colisão Traseira;2;1;1;;;;1
04/07/2015;10:42:00;144;sem vítima;139,001;BR-101/SC;Sul;Colisão Traseira;1;2;;;;;1
04/07/2015;23:22:00;307;sem vítima;157,5;BR-101/SC;Norte;Colisão Traseira;1;4;;;;;1
04/07/2015;05:42:00;68;sem vítima;206,2;BR-101/SC;Sul;Colisão Traseira;1;2;;;;;1
04/07/2015;04:35:00;57;com vítima;675,097;BR-376/PR;Sul;Colisão Traseira;1;1;;;;2;3
05/07/2015;19:04:00;239;sem vítima;82,392;BR-101/SC;Sul;Engavetamento;1;5;;;;;1
05/07/2015;05:45:00;34;sem vítima;92,001;BR-116/PR;Norte;Saida de Pista;1;2;;;;;1
06/07/2015;15:16:00;207;sem vítima;24,2;BR-101/SC;Norte;Colisão Lateral;1;2;;;;;1
06/07/2015;19:14:00;268;sem vítima;201,2;BR-101/SC;Norte;Colisão Traseira;1;2;;;;;1
06/07/2015;11:12:00;144;sem vítima;204,01;BR-101/SC;Sul;Colisão Lateral;1;2;;;;;1
06/07/2015;20:25:00;297;sem vítima;663,001;BR-376/PR;Sul;Colisão Traseira;2;2;;;;;1
07/07/2015;16:16:00;217;sem vítima;79,4;BR-101/SC;Norte;Colisão Lateral;1;2;;;;;1
07/07/2015;15:21:00;200;sem vítima;213,25;BR-101/SC;Norte;Colisão Traseira;2;2;;;;;1
07/07/2015;06:47:00;44;sem vítima;215,001;BR-101/SC;Norte;Colisão Lateral;1;2;;;;;1
07/07/2015;20:11:00;272;sem vítima;617,2;BR-376/PR;Norte;Tombamento;1;1;;;;;1
08/07/2015;12:50:00;144;sem vítima;1,35;BR-101/SC;Sul;Choque - Outros;1;1;;;;;1
08/07/2015;14:27:00;171;sem vítima;51,01;BR-101/SC;Norte;Saida de Pista;1;2;;;;;1
08/07/2015;14:15:00;169;sem vítima;97,9;BR-116/PR;Sul;Saida de Pista;1;1;;;;;1
08/07/2015;12:24:00;136;sem vítima;104,101;BR-116/PR;Norte;Saida de Pista;1;1;;;;;1
08/07/2015;09:50:00;98;sem vítima;114,201;BR-116/PR;Sul;Saida de Pista;1;1;;;;;1
08/07/2015;10:22:00;105;com vítima;116,6;BR-101/SC;Norte;Colisão Lateral;1;4;;1;;;2
08/07/2015;14:04:00;166;sem vítima;118,001;BR-101/SC;Sul;Colisão Lateral;2;3;;;;;1
08/07/2015;09:55:00;100;sem vítima;122,05;BR-101/SC;Norte;Colisão Lateral;2;2;;;;;1
08/07/2015;09:54:00;99;sem vítima;151,001;BR-101/SC;Sul;Colisão Traseira;1;3;;;;;1
08/07/2015;15:00:00;178;sem vítima;174,97;BR-101/SC;Norte;Tombamento;1;1;;;;;1
08/07/2015;18:46:00;248;sem vítima;196,6;BR-101/SC;Sul;Colisão Lateral;1;2;;;;;1
08/07/2015;13:20:00;153;sem vítima;203,4;BR-101/SC;Sul;Colisão Lateral;1;2;;;;;1
08/07/2015;07:24:00;48;sem vítima;216,001;BR-101/SC;Norte;Engavetamento;1;5;;;;;1
08/07/2015;10:54:00;118;sem vítima;617,089;BR-376/PR;Sul;Saida de Pista;1;3;;;;;1
08/07/2015;15:51:00;188;sem vítima;671,3;BR-376/PR;Sul;Colisão Traseira;1;2;;;;;1
08/07/2015;10:43:00;117;sem vítima;676,95;BR-376/PR;Norte;Engavetamento;1;6;;;;;1
09/07/2015;21:24:00;399;com vítima;61,412;BR-101/SC;Sul;Colisão Traseira;1;1;;;1;1;3
09/07/2015;11:38:00;177;com vítima;75,2;BR-101/SC;Sul;Choque - Objeto sobre a pista;1;1;;;1;;2
09/07/2015;06:57:00;68;sem vítima;122,675;BR-101/SC;Norte;Colisão Traseira;1;3;;;;;1
09/07/2015;06:41:00;66;com vítima;122,795;BR-101/SC;Norte;Queda de Moto;1;1;1;;;;1
09/07/2015;22:52:00;412;sem vítima;209,3;BR-101/SC;Norte;Colisão Lateral;1;2;;;;;1
09/07/2015;15:35:00;262;sem vítima;214,001;BR-101/SC;Norte;Colisão Traseira;2;2;;;;;1
09/07/2015;14:46:00;250;com vítima;665,997;BR-376/PR;Sul;Colisão Traseira;1;3;3;;;;1
10/07/2015;18:29:00;295;sem vítima;85,801;BR-101/SC;Norte;Colisão Lateral;1;2;;;;;1
10/07/2015;10:06:00;129;sem vítima;108,5;BR-101/SC;Sul;Colisão Traseira;2;3;;;;;1
10/07/2015;09:50:00;117;sem vítima;110,4;BR-101/SC;Sul;Colisão Traseira;2;2;;;;;1
10/07/2015;20:17:00;323;sem vítima;172,172;BR-101/SC;Norte;Colisão Lateral;1;2;;;;;1
10/07/2015;15:56:00;234;com vítima;207,019;BR-101/SC;Sul;Engavetamento;1;3;1;;;;1
10/07/2015;20:39:00;328;sem vítima;209,193;BR-101/SC;Norte;Colisão Lateral;1;2;;;;;1
10/07/2015;09:25:00;104;sem vítima;215,001;BR-101/SC;Norte;Colisão Traseira;1;2;;;;;1
10/07/2015;20:28:00;325;sem vítima;665,903;BR-376/PR;Sul;Tombamento;1;1;;;;;1
11/07/2015;11:47:00;151;sem vítima;168,799;BR-101/SC;Sul;Colisão Traseira;1;2;;;;;1
11/07/2015;11:02:00;139;sem vítima;205,9;BR-101/SC;Norte;Colisão Traseira;2;2;;;;;1
11/07/2015;10:16:00;124;sem vítima;644,88;BR-376/PR;Sul;Colisão Traseira;1;2;;;;;1
12/07/2015;17:15:00;238;sem vítima;104,1;BR-116/PR;Norte;Saida de Pista;1;1;;;;;1
12/07/2015;19:40:00;279;sem vítima;119,9;BR-101/SC;Sul;Saida de Pista;1;1;;;;;1
12/07/2015;15:48:00;211;sem vítima;215,001;BR-101/SC;Norte;Colisão Traseira;1;2;;;;;1
12/07/2015;01:07:00;25;sem vítima;671,7;BR-376/PR;Sul;Saida de Pista;1;1;;;;;1
13/07/2015;12:34:00;183;sem vítima;1,35;BR-101/SC;Sul;Colisão Traseira;1;2;;;;;1
13/07/2015;20:00:00;301;sem vítima;9,619;BR-101/SC;Sul;Saida de Pista;1;1;;;;;1
13/07/2015;08:20:00;95;sem vítima;124,01;BR-101/SC;Norte;Colisão Traseira;1;3;;;;;1
13/07/2015;16:37:00;255;sem vítima;134,001;BR-101/SC;Norte;Colisão Lateral;1;2;;;;;1
13/07/2015;10:19:00;151;sem vítima;213,1;BR-101/SC;Norte;Colisão Lateral;1;2;;;;;1
13/07/2015;09:28:00;120;sem vítima;214,001;BR-101/SC;Norte;Colisão Traseira;1;2;;;;;1
13/07/2015;10:04:00;145;com vítima;667,7;BR-376/PR;Sul;Tombamento;1;0;;1;;;2
14/07/2015;11:19:00;163;com vítima;101,001;BR-116/PR;Sul;Colisão Traseira;2;1;1;;;;1
14/07/2015;00:47:00;16;sem vítima;139,125;BR-101/SC;Sul;Colisão Traseira;2;2;;;;;1
14/07/2015;17:48:00;312;sem vítima;157,35;BR-101/SC;Sul;Colisão Traseira;1;2;;;;;1
14/07/2015;18:07:00;319;sem vítima;182,02;BR-101/SC;Sul;Colisão Traseira;2;2;;;;;1
14/07/2015;17:52:00;314;sem vítima;205,6;BR-101/SC;Sul;Colisão Lateral;1;2;;;;;1
14/07/2015;12:26:00;191;sem vítima;208,601;BR-101/SC;Norte;Colisão Traseira;1;2;;;;;1
14/07/2015;19:36:00;347;com vítima;617,45;BR-376/PR;Sul;Colisão Transversal;1;1;1;;;;1
14/07/2015;07:30:00;56;sem vítima;671,7;BR-376/PR;Sul;Saida de Pista;1;1;;;;;1
15/07/2015;06:35:00;49;sem vítima;49,1;BR-101/SC;Norte;Colisão Lateral;1;2;;;;;1
15/07/2015;19:31:00;314;sem vítima;110,5;BR-101/SC;Norte;Choque - Objeto sobre a pista;2;3;;;;;1
15/07/2015;19:33:00;315;sem vítima;156,1;BR-101/SC;Sul;Colisão Transversal;1;2;;;;;1
15/07/2015;09:29:00;112;sem vítima;210,001;BR-101/SC;Norte;Colisão Traseira;2;2;;;;;1
15/07/2015;06:33:00;48;com vítima;212,001;BR-101/SC;Norte;Engavetamento;2;4;2;;;;1
15/07/2015;13:11:00;200;sem vítima;212,001;BR-101/SC;Sul;Colisão Lateral;1;3;;;;;1
15/07/2015;12:57:00;197;sem vítima;232,299;BR-101/SC;Sul;Colisão Traseira;1;2;;;;;1
15/07/2015;10:29:00;230;sem vítima;660,15;BR-376/PR;Sul;Colisão Traseira;1;2;;;;;1
15/07/2015;10:29:00;141;sem vítima;660,3;BR-376/PR;Sul;Tombamento;2;7;;;;;1
15/07/2015;10:29:00;229;sem vítima;660,8;BR-376/PR;Sul;Colisão Traseira;1;2;;;;;1
15/07/2015;05:55:00;43;sem vítima;679,001;BR-376/PR;Sul;Choque - Objeto sobre a pista;1;1;;;;;1
16/07/2015;16:04:00;247;sem vítima;1,35;BR-101/SC;Norte;Colisão Traseira;1;2;;;;;1
16/07/2015;12:00:00;176;sem vítima;82,001;BR-116/PR;Sul;Colisão Traseira;2;2;;;;;1
16/07/2015;20:10:00;327;sem vítima;665,001;BR-376/PR;Norte;Colisão Lateral;2;2;;;;;1
17/07/2015;02:24:00;27;sem vítima;210,001;BR-101/SC;Norte;Colisão Traseira;1;2;;;;;1
17/07/2015;13:49:00;187;sem vítima;218,001;BR-101/SC;Sul;Saida de Pista;1;1;;;;;1
17/07/2015;14:51:00;207;sem vítima;628,93;BR-376/PR;Norte;Colisão Traseira;2;3;;;;;1
17/07/2015;05:13:00;43;com vítima;668,3;BR-376/PR;Sul;Tombamento;1;0;1;;;;1
18/07/2015;23:32:00;331;sem vítima;43,7;BR-101/SC;Sul;Saida de Pista;1;1;;;;;1
18/07/2015;20:54:00;300;sem vítima;100,396;BR-116/PR;Sul;Saida de Pista;1;1;;;;;1
18/07/2015;11:07:00;147;sem vítima;618,001;BR-376/PR;Sul;Colisão Lateral;1;4;;;;;1
19/07/2015;15:10:00;198;sem vítima;75,001;BR-116/PR;Norte;Colisão Lateral;2;2;;;;;1
19/07/2015;10:10:00;113;sem vítima;84,7;BR-101/SC;Norte;Engavetamento;1;8;;;;;1
19/07/2015;18:08:00;268;com vítima;97,001;BR-116/PR;Sul;Colisão Traseira;1;1;1;;;;1
19/07/2015;21:19:00;324;sem vítima;189,5;BR-101/SC;Sul;Colisão Traseira;1;2;;;;;1
19/07/2015;02:47:00;30;sem vítima;208,4;BR-101/SC;Sul;Colisão Lateral;1;2;;;;;1
19/07/2015;19:59:00;309;sem vítima;668,601;BR-376/PR;Sul;Tombamento;1;1;;;;;1
19/07/2015;18:00:00;266;com vítima;673,131;BR-376/PR;Sul;Tombamento;1;0;2;;;;1
20/07/2015;12:24:00;172;sem vítima;67,101;BR-101/SC;Sul;Choque - Defensa, barreira ou "submarino";1;1;;;;;1
20/07/2015;10:52:00;149;sem vítima;79,45;BR-101/SC;Norte;Colisão Traseira;1;2;;;;;1
20/07/2015;18:59:00;284;sem vítima;129,8;BR-101/SC;Norte;Queda de Moto;1;3;;;;;1
20/07/2015;08:30:00;82;com vítima;209,001;BR-101/SC;Sul;Colisão Lateral;1;1;1;;;;1
20/07/2015;14:03:00;202;com vítima;211,127;BR-101/SC;Norte;Queda de Moto;1;1;;;;1;3
20/07/2015;21:20:00;309;sem vítima;232,509;BR-101/SC;Sul;Choque - Defensa, barreira ou "submarino";1;1;;;;;1
21/07/2015;12:15:00;153;sem vítima;27,594;BR-101/SC;Sul;Colisão Lateral;2;2;;;;;1
21/07/2015;18:05:00;268;sem vítima;50,2;BR-101/SC;Norte;Colisão Lateral;1;2;;;;;1
21/07/2015;17:22:00;255;sem vítima;101,8;BR-116/PR;Norte;Outros - Sequência;2;3;;;;;1
21/07/2015;17:14:00;251;sem vítima;102,2;BR-116/PR;Norte;Saida de Pista;1;1;;;;;1
21/07/2015;14:50:00;212;sem vítima;102,75;BR-116/PR;Sul;Colisão Traseira;2;2;;;;;1
21/07/2015;18:06:00;273;sem vítima;212,001;BR-101/SC;Norte;Colisão Lateral;1;2;;;;;1
21/07/2015;04:28:00;35;sem vítima;658,001;BR-376/PR;Norte;Saida de Pista;1;1;;;;;1
21/07/2015;11:04:00;128;sem vítima;673,001;BR-376/PR;Sul;Engavetamento;1;4;;;;;1
22/07/2015;14:15:00;221;com vítima;103,001;BR-116/PR;Sul;Saida de Pista;1;1;1;;;;1
23/07/2015;09:01:00;99;sem vítima;33,142;BR-101/SC;Sul;Colisão Lateral;1;2;;;;;1
23/07/2015;10:07:00;129;sem vítima;47,1;BR-101/SC;Sul;Colisão Traseira;1;2;;;;;1
23/07/2015;22:38:00;315;sem vítima;94,336;BR-101/SC;Sul;Colisão Traseira;1;2;;;;;1
23/07/2015;12:47:00;185;sem vítima;131,01;BR-101/SC;Sul;Colisão Traseira;1;2;;;;;1
23/07/2015;09:15:00;104;sem vítima;135,687;BR-101/SC;Norte;Colisão Traseira;1;2;;;;;1
23/07/2015;19:33:00;281;sem vítima;141,804;BR-101/SC;Sul;Saida de Pista;1;2;;;;;1
23/07/2015;08:49:00;93;sem vítima;157,35;BR-101/SC;Sul;Colisão Traseira;1;2;;;;;1
23/07/2015;16:51:00;240;sem vítima;197,102;BR-101/SC;Norte;Colisão Lateral;1;2;;;;;1
23/07/2015;08:54:00;95;sem vítima;208,7;BR-101/SC;Sul;Colisão Traseira;1;2;;;;;1
23/07/2015;23:51:00;324;sem vítima;243,001;BR-101/SC;Norte;Engavetamento;1;3;;;;;1
23/07/2015;12:14:00;180;sem vítima;665,5;BR-376/PR;Sul;Choque - Defensa, barreira ou "submarino";1;2;;;;;1
23/07/2015;17:44:00;255;sem vítima;667,8;BR-376/PR;Sul;Colisão Traseira;2;3;;;;;1
23/07/2015;18:03:00;263;sem vítima;673,8;BR-376/PR;Sul;Colisão Traseira;1;2;;;;;1
24/07/2015;09:47:00;129;sem vítima;101,775;BR-116/PR;Norte;Colisão Traseira;2;3;;;;;1
24/07/2015;07:03:00;64;sem vítima;106,006;BR-116/PR;Sul;Colisão Traseira;1;2;;;;;1
24/07/2015;19:21:00;326;sem vítima;106,2;BR-116/PR;Sul;Colisão Traseira;2;2;;;;;1
24/07/2015;11:36:00;173;sem vítima;114,505;BR-116/PR;Norte;Colisão Traseira;1;2;;;;;1
24/07/2015;12:19:00;181;sem vítima;130,421;BR-101/SC;Norte;Colisão Lateral;1;2;;;;;1
24/07/2015;08:19:00;90;sem vítima;135,9;BR-101/SC;Norte;Colisão Traseira;1;2;;;;;1
24/07/2015;09:08:00;111;sem vítima;142,001;BR-101/SC;Sul;Saida de Pista;1;3;;;;;1
24/07/2015;13:45:00;195;sem vítima;243,001;BR-101/SC;Norte;Colisão Traseira;1;2;;;;;1
24/07/2015;18:59:00;312;sem vítima;243,001;BR-101/SC;Sul;Colisão Traseira;1;2;;;;;1
24/07/2015;17:44:00;288;sem vítima;618,563;BR-376/PR;Norte;Saida de Pista;1;2;;;;;1
24/07/2015;17:27:00;278;sem vítima;671,7;BR-376/PR;Sul;Saida de Pista;1;1;;;;;1
24/07/2015;00:19:00;7;com vítima;673,59;BR-376/PR;Sul;Colisão Lateral;2;0;1;1;;;2
25/07/2015;15:37:00;234;sem vítima;206,001;BR-101/SC;Sul;Colisão Lateral;1;2;;;;;1
25/07/2015;19:38:00;307;sem vítima;634,001;BR-376/PR;Sul;Colisão Transversal;1;2;;;;;1
26/07/2015;20:12:00;288;sem vítima;221,001;BR-101/SC;Sul;Colisão Lateral;1;2;;;;;1
26/07/2015;03:04:00;30;sem vítima;627,001;BR-376/PR;Sul;Tombamento;1;2;;;;;1
27/07/2015;14:33:00;227;sem vítima;93,001;BR-101/SC;Sul;Colisão Traseira;1;3;;;;;1
27/07/2015;07:14:00;65;com vítima;157,92;BR-101/SC;Norte;Colisão Traseira;1;1;1;;;;1
27/07/2015;13:13:00;201;sem vítima;654,001;BR-376/PR;Sul;Colisão Traseira;2;2;;;;;1
27/07/2015;16:41:00;267;com vítima;665,534;BR-376/PR;Sul;Tombamento;1;0;;;;1;3
27/07/2015;02:54:00;39;sem vítima;671,7;BR-376/PR;Sul;Saida de Pista;1;1;;;;;1
28/07/2015;07:57:00;63;sem vítima;12,306;BR-101/SC;Sul;Colisão Traseira;1;2;;;;;1
28/07/2015;14:14:00;184;sem vítima;73,474;BR-101/SC;Sul;Colisão Traseira;1;2;;;;;1
28/07/2015;16:52:00;225;sem vítima;79,35;BR-101/SC;Norte;Colisão Traseira;1;2;;;;;1
28/07/2015;10:03:00;114;sem vítima;111,01;BR-101/SC;Sul;Engavetamento;1;4;;;;;1
29/07/2015;03:52:00;46;sem vítima;74,299;BR-116/PR;Norte;Colisão Traseira;2;4;;;;;1
29/07/2015;17:47:00;272;sem vítima;90,605;BR-101/SC;Sul;Colisão Traseira;1;2;;;;;1
29/07/2015;09:36:00;120;sem vítima;175,04;BR-101/SC;Norte;Tombamento;1;1;;;;;1
29/07/2015;12:17:00;178;sem vítima;206,001;BR-101/SC;Norte;Colisão Traseira;1;2;;;;;1
29/07/2015;11:49:00;175;com vítima;667,456;BR-376/PR;Sul;Colisão Traseira;1;1;3;;1;;2
30/07/2015;09:56:00;133;sem vítima;11,39;BR-101/SC;Sul;Colisão Traseira;1;2;;;;;1
30/07/2015;17:44:00;277;sem vítima;41,536;BR-101/SC;Norte;Engavetamento;1;3;;;;;1
30/07/2015;17:16:00;267;sem vítima;82,001;BR-101/SC;Sul;Colisão Traseira;1;2;;;;;1
30/07/2015;06:57:00;62;sem vítima;96,014;BR-101/SC;Sul;Choque - Defensa, barreira ou "submarino";1;4;;;;;1
30/07/2015;09:28:00;119;sem vítima;98,356;BR-101/SC;Norte;Colisão Traseira;1;2;;;;;1
30/07/2015;20:22:00;319;sem vítima;175,001;BR-101/SC;Norte;Tombamento;1;1;;;;;1
30/07/2015;09:27:00;118;sem vítima;671,7;BR-376/PR;Sul;Saida de Pista;1;1;;;;;1
31/07/2015;19:15:00;319;sem vítima;1,59;BR-101/SC;Sul;Colisão Traseira;1;2;;;;;1
31/07/2015;21:01:00;344;sem vítima;12,001;BR-101/SC;Sul;Colisão Lateral;2;2;;;;;1
31/07/2015;20:33:00;338;com vítima;27,7;BR-101/SC;Sul;Atropelamento - Morador;1;1;;1;;;2
31/07/2015;19:38:00;325;sem vítima;27,745;BR-101/SC;Sul;Colisão Traseira;1;1;;;;;1
31/07/2015;18:42:00;310;com vítima;70,889;BR-101/SC;Norte;Colisão Traseira;2;1;;;;1;3
31/07/2015;10:33:00;148;sem vítima;132,1;BR-101/SC;Norte;Colisão Lateral;2;4;;;;;1
31/07/2015;11:52:00;170;sem vítima;157,4;BR-101/SC;Sul;Colisão Traseira;1;2;;;;;1
31/07/2015;15:26:00;238;sem vítima;206,884;BR-101/SC;Sul;Colisão Lateral;1;2;;;;;1
31/07/2015;16:44:00;271;com vítima;666,484;BR-376/PR;Sul;Colisão Traseira;2;1;1;;;;1
01/08/2015;14:11:00;209;sem vítima;1,35;BR-101/SC;Sul;Colisão Traseira;1;2;;;;;1
01/08/2015;07:33:00;67;sem vítima;22,001;BR-101/SC;Norte;Colisão Traseira;1;2;;;;;1
01/08/2015;08:58:00;101;sem vítima;142,41;BR-101/SC;Sul;Colisão Traseira;1;2;;;;;1
01/08/2015;10:22:00;137;com vítima;668,5;BR-376/PR;Sul;Colisão Traseira;1;2;;1;1;1;3
02/08/2015;11:42:00;145;sem vítima;78,95;BR-101/SC;Norte;Colisão Lateral;1;2;;;;;1
02/08/2015;14:50:00;199;com vítima;90,721;BR-101/SC;Norte;Choque - Objeto sobre a pista;1;1;1;;;;1
02/08/2015;16:29:00;255;sem vítima;157,41;BR-101/SC;Norte;Colisão Traseira;1;2;;;;;1
02/08/2015;20:42:00;369;sem vítima;192,9;BR-101/SC;Norte;Colisão Lateral;1;2;;;;;1
03/08/2015;06:16:00;44;com vítima;40,68;BR-101/SC;Norte;Colisão Traseira;2;1;;1;;;2
03/08/2015;10:47:00;139;com vítima;133,059;BR-101/SC;Norte;Engavetamento;2;3;1;;;;1
03/08/2015;17:53:00;299;sem vítima;614,01;BR-376/PR;Norte;Colisão Traseira;1;2;;;;;1
03/08/2015;07:35:00;58;sem vítima;665,903;BR-376/PR;Sul;Tombamento;1;1;;;;;1
03/08/2015;19:08:00;318;sem vítima;673,052;BR-376/PR;Norte;Tombamento;2;2;;;;;1
04/08/2015;09:54:00;124;com vítima;83,99;BR-116/PR;Norte;Colisão Lateral;2;1;1;;;;1
04/08/2015;09:36:00;113;sem vítima;157,4;BR-101/SC;Norte;Colisão Traseira;2;2;;;;;1
04/08/2015;15:48:00;239;com vítima;162,8;BR-101/SC;Norte;Colisão Lateral;1;1;1;;;;1
04/08/2015;00:18:00;7;sem vítima;667,694;BR-376/PR;Sul;Tombamento;1;1;;;;;1
05/08/2015;16:30:00;258;sem vítima;40,708;BR-101/SC;Norte;Colisão Lateral;1;2;;;;;1
05/08/2015;16:49:00;261;sem vítima;79,4;BR-101/SC;Norte;Colisão Traseira;2;2;;;;;1
05/08/2015;17:10:00;283;sem vítima;86,5;BR-101/SC;Norte;Colisão Lateral;1;2;;;;;1
05/08/2015;07:46:00;81;sem vítima;111,75;BR-101/SC;Norte;Colisão Traseira;3;3;;;;;1
05/08/2015;07:51:00;84;com vítima;123,32;BR-101/SC;Sul;Colisão Lateral;1;1;1;;;;1
05/08/2015;14:09:00;201;sem vítima;157,4;BR-101/SC;Sul;Colisão Traseira;1;2;;;;;1
05/08/2015;07:59:00;87;com vítima;619,182;BR-376/PR;Norte;Colisão Traseira;1;1;;1;;1;3
06/08/2015;15:43:00;273;com vítima;85,902;BR-116/PR;Norte;Tombamento;1;0;1;;;;1
06/08/2015;18:05:00;321;sem vítima;107,339;BR-101/SC;Sul;Saida de Pista;1;1;;;;;1
06/08/2015;06:33:00;63;sem vítima;117,01;BR-101/SC;Norte;Colisão Lateral;2;2;;;;;1
06/08/2015;07:45:00;87;com vítima;130,843;BR-101/SC;Norte;Colisão Traseira;1;1;1;;;;1
06/08/2015;10:35:00;166;sem vítima;221,5;BR-101/SC;Sul;Colisão Lateral;1;2;;;;;1
06/08/2015;22:52:00;390;com vítima;224,001;BR-101/SC;Sul;Colisão Traseira;2;1;1;;;;1
06/08/2015;16:36:00;293;sem vítima;652,458;BR-376/PR;Norte;Tombamento;1;1;;;;;1
06/08/2015;10:58:00;180;sem vítima;666,301;BR-376/PR;Sul;Saida de Pista;1;1;;;;;1
07/08/2015;20:35:00;328;sem vítima;29,001;BR-101/SC;Sul;Choque - Defensa, barreira ou "submarino";1;2;;;;;1
07/08/2015;10:44:00;129;sem vítima;81,001;BR-101/SC;Sul;Colisão Traseira;2;2;;;;;1
07/08/2015;11:45:00;144;sem vítima;103,301;BR-116/PR;Sul;Colisão Traseira;2;2;;;;;1
07/08/2015;13:00:00;176;sem vítima;103,301;BR-116/PR;Sul;Colisão Traseira;1;2;;;;;1
07/08/2015;16:08:00;231;sem vítima;112,039;BR-101/SC;Sul;Tombamento;1;3;;;;;1
07/08/2015;09:03:00;92;sem vítima;114,501;BR-116/PR;Norte;Saida de Pista;1;1;;;;;1
07/08/2015;20:24:00;325;sem vítima;117,5;BR-101/SC;Norte;Colisão Traseira;1;2;;;;;1
07/08/2015;15:32:00;216;sem vítima;201,1;BR-101/SC;Norte;Colisão Traseira;1;2;;;;;1
07/08/2015;14:09:00;187;sem vítima;211,409;BR-101/SC;Norte;Colisão Traseira;2;2;;;;;1
07/08/2015;20:58:00;336;sem vítima;652,3;BR-376/PR;Sul;Saida de Pista;1;1;;;;;1
08/08/2015;01:45:00;31;sem vítima;48,762;BR-101/SC;Norte;Colisão Lateral;1;2;;;;;1
08/08/2015;17:37:00;297;sem vítima;58,428;BR-101/SC;Sul;Colisão Traseira;1;2;;;;;1
08/08/2015;11:43:00;166;sem vítima;163,1;BR-101/SC;Norte;Colisão Lateral;1;2;;;;;1
08/08/2015;22:00:00;357;com vítima;653,001;BR-376/PR;Sul;Colisão Traseira;1;3;1;;;;1
08/08/2015;08:55:00;108;sem vítima;672,801;BR-376/PR;Sul;Colisão Traseira;1;2;;;;;1
09/08/2015;21:49:00;311;sem vítima;157,4;BR-101/SC;Sul;Colisão Traseira;1;2;;;;;1
10/08/2015;05:21:00;51;sem vítima;96,698;BR-116/PR;Norte;Atropelamento de Animal;1;1;;;;;1
10/08/2015;20:14:00;314;sem vítima;106,7;BR-116/PR;Norte;Colisão Traseira;1;2;;;;;1
10/08/2015;16:02:00;236;com vítima;111,561;BR-101/SC;Norte;Colisão Traseira;1;1;1;;;;1
10/08/2015;08:18:00;83;sem vítima;114,5;BR-116/PR;Sul;Choque - Defensa, barreira ou "submarino";1;1;;;;;1
10/08/2015;06:50:00;61;sem vítima;656,66;BR-376/PR;Norte;Engavetamento;5;12;;;;;1