data;horario;n_da_ocorrencia;tipo_de_ocorrencia;km;trecho;sentido;tipo_de_acidente;caminhao;ilesos;levemente_feridos;moderadamente_feridos;gravemente_feridos;mortos;3
11/08/2015;08:55:00;94;sem vítima;57,051;BR-101/SC;Norte;Colisão Traseira;2;2;;;;;1
11/08/2015;11:49:00;183;sem vítima;111,5;BR-101/SC;Sul;Colisão Traseira;1;3;;;;;1
11/08/2015;21:08:00;320;sem vítima;671,7;BR-376/PR;Sul;Saida de Pista;1;1;;;;;1
12/08/2015;21:33:00;336;sem vítima;1,35;BR-101/SC;Sul;Colisão Traseira;1;2;;;;;1
12/08/2015;18:03:00;284;com vítima;13,1;BR-101/SC;Norte;Colisão Traseira;1;1;1;;;;1
12/08/2015;18:14:00;287;sem vítima;79,35;BR-101/SC;Norte;Colisão Traseira;1;2;;;;;1
12/08/2015;09:23:00;111;sem vítima;117,22;BR-101/SC;Norte;Colisão Transversal;1;2;;;;;1
12/08/2015;07:57:00;83;sem vítima;212,5;BR-101/SC;Norte;Colisão Traseira;1;2;;;;;1
13/08/2015;19:18:00;263;sem vítima;119,533;BR-101/SC;Sul;Choque - Defensa, barreira ou "submarino";1;1;;;;;1
13/08/2015;16:19:00;213;com vítima;215,284;BR-101/SC;Sul;Colisão Transversal;1;1;1;;;;1
14/08/2015;19:32:00;325;sem vítima;44,385;BR-101/SC;Norte;Colisão Lateral;1;2;;;;;1
14/08/2015;10:00:00;134;sem vítima;113,001;BR-101/SC;Sul;Colisão Lateral;2;2;;;;;1
14/08/2015;11:02:00;162;sem vítima;209,214;BR-101/SC;Norte;Colisão Lateral;1;2;;;;;1
14/08/2015;08:47:00;99;com vítima;214,1;BR-101/SC;Sul;Colisão Traseira;1;1;2;1;;;2
14/08/2015;10:35:00;152;com vítima;665,401;BR-376/PR;Sul;Saida de Pista;1;1;;;1;;2
15/08/2015;17:13:00;243;sem vítima;58,971;BR-101/SC;Sul;Colisão Traseira;1;2;;;;;1
15/08/2015;19:13:00;288;com vítima;74,754;BR-101/SC;Sul;Colisão Lateral;1;4;1;;;;1
15/08/2015;04:52:00;51;sem vítima;102,2;BR-101/SC;Sul;Colisão Lateral;1;2;;;;;1
15/08/2015;07:17:00;69;sem vítima;121,137;BR-101/SC;Sul;Choque - Objeto sobre a pista;2;2;;;;;1
15/08/2015;11:09:00;136;com vítima;144,7;BR-101/SC;Sul;Colisão Traseira;1;2;1;1;;;2
15/08/2015;17:25:00;249;sem vítima;220,41;BR-101/SC;Norte;Colisão Traseira;1;2;;;;;1
15/08/2015;02:51:00;39;sem vítima;667,696;BR-376/PR;Norte;Saida de Pista;1;1;;;;;1
16/08/2015;14:52:00;195;sem vítima;189,999;BR-101/SC;Sul;Queda de Moto;1;2;;;;;1
16/08/2015;13:20:00;173;sem vítima;240,202;BR-101/SC;Sul;Saida de Pista;1;2;;;;;1
17/08/2015;12:00:00;182;sem vítima;221,32;BR-101/SC;Sul;Colisão Traseira;1;3;;;;;1
17/08/2015;12:05:00;186;sem vítima;677,001;BR-376/PR;Norte;Engavetamento;1;3;;;;;1
18/08/2015;15:20:00;221;com vítima;118,558;BR-101/SC;Sul;Colisão Traseira;2;1;1;;;;1
18/08/2015;16:17:00;232;com vítima;202,001;BR-101/SC;Norte;Atropelamento - Andarilho;1;1;1;;;;1
18/08/2015;12:39:00;177;sem vítima;204,1;BR-101/SC;Sul;Colisão Lateral;1;2;;;;;1
18/08/2015;08:51:00;90;sem vítima;651,9;BR-376/PR;Sul;Colisão Traseira;1;3;;;;;1
19/08/2015;18:33:00;288;sem vítima;94,5;BR-116/PR;Norte;Colisão Traseira;3;3;;;;;1
19/08/2015;11:00:00;156;sem vítima;105,5;BR-116/PR;Sul;Colisão Traseira;1;2;;;;;1
19/08/2015;19:07:00;301;sem vítima;113,7;BR-116/PR;Norte;Colisão Lateral;1;2;;;;;1
19/08/2015;22:27:00;344;com vítima;121,127;BR-101/SC;Sul;Capotamento;1;1;2;;;;1
19/08/2015;16:32:00;245;com vítima;200,5;BR-101/SC;Norte;Colisão Traseira;1;1;2;;;;1
19/08/2015;15:13:00;224;com vítima;206,3;BR-101/SC;Norte;Colisão Lateral;1;1;1;;;;1
19/08/2015;18:49:00;294;sem vítima;220,25;BR-101/SC;Sul;Colisão Lateral;1;2;;;;;1
19/08/2015;08:46:00;85;sem vítima;617,001;BR-376/PR;Norte;Outros;1;2;;;;;1
19/08/2015;14:13:00;204;sem vítima;618,81;BR-376/PR;Sul;Colisão Traseira;2;2;;;;;1
19/08/2015;22:25:00;346;sem vítima;635,4;BR-376/PR;Sul;Colisão Traseira;1;2;;;;;1
19/08/2015;01:40:00;20;sem vítima;647,1;BR-376/PR;Norte;Saida de Pista;1;1;;;;;1
19/08/2015;05:38:00;37;sem vítima;668,35;BR-376/PR;Sul;Tombamento;1;1;;;;;1
19/08/2015;12:46:00;184;sem vítima;671,7;BR-376/PR;Sul;Saida de Pista;1;1;;;;;1
20/08/2015;11:01:00;160;com vítima;132,6;BR-101/SC;Norte;Colisão Traseira;1;1;1;;;;1
20/08/2015;18:50:00;303;sem vítima;206,497;BR-101/SC;Norte;Colisão Lateral;1;2;;;;;1
20/08/2015;17:06:00;278;sem vítima;673,801;BR-376/PR;Norte;Tombamento;1;1;;;;;1
21/08/2015;11:19:00;138;sem vítima;14,505;BR-101/SC;Norte;Engavetamento;1;4;;;;;1
21/08/2015;14:42:00;197;sem vítima;44,4;BR-101/SC;Norte;Colisão Lateral;1;2;;;;;1
21/08/2015;21:15:00;325;sem vítima;75,328;BR-101/SC;Norte;Colisão Lateral;1;2;;;;;1
21/08/2015;16:13:00;232;sem vítima;111,56;BR-101/SC;Sul;Choque - Objeto sobre a pista;1;4;;;;;1
21/08/2015;15:55:00;227;sem vítima;112,075;BR-101/SC;Norte;Colisão Traseira;2;2;;;;;1
21/08/2015;11:42:00;143;sem vítima;151,7;BR-101/SC;Norte;Colisão Lateral;1;2;;;;;1
21/08/2015;15:34:00;219;sem vítima;157,4;BR-101/SC;Norte;Colisão Traseira;1;2;;;;;1
21/08/2015;09:12:00;90;com vítima;203,863;BR-101/SC;Norte;Colisão Lateral;1;4;1;;;;1
21/08/2015;18:15:00;275;sem vítima;207,7;BR-101/SC;Norte;Engavetamento;2;3;;;;;1
21/08/2015;14:16:00;187;sem vítima;233,7;BR-101/SC;Sul;Saida de Pista;1;1;;;;;1
21/08/2015;21:14:00;323;sem vítima;652,7;BR-376/PR;Norte;Colisão Traseira;1;3;;;;;1
21/08/2015;12:28:00;154;sem vítima;666,702;BR-376/PR;Norte;Saida de Pista;1;1;;;;;1
22/08/2015;09:05:00;97;sem vítima;28,008;BR-101/SC;Sul;Colisão Lateral;1;2;;;;;1
23/08/2015;15:07:00;215;sem vítima;109,7;BR-116/PR;Norte;Saida de Pista;1;1;;;;;1
23/08/2015;19:08:00;283;sem vítima;210,808;BR-101/SC;Sul;Colisão Traseira;2;2;;;;;1
23/08/2015;05:58:00;59;sem vítima;668,6;BR-376/PR;Sul;Tombamento;1;1;;;;;1
24/08/2015;16:31:00;253;sem vítima;21,282;BR-101/SC;Sul;Choque - Defensa, barreira ou "submarino";1;5;;;;;1
24/08/2015;14:00:00;205;sem vítima;656,747;BR-376/PR;Norte;Colisão Traseira;1;2;;;;;1
24/08/2015;21:51:00;327;sem vítima;677,5;BR-376/PR;Norte;Colisão Traseira;1;2;;;;;1
25/08/2015;23:12:00;291;com vítima;1,786;BR-101/SC;Norte;Colisão Transversal;1;2;1;;;;1
25/08/2015;12:06:00;142;sem vítima;192,053;BR-101/SC;Norte;Choque - Defensa, barreira ou "submarino";1;1;;;;;1
25/08/2015;10:31:00;117;sem vítima;204,8;BR-101/SC;Sul;Colisão Traseira;1;2;;;;;1
25/08/2015;11:42:00;136;sem vítima;204,8;BR-101/SC;Sul;Saida de Pista;1;2;;;;;1
26/08/2015;22:00:00;307;sem vítima;77,001;BR-116/PR;Sul;Atropelamento de Animal;1;1;;;;;1
26/08/2015;11:22:00;139;sem vítima;79,45;BR-101/SC;Sul;Colisão Traseira;2;2;;;;;1
26/08/2015;16:41:00;226;sem vítima;92,8;BR-116/PR;Sul;Colisão Traseira;1;2;;;;;1
26/08/2015;19:01:00;279;sem vítima;121,569;BR-101/SC;Norte;Colisão Traseira;1;3;;;;;1
26/08/2015;13:26:00;167;sem vítima;130,087;BR-101/SC;Sul;Colisão Traseira;1;2;;;;;1
26/08/2015;16:38:00;224;sem vítima;134,076;BR-101/SC;Norte;Saida de Pista;1;1;;;;;1
26/08/2015;15:04:00;191;sem vítima;140,25;BR-101/SC;Sul;Colisão Traseira;2;2;;;;;1
26/08/2015;07:41:00;61;sem vítima;667,15;BR-376/PR;Norte;Saida de Pista;1;2;;;;;1
27/08/2015;05:07:00;47;sem vítima;203,213;BR-101/SC;Sul;Colisão Traseira;1;2;;;;;1
27/08/2015;08:42:00;105;sem vítima;209,8;BR-101/SC;Norte;Colisão Traseira;1;2;;;;;1
27/08/2015;05:45:00;56;sem vítima;221,213;BR-101/SC;Sul;Saida de Pista;1;2;;;;;1
27/08/2015;02:27:00;30;sem vítima;235,753;BR-101/SC;Sul;Choque - Defensa, barreira ou "submarino";1;1;;;;;1
27/08/2015;06:46:00;69;sem vítima;655,8;BR-376/PR;Norte;;1;1;;;;;1
27/08/2015;05:36:00;54;sem vítima;676,15;BR-376/PR;Sul;Saida de Pista;1;1;;;;;1
28/08/2015;06:28:00;65;sem vítima;79,65;BR-101/SC;Norte;Choque - Defensa, barreira ou "submarino";1;1;;;;;1
28/08/2015;05:59:00;62;sem vítima;90,2;BR-116/PR;Sul;Saida de Pista;1;1;;;;;1
28/08/2015;17:40:00;333;sem vítima;110,5;BR-116/PR;Sul;Colisão Lateral;1;2;;;;;1
28/08/2015;11:57:00;190;sem vítima;150,9;BR-101/SC;Sul;Colisão Traseira;2;2;;;;;1
28/08/2015;15:56:00;283;sem vítima;210,5;BR-101/SC;Norte;Colisão Traseira;1;2;;;;;1
28/08/2015;07:59:00;84;sem vítima;667,1;BR-376/PR;Sul;Colisão Traseira;2;2;;;;;1
29/08/2015;07:32:00;71;sem vítima;11,1;BR-101/SC;Norte;Colisão Traseira;2;2;;;;;1
30/08/2015;20:04:00;339;sem vítima;74,629;BR-101/SC;Norte;Engavetamento;1;9;;;;;1
30/08/2015;03:06:00;45;com vítima;110,486;BR-101/SC;Sul;Tombamento;1;0;;1;;;2
30/08/2015;16:48:00;258;sem vítima;671,7;BR-376/PR;Sul;Saida de Pista;1;1;;;;;1
31/08/2015;18:32:00;294;sem vítima;32,188;BR-101/SC;Norte;Saida de Pista;1;1;;;;;1
31/08/2015;10:24:00;143;sem vítima;54,001;BR-101/SC;Sul;Colisão Lateral;1;2;;;;;1
31/08/2015;08:10:00;85;com vítima;105,8;BR-116/PR;Norte;Colisão Traseira;1;4;;1;;;2
31/08/2015;07:53:00;79;sem vítima;114,5;BR-116/PR;Sul;Colisão Traseira;2;3;;;;;1
31/08/2015;08:03:00;82;sem vítima;204,3;BR-101/SC;Norte;Colisão Lateral;1;3;;;;;1
31/08/2015;13:47:00;206;com vítima;204,311;BR-101/SC;Sul;Colisão Traseira;1;1;;1;;;2
31/08/2015;18:53:00;297;sem vítima;211,6;BR-101/SC;Sul;Colisão Lateral;1;2;;;;;1
31/08/2015;10:39:00;148;com vítima;676,117;BR-376/PR;Sul;Tombamento;2;1;;;;1;3
01/09/2015;14:30:00;225;sem vítima;6,001;BR-101/SC;Sul;Colisão Traseira;1;2;;;;;1
01/09/2015;09:57:00;124;sem vítima;30,1;BR-101/SC;Norte;Saida de Pista;1;1;;;;;1
01/09/2015;09:51:00;121;sem vítima;31,051;BR-101/SC;Norte;Colisão Lateral;1;2;;;;;1
01/09/2015;16:07:00;250;sem vítima;33,5;BR-101/SC;Norte;Colisão Lateral;1;2;;;;;1
01/09/2015;14:10:00;217;sem vítima;52,1;BR-101/SC;Norte;Choque - Defensa, barreira ou "submarino";1;1;;;;;1
01/09/2015;22:34:00;342;sem vítima;82,7;BR-116/PR;Norte;Choque - Defensa, barreira ou "submarino";1;1;;;;;1
01/09/2015;07:40:00;72;sem vítima;114,001;BR-116/PR;Sul;Colisão Lateral;1;3;;;;;1
01/09/2015;05:39:00;51;com vítima;122,735;BR-101/SC;Norte;Colisão Traseira;1;1;1;;;;1
01/09/2015;07:53:00;78;com vítima;202,2;BR-101/SC;Sul;Colisão Traseira;1;1;1;;;;1
01/09/2015;21:27:00;332;sem vítima;207,368;BR-101/SC;Sul;Colisão Lateral;1;2;;;;;1
02/09/2015;22:36:00;327;sem vítima;1,35;BR-101/SC;Norte;Colisão Traseira;2;2;;;;;1
02/09/2015;07:15:00;64;sem vítima;12,837;BR-101/SC;Norte;Colisão Traseira;2;2;;;;;1
02/09/2015;01:16:00;27;sem vítima;75,9;BR-116/PR;Sul;Tombamento;1;1;;;;;1
02/09/2015;16:00:00;236;sem vítima;112,112;BR-101/SC;Norte;Colisão Lateral;1;2;;;;;1
02/09/2015;10:39:00;131;sem vítima;129,285;BR-101/SC;Norte;Saida de Pista;1;1;;;;;1
02/09/2015;14:48:00;215;sem vítima;151,001;BR-101/SC;Sul;Choque - Suporte de Sinalização;1;1;;;;;1
02/09/2015;09:52:00;112;sem vítima;671,7;BR-376/PR;Sul;Saida de Pista;1;1;;;;;1
03/09/2015;01:06:00;19;sem vítima;42,5;BR-101/SC;Sul;Choque - Outros;1;1;;;;;1
03/09/2015;19:09:00;300;sem vítima;106,305;BR-116/PR;Sul;Saida de Pista;1;1;;;;;1
03/09/2015;11:52:00;175;sem vítima;109,9;BR-116/PR;Sul;Colisão Traseira;2;2;;;;;1
03/09/2015;13:54:00;215;sem vítima;116,001;BR-101/SC;Sul;Tombamento;1;1;;;;;1
03/09/2015;14:17:00;219;com vítima;135,001;BR-101/SC;Sul;Colisão Transversal;1;2;;2;;;2
03/09/2015;18:38:00;290;sem vítima;204,1;BR-101/SC;Sul;Colisão Lateral;1;2;;;;;1
03/09/2015;18:59:00;297;sem vítima;209,037;BR-101/SC;Norte;Colisão Lateral;1;2;;;;;1
04/09/2015;23:58:00;401;sem vítima;117,4;BR-101/SC;Sul;Colisão Traseira;1;2;;;;;1
04/09/2015;06:52:00;65;sem vítima;120,001;BR-101/SC;Norte;Colisão Traseira;1;2;;;;;1
04/09/2015;17:27:00;294;sem vítima;146,001;BR-101/SC;Norte;Colisão Lateral;1;2;;;;;1
04/09/2015;16:00:00;266;sem vítima;155,202;BR-101/SC;Sul;Colisão Lateral;1;2;;;;;1
04/09/2015;10:07:00;140;sem vítima;181,707;BR-101/SC;Sul;Colisão Traseira;1;2;;;;;1
04/09/2015;16:07:00;261;sem vítima;204,001;BR-101/SC;Norte;Colisão Traseira;1;2;;;;;1
04/09/2015;21:35:00;367;sem vítima;209,6;BR-101/SC;Norte;Colisão Traseira;1;2;;;;;1
04/09/2015;12:37:00;182;sem vítima;210,505;BR-101/SC;Sul;Tombamento;1;2;;;;;1
04/09/2015;16:45:00;277;sem vítima;652,398;BR-376/PR;Norte;Tombamento;1;1;;;;;1
04/09/2015;21:57:00;377;sem vítima;656,022;BR-376/PR;Norte;Colisão Lateral;1;2;;;;;1
05/09/2015;09:53:00;142;sem vítima;101,001;BR-101/SC;Sul;Colisão Traseira;2;2;;;;;1
05/09/2015;07:14:00;88;sem vítima;119,296;BR-101/SC;Sul;Saida de Pista;1;2;;;;;1
05/09/2015;21:47:00;393;sem vítima;169,001;BR-101/SC;Sul;Choque - Outros;1;2;;;;;1
05/09/2015;16:07:00;292;com vítima;182,001;BR-101/SC;Sul;Capotamento;1;2;2;;;;1
05/09/2015;14:53:00;258;sem vítima;212,8;BR-101/SC;Norte;Colisão Traseira;1;2;;;;;1
05/09/2015;15:35:00;281;sem vítima;233,001;BR-101/SC;Norte;Choque - Defensa, barreira ou "submarino";1;1;;;;;1
05/09/2015;22:16:00;396;sem vítima;664,001;BR-376/PR;Norte;Saida de Pista;1;1;;;;;1
05/09/2015;11:27:00;172;sem vítima;672,001;BR-376/PR;Sul;Colisão Traseira;1;2;;;;;1
05/09/2015;07:59:00;103;sem vítima;676,05;BR-376/PR;Sul;Saida de Pista;1;1;;;;;1
06/09/2015;07:44:00;83;sem vítima;88,1;BR-116/PR;Sul;Colisão Traseira;1;2;;;;;1
06/09/2015;13:33:00;173;sem vítima;128,111;BR-101/SC;Sul;Choque - Defensa, barreira ou "submarino";1;1;;;;;1
08/09/2015;10:50:00;150;sem vítima;41,583;BR-101/SC;Norte;Saida de Pista;1;1;;;;;1
08/09/2015;20:28:00;335;sem vítima;112,7;BR-101/SC;Norte;Colisão Traseira;1;2;;;;;1
08/09/2015;14:59:00;219;sem vítima;115,001;BR-101/SC;Sul;Colisão Traseira;1;2;;;;;1
08/09/2015;12:52:00;185;com vítima;117,3;BR-101/SC;Sul;Engavetamento;2;4;2;;;;1
08/09/2015;12:04:00;176;sem vítima;119,153;BR-101/SC;Sul;Colisão Traseira;2;2;;;;;1
08/09/2015;23:03:00;368;sem vítima;124,136;BR-101/SC;Norte;Atropelamento de Animal;1;2;;;;;1
08/09/2015;12:15:00;178;sem vítima;138,525;BR-101/SC;Norte;Colisão Traseira;1;2;;;;;1
08/09/2015;17:38:00;287;sem vítima;209,97;BR-101/SC;Sul;Colisão Traseira;1;2;;;;;1
08/09/2015;08:38:00;98;sem vítima;652,8;BR-376/PR;Norte;Colisão Traseira;1;2;;;;;1
08/09/2015;00:19:00;18;com vítima;667,652;BR-376/PR;Sul;Tombamento;1;0;2;;;;1
08/09/2015;22:17:00;357;sem vítima;677,001;BR-376/PR;Norte;Colisão Traseira;2;2;;;;;1
09/09/2015;19:13:00;339;sem vítima;109,2;BR-116/PR;Sul;Saida de Pista;1;1;;;;;1
09/09/2015;22:25:00;372;sem vítima;113,001;BR-101/SC;Norte;Outros;3;3;;;;;1
09/09/2015;09:03:00;133;sem vítima;129,8;BR-101/SC;Norte;Colisão Traseira;1;2;;;;;1
09/09/2015;07:16:00;80;sem vítima;215,7;BR-101/SC;Norte;Colisão Lateral;1;2;;;;;1
10/09/2015;18:22:00;318;sem vítima;98,5;BR-101/SC;Sul;Colisão Lateral;1;2;;;;;1
10/09/2015;11:00:00;167;sem vítima;113,001;BR-116/PR;Norte;Colisão Traseira;2;2;;;;;1
10/09/2015;17:42:00;304;sem vítima;120,087;BR-101/SC;Sul;Colisão Lateral;1;2;;;;;1
10/09/2015;23:39:00;383;sem vítima;120,001;BR-101/SC;Norte;Saida de Pista;1;1;;;;;1
10/09/2015;22:41:00;372;sem vítima;151,9;BR-101/SC;Norte;Saida de Pista;1;2;;;;;1
10/09/2015;01:46:00;28;sem vítima;189,573;BR-101/SC;Norte;Choque - Defensa, barreira ou "submarino";1;1;;;;;1
11/09/2015;18:48:00;300;sem vítima;117,308;BR-101/SC;Sul;Colisão Lateral;1;2;;;;;1
11/09/2015;03:22:00;42;sem vítima;119,501;BR-101/SC;Norte;Saida de Pista;1;1;;;;;1
11/09/2015;06:59:00;65;sem vítima;119,184;BR-101/SC;Norte;Colisão Lateral;1;2;;;;;1
11/09/2015;13:41:00;218;sem vítima;145,3;BR-101/SC;Norte;Colisão Traseira;2;3;;;;;1
11/09/2015;17:13:00;279;sem vítima;199,001;BR-101/SC;Sul;Colisão Lateral;1;2;;;;;1
11/09/2015;06:06:00;54;com vítima;214,45;BR-101/SC;Norte;Colisão Lateral;1;2;1;;;;1
11/09/2015;09:17:00;129;sem vítima;214,55;BR-101/SC;Norte;Colisão Lateral;1;2;;;;;1
12/09/2015;19:00:00;272;com vítima;11,22;BR-101/SC;Norte;Saida de Pista;1;2;1;;;;1
12/09/2015;01:22:00;27;com vítima;111,269;BR-101/SC;Sul;Colisão Traseira;1;1;1;;;;1
12/09/2015;00:02:00;2;com vítima;208,001;BR-101/SC;Norte;Capotamento;1;1;1;1;;;2
12/09/2015;00:38:00;15;sem vítima;652,001;BR-376/PR;Norte;Colisão Lateral;1;2;;;;;1
12/09/2015;22:30:00;298;sem vítima;671,7;BR-376/PR;Sul;Saida de Pista;1;1;;;;;1
13/09/2015;16:59:00;239;sem vítima;119,5;BR-101/SC;Norte;Colisão Traseira;1;3;;;;;1
13/09/2015;19:25:00;291;sem vítima;215,001;BR-101/SC;Norte;Colisão Lateral;1;2;;;;;1
14/09/2015;15:08:00;204;sem vítima;40,449;BR-101/SC;Norte;Colisão Lateral;1;3;;;;;1
14/09/2015;14:25:00;185;sem vítima;85,537;BR-101/SC;Sul;Colisão Lateral;1;5;;;;;1
14/09/2015;10:06:00;105;sem vítima;114,42;BR-116/PR;Norte;Saida de Pista;1;1;;;;;1
14/09/2015;18:00:00;261;sem vítima;119,943;BR-101/SC;Sul;Tombamento;1;1;;;;;1
14/09/2015;21:15:00;298;com vítima;210,973;BR-101/SC;Norte;Colisão Traseira;1;2;1;;;;1
14/09/2015;19:13:00;278;sem vítima;664,5;BR-376/PR;Sul;Colisão Frontal;2;3;;;;;1
15/09/2015;10:58:00;154;sem vítima;134,3;BR-101/SC;Sul;Colisão Lateral;2;2;;;;;1
15/09/2015;13:51:00;204;sem vítima;157,404;BR-101/SC;Norte;Colisão Traseira;1;2;;;;;1
15/09/2015;04:21:00;47;sem vítima;171,022;BR-101/SC;Sul;Colisão Traseira;2;2;;;;;1
15/09/2015;10:11:00;133;sem vítima;213,661;BR-101/SC;Norte;Colisão Traseira;2;2;;;;;1
16/09/2015;07:54:00;77;sem vítima;22,8;BR-101/SC;Norte;Tombamento;1;1;;;;;1
16/09/2015;10:50:00;145;sem vítima;32,2;BR-101/SC;Sul;Saida de Pista;1;1;;;;;1
16/09/2015;08:30:00;88;sem vítima;40,928;BR-101/SC;Norte;Colisão Traseira;1;2;;;;;1
16/09/2015;13:53:00;208;sem vítima;47,444;BR-101/SC;Norte;Choque - Objeto não identificado;2;2;;;;;1
16/09/2015;08:32:00;90;com vítima;81,6;BR-116/PR;Norte;Colisão Traseira;1;1;;;1;;2
16/09/2015;06:43:00;62;com vítima;114,4;BR-116/PR;Sul;Colisão Lateral;1;1;1;;;;1
16/09/2015;09:10:00;102;sem vítima;157,3;BR-101/SC;Sul;Choque - Defensa, barreira ou "submarino";1;1;;;;;1
16/09/2015;17:21:00;265;sem vítima;652,001;BR-376/PR;Sul;Colisão Traseira;1;2;;;;;1
16/09/2015;13:13:00;184;sem vítima;668,976;BR-376/PR;Sul;Tombamento;1;1;;;;;1
17/09/2015;04:41:00;43;com vítima;40,87;BR-101/SC;Sul;Choque - Defensa, barreira ou "submarino";1;0;1;;;;1
17/09/2015;18:05:00;299;sem vítima;45,785;BR-101/SC;Sul;Colisão Traseira;1;2;;;;;1
17/09/2015;16:31:00;271;sem vítima;120,001;BR-101/SC;Norte;Colisão Lateral;1;2;;;;;1
17/09/2015;15:36:00;255;sem vítima;168,001;BR-101/SC;Norte;Colisão Traseira;1;2;;;;;1
17/09/2015;07:45:00;79;sem vítima;197,4;BR-101/SC;Norte;Colisão Lateral;1;2;;;;;1
17/09/2015;14:17:00;227;sem vítima;210,618;BR-101/SC;Sul;Choque - Defensa, barreira ou "submarino";2;2;;;;;1
17/09/2015;08:36:00;97;com vítima;213,888;BR-101/SC;Norte;Colisão Traseira;2;1;2;;;;1
17/09/2015;20:21:00;329;sem vítima;641,001;BR-376/PR;Norte;Saida de Pista;1;1;;;;;1
17/09/2015;15:15:00;248;sem vítima;655,715;BR-376/PR;Norte;Choque - Defensa, barreira ou "submarino";1;1;;;;;1
17/09/2015;20:54:00;335;sem vítima;657,167;BR-376/PR;Sul;Saida de Pista;1;1;;;;;1
18/09/2015;19:51:00;380;sem vítima;31,2;BR-101/SC;Norte;Colisão Traseira;1;2;;;;;1
18/09/2015;13:34:00;224;sem vítima;119,7;BR-101/SC;Norte;Colisão Lateral;1;2;;;;;1
18/09/2015;09:10:00;126;sem vítima;127,02;BR-101/SC;Sul;Colisão Traseira;1;2;;;;;1
18/09/2015;02:05:00;31;sem vítima;155,184;BR-101/SC;Norte;Colisão Lateral;2;2;;;;;1
18/09/2015;17:17:00;328;sem vítima;212,65;BR-101/SC;Norte;Colisão Lateral;1;2;;;;;1
18/09/2015;21:28:00;407;sem vítima;243,001;BR-101/SC;Norte;Colisão Lateral;1;2;;;;;1
18/09/2015;10:14:00;158;com vítima;679,354;BR-376/PR;Sul;Tombamento;1;0;;1;;;2
19/09/2015;20:36:00;352;sem vítima;33,1;BR-101/SC;Norte;Colisão Lateral;1;2;;;;;1
19/09/2015;08:14:00;100;sem vítima;117,2;BR-101/SC;Norte;Choque - Objeto sobre a pista;1;2;;;;;1
19/09/2015;09:29:00;121;com vítima;206,1;BR-101/SC;Sul;Colisão Lateral;1;1;1;;;;1
19/09/2015;19:58:00;343;sem vítima;663,844;BR-376/PR;Norte;Tombamento;1;1;;;;;1
19/09/2015;14:47:00;245;sem vítima;667,953;BR-376/PR;Sul;Tombamento;1;1;;;;;1
20/09/2015;11:08:00;166;sem vítima;10,001;BR-101/SC;Sul;Colisão Traseira;1;2;;;;;1
20/09/2015;23:34:00;417;sem vítima;141,392;BR-101/SC;Sul;Colisão Lateral;1;2;;;;;1
20/09/2015;17:19:00;301;sem vítima;157,05;BR-101/SC;Sul;Colisão Traseira;1;2;;;;;1
21/09/2015;19:19:00;319;sem vítima;119,7;BR-101/SC;Norte;Colisão Lateral;2;3;;;;;1
21/09/2015;19:50:00;341;sem vítima;119,3;BR-101/SC;Norte;Colisão Lateral;1;2;;;;;1
21/09/2015;11:39:00;182;sem vítima;185,001;BR-101/SC;Sul;Colisão Traseira;1;2;;;;;1
22/09/2015;11:50:00;149;sem vítima;62,1;BR-101/SC;Norte;Colisão Lateral;1;2;;;;;1
22/09/2015;20:31:00;315;sem vítima;140,5;BR-101/SC;Norte;Colisão Lateral;1;2;;;;;1
22/09/2015;19:54:00;306;com vítima;214,01;BR-101/SC;Sul;Colisão Lateral;1;3;1;;;;1
22/09/2015;11:59:00;151;sem vítima;216,505;BR-101/SC;Norte;Colisão Lateral;1;2;;;;;1
22/09/2015;07:44:00;71;com vítima;668,662;BR-376/PR;Sul;Tombamento;1;1;;1;;;2
23/09/2015;15:06:00;224;sem vítima;46,7;BR-101/SC;Norte;Saida de Pista;1;1;;;;;1
23/09/2015;02:08:00;25;sem vítima;108,2;BR-116/PR;Sul;Colisão Traseira;2;2;;;;;1
23/09/2015;17:48:00;283;com vítima;192,5;BR-101/SC;Norte;Atropelamento - Morador;1;1;;;;1;3
23/09/2015;08:22:00;88;sem vítima;213,377;BR-101/SC;Norte;Colisão Traseira;1;2;;;;;1
23/09/2015;13:34:00;194;sem vítima;644,2;BR-376/PR;Sul;Colisão Lateral;1;2;;;;;1
23/09/2015;08:25:00;91;com vítima;671,3;BR-376/PR;Sul;Engavetamento;2;6;1;;;;1
23/09/2015;21:24:00;348;sem vítima;673,171;BR-376/PR;Sul;Colisão Traseira;2;2;;;;;1
23/09/2015;04:31:00;54;sem vítima;675,061;BR-376/PR;Sul;Colisão Lateral;3;3;;;;;1
23/09/2015;21:24:00;349;sem vítima;675,569;BR-376/PR;Sul;Saida de Pista;1;1;;;;;1
23/09/2015;09:42:00;110;sem vítima;676,2;BR-376/PR;Sul;Colisão Traseira;2;2;;;;;1
24/09/2015;14:10:00;264;sem vítima;54,721;BR-101/SC;Sul;Colisão Traseira;2;2;;;;;1
24/09/2015;10:12:00;174;sem vítima;94,5;BR-116/PR;Sul;Colisão Traseira;2;2;;;;;1
24/09/2015;06:36:00;87;sem vítima;96,6;BR-116/PR;Sul;Choque - Defensa, barreira ou "submarino";1;1;;;;;1
24/09/2015;22:10:00;407;sem vítima;97,001;BR-101/SC;Sul;Colisão Lateral;1;2;;;;;1
24/09/2015;08:17:00;125;sem vítima;108,5;BR-116/PR;Sul;Saida de Pista;1;1;;;;;1
24/09/2015;23:57:00;428;sem vítima;137,001;BR-101/SC;Sul;Colisão Traseira;1;2;;;;;1