data;horario;n_da_ocorrencia;tipo_de_ocorrencia;km;trecho;sentido;tipo_de_acidente;caminhao;ilesos;levemente_feridos;moderadamente_feridos;gravemente_feridos;mortos;3
24/09/2015;12:07:00;215;com vítima;140,7;BR-101/SC;Sul;Tombamento;1;0;1;;;;1
24/09/2015;09:13:00;151;sem vítima;182,001;BR-101/SC;Sul;Colisão Traseira;2;2;;;;;1
24/09/2015;16:49:00;320;sem vítima;208,001;BR-101/SC;Sul;Colisão Lateral;1;2;;;;;1
24/09/2015;03:59:00;63;sem vítima;241,831;BR-101/SC;Sul;Saida de Pista;1;1;;;;;1
24/09/2015;21:16:00;395;sem vítima;635,6;BR-376/PR;Norte;Saida de Pista;1;1;;;;;1
24/09/2015;19:53:00;378;sem vítima;668,001;BR-376/PR;Norte;Colisão Lateral;2;2;;;;;1
24/09/2015;00:03:00;1;sem vítima;676,528;BR-376/PR;Norte;Tombamento;1;1;;;;;1
25/09/2015;12:26:00;188;sem vítima;49,221;BR-101/SC;Sul;Colisão Traseira;2;3;;;;;1
25/09/2015;21:03:00;344;com vítima;85,857;BR-101/SC;Norte;Atropelamento - Morador;1;2;1;;;1;3
25/09/2015;22:19:00;357;com vítima;138,894;BR-101/SC;Sul;Colisão Lateral;1;1;;;;1;3
25/09/2015;18:05:00;293;com vítima;195,001;BR-101/SC;Norte;Colisão Traseira;1;4;1;;;;1
25/09/2015;13:14:00;205;sem vítima;202,3;BR-101/SC;Sul;Colisão Lateral;1;2;;;;;1
25/09/2015;18:48:00;311;sem vítima;211,001;BR-101/SC;Norte;Colisão Traseira;1;2;;;;;1
25/09/2015;16:19:00;255;sem vítima;635,4;BR-376/PR;Norte;Colisão Lateral;1;2;;;;;1
26/09/2015;19:57:00;253;sem vítima;206,001;BR-101/SC;Sul;Colisão Traseira;1;2;;;;;1
26/09/2015;11:36:00;138;com vítima;617,4;BR-376/PR;Sul;Choque - Suporte de Sinalização;1;2;1;;;;1
26/09/2015;03:34:00;43;sem vítima;662,023;BR-376/PR;Sul;Colisão Traseira;2;2;;;;;1
26/09/2015;16:55:00;215;sem vítima;663,703;BR-376/PR;Norte;Colisão Traseira;2;2;;;;;1
26/09/2015;18:49:00;239;sem vítima;667,832;BR-376/PR;Sul;Choque - Defensa, barreira ou "submarino";1;6;;;;;1
27/09/2015;18:00:00;244;com vítima;63,355;BR-101/SC;Sul;Choque - Defensa, barreira ou "submarino";1;3;;1;;;2
27/09/2015;00:57:00;23;sem vítima;110,1;BR-116/PR;Sul;Colisão Traseira;1;2;;;;;1
27/09/2015;12:15:00;167;sem vítima;190,707;BR-101/SC;Norte;Colisão Lateral;1;2;;;;;1
27/09/2015;13:39:00;180;sem vítima;201,2;BR-101/SC;Sul;Colisão Traseira;1;2;;;;;1
27/09/2015;14:40:00;189;sem vítima;667,786;BR-376/PR;Sul;Choque - Defensa, barreira ou "submarino";1;2;;;;;1
27/09/2015;10:23:00;135;com vítima;673,258;BR-376/PR;Sul;Tombamento;1;0;1;;;;1
28/09/2015;17:35:00;319;sem vítima;120,001;BR-101/SC;Norte;Colisão Lateral;1;2;;;;;1
28/09/2015;11:14:00;181;sem vítima;128,622;BR-101/SC;Sul;Colisão Traseira;2;2;;;;;1
28/09/2015;15:01:00;258;sem vítima;212,761;BR-101/SC;Sul;Colisão Lateral;1;2;;;;;1
28/09/2015;05:14:00;70;sem vítima;671,7;BR-376/PR;Sul;Saida de Pista;1;1;;;;;1
29/09/2015;16:38:00;260;sem vítima;105,001;BR-116/PR;Sul;Colisão Traseira;2;2;;;;;1
29/09/2015;20:34:00;332;sem vítima;119,159;BR-101/SC;Sul;Choque - Defensa, barreira ou "submarino";1;1;;;;;1
30/09/2015;16:29:00;230;com vítima;14,706;BR-101/SC;Norte;Colisão Transversal;1;1;;1;;;2
30/09/2015;12:10:00;154;com vítima;26,9;BR-101/SC;Norte;Colisão Lateral;1;1;1;;;;1
30/09/2015;14:45:00;199;sem vítima;40,2;BR-101/SC;Sul;Colisão Lateral;1;3;;;;;1
30/09/2015;09:56:00;121;sem vítima;57,61;BR-101/SC;Norte;Tombamento;1;1;;;;;1
30/09/2015;09:11:00;107;com vítima;80,579;BR-116/PR;Norte;Engavetamento;1;3;7;;;;1
30/09/2015;17:49:00;259;sem vítima;84,1;BR-101/SC;Norte;Colisão Traseira;1;2;;;;;1
30/09/2015;15:49:00;221;com vítima;96,3;BR-116/PR;Sul;Colisão Traseira;2;1;;2;;;2
30/09/2015;20:29:00;315;sem vítima;100,2;BR-116/PR;Norte;Engavetamento;4;4;;;;;1
30/09/2015;19:06:00;289;com vítima;101,5;BR-116/PR;Sul;Colisão Traseira;1;1;;;;1;3
30/09/2015;17:01:00;238;sem vítima;109,3;BR-116/PR;Sul;Colisão Traseira;1;2;;;;;1
30/09/2015;17:07:00;241;sem vítima;150,3;BR-101/SC;Norte;Choque - Defensa, barreira ou "submarino";1;2;;;;;1
30/09/2015;17:14:00;244;com vítima;199,001;BR-101/SC;Sul;Colisão Lateral;1;2;3;;;;1
30/09/2015;19:11:00;292;sem vítima;205,8;BR-101/SC;Norte;Colisão Traseira;1;2;;;;;1
30/09/2015;11:32:00;147;com vítima;631,1;BR-376/PR;Sul;Colisão Traseira;1;1;1;;;;1
30/09/2015;14:28:00;189;sem vítima;664,05;BR-376/PR;Norte;Tombamento;1;1;;;;;1
01/10/2015;01:32:00;44;sem vítima;109,5;BR-116/PR;Sul;Saida de Pista;1;1;;;;;1
01/10/2015;13:44:00;208;sem vítima;116,436;BR-101/SC;Norte;Colisão Traseira;1;2;;;;;1
01/10/2015;14:51:00;230;sem vítima;666,382;BR-376/PR;Norte;Colisão Traseira;2;3;;;;;1
01/10/2015;15:30:00;247;sem vítima;151,301;BR-101/SC;Sul;Colisão Traseira;1;2;;;;;1
02/10/2015;07:34:00;66;com vítima;664,48;BR-376/PR;Norte;Tombamento;1;0;1;1;;;2
02/10/2015;08:21:00;83;sem vítima;79,45;BR-101/SC;Norte;Colisão Traseira;1;2;;;;;1
02/10/2015;09:28:00;109;sem vítima;212,861;BR-101/SC;Norte;Colisão Lateral;1;2;;;;;1
02/10/2015;13:46:00;206;sem vítima;157,4;BR-101/SC;Sul;Choque - Defensa, barreira ou "submarino";1;1;;;;;1
02/10/2015;16:40:00;284;sem vítima;71,501;BR-101/SC;Sul;Colisão Transversal;1;2;;;;;1
02/10/2015;17:01:00;289;sem vítima;218,001;BR-101/SC;Norte;Colisão Traseira;1;2;;;;;1
02/10/2015;20:29:00;353;sem vítima;126,001;BR-101/SC;Sul;Colisão Traseira;1;2;;;;;1
02/10/2015;22:53:00;389;sem vítima;660,1;BR-376/PR;Sul;Choque - Defensa, barreira ou "submarino";1;3;;;;;1
03/10/2015;15:13:00;237;sem vítima;192,001;BR-101/SC;Sul;Colisão Lateral;1;2;;;;;1
03/10/2015;15:57:00;252;sem vítima;157,399;BR-101/SC;Norte;Colisão Traseira;1;2;;;;;1
04/10/2015;16:52:00;226;sem vítima;1,35;BR-101/SC;Norte;Colisão Traseira;1;2;;;;;1
05/10/2015;06:40:00;53;sem vítima;652,9;BR-376/PR;Sul;Tombamento;1;1;;;;;1
05/10/2015;06:58:00;61;sem vítima;655,8;BR-376/PR;Norte;Choque - Defensa, barreira ou "submarino";1;1;;;;;1
05/10/2015;12:12:00;172;sem vítima;674,001;BR-376/PR;Sul;Colisão Traseira;2;2;;;;;1
05/10/2015;17:51:00;267;sem vítima;118,3;BR-101/SC;Norte;Colisão Lateral;1;2;;;;;1
05/10/2015;21:27:00;320;sem vítima;618,054;BR-376/PR;Sul;Saida de Pista;1;1;;;;;1
05/10/2015;21:51:00;321;sem vítima;215,9;BR-101/SC;Norte;Colisão Lateral;2;3;;;;;1
05/10/2015;21:59:00;322;sem vítima;71,9;BR-101/SC;Sul;Saida de Pista;1;1;;;;;1
06/10/2015;07:12:00;87;sem vítima;114,001;BR-116/PR;Norte;Colisão Lateral;1;2;;;;;1
06/10/2015;06:14:00;93;sem vítima;114,001;BR-116/PR;Norte;Saida de Pista;1;1;;;;;1
06/10/2015;09:01:00;113;sem vítima;118,4;BR-101/SC;Sul;Colisão Traseira;1;2;;;;;1
06/10/2015;15:14:00;221;sem vítima;108,001;BR-116/PR;Sul;Saida de Pista;1;2;;;;;1
06/10/2015;19:45:00;298;sem vítima;80,001;BR-116/PR;Norte;Choque - Defensa, barreira ou "submarino";1;1;;;;;1
07/10/2015;00:25:00;10;com vítima;46,4;BR-101/SC;Sul;Colisão Traseira;1;2;1;;;;1
07/10/2015;11:39:00;181;sem vítima;110,001;BR-116/PR;Norte;Engavetamento;1;3;;;;;1
07/10/2015;18:49:00;318;sem vítima;131,8;BR-101/SC;Sul;Colisão Traseira;2;3;;;;;1
07/10/2015;19:52:00;332;sem vítima;11,001;BR-101/SC;Sul;Tombamento;1;1;;;;;1
08/10/2015;02:59:00;38;com vítima;192,126;BR-101/SC;Norte;Tombamento;1;0;1;;;;1
08/10/2015;08:28:00;83;sem vítima;635,35;BR-376/PR;Sul;Colisão Traseira;1;2;;;;;1
08/10/2015;11:56:00;166;sem vítima;1,35;BR-101/SC;Sul;Colisão Traseira;2;2;;;;;1
08/10/2015;13:17:00;190;sem vítima;201,8;BR-101/SC;Norte;Colisão Lateral;1;2;;;;;1
08/10/2015;15:01:00;224;com vítima;210,33;BR-101/SC;Sul;Colisão Traseira;1;2;3;;;;1
08/10/2015;16:10:00;258;sem vítima;203,001;BR-101/SC;Sul;Colisão Lateral;1;2;;;;;1
08/10/2015;17:33:00;299;sem vítima;671,7;BR-376/PR;Sul;Saida de Pista;1;1;;;;;1
08/10/2015;17:40:00;307;sem vítima;79,8;BR-101/SC;Norte;Colisão Traseira;2;2;;;;;1
08/10/2015;19:36:00;337;sem vítima;92,1;BR-101/SC;Norte;Colisão Traseira;1;2;;;;;1
08/10/2015;20:04:00;347;sem vítima;3,935;BR-101/SC;Sul;Tombamento;1;1;;;;;1
09/10/2015;03:01:00;36;com vítima;30,524;BR-101/SC;Norte;Tombamento;1;0;1;;;;1
09/10/2015;10:55:00;140;sem vítima;112,001;BR-101/SC;Norte;Tombamento;1;1;;;;;1
09/10/2015;11:04:00;142;com vítima;31,976;BR-101/SC;Norte;Colisão Traseira;4;3;;1;;;2
09/10/2015;12:11:00;163;com vítima;679,5;BR-376/PR;Sul;Engavetamento;3;2;1;;;;1
09/10/2015;14:57:00;208;sem vítima;72,2;BR-116/PR;Norte;Saida de Pista;1;1;;;;;1
09/10/2015;15:09:00;212;sem vítima;96,79;BR-101/SC;Sul;Engavetamento;2;4;;;;;1
09/10/2015;15:05:00;213;sem vítima;206,111;BR-101/SC;Sul;Colisão Lateral;1;2;;;;;1
09/10/2015;18:36:00;278;com vítima;208,8;BR-101/SC;Sul;Colisão Traseira;1;1;1;;;;1
09/10/2015;18:44:00;283;com vítima;57,001;BR-101/SC;Norte;Colisão Traseira;1;3;1;;;;1
09/10/2015;19:26:00;301;sem vítima;100,5;BR-101/SC;Sul;Colisão Traseira;1;2;;;;;1
09/10/2015;21:52:00;346;com vítima;667,788;BR-376/PR;Sul;Colisão Traseira;1;0;;1;;;2
10/10/2015;01:19:00;19;com vítima;94,2;BR-116/PR;Norte;Colisão Traseira;1;1;;;2;;2
10/10/2015;02:19:00;31;sem vítima;82,125;BR-116/PR;Sul;Saida de Pista;1;1;;;;;1
10/10/2015;09:36:00;138;sem vítima;118,1;BR-101/SC;Sul;Colisão Lateral;1;3;;;;;1
10/10/2015;10:55:00;171;sem vítima;636,1;BR-376/PR;Sul;Saida de Pista;1;2;;;;;1
10/10/2015;11:10:00;177;com vítima;94,001;BR-101/SC;Sul;Engavetamento;2;4;1;;;;1
10/10/2015;14:39:00;257;sem vítima;174,8;BR-101/SC;Norte;Saida de Pista;1;1;;;;;1
10/10/2015;16:24:00;311;sem vítima;670,9;BR-376/PR;Sul;Engavetamento;2;3;;;;;1
10/10/2015;16:48:00;318;sem vítima;141,6;BR-101/SC;Norte;Colisão Lateral;1;2;;;;;1
10/10/2015;18:24:00;351;sem vítima;243,001;BR-101/SC;Sul;Choque - Defensa, barreira ou "submarino";1;1;;;;;1
11/10/2015;14:59:00;234;sem vítima;192,001;BR-101/SC;Norte;Colisão Lateral;1;2;;;;;1
11/10/2015;22:33:00;350;sem vítima;138,6;BR-101/SC;Norte;Colisão Lateral;1;2;;;;;1
12/10/2015;06:28:00;59;sem vítima;223,7;BR-101/SC;Sul;Colisão Traseira;1;2;;;;;1
12/10/2015;10:28:00;117;sem vítima;619,1;BR-376/PR;Sul;Colisão Traseira;1;2;;;;;1
12/10/2015;13:42:00;243;sem vítima;232,8;BR-101/SC;Sul;Colisão Traseira;2;2;;;;;1
12/10/2015;21:56:00;399;sem vítima;10,272;BR-101/SC;Sul;Tombamento;1;1;;;;;1
13/10/2015;05:05:00;45;sem vítima;46,8;BR-101/SC;Sul;Colisão Traseira;1;2;;;;;1
13/10/2015;08:11:00;78;sem vítima;121,2;BR-101/SC;Norte;Engavetamento;1;3;;;;;1
13/10/2015;11:34:00;151;sem vítima;30,094;BR-101/SC;Norte;Colisão Traseira;1;3;;;;;1
13/10/2015;22:03:00;318;sem vítima;233,7;BR-101/SC;Norte;Tombamento;1;1;;;;;1
14/10/2015;10:37:00;128;sem vítima;212,9;BR-101/SC;Sul;Colisão Lateral;1;2;;;;;1
14/10/2015;12:04:00;161;sem vítima;615,9;BR-376/PR;Sul;Colisão Traseira;2;2;;;;;1
14/10/2015;16:00:00;221;com vítima;674,674;BR-376/PR;Norte;Saida de Pista;1;2;1;1;;;2
15/10/2015;05:25:00;51;sem vítima;204,3;BR-101/SC;Norte;Saida de Pista;1;1;;;;;1
15/10/2015;06:12:00;56;sem vítima;200,85;BR-101/SC;Sul;Colisão Lateral;1;2;;;;;1
15/10/2015;06:48:00;59;sem vítima;90,6;BR-101/SC;Sul;Colisão Traseira;1;2;;;;;1
15/10/2015;06:59:00;60;sem vítima;212,707;BR-101/SC;Norte;Colisão Traseira;1;2;;;;;1
15/10/2015;08:01:00;89;com vítima;636,982;BR-376/PR;Norte;Tombamento;1;1;1;;;;1
15/10/2015;11:03:00;148;com vítima;43,202;BR-101/SC;Sul;Atropelamento - Morador;1;1;;;;1;3
15/10/2015;12:50:00;188;sem vítima;24,001;BR-101/SC;Sul;Choque - Defensa, barreira ou "submarino";1;2;;;;;1
15/10/2015;14:47:00;239;sem vítima;119,4;BR-101/SC;Sul;Colisão Traseira;1;2;;;;;1
15/10/2015;14:50:00;241;com vítima;108,001;BR-101/SC;Sul;Saida de Pista;1;0;2;;;;1
15/10/2015;14:45:00;244;sem vítima;196,8;BR-101/SC;Norte;Colisão Traseira;1;2;;;;;1
15/10/2015;17:11:00;297;sem vítima;235,001;BR-101/SC;Norte;Colisão Lateral;1;2;;;;;1
15/10/2015;18:13:00;329;sem vítima;74,111;BR-101/SC;Norte;Saida de Pista;1;1;;;;;1
15/10/2015;18:43:00;345;sem vítima;210,1;BR-101/SC;Sul;Colisão Lateral;1;2;;;;;1
15/10/2015;19:06:00;353;sem vítima;118,001;BR-101/SC;Norte;Colisão Traseira;1;2;;;;;1
15/10/2015;19:38:00;361;sem vítima;206,001;BR-101/SC;Norte;Colisão Lateral;1;2;;;;;1
16/10/2015;02:07:00;30;sem vítima;99,2;BR-116/PR;Sul;Colisão Traseira;1;2;;;;;1
16/10/2015;12:28:00;184;sem vítima;119,301;BR-101/SC;Sul;Colisão Lateral;1;2;;;;;1
16/10/2015;16:59:00;279;sem vítima;56,579;BR-101/SC;Norte;Choque - Defensa, barreira ou "submarino";1;1;;;;;1
16/10/2015;18:04:00;293;sem vítima;58,001;BR-101/SC;Norte;Colisão Traseira;1;2;;;;;1
16/10/2015;17:31:00;298;sem vítima;222,801;BR-101/SC;Sul;Colisão Lateral;1;2;;;;;1
16/10/2015;21:18:00;359;sem vítima;119,001;BR-101/SC;Norte;Saida de Pista;1;1;;;;;1
17/10/2015;11:45:00;156;sem vítima;157,5;BR-101/SC;Sul;Colisão Traseira;1;2;;;;;1
17/10/2015;12:52:00;178;sem vítima;664,3;BR-376/PR;Norte;Colisão Traseira;1;2;;;;;1
17/10/2015;18:39:00;289;com vítima;667,72;BR-376/PR;Sul;Colisão Lateral;1;1;;;1;;2
18/10/2015;10:31:00;128;sem vítima;672,001;BR-376/PR;Norte;Colisão Traseira;1;2;;;;;1
18/10/2015;17:10:00;248;sem vítima;154,9;BR-101/SC;Sul;Colisão Traseira;1;2;;;;;1
19/10/2015;08:08:00;65;com vítima;667,899;BR-376/PR;Sul;Tombamento;1;0;1;;;;1
19/10/2015;10:02:00;111;com vítima;41,1;BR-101/SC;Sul;Colisão Transversal;1;1;;1;;;2
19/10/2015;10:32:00;120;com vítima;109,918;BR-116/PR;Sul;Tombamento;1;1;;;;1;3
19/10/2015;11:19:00;137;sem vítima;209,7;BR-101/SC;Sul;Colisão Traseira;1;2;;;;;1
19/10/2015;13:15:00;172;sem vítima;2,001;BR-101/SC;Sul;Colisão Lateral;1;2;;;;;1
20/10/2015;07:41:00;59;sem vítima;54,11;BR-101/SC;Sul;Saida de Pista;1;1;;;;;1
20/10/2015;07:33:00;69;com vítima;107,553;BR-101/SC;Sul;Colisão Traseira;1;1;;;;1;3
20/10/2015;13:19:00;163;com vítima;170,232;BR-101/SC;Norte;Capotamento;1;1;1;;;;1
20/10/2015;14:13:00;191;sem vítima;667,1;BR-376/PR;Sul;Colisão Traseira;1;5;;;;;1
20/10/2015;16:34:00;233;sem vítima;58,5;BR-101/SC;Sul;Colisão Traseira;1;2;;;;;1
20/10/2015;16:42:00;237;sem vítima;209,5;BR-101/SC;Norte;Colisão Lateral;1;2;;;;;1
21/10/2015;01:31:00;29;sem vítima;71,445;BR-101/SC;Norte;Colisão Traseira;1;2;;;;;1
21/10/2015;06:36:00;58;sem vítima;206,9;BR-101/SC;Sul;Tombamento;1;1;;;;;1
21/10/2015;08:13:00;89;sem vítima;60,5;BR-101/SC;Sul;Colisão Traseira;2;2;;;;;1
21/10/2015;10:47:00;149;sem vítima;659,2;BR-376/PR;Norte;Colisão Traseira;1;2;;;;;1
21/10/2015;11:34:00;167;sem vítima;104,07;BR-101/SC;Norte;Choque - Defensa, barreira ou "submarino";1;1;;;;;1
21/10/2015;11:37:00;168;sem vítima;138,7;BR-101/SC;Sul;Saida de Pista;1;1;;;;;1
21/10/2015;12:32:00;189;sem vítima;140,6;BR-101/SC;Sul;Tombamento;1;1;;;;;1
21/10/2015;14:52:00;228;sem vítima;121,001;BR-101/SC;Norte;Saida de Pista;1;1;;;;;1
21/10/2015;15:38:00;245;sem vítima;617,75;BR-376/PR;Norte;Colisão Lateral;1;2;;;;;1
21/10/2015;16:15:00;252;sem vítima;27,001;BR-101/SC;Sul;Engavetamento;2;3;;;;;1
21/10/2015;21:11:00;314;com vítima;628,9;BR-376/PR;Sul;Tombamento;1;1;1;;;;1
22/10/2015;05:29:00;71;sem vítima;663,906;BR-376/PR;Sul;Saida de Pista;1;1;;;;;1
22/10/2015;08:01:00;94;sem vítima;41,8;BR-101/SC;Norte;Colisão Traseira;1;2;;;;;1
22/10/2015;09:26:00;121;sem vítima;221,05;BR-101/SC;Norte;Tombamento;1;1;;;;;1
22/10/2015;11:37:00;159;sem vítima;125,4;BR-101/SC;Norte;Colisão Traseira;1;2;;;;;1
22/10/2015;12:20:00;173;sem vítima;112,204;BR-116/PR;Norte;Tombamento;1;1;;;;;1
22/10/2015;13:08:00;196;sem vítima;33,2;BR-101/SC;Sul;Colisão Traseira;1;2;;;;;1
22/10/2015;13:45:00;207;sem vítima;134,8;BR-101/SC;Sul;Choque - Defensa, barreira ou "submarino";1;1;;;;;1
22/10/2015;15:16:00;233;sem vítima;109,8;BR-116/PR;Sul;Saida de Pista;1;1;;;;;1
22/10/2015;15:50:00;248;sem vítima;106,594;BR-116/PR;Sul;Tombamento;1;1;;;;;1
22/10/2015;19:12:00;322;sem vítima;663,08;BR-376/PR;Sul;Tombamento;1;1;;;;;1
23/10/2015;05:39:00;52;sem vítima;681,647;BR-376/PR;Sul;Colisão Traseira;2;2;;;;;1
23/10/2015;07:11:00;69;sem vítima;201,3;BR-101/SC;Norte;Engavetamento;2;3;;;;;1
23/10/2015;16:40:00;289;sem vítima;224,801;BR-101/SC;Sul;Saida de Pista;1;1;;;;;1
23/10/2015;20:29:00;367;sem vítima;79,3;BR-101/SC;Sul;Colisão Traseira;2;2;;;;;1
24/10/2015;06:05:00;52;sem vítima;4,5;BR-101/SC;Sul;Saida de Pista;1;1;;;;;1
24/10/2015;07:47:00;65;sem vítima;104,3;BR-116/PR;Norte;Colisão Lateral;1;2;;;;;1
24/10/2015;14:49:00;184;sem vítima;95,5;BR-101/SC;Sul;Colisão Lateral;1;2;;;;;1
24/10/2015;14:52:00;185;sem vítima;136,8;BR-101/SC;Sul;Colisão Lateral;1;2;;;;;1
24/10/2015;17:22:00;240;sem vítima;93,901;BR-101/SC;Sul;Colisão Lateral;1;2;;;;;1
24/10/2015;22:01:00;307;sem vítima;14,39;BR-101/SC;Norte;Saida de Pista;1;1;;;;;1
25/10/2015;08:33:00;97;com vítima;117,301;BR-101/SC;Sul;Colisão Lateral;1;1;;1;;;2
25/10/2015;13:54:00;189;sem vítima;214,4;BR-101/SC;Norte;Colisão Lateral;1;2;;;;;1
25/10/2015;15:19:00;212;sem vítima;656,8;BR-376/PR;Norte;Choque - Defensa, barreira ou "submarino";1;4;;;;;1
26/10/2015;04:32:00;50;sem vítima;56,9;BR-101/SC;Sul;Colisão Lateral;2;2;;;;;1
26/10/2015;07:03:00;64;com vítima;138,5;BR-101/SC;Sul;Colisão Traseira;1;1;1;;;;1
26/10/2015;09:10:00;105;com vítima;657,001;BR-376/PR;Norte;Colisão Lateral;1;1;1;;;;1
26/10/2015;10:52:00;131;com vítima;671,7;BR-376/PR;Sul;Saida de Pista;1;0;;;;2;3
26/10/2015;11:10:00;136;sem vítima;39,6;BR-101/SC;Sul;Colisão Traseira;2;2;;;;;1
26/10/2015;11:19:00;138;sem vítima;202,1;BR-101/SC;Norte;Colisão Traseira;1;2;;;;;1
26/10/2015;13:19:00;180;sem vítima;656,66;BR-376/PR;Norte;Colisão Lateral;1;2;;;;;1
26/10/2015;14:17:00;193;sem vítima;197,2;BR-101/SC;Norte;Colisão Lateral;1;2;;;;;1
26/10/2015;14:34:00;199;sem vítima;135,7;BR-101/SC;Sul;Colisão Traseira;2;3;;;;;1
26/10/2015;16:11:00;230;sem vítima;135,001;BR-101/SC;Sul;Colisão Lateral;1;2;;;;;1
27/10/2015;09:14:00;102;sem vítima;671,8;BR-376/PR;Sul;Colisão Traseira;2;2;;;;;1
27/10/2015;11:01:00;130;sem vítima;51,62;BR-101/SC;Sul;Tombamento;1;1;;;;;1
27/10/2015;14:46:00;197;sem vítima;624,7;BR-376/PR;Norte;Colisão Lateral;1;2;;;;;1
27/10/2015;18:09:00;276;sem vítima;117,05;BR-101/SC;Sul;Colisão Lateral;1;2;;;;;1
28/10/2015;05:08:00;51;sem vítima;84,1;BR-116/PR;Sul;Tombamento;1;1;;;;;1
28/10/2015;08:22:00;79;sem vítima;113,8;BR-101/SC;Norte;Colisão Traseira;2;3;;;;;1
28/10/2015;09:45:00;102;sem vítima;71,4;BR-101/SC;Sul;Choque - Defensa, barreira ou "submarino";1;3;;;;;1
28/10/2015;09:37:00;105;sem vítima;92,707;BR-116/PR;Sul;Colisão Lateral;1;2;;;;;1
28/10/2015;10:45:00;125;sem vítima;672,001;BR-376/PR;Norte;Colisão Traseira;2;2;;;;;1
28/10/2015;11:58:00;146;com vítima;181,492;BR-101/SC;Sul;Tombamento;1;1;1;;;;1
28/10/2015;13:05:00;165;sem vítima;673,723;BR-376/PR;Norte;Tombamento;1;1;;;;;1
28/10/2015;14:55:00;205;sem vítima;216,001;BR-101/SC;Norte;Colisão Traseira;2;2;;;;;1
28/10/2015;17:17:00;261;sem vítima;209,001;BR-101/SC;Norte;Colisão Lateral;1;2;;;;;1
29/10/2015;06:56:00;59;com vítima;212,8;BR-101/SC;Norte;Colisão Traseira;1;2;1;;;;1
29/10/2015;09:08:00;94;sem vítima;55,1;BR-101/SC;Sul;Colisão Traseira;1;2;;;;;1
29/10/2015;09:22:00;98;sem vítima;668,65;BR-376/PR;Sul;Tombamento;1;1;;;;;1
29/10/2015;09:43:00;105;sem vítima;211,725;BR-101/SC;Norte;Colisão Traseira;1;2;;;;;1
29/10/2015;11:22:00;136;sem vítima;53,1;BR-101/SC;Norte;Saida de Pista;1;2;;;;;1
29/10/2015;12:49:00;160;com vítima;211,885;BR-101/SC;Norte;Colisão Traseira;2;2;1;;;;1
29/10/2015;16:07:00;232;sem vítima;84,693;BR-101/SC;Sul;Colisão Lateral;1;2;;;;;1
30/10/2015;00:11:00;11;com vítima;121,378;BR-101/SC;Sul;Colisão Traseira;1;1;;1;;;2
30/10/2015;08:51:00;104;sem vítima;673,001;BR-376/PR;Sul;Colisão Traseira;2;2;;;;;1
30/10/2015;16:21:00;289;com vítima;107,171;BR-116/PR;Sul;Colisão Traseira;1;0;1;;;;1
30/10/2015;18:02:00;338;com vítima;132,858;BR-101/SC;Norte;Colisão Traseira;1;1;1;;;;1
30/10/2015;22:24:00;431;sem vítima;157,4;BR-101/SC;Sul;Engavetamento;2;7;;;;;1
31/10/2015;05:22:00;81;com vítima;673,403;BR-376/PR;Sul;Colisão Traseira;2;1;;1;;;2
31/10/2015;08:39:00;120;sem vítima;108,271;BR-101/SC;Sul;Saida de Pista;1;1;;;;;1
31/10/2015;10:16:00;156;sem vítima;113,001;BR-116/PR;Sul;Outros;1;1;;;;;1
31/10/2015;10:53:00;171;com vítima;12,11;BR-101/SC;Sul;Engavetamento;2;6;4;;;;1
31/10/2015;15:11:00;242;sem vítima;88,1;BR-101/SC;Sul;Colisão Traseira;1;2;;;;;1
31/10/2015;16:32:00;275;sem vítima;666,001;BR-376/PR;Sul;Choque - Defensa, barreira ou "submarino";1;2;;;;;1
31/10/2015;16:32:00;276;sem vítima;119,001;BR-101/SC;Sul;Colisão Lateral;1;2;;;;;1
31/10/2015;20:02:00;336;sem vítima;664,2;BR-376/PR;Norte;Colisão Lateral;2;2;;;;;1
01/11/2015;06:00:00;62;sem vítima;1,35;BR-101/SC;Norte;Choque - Defensa, barreira ou "submarino";1;1;;;;;1
01/11/2015;10:50:00;147;sem vítima;48,7;BR-101/SC;Sul;Colisão Transversal;1;2;;;;;1
01/11/2015;12:40:00;177;sem vítima;648,5;BR-376/PR;Sul;Choque - Defensa, barreira ou "submarino";1;2;;;;;1
01/11/2015;14:11:00;193;sem vítima;111,111;BR-101/SC;Norte;Saida de Pista;1;1;;;;;1
01/11/2015;15:37:00;223;sem vítima;664,2;BR-376/PR;Norte;Colisão Lateral;1;2;;;;;1
01/11/2015;17:20:00;248;sem vítima;226,923;BR-101/SC;Norte;Choque - Defensa, barreira ou "submarino";1;1;;;;;1
01/11/2015;18:14:00;269;sem vítima;52,5;BR-101/SC;Sul;Saida de Pista;1;1;;;;;1
02/11/2015;11:11:00;124;com vítima;88,808;BR-116/PR;Sul;Atropelamento - Ciclista;1;1;1;;;;1
02/11/2015;12:38:00;155;sem vítima;678,4;BR-376/PR;Norte;Colisão Lateral;1;2;;;;;1
02/11/2015;20:08:00;289;com vítima;137,341;BR-101/SC;Norte;Engavetamento;2;4;;1;;;2
03/11/2015;03:13:00;48;sem vítima;158,058;BR-101/SC;Sul;Colisão Traseira;1;2;;;;;1
03/11/2015;06:26:00;72;com vítima;216,5;BR-101/SC;Norte;Colisão Traseira;1;1;2;;;;1
03/11/2015;08:50:00;115;sem vítima;149,1;BR-101/SC;Norte;Colisão Traseira;1;2;;;;;1
03/11/2015;10:51:00;162;sem vítima;79,4;BR-101/SC;Sul;Objeto lançado contra veículo;2;2;;;;;1
03/11/2015;13:29:00;214;sem vítima;182,001;BR-101/SC;Sul;Colisão Lateral;1;2;;;;;1