data;horario;n_da_ocorrencia;tipo_de_ocorrencia;km;trecho;sentido;tipo_de_acidente;caminhao;ilesos;levemente_feridos;moderadamente_feridos;gravemente_feridos;mortos;3
12/12/2015;07:48:00;101;sem vítima;664,95;BR-376/PR;Sul;Colisão Traseira;2;2;;;;;1
12/12/2015;10:57:00;180;com vítima;657,001;BR-376/PR;Norte;Colisão Transversal;1;1;1;;;;1
12/12/2015;12:04:00;228;sem vítima;12,5;BR-101/SC;Norte;Engavetamento;1;4;;;;;1
13/12/2015;00:09:00;11;sem vítima;44,8;BR-101/SC;Norte;Colisão Lateral;1;2;;;;;1
13/12/2015;13:06:00;201;com vítima;108,05;BR-116/PR;Norte;Engavetamento;1;6;;8;1;1;3
13/12/2015;18:27:00;351;sem vítima;242,5;BR-101/SC;Norte;Colisão Lateral;1;2;;;;;1
13/12/2015;21:11:00;448;com vítima;157,001;BR-101/SC;Norte;Queda de Moto;1;2;;1;1;;2
13/12/2015;23:21:00;497;sem vítima;670,001;BR-376/PR;Sul;Saida de Pista;1;1;;;;;1
14/12/2015;08:22:00;109;sem vítima;157,4;BR-101/SC;Norte;Colisão Traseira;1;2;;;;;1
15/12/2015;06:34:00;62;sem vítima;49,5;BR-101/SC;Norte;Colisão Traseira;1;2;;;;;1
15/12/2015;13:23:00;244;sem vítima;235,5;BR-101/SC;Sul;Colisão Lateral;1;2;;;;;1
15/12/2015;13:28:00;246;sem vítima;635,35;BR-376/PR;Norte;Colisão Traseira;1;2;;;;;1
15/12/2015;13:52:00;252;sem vítima;79,35;BR-101/SC;Sul;Colisão Traseira;1;2;;;;;1
15/12/2015;14:02:00;256;sem vítima;671,55;BR-376/PR;Norte;Colisão Traseira;2;2;;;;;1
15/12/2015;15:31:00;292;sem vítima;116,001;BR-101/SC;Sul;Colisão Lateral;1;2;;;;;1
15/12/2015;16:44:00;325;sem vítima;671,8;BR-376/PR;Sul;Colisão Traseira;1;2;;;;;1
15/12/2015;16:55:00;333;sem vítima;212,001;BR-101/SC;Sul;Colisão Traseira;1;2;;;;;1
15/12/2015;19:21:00;384;sem vítima;668,9;BR-376/PR;Sul;Tombamento;1;1;;;;;1
15/12/2015;19:10:00;385;sem vítima;11,5;BR-101/SC;Norte;Tombamento;1;1;;;;;1
15/12/2015;21:57:00;420;sem vítima;660,1;BR-376/PR;Sul;Colisão Lateral;2;2;;;;;1
16/12/2015;02:30:00;53;sem vítima;669,001;BR-376/PR;Sul;Tombamento;2;2;;;;;1
16/12/2015;02:30:00;54;sem vítima;671,7;BR-376/PR;Sul;Saida de Pista;1;1;;;;;1
16/12/2015;07:49:00;106;com vítima;148,1;BR-101/SC;Sul;Colisão Lateral;1;1;1;;;;1
16/12/2015;08:10:00;117;sem vítima;162,9;BR-101/SC;Sul;Colisão Traseira;1;2;;;;;1
16/12/2015;13:40:00;262;sem vítima;232,1;BR-101/SC;Norte;Colisão Lateral;1;2;;;;;1
16/12/2015;13:40:00;283;sem vítima;233,5;BR-101/SC;Norte;Colisão Traseira;1;2;;;;;1
16/12/2015;17:05:00;339;sem vítima;12,7;BR-101/SC;Sul;Colisão Lateral;1;2;;;;;1
16/12/2015;17:51:00;356;sem vítima;201,001;BR-101/SC;Sul;Colisão Lateral;1;2;;;;;1
17/12/2015;05:45:00;64;sem vítima;80,01;BR-101/SC;Sul;Choque - Defensa, barreira ou "submarino";1;1;;;;;1
17/12/2015;07:56:00;111;com vítima;41,1;BR-101/SC;Norte;Colisão Traseira;1;2;2;;;;1
17/12/2015;09:00:00;145;sem vítima;137,001;BR-101/SC;Norte;Outros;1;1;;;;;1
17/12/2015;10:46:00;191;sem vítima;626,9;BR-376/PR;Sul;Colisão Lateral;1;2;;;;;1
17/12/2015;11:25:00;213;sem vítima;671,098;BR-376/PR;Sul;Colisão Lateral;3;3;;;;;1
17/12/2015;17:01:00;366;sem vítima;203,5;BR-101/SC;Norte;Colisão Traseira;1;2;;;;;1
17/12/2015;17:42:00;377;sem vítima;162,1;BR-101/SC;Norte;Colisão Traseira;1;3;;;;;1
17/12/2015;19:43:00;414;sem vítima;206,001;BR-101/SC;Sul;Colisão Traseira;2;2;;;;;1
18/12/2015;14:47:00;298;sem vítima;92,9;BR-101/SC;Sul;Colisão Traseira;1;2;;;;;1
18/12/2015;22:53:00;492;com vítima;228,15;BR-101/SC;Norte;Saida de Pista;1;1;1;;;;1
19/12/2015;17:56:00;335;com vítima;164,27;BR-101/SC;Sul;Colisão Lateral;1;4;2;;;;1
19/12/2015;18:16:00;341;sem vítima;77,5;BR-116/PR;Norte;Saida de Pista;1;1;;;;;1
19/12/2015;18:59:00;364;com vítima;666,85;BR-376/PR;Sul;Colisão Lateral;1;2;;1;;;2
19/12/2015;20:07:00;379;sem vítima;615,001;BR-376/PR;Norte;Tombamento;1;1;;;;;1
19/12/2015;22:33:00;418;sem vítima;92,7;BR-116/PR;Sul;Colisão Lateral;2;2;;;;;1
20/12/2015;07:28:00;99;sem vítima;671,001;BR-376/PR;Sul;Choque - Defensa, barreira ou "submarino";1;1;;;;;1
20/12/2015;15:57:00;290;sem vítima;174,35;BR-101/SC;Norte;Choque - Defensa, barreira ou "submarino";1;1;;;;;1
20/12/2015;18:33:00;345;com vítima;667,25;BR-376/PR;Norte;Colisão Lateral;1;3;13;5;1;;2
21/12/2015;07:37:00;83;com vítima;78,9;BR-101/SC;Sul;Colisão Traseira;2;2;1;;;;1
21/12/2015;10:02:00;132;sem vítima;45,5;BR-101/SC;Norte;Saida de Pista;1;1;;;;;1
21/12/2015;10:30:00;144;com vítima;617,001;BR-376/PR;Norte;Choque - Defensa, barreira ou "submarino";1;2;1;;;;1
21/12/2015;10:31:00;146;sem vítima;665,3;BR-376/PR;Sul;Colisão Traseira;1;2;;;;;1
21/12/2015;10:33:00;147;sem vítima;664,3;BR-376/PR;Sul;Colisão Lateral;1;2;;;;;1
21/12/2015;12:34:00;197;sem vítima;68,5;BR-101/SC;Norte;Saida de Pista;1;2;;;;;1
21/12/2015;14:23:00;239;sem vítima;157,001;BR-101/SC;Sul;Colisão Traseira;1;2;;;;;1
21/12/2015;16:38:00;297;sem vítima;26,001;BR-101/SC;Sul;Colisão Lateral;1;3;;;;;1
21/12/2015;17:11:00;317;sem vítima;116,7;BR-101/SC;Sul;Colisão Traseira;2;2;;;;;1
21/12/2015;18:35:00;349;sem vítima;163,001;BR-101/SC;Norte;Saida de Pista;1;1;;;;;1
21/12/2015;20:11:00;391;sem vítima;243,001;BR-101/SC;Norte;Choque - Defensa, barreira ou "submarino";1;1;;;;;1
21/12/2015;21:55:00;423;sem vítima;116,001;BR-101/SC;Sul;Colisão Lateral;1;2;;;;;1
22/12/2015;03:47:00;41;sem vítima;86,8;BR-116/PR;Sul;Colisão Traseira;1;2;;;;;1
22/12/2015;07:48:00;85;sem vítima;126,05;BR-101/SC;Norte;Choque - Defensa, barreira ou "submarino";1;2;;;;;1
22/12/2015;08:17:00;98;sem vítima;664,2;BR-376/PR;Norte;Colisão Lateral;2;2;;;;;1
22/12/2015;09:46:00;144;com vítima;668,85;BR-376/PR;Sul;Colisão Traseira;1;3;1;1;;;2
22/12/2015;17:35:00;330;sem vítima;215,001;BR-101/SC;Norte;Colisão Lateral;1;2;;;;;1
22/12/2015;17:52:00;338;sem vítima;126,7;BR-101/SC;Sul;Choque - Objeto sobre a pista;1;3;;;;;1
22/12/2015;18:39:00;353;sem vítima;119,3;BR-101/SC;Sul;Colisão Traseira;1;2;;;;;1
22/12/2015;18:49:00;359;sem vítima;130,001;BR-101/SC;Norte;Colisão Traseira;1;2;;;;;1
22/12/2015;19:02:00;368;com vítima;50,001;BR-101/SC;Sul;Saida de Pista;1;1;1;;;;1
22/12/2015;19:00:00;375;sem vítima;127,001;BR-101/SC;Sul;Saida de Pista;1;1;;;;;1
22/12/2015;19:20:00;376;sem vítima;205,2;BR-101/SC;Sul;Colisão Lateral;1;2;;;;;1
22/12/2015;20:41:00;404;sem vítima;636,001;BR-376/PR;Sul;Colisão Lateral;1;4;;;;;1
23/12/2015;08:30:00;122;sem vítima;95,001;BR-116/PR;Sul;Engavetamento;3;3;;;;;1
23/12/2015;10:21:00;164;sem vítima;105,1;BR-101/SC;Sul;Colisão Traseira;1;2;;;;;1
24/12/2015;04:39:00;68;sem vítima;73,5;BR-116/PR;Sul;Tombamento;1;1;;;;;1
24/12/2015;05:33:00;81;sem vítima;79,3;BR-101/SC;Sul;Colisão Traseira;1;2;;;;;1
25/12/2015;11:16:00;110;sem vítima;1,35;BR-101/SC;Norte;Colisão Traseira;1;2;;;;;1
25/12/2015;21:07:00;309;sem vítima;155,8;BR-101/SC;Sul;Saida de Pista;1;1;;;;;1
26/12/2015;14:00:00;192;sem vítima;103,9;BR-116/PR;Norte;Colisão Traseira;1;2;;;;;1
27/12/2015;17:58:00;382;com vítima;95,001;BR-101/SC;Sul;Colisão Traseira;1;1;1;;;;1
27/12/2015;18:05:00;386;sem vítima;179,3;BR-101/SC;Sul;Colisão Lateral;1;2;;;;;1
27/12/2015;20:33:00;463;sem vítima;157,35;BR-101/SC;Norte;Colisão Traseira;1;3;;;;;1
27/12/2015;20:35:00;464;sem vítima;635,001;BR-376/PR;Norte;Colisão Lateral;1;2;;;;;1
28/12/2015;12:33:00;218;com vítima;117,4;BR-101/SC;Sul;Colisão Lateral;1;1;1;;;;1
28/12/2015;13:20:00;237;com vítima;632,001;BR-376/PR;Sul;Colisão Lateral;1;2;1;;;;1
28/12/2015;13:36:00;247;sem vítima;104,011;BR-116/PR;Sul;Saida de Pista;1;1;;;;;1
28/12/2015;14:16:00;266;sem vítima;18,05;BR-101/SC;Norte;Saida de Pista;1;1;;;;;1
28/12/2015;15:29:00;300;com vítima;3,9;BR-101/SC;Sul;Colisão Traseira;1;1;1;;;;1
28/12/2015;20:50:00;410;sem vítima;45,001;BR-101/SC;Norte;Choque - Defensa, barreira ou "submarino";1;3;;;;;1
28/12/2015;23:49:00;450;sem vítima;6,001;BR-101/SC;Sul;Engavetamento;1;3;;;;;1
29/12/2015;00:29:00;8;sem vítima;79,001;BR-116/PR;Sul;Saida de Pista;1;1;;;;;1
29/12/2015;06:51:00;68;com vítima;65,8;BR-101/SC;Sul;Colisão Traseira;1;1;1;;;;1
29/12/2015;08:18:00;106;sem vítima;119,2;BR-101/SC;Sul;Saida de Pista;1;2;;;;;1
29/12/2015;10:44:00;171;sem vítima;119,05;BR-101/SC;Sul;Colisão Lateral;1;2;;;;;1
29/12/2015;12:15:00;225;sem vítima;137,365;BR-101/SC;Norte;Saida de Pista;1;1;;;;;1
29/12/2015;13:10:00;249;com vítima;137,9;BR-101/SC;Norte;Engavetamento;1;6;1;;;;1
29/12/2015;14:26:00;269;sem vítima;666,001;BR-376/PR;Sul;Colisão Lateral;1;2;;;;;1
29/12/2015;14:29:00;273;sem vítima;103,001;BR-116/PR;Sul;Saida de Pista;1;1;;;;;1
29/12/2015;14:56:00;283;sem vítima;628,001;BR-376/PR;Norte;Saida de Pista;1;1;;;;;1
29/12/2015;15:24:00;299;sem vítima;664,5;BR-376/PR;Norte;Saida de Pista;1;1;;;;;1
29/12/2015;18:26:00;364;sem vítima;86,45;BR-101/SC;Norte;Colisão Lateral;1;2;;;;;1
29/12/2015;19:17:00;382;sem vítima;114,001;BR-101/SC;Sul;Colisão Traseira;1;2;;;;;1
29/12/2015;22:08:00;446;sem vítima;672,7;BR-376/PR;Sul;Colisão Lateral;1;2;;;;;1
30/12/2015;01:47:00;36;sem vítima;231,1;BR-101/SC;Norte;Colisão Lateral;1;2;;;;;1
30/12/2015;07:19:00;86;com vítima;224,7;BR-101/SC;Sul;Colisão Traseira;2;1;4;;;;1
30/12/2015;08:53:00;127;sem vítima;112,4;BR-101/SC;Norte;Saida de Pista;1;1;;;;;1
30/12/2015;10:50:00;178;sem vítima;79,8;BR-101/SC;Sul;Engavetamento;1;5;;;;;1
30/12/2015;11:40:00;197;sem vítima;201,9;BR-101/SC;Sul;Colisão Lateral;1;2;;;;;1
30/12/2015;13:57:00;263;sem vítima;123,201;BR-101/SC;Sul;Colisão Traseira;1;2;;;;;1
30/12/2015;14:18:00;276;sem vítima;121,001;BR-101/SC;Sul;Colisão Traseira;1;2;;;;;1
30/12/2015;14:49:00;294;sem vítima;92,8;BR-101/SC;Sul;Colisão Traseira;1;2;;;;;1
01/05/2015;05:45:00;53;sem vítima;30,801;BR-101/SC;Sul;Colisão Traseira;1;4;;;;;1
01/05/2015;06:13:00;55;sem vítima;635,401;BR-376/PR;Sul;Colisão Lateral;1;2;;;;;1
01/05/2015;13:28:00;190;com vítima;634,95;BR-376/PR;Norte;Colisão Transversal;1;1;;1;;;2
02/05/2015;06:03:00;57;com vítima;99,551;BR-101/SC;Norte;Colisão Traseira;1;2;1;;;;1
02/05/2015;14:16:00;179;com vítima;644,369;BR-376/PR;Norte;Colisão Lateral;1;1;1;;;;1
02/05/2015;14:26:00;180;sem vítima;157,3;BR-101/SC;Sul;Colisão Traseira;1;2;;;;;1
03/05/2015;12:18:00;111;com vítima;79,337;BR-101/SC;Norte;Colisão Traseira;1;5;1;1;;;2
03/05/2015;12:18:00;134;sem vítima;80,001;BR-101/SC;Norte;Colisão Traseira;1;2;;;;;1
03/05/2015;21:38:00;284;sem vítima;112,001;BR-101/SC;Sul;Colisão Traseira;1;2;;;;;1
04/05/2015;00:39:00;13;sem vítima;115,3;BR-101/SC;Norte;Saida de Pista;1;1;;;;;1
04/05/2015;02:17:00;24;com vítima;84,98;BR-116/PR;Sul;Colisão Traseira;1;3;1;;;;1
04/05/2015;06:22:00;48;sem vítima;60,801;BR-101/SC;Sul;Colisão Traseira;1;2;;;;;1
04/05/2015;15:20:00;214;sem vítima;203,505;BR-101/SC;Sul;Colisão Traseira;1;2;;;;;1
05/05/2015;01:15:00;24;sem vítima;668,9;BR-376/PR;Sul;Tombamento;1;1;;;;;1
05/05/2015;06:54:00;64;sem vítima;79,65;BR-101/SC;Norte;Colisão Traseira;2;2;;;;;1
05/05/2015;11:20:00;171;sem vítima;56,707;BR-101/SC;Norte;Choque - Objeto sobre a pista;1;2;;;;;1
05/05/2015;20:26:00;314;sem vítima;666,001;BR-376/PR;Norte;Colisão Traseira;2;2;;;;;1
06/05/2015;18:24:00;297;com vítima;207,4;BR-101/SC;Norte;Colisão Lateral;1;2;;;;1;3
06/05/2015;19:48:00;323;sem vítima;193,1;BR-101/SC;Sul;Colisão Lateral;1;2;;;;;1
06/05/2015;20:31:00;333;com vítima;92,75;BR-116/PR;Norte;Queda de Moto;1;2;;;;1;3
07/05/2015;00:09:00;12;com vítima;619,9;BR-376/PR;Sul;Atropelamento - Usuário;1;1;;;;1;3
07/05/2015;07:42:00;62;com vítima;214,15;BR-101/SC;Norte;Colisão Lateral;1;1;1;;;;1
07/05/2015;08:18:00;76;com vítima;114,001;BR-116/PR;Sul;Colisão Traseira;1;1;1;;;;1
07/05/2015;15:38:00;234;sem vítima;1,35;BR-101/SC;Sul;Colisão Traseira;1;2;;;;;1
07/05/2015;16:15:00;252;sem vítima;11,3;BR-101/SC;Norte;Colisão Traseira;1;2;;;;;1
07/05/2015;18:56:00;301;com vítima;22,001;BR-101/SC;Norte;Colisão Traseira;2;0;1;1;;;2
07/05/2015;19:30:00;316;sem vítima;209,7;BR-101/SC;Sul;Colisão Traseira;1;2;;;;;1
08/05/2015;08:50:00;79;com vítima;195,1;BR-101/SC;Sul;Queda de Moto;1;1;1;;;;1
08/05/2015;14:36:00;194;sem vítima;115,5;BR-101/SC;Sul;Colisão Traseira;1;2;;;;;1
08/05/2015;15:48:00;219;sem vítima;243,001;BR-101/SC;Norte;Colisão Traseira;2;2;;;;;1
08/05/2015;18:25:00;276;com vítima;115,001;BR-116/PR;Sul;Engavetamento;2;4;;1;;;2
08/05/2015;19:02:00;290;sem vítima;2,5;BR-101/SC;Sul;Tombamento;1;1;;;;;1
09/05/2015;02:20:00;22;com vítima;151,601;BR-101/SC;Sul;Colisão Traseira;1;2;1;;;;1
09/05/2015;03:04:00;31;com vítima;202,801;BR-101/SC;Sul;Colisão Lateral;1;1;;1;;;2
09/05/2015;05:07:00;45;sem vítima;680,301;BR-376/PR;Norte;Choque - Objeto sobre a pista;1;2;;;;;1
09/05/2015;14:28:00;187;sem vítima;223,5;BR-101/SC;Sul;Colisão Traseira;2;2;;;;;1
09/05/2015;15:22:00;222;sem vítima;672,001;BR-376/PR;Norte;Colisão Lateral;1;2;;;;;1
09/05/2015;20:31:00;289;com vítima;51,8;BR-101/SC;Norte;Queda de Moto;1;1;2;;;;1
10/05/2015;08:52:00;85;sem vítima;106,301;BR-116/PR;Sul;Saida de Pista;1;1;;;;;1
10/05/2015;10:27:00;113;com vítima;641,101;BR-376/PR;Norte;Colisão Traseira;1;2;1;;;;1
11/05/2015;07:32:00;56;sem vítima;143,7;BR-101/SC;Sul;Colisão Lateral;1;2;;;;;1
11/05/2015;10:53:00;127;com vítima;617,301;BR-376/PR;Norte;Colisão Traseira;1;2;;1;;;2
11/05/2015;16:16:00;229;sem vítima;635,35;BR-376/PR;Norte;Colisão Traseira;1;2;;;;;1
11/05/2015;16:52:00;249;sem vítima;210,001;BR-101/SC;Norte;Colisão Traseira;1;2;;;;;1
11/05/2015;18:33:00;287;sem vítima;148,001;BR-101/SC;Sul;Colisão Transversal;1;2;;;;;1
11/05/2015;18:43:00;291;com vítima;157,9;BR-101/SC;Sul;Colisão Lateral;1;1;1;;;;1
11/05/2015;18:55:00;295;sem vítima;209,7;BR-101/SC;Norte;Colisão Lateral;1;2;;;;;1
11/05/2015;18:58:00;296;sem vítima;119,1;BR-101/SC;Sul;Colisão Lateral;2;2;;;;;1
11/05/2015;19:37:00;308;com vítima;192,7;BR-101/SC;Norte;Colisão Lateral;1;1;1;;;;1
11/05/2015;19:56:00;315;sem vítima;125,001;BR-101/SC;Sul;Saida de Pista;1;1;;;;;1
12/05/2015;06:42:00;56;sem vítima;164,001;BR-101/SC;Sul;Colisão Traseira;1;2;;;;;1
12/05/2015;06:54:00;58;com vítima;38,05;BR-101/SC;Sul;Colisão Lateral;1;2;1;;;;1
12/05/2015;08:42:00;81;sem vítima;91,01;BR-116/PR;Norte;Saida de Pista;1;1;;;;;1
12/05/2015;10:04:00;115;sem vítima;180,3;BR-101/SC;Sul;Colisão Traseira;2;2;;;;;1
12/05/2015;10:07:00;117;sem vítima;235,32;BR-101/SC;Norte;Saida de Pista;1;2;;;;;1
12/05/2015;16:58:00;257;sem vítima;121,001;BR-101/SC;Norte;Colisão Lateral;1;2;;;;;1
12/05/2015;17:17:00;261;sem vítima;116,001;BR-101/SC;Sul;Colisão Lateral;2;2;;;;;1
12/05/2015;18:30:00;275;sem vítima;671,7;BR-376/PR;Sul;Saida de Pista;1;1;;;;;1
12/05/2015;18:06:00;279;sem vítima;208,35;BR-101/SC;Sul;Colisão Lateral;1;2;;;;;1
13/05/2015;07:42:00;65;com vítima;104,77;BR-101/SC;Norte;Colisão Lateral;1;1;1;;;;1
13/05/2015;11:59:00;174;sem vítima;1,35;BR-101/SC;Norte;Colisão Traseira;1;2;;;;;1
13/05/2015;15:02:00;234;sem vítima;635,4;BR-376/PR;Norte;Colisão Traseira;1;2;;;;;1
13/05/2015;16:16:00;258;sem vítima;157,4;BR-101/SC;Norte;Colisão Traseira;1;2;;;;;1
13/05/2015;17:51:00;291;sem vítima;93,1;BR-116/PR;Norte;Tombamento;1;2;;;;;1
13/05/2015;18:24:00;293;com vítima;98,7;BR-116/PR;Norte;Engavetamento;3;2;;1;;;2
13/05/2015;18:34:00;295;sem vítima;164,001;BR-101/SC;Sul;Choque - Defensa, barreira ou "submarino";1;1;;;;;1
14/05/2015;04:38:00;38;sem vítima;655,1;BR-376/PR;Norte;Saida de Pista;1;1;;;;;1
14/05/2015;05:56:00;45;sem vítima;9,841;BR-101/SC;Sul;Saida de Pista;1;1;;;;;1
14/05/2015;07:38:00;59;sem vítima;660,001;BR-376/PR;Norte;Tombamento;1;1;;;;;1
14/05/2015;08:10:00;74;com vítima;673,801;BR-376/PR;Sul;Saida de Pista;1;0;1;;;;1
14/05/2015;10:35:00;132;com vítima;652,3;BR-376/PR;Norte;Engavetamento;1;3;1;;;;1
14/05/2015;10:52:00;138;sem vítima;655,05;BR-376/PR;Norte;Saida de Pista;1;1;;;;;1
14/05/2015;12:00:00;152;com vítima;38,505;BR-101/SC;Sul;Colisão Lateral;1;1;1;;;;1
14/05/2015;16:26:00;237;sem vítima;674,001;BR-376/PR;Sul;Saida de Pista;1;1;;;;;1
14/05/2015;16:46:00;247;sem vítima;151,1;BR-101/SC;Norte;Choque - Defensa, barreira ou "submarino";1;1;;;;;1
14/05/2015;19:14:00;278;com vítima;107,7;BR-101/SC;Sul;Atropelamento - Andarilho;1;1;;;;1;3
14/05/2015;20:01:00;290;sem vítima;105,9;BR-101/SC;Sul;Colisão Traseira;1;2;;;;;1
15/05/2015;07:47:00;60;sem vítima;123,002;BR-101/SC;Sul;Colisão Lateral;1;2;;;;;1
15/05/2015;09:27:00;94;sem vítima;234,97;BR-101/SC;Norte;Tombamento;1;1;;;;;1
15/05/2015;11:39:00;143;sem vítima;210,5;BR-101/SC;Norte;Colisão Lateral;1;2;;;;;1
15/05/2015;15:20:00;195;com vítima;48,828;BR-101/SC;Norte;Tombamento;1;1;1;;;;1
15/05/2015;16:52:00;222;sem vítima;4,5;BR-101/SC;Norte;Colisão Lateral;2;2;;;;;1
15/05/2015;17:16:00;229;sem vítima;220,5;BR-101/SC;Norte;Colisão Lateral;1;2;;;;;1
15/05/2015;19:50:00;289;com vítima;102,1;BR-116/PR;Sul;Colisão Traseira;1;3;1;;;;1
15/05/2015;20:16:00;291;sem vítima;151,001;BR-101/SC;Sul;Colisão Lateral;1;2;;;;;1
16/05/2015;07:08:00;67;sem vítima;64,003;BR-101/SC;Sul;Colisão Traseira;1;2;;;;;1
16/05/2015;09:38:00;125;com vítima;102,001;BR-116/PR;Sul;Engavetamento;3;2;;1;;;2
16/05/2015;18:13:00;266;sem vítima;40,18;BR-101/SC;Sul;Colisão Transversal;1;2;;;;;1
16/05/2015;18:32:00;269;com vítima;227,7;BR-101/SC;Sul;Colisão Traseira;1;2;1;;;;1
16/05/2015;21:00:00;301;sem vítima;140,6;BR-101/SC;Norte;Colisão Lateral;1;2;;;;;1
16/05/2015;21:39:00;308;sem vítima;136,001;BR-101/SC;Sul;Colisão Traseira;1;2;;;;;1
17/05/2015;21:55:00;306;sem vítima;114,002;BR-116/PR;Norte;Colisão Traseira;1;4;;;;;1
18/05/2015;10:07:00;114;sem vítima;155,001;BR-101/SC;Sul;Colisão Traseira;2;2;;;;;1
18/05/2015;11:53:00;156;sem vítima;158,001;BR-101/SC;Norte;Colisão Traseira;2;2;;;;;1
18/05/2015;17:25:00;244;sem vítima;666,1;BR-376/PR;Sul;Tombamento;1;1;;;;;1
18/05/2015;21:42:00;300;sem vítima;207,01;BR-101/SC;Sul;Colisão Traseira;1;2;;;;;1
19/05/2015;00:57:00;17;sem vítima;161,7;BR-101/SC;Sul;Tombamento;1;1;;;;;1
19/05/2015;06:47:00;54;sem vítima;42,199;BR-101/SC;Sul;Colisão Lateral;2;2;;;;;1
19/05/2015;10:10:00;128;sem vítima;89,01;BR-116/PR;Norte;Colisão Lateral;1;2;;;;;1
19/05/2015;15:32:00;219;sem vítima;165,68;BR-101/SC;Sul;Saida de Pista;1;1;;;;;1
19/05/2015;18:35:00;266;com vítima;115,4;BR-101/SC;Norte;Colisão Traseira;1;1;1;;;;1
19/05/2015;19:01:00;272;com vítima;206,501;BR-101/SC;Sul;Colisão Traseira;2;3;2;;;;1
19/05/2015;21:47:00;306;com vítima;169,167;BR-101/SC;Sul;Saida de Pista;1;0;1;1;;;2
20/05/2015;06:07:00;71;sem vítima;213,75;BR-101/SC;Norte;Colisão Lateral;1;2;;;;;1
20/05/2015;07:29:00;77;sem vítima;121,399;BR-101/SC;Sul;Engavetamento;1;3;;;;;1
20/05/2015;17:07:00;295;sem vítima;113,5;BR-116/PR;Norte;Colisão Traseira;1;2;;;;;1
20/05/2015;23:38:00;375;sem vítima;111,2;BR-116/PR;Norte;Colisão Lateral;2;2;;;;;1
21/05/2015;05:42:00;50;sem vítima;78,001;BR-101/SC;Sul;Colisão Traseira;1;2;;;;;1
21/05/2015;07:42:00;67;sem vítima;209,6;BR-101/SC;Norte;Colisão Lateral;1;2;;;;;1
21/05/2015;15:47:00;241;sem vítima;115,001;BR-101/SC;Norte;Colisão Lateral;2;2;;;;;1
21/05/2015;18:21:00;293;sem vítima;215,9;BR-101/SC;Norte;Engavetamento;1;3;;;;;1
21/05/2015;21:42:00;339;sem vítima;12,5;BR-101/SC;Sul;Choque - Objeto sobre a pista;2;2;;;;;1
22/05/2015;04:43:00;56;sem vítima;619,5;BR-376/PR;Norte;Colisão Traseira;3;3;;;;;1
22/05/2015;10:34:00;179;sem vítima;672,98;BR-376/PR;Sul;Saida de Pista;1;1;;;;;1
22/05/2015;12:13:00;215;sem vítima;75,01;BR-116/PR;Sul;Colisão Traseira;2;3;;;;;1
22/05/2015;12:52:00;226;sem vítima;41,505;BR-101/SC;Sul;Colisão Traseira;1;2;;;;;1
22/05/2015;13:30:00;255;sem vítima;41,8;BR-101/SC;Sul;Colisão Traseira;1;2;;;;;1
23/05/2015;08:36:00;108;sem vítima;191,001;BR-101/SC;Sul;Colisão Lateral;1;2;;;;;1
23/05/2015;09:43:00;129;com vítima;667,89;BR-376/PR;Sul;Engavetamento;3;9;;1;1;;2
23/05/2015;12:07:00;177;sem vítima;55,95;BR-101/SC;Norte;Colisão Traseira;1;2;;;;;1
23/05/2015;15:29:00;239;sem vítima;181,902;BR-101/SC;Norte;Colisão Lateral;1;2;;;;;1
23/05/2015;18:24:00;292;sem vítima;46,85;BR-101/SC;Norte;Colisão Lateral;1;2;;;;;1
23/05/2015;20:30:00;318;sem vítima;121,25;BR-101/SC;Sul;Colisão Traseira;1;2;;;;;1
23/05/2015;20:36:00;322;sem vítima;225,001;BR-101/SC;Norte;Colisão Lateral;1;2;;;;;1
23/05/2015;21:27:00;328;com vítima;213,8;BR-101/SC;Norte;Colisão Lateral;1;2;2;;;;1
23/05/2015;21:56:00;334;sem vítima;214,3;BR-101/SC;Norte;Engavetamento;1;3;;;;;1
24/05/2015;03:53:00;43;sem vítima;192,1;BR-101/SC;Norte;Tombamento;1;1;;;;;1
24/05/2015;09:57:00;121;sem vítima;9,5;BR-101/SC;Sul;Colisão Traseira;2;2;;;;;1
24/05/2015;13:34:00;191;sem vítima;13,909;BR-101/SC;Norte;Colisão Lateral;1;2;;;;;1
24/05/2015;20:19:00;296;sem vítima;66,001;BR-101/SC;Sul;Saida de Pista;1;1;;;;;1
25/05/2015;08:01:00;62;com vítima;111,807;BR-116/PR;Norte;Saida de Pista;1;0;1;;;;1
25/05/2015;07:58:00;63;sem vítima;216,099;BR-101/SC;Sul;Outros;1;1;;;;;1
25/05/2015;08:23:00;76;sem vítima;137,301;BR-101/SC;Norte;Choque - Defensa, barreira ou "submarino";1;1;;;;;1
25/05/2015;09:17:00;98;sem vítima;137,307;BR-101/SC;Norte;Colisão Traseira;1;2;;;;;1
25/05/2015;09:26:00;104;sem vítima;615,01;BR-376/PR;Sul;Colisão Lateral;1;1;;;;;1
25/05/2015;11:01:00;135;sem vítima;106,701;BR-116/PR;Sul;Saida de Pista;1;1;;;;;1
25/05/2015;11:39:00;143;sem vítima;137,299;BR-101/SC;Norte;Choque - Defensa, barreira ou "submarino";1;1;;;;;1
25/05/2015;16:54:00;245;sem vítima;53,012;BR-101/SC;Norte;Saida de Pista;1;1;;;;;1
25/05/2015;19:18:00;280;sem vítima;666,001;BR-376/PR;Norte;Colisão Traseira;1;2;;;;;1
25/05/2015;19:45:00;287;sem vítima;68,588;BR-101/SC;Norte;Saida de Pista;1;1;;;;;1
26/05/2015;05:01:00;40;com vítima;205,85;BR-101/SC;Norte;Colisão Lateral;1;1;;1;;;2
26/05/2015;06:11:00;45;com vítima;621,201;BR-376/PR;Norte;Colisão Traseira;2;1;1;;;;1