data;horario;n_da_ocorrencia;tipo_de_ocorrencia;km;trecho;sentido;tipo_de_acidente;caminhao;ilesos;levemente_feridos;moderadamente_feridos;gravemente_feridos;mortos;3
26/05/2015;09:54:00;96;sem vítima;677,601;BR-376/PR;Norte;Colisão Lateral;1;3;;;;;1
26/05/2015;11:03:00;116;com vítima;97,177;BR-101/SC;Sul;Saida de Pista;1;0;1;1;;;2
26/05/2015;14:45:00;168;com vítima;119,102;BR-101/SC;Sul;Queda de Moto;1;1;1;;;;1
26/05/2015;15:47:00;192;sem vítima;21,91;BR-101/SC;Norte;Saida de Pista;1;1;;;;;1
26/05/2015;18:06:00;224;sem vítima;115,5;BR-101/SC;Norte;Colisão Traseira;1;2;;;;;1
26/05/2015;18:57:00;241;sem vítima;96,8;BR-116/PR;Sul;Saida de Pista;1;1;;;;;1
26/05/2015;21:04:00;269;sem vítima;657,001;BR-376/PR;Sul;Tombamento;1;1;;;;;1
26/05/2015;21:26:00;271;sem vítima;119,8;BR-101/SC;Norte;Saida de Pista;1;1;;;;;1
26/05/2015;22:29:00;278;sem vítima;76,001;BR-101/SC;Sul;Saida de Pista;1;1;;;;;1
27/05/2015;06:05:00;54;sem vítima;172,85;BR-101/SC;Sul;Saida de Pista;1;1;;;;;1
27/05/2015;11:24:00;160;sem vítima;672,901;BR-376/PR;Norte;Colisão Lateral;3;3;;;;;1
27/05/2015;15:39:00;234;sem vítima;201,001;BR-101/SC;Sul;Colisão Lateral;1;2;;;;;1
27/05/2015;16:33:00;250;com vítima;125,001;BR-101/SC;Norte;Colisão Frontal;1;1;;1;;;2
27/05/2015;16:36:00;252;sem vítima;101,9;BR-101/SC;Norte;Colisão Lateral;1;3;;;;;1
27/05/2015;17:31:00;266;sem vítima;155,04;BR-101/SC;Norte;Saida de Pista;1;1;;;;;1
27/05/2015;19:46:00;311;sem vítima;136,8;BR-101/SC;Norte;Colisão Traseira;1;2;;;;;1
28/05/2015;08:50:00;135;sem vítima;671,7;BR-376/PR;Sul;Saida de Pista;1;1;;;;;1
28/05/2015;09:51:00;158;sem vítima;1,35;BR-101/SC;Norte;Choque - Suporte de Sinalização;1;1;;;;;1
28/05/2015;17:29:00;299;sem vítima;216,5;BR-101/SC;Sul;Colisão Lateral;1;2;;;;;1
28/05/2015;18:33:00;326;sem vítima;103,8;BR-101/SC;Sul;Colisão Traseira;2;2;;;;;1
29/05/2015;11:00:00;188;sem vítima;109,201;BR-116/PR;Sul;Colisão Traseira;1;2;;;;;1
29/05/2015;16:24:00;291;sem vítima;112,001;BR-116/PR;Sul;Colisão Traseira;1;2;;;;;1
29/05/2015;16:27:00;293;sem vítima;637,4;BR-376/PR;Sul;Colisão Traseira;1;2;;;;;1
29/05/2015;16:28:00;294;sem vítima;99,001;BR-101/SC;Norte;Objeto lançado contra veículo;1;2;;;;;1
29/05/2015;17:38:00;317;sem vítima;219,001;BR-101/SC;Sul;Saida de Pista;1;1;;;;;1
29/05/2015;20:07:00;355;sem vítima;204,1;BR-101/SC;Norte;Engavetamento;1;3;;;;;1
29/05/2015;20:24:00;358;sem vítima;109,7;BR-116/PR;Sul;Colisão Traseira;2;2;;;;;1
29/05/2015;22:18:00;377;com vítima;661,001;BR-376/PR;Norte;Saida de Pista;1;0;1;;;;1
29/05/2015;19:20:00;379;sem vítima;201,7;BR-101/SC;Sul;Colisão Traseira;1;2;;;;;1
30/05/2015;07:16:00;77;sem vítima;192,7;BR-101/SC;Norte;Saida de Pista;1;1;;;;;1
30/05/2015;08:36:00;105;sem vítima;71,79;BR-101/SC;Sul;Colisão Lateral;1;2;;;;;1
30/05/2015;17:08:00;238;sem vítima;214,8;BR-101/SC;Sul;Colisão Traseira;1;2;;;;;1
30/05/2015;17:42:00;250;sem vítima;114,801;BR-116/PR;Norte;Tombamento;1;1;;;;;1
31/05/2015;17:08:00;242;sem vítima;160,6;BR-101/SC;Norte;Colisão Traseira;1;2;;;;;1
31/05/2015;23:18:00;314;sem vítima;671,7;BR-376/PR;Sul;Saida de Pista;1;1;;;;;1
01/07/2010;00:36:00;10;com vítima;138,6;BR-101/SC;Sul;Tombamento;1;0;3;;;;1
01/07/2010;04:53:00;78;com vítima;668,4;BR-376/PR;Sul;Tombamento;1;0;1;;;;1
01/07/2010;07:35:00;138;sem vítima;666;BR-376/PR;Sul;Tombamento;1;1;;;;;1
01/07/2010;08:11:00;158;sem vítima;208,9;BR-101/SC;Norte;Colisão Lateral;1;2;;;;;1
01/07/2010;09:37:00;218;sem vítima;121,5;BR-101/SC;Sul;Colisão Traseira;1;2;;;;;1
01/07/2010;10:51:00;248;sem vítima;39,463;BR-101/SC;Norte;Choque - Suporte de Sinalização;1;1;;;;;1
01/07/2010;11:09:00;256;sem vítima;207,9;BR-101/SC;Sul;Colisão Traseira;1;2;;;;;1
01/07/2010;14:32:00;338;sem vítima;666,3;BR-376/PR;Sul;Saida de Pista;1;1;;;;;1
01/07/2010;15:58:00;395;com vítima;656,5;BR-376/PR;Norte;Tombamento;1;1;1;;;;1
01/07/2010;23:59:00;572;sem vítima;73,3;BR-101/SC;Sul;Colisão Transversal;1;2;;;;;1
02/07/2010;02:06:00;31;sem vítima;219;BR-101/SC;Norte;Choque - Cancela de Pedagio;1;1;;;;;1
02/07/2010;08:10:00;162;sem vítima;118,8;BR-101/SC;Sul;Colisão Traseira;1;4;;;;;1
02/07/2010;10:24:00;229;com vítima;207,5;BR-101/SC;Sul;Colisão Traseira;1;1;;1;;;2
02/07/2010;10:53:00;242;sem vítima;143,213;BR-101/SC;Norte;Choque - Cancela de Pedagio;1;1;;;;;1
02/07/2010;15:39:00;363;com vítima;615,176;BR-376/PR;Norte;Tombamento;1;0;;1;;;2
02/07/2010;18:21:00;448;com vítima;202,977;BR-101/SC;Norte;Colisão Lateral;1;1;2;;;;1
02/07/2010;19:15:00;467;sem vítima;92,8;BR-116/PR;Sul;Engavetamento;1;3;;;;;1
02/07/2010;21:11:00;513;sem vítima;99,85;BR-101/SC;Norte;Tombamento;1;1;;;;;1
03/07/2010;03:06:00;45;sem vítima;157,375;BR-101/SC;Sul;Choque - Suporte de Sinalização;1;1;;;;;1
03/07/2010;04:10:00;63;sem vítima;1,35;BR-101/SC;Norte;Choque - Cancela de Pedagio;1;1;;;;;1
03/07/2010;06:22:00;92;sem vítima;219,802;BR-101/SC;Sul;Choque - Cancela de Pedagio;1;1;;;;;1
03/07/2010;06:41:00;95;sem vítima;1,35;BR-101/SC;Norte;Choque - Suporte de Sinalização;1;1;;;;;1
03/07/2010;09:52:00;199;sem vítima;95,5;BR-116/PR;Sul;Engavetamento;3;3;;;;;1
03/07/2010;11:44:00;252;com vítima;124,5;BR-101/SC;Norte;Engavetamento;1;2;1;;;;1
03/07/2010;11:49:00;256;sem vítima;51,802;BR-101/SC;Sul;Colisão Traseira;1;2;;;;;1
03/07/2010;12:36:00;269;sem vítima;52,8;BR-101/SC;Sul;Colisão Traseira;2;2;;;;;1
03/07/2010;13:39:00;284;sem vítima;46,826;BR-101/SC;Norte;Colisão Lateral;1;2;;;;;1
04/07/2010;09:53:00;180;sem vítima;157;BR-101/SC;Sul;Choque - Cancela de Pedagio;1;1;;;;;1
04/07/2010;10:54:00;205;sem vítima;159;BR-101/SC;Norte;Choque - Cancela de Pedagio;1;1;;;;;1
04/07/2010;11:12:00;222;sem vítima;220,5;BR-101/SC;Sul;Choque - Cancela de Pedagio;1;1;;;;;1
04/07/2010;19:51:00;469;sem vítima;645,5;BR-376/PR;Norte;Colisão Traseira;1;2;;;;;1
05/07/2010;12:03:00;264;sem vítima;53,679;BR-101/SC;Sul;Engavetamento;1;3;;;;;1
05/07/2010;13:29:00;305;sem vítima;110,5;BR-101/SC;Sul;Colisão Traseira;1;2;;;;;1
05/07/2010;13:49:00;314;com vítima;93,7;BR-116/PR;Sul;Capotamento;2;2;1;;;;1
05/07/2010;16:15:00;401;sem vítima;1,35;BR-101/SC;Sul;Choque - Defensa, barreira ou "submarino";1;1;;;;;1
06/07/2010;04:33:00;72;sem vítima;98,61;BR-116/PR;Sul;Choque - Suporte de Sinalização;1;1;;;;;1
06/07/2010;06:33:00;92;sem vítima;86,081;BR-116/PR;Norte;Colisão Traseira;1;2;;;;;1
06/07/2010;09:06:00;173;sem vítima;217,038;BR-101/SC;Norte;Engavetamento;1;3;;;;;1
06/07/2010;09:20:00;178;sem vítima;93,9;BR-116/PR;Sul;Colisão Traseira;2;2;;;;;1
06/07/2010;10:06:00;208;sem vítima;157,2;BR-101/SC;Sul;Choque - Objeto sobre a pista;2;2;;;;;1
06/07/2010;10:10:00;211;sem vítima;157,2;BR-101/SC;Norte;Outros;1;1;;;;;1
06/07/2010;10:14:00;213;com vítima;198,2;BR-101/SC;Norte;Colisão Lateral;1;1;2;;;;1
06/07/2010;10:35:00;218;com vítima;201,8;BR-101/SC;Sul;Queda de Moto;1;1;;;;1;3
06/07/2010;11:22:00;232;sem vítima;170,8;BR-101/SC;Sul;Colisão Lateral;1;2;;;;;1
06/07/2010;13:37:00;290;sem vítima;157,4;BR-101/SC;Norte;Choque - Cancela de Pedagio;1;1;;;;;1
06/07/2010;13:47:00;294;sem vítima;128,859;BR-101/SC;Norte;Engavetamento;1;3;;;;;1
06/07/2010;13:55:00;297;sem vítima;208,9;BR-101/SC;Sul;Colisão Traseira;2;2;;;;;1
06/07/2010;15:41:00;345;sem vítima;71;BR-101/SC;Norte;Colisão Traseira;1;2;;;;;1
06/07/2010;16:53:00;392;com vítima;216,5;BR-101/SC;Sul;Engavetamento;2;2;1;;;;1
07/07/2010;00:17:00;5;sem vítima;157,38;BR-101/SC;Sul;Choque - Cancela de Pedagio;1;1;;;;;1
07/07/2010;04:09:00;62;sem vítima;57,533;BR-101/SC;Norte;Tombamento;1;1;;;;;1
07/07/2010;05:01:00;75;com vítima;202,5;BR-101/SC;Sul;Tombamento;1;0;1;;;;1
07/07/2010;06:37:00;95;sem vítima;202,5;BR-101/SC;Sul;Colisão Traseira;1;4;;;;;1
07/07/2010;08:24:00;136;sem vítima;182,938;BR-101/SC;Sul;Colisão Lateral;1;3;;;;;1
07/07/2010;09:49:00;172;sem vítima;39,621;BR-101/SC;Norte;Colisão Traseira;1;2;;;;;1
07/07/2010;11:47:00;229;sem vítima;102,8;BR-116/PR;Norte;Colisão Traseira;1;2;;;;;1
07/07/2010;14:06:00;283;sem vítima;221;BR-101/SC;Norte;Choque - Cancela de Pedagio;1;1;;;;;1
07/07/2010;19:38:00;476;sem vítima;1,3;BR-101/SC;Norte;Choque - Defensa, barreira ou "submarino";1;1;;;;;1
08/07/2010;07:12:00;134;sem vítima;1,35;BR-101/SC;Sul;Choque - Cancela de Pedagio;1;1;;;;;1
08/07/2010;08:52:00;202;sem vítima;56,683;BR-101/SC;Norte;Colisão Traseira;2;2;;;;;1
08/07/2010;11:20:00;268;sem vítima;12;BR-101/SC;Norte;Choque - Defensa, barreira ou "submarino";1;1;;;;;1
08/07/2010;12:04:00;297;sem vítima;94,886;BR-116/PR;Sul;Colisão Lateral;2;2;;;;;1
08/07/2010;19:05:00;524;sem vítima;207,5;BR-101/SC;Sul;Colisão Lateral;1;2;;;;;1
09/07/2010;07:46:00;141;sem vítima;1,35;BR-101/SC;Sul;Choque - Cancela de Pedagio;1;1;;;;;1
09/07/2010;11:04:00;257;sem vítima;143,16;BR-101/SC;Norte;Colisão Traseira;1;2;;;;;1
09/07/2010;13:11:00;315;sem vítima;1,35;BR-101/SC;Norte;Choque - Defensa, barreira ou "submarino";1;1;;;;;1
09/07/2010;14:20:00;343;sem vítima;219,93;BR-101/SC;Norte;Colisão Traseira;1;2;;;;;1
09/07/2010;19:17:00;509;sem vítima;157,37;BR-101/SC;Sul;Colisão Lateral;1;2;;;;;1
09/07/2010;21:26:00;558;sem vítima;26,085;BR-101/SC;Norte;Colisão Lateral;1;2;;;;;1
09/07/2010;22:20:00;577;sem vítima;157,5;BR-101/SC;Sul;Colisão Lateral;1;2;;;;;1
10/07/2010;02:03:00;37;sem vítima;46;BR-101/SC;Norte;Colisão Traseira;2;2;;;;;1
10/07/2010;10:20:00;219;sem vítima;1,35;BR-101/SC;Sul;Choque - Cancela de Pedagio;1;1;;;;;1
10/07/2010;10:28:00;223;sem vítima;619,29;BR-376/PR;Sul;Choque - Defensa, barreira ou "submarino";1;2;;;;;1
10/07/2010;14:43:00;350;sem vítima;659,47;BR-376/PR;Norte;Colisão Traseira;1;2;;;;;1
10/07/2010;22:10:00;575;sem vítima;157,36;BR-101/SC;Sul;Choque - Cancela de Pedagio;1;2;;;;;1
10/07/2010;22:54:00;585;sem vítima;653,719;BR-376/PR;Norte;Colisão Traseira;2;2;;;;;1
11/07/2010;00:27:00;5;com vítima;108,106;BR-101/SC;Norte;Tombamento;1;0;1;;;;1
11/07/2010;10:18:00;148;sem vítima;1,35;BR-101/SC;Norte;Colisão Traseira;1;2;;;;;1
11/07/2010;17:25:00;346;sem vítima;81,62;BR-101/SC;Sul;Choque - Cancela de Pedagio;1;1;;;;;1
11/07/2010;18:55:00;383;sem vítima;627,53;BR-376/PR;Norte;Colisão Lateral;1;2;;;;;1
11/07/2010;21:57:00;466;com vítima;117,7;BR-101/SC;Norte;Colisão Traseira;1;1;;;;1;3
12/07/2010;08:53:00;152;sem vítima;1,35;BR-101/SC;Sul;Choque - Cancela de Pedagio;1;2;;;;;1
12/07/2010;09:51:00;184;sem vítima;641,95;BR-376/PR;Norte;Objeto lançado contra veículo;1;2;;;;;1
12/07/2010;11:16:00;219;com vítima;182,1;BR-101/SC;Sul;Engavetamento;1;2;1;;;;1
12/07/2010;17:07:00;370;sem vítima;157,55;BR-101/SC;Sul;Choque - Cancela de Pedagio;1;1;;;;;1
12/07/2010;20:33:00;450;sem vítima;157,45;BR-101/SC;Sul;Choque - Cancela de Pedagio;1;1;;;;;1
13/07/2010;05:58:00;96;sem vítima;219;BR-101/SC;Sul;Choque - Defensa, barreira ou "submarino";1;1;;;;;1
13/07/2010;07:05:00;105;com vítima;659,4;BR-376/PR;Norte;Tombamento;1;0;1;;;;1
13/07/2010;07:15:00;111;sem vítima;97,89;BR-116/PR;Sul;Saida de Pista;1;1;;;;;1
13/07/2010;09:33:00;187;sem vítima;678,5;BR-376/PR;Norte;Colisão Traseira;1;2;;;;;1
13/07/2010;10:14:00;207;sem vítima;93,615;BR-116/PR;Sul;Colisão Lateral;1;2;;;;;1
13/07/2010;12:23:00;252;sem vítima;112,9;BR-116/PR;Sul;Colisão Traseira;1;3;;;;;1
13/07/2010;15:33:00;335;sem vítima;631,01;BR-376/PR;Sul;Outros;1;1;;;;;1
13/07/2010;16:34:00;382;com vítima;200,7;BR-101/SC;Sul;Colisão Traseira;1;2;;;1;;2
13/07/2010;16:52:00;387;sem vítima;80;BR-101/SC;Sul;Choque - Cancela de Pedagio;1;1;;;;;1
13/07/2010;16:58:00;390;com vítima;106,1;BR-116/PR;Sul;Objeto lançado contra veículo;1;1;1;;;;1
13/07/2010;17:18:00;405;sem vítima;666,26;BR-376/PR;Sul;Colisão Traseira;2;2;;;;;1
13/07/2010;17:51:00;422;sem vítima;1,35;BR-101/SC;Norte;Choque - Cancela de Pedagio;1;1;;;;;1
13/07/2010;20:03:00;487;com vítima;1,35;BR-101/SC;Sul;Colisão Traseira;2;2;;1;;;2
14/07/2010;08:10:00;152;sem vítima;191,2;BR-101/SC;Sul;Colisão Lateral;2;2;;;;;1
14/07/2010;11:24:00;261;sem vítima;122,6;BR-101/SC;Sul;Colisão Lateral;1;3;;;;;1
14/07/2010;11:54:00;277;sem vítima;140,95;BR-101/SC;Sul;Objeto lançado contra veículo;1;2;;;;;1
14/07/2010;13:09:00;324;sem vítima;88;BR-116/PR;Sul;Objeto lançado contra veículo;1;1;;;;;1
14/07/2010;14:32:00;364;com vítima;139,11;BR-101/SC;Sul;Queda de Moto;1;1;1;;;;1
14/07/2010;16:44:00;453;sem vítima;1,35;BR-101/SC;Sul;Choque - Cancela de Pedagio;1;1;;;;;1
14/07/2010;17:20:00;473;sem vítima;207,58;BR-101/SC;Sul;Colisão Traseira;1;2;;;;;1
14/07/2010;18:44:00;513;sem vítima;1,5;BR-101/SC;Norte;Colisão Traseira;1;2;;;;;1
14/07/2010;19:16:00;523;sem vítima;95,628;BR-116/PR;Sul;Colisão Traseira;2;2;;;;;1
14/07/2010;19:58:00;548;sem vítima;215,5;BR-101/SC;Sul;Colisão Lateral;1;2;;;;;1
15/07/2010;11:40:00;289;sem vítima;641,6;BR-376/PR;Norte;Colisão Lateral;1;2;;;;;1
15/07/2010;12:09:00;305;sem vítima;151,16;BR-101/SC;Sul;Choque - Defensa, barreira ou "submarino";1;1;;;;;1
15/07/2010;12:40:00;323;sem vítima;131,7;BR-101/SC;Norte;Capotamento;1;4;;;;;1
15/07/2010;12:56:00;330;sem vítima;1,35;BR-101/SC;Norte;Choque - Defensa, barreira ou "submarino";1;1;;;;;1
15/07/2010;14:47:00;384;sem vítima;664,77;BR-376/PR;Sul;Colisão Traseira;2;2;;;;;1
15/07/2010;16:57:00;460;sem vítima;207,513;BR-101/SC;Sul;Colisão Traseira;1;2;;;;;1
15/07/2010;17:03:00;461;sem vítima;12,68;BR-101/SC;Norte;Choque - Defensa, barreira ou "submarino";1;1;;;;;1
15/07/2010;17:38:00;474;sem vítima;667,5;BR-376/PR;Sul;Tombamento;1;1;;;;;1
15/07/2010;17:46:00;482;sem vítima;100;BR-116/PR;Sul;Colisão Traseira;1;2;;;;;1
15/07/2010;17:58:00;489;com vítima;202,955;BR-101/SC;Norte;Engavetamento;1;6;1;;;;1
15/07/2010;18:53:00;510;sem vítima;108,8;BR-116/PR;Norte;Saida de Pista;1;1;;;;;1
15/07/2010;19:09:00;519;sem vítima;108,8;BR-116/PR;Norte;Saida de Pista;1;1;;;;;1
15/07/2010;19:47:00;527;sem vítima;91,5;BR-116/PR;Sul;Colisão Traseira;1;2;;;;;1
15/07/2010;19:55:00;534;sem vítima;110;BR-116/PR;Norte;Saida de Pista;1;1;;;;;1
16/07/2010;07:10:00;108;sem vítima;1,35;BR-101/SC;Sul;Choque - Cancela de Pedagio;1;1;;;;;1
16/07/2010;07:44:00;126;com vítima;118;BR-101/SC;Sul;Engavetamento;2;4;2;;;;1
16/07/2010;08:13:00;137;sem vítima;81,573;BR-101/SC;Sul;Choque - Defensa, barreira ou "submarino";1;1;;;;;1
16/07/2010;08:45:00;157;sem vítima;80;BR-101/SC;Sul;Choque - Cancela de Pedagio;1;1;;;;;1
16/07/2010;09:50:00;202;sem vítima;92,3;BR-116/PR;Sul;Colisão Traseira;1;2;;;;;1
16/07/2010;10:57:00;222;sem vítima;107;BR-116/PR;Sul;Saida de Pista;1;1;;;;;1
16/07/2010;11:06:00;225;com vítima;77;BR-101/SC;Sul;Saida de Pista;1;0;1;;;;1
16/07/2010;11:19:00;230;sem vítima;47,54;BR-101/SC;Sul;Choque - Defensa, barreira ou "submarino";1;1;;;;;1
16/07/2010;11:28:00;240;com vítima;216,5;BR-101/SC;Sul;Engavetamento;1;3;1;;;;1
16/07/2010;12:19:00;258;sem vítima;221;BR-101/SC;Norte;Choque - Defensa, barreira ou "submarino";1;1;;;;;1
16/07/2010;14:05:00;305;sem vítima;1,35;BR-101/SC;Sul;Outros;1;1;;;;;1
16/07/2010;16:31:00;393;sem vítima;658;BR-376/PR;Sul;Engavetamento;1;4;;;;;1
16/07/2010;18:40:00;455;sem vítima;204;BR-101/SC;Norte;Colisão Traseira;1;2;;;;;1
16/07/2010;18:41:00;456;sem vítima;616,33;BR-376/PR;Sul;Engavetamento;2;5;;;;;1
16/07/2010;19:11:00;461;sem vítima;667;BR-376/PR;Norte;Engavetamento;2;4;;;;;1
16/07/2010;20:46:00;507;sem vítima;203,5;BR-101/SC;Sul;Engavetamento;1;4;;;;;1
16/07/2010;20:57:00;510;sem vítima;614,7;BR-376/PR;Norte;Colisão Traseira;1;2;;;;;1
16/07/2010;21:08:00;512;sem vítima;97,5;BR-116/PR;Sul;Tombamento;1;1;;;;;1
17/07/2010;00:34:00;6;sem vítima;92,5;BR-116/PR;Sul;Tombamento;1;1;;;;;1
17/07/2010;08:27:00;157;sem vítima;79,078;BR-101/SC;Sul;Choque - Outros;1;1;;;;;1
17/07/2010;11:43:00;268;sem vítima;639;BR-376/PR;Norte;Colisão Lateral;1;2;;;;;1
17/07/2010;12:31:00;288;sem vítima;111,99;BR-116/PR;Sul;Colisão Traseira;1;2;;;;;1
17/07/2010;13:06:00;306;sem vítima;81,592;BR-101/SC;Sul;Choque - Defensa, barreira ou "submarino";1;2;;;;;1
17/07/2010;19:40:00;476;sem vítima;151,1;BR-101/SC;Norte;Colisão Lateral;1;2;;;;;1
17/07/2010;20:19:00;490;sem vítima;221;BR-101/SC;Norte;Choque - Suporte de Sinalização;1;1;;;;;1
18/07/2010;00:21:00;10;com vítima;136,502;BR-101/SC;Sul;Queda de Moto;1;1;1;1;;;2
18/07/2010;00:34:00;13;sem vítima;79,38;BR-101/SC;Norte;Choque - Outros;1;1;;;;;1
18/07/2010;04:13:00;61;sem vítima;635,208;BR-376/PR;Sul;Choque - Defensa, barreira ou "submarino";1;1;;;;;1
18/07/2010;05:43:00;82;sem vítima;22,166;BR-101/SC;Norte;Engavetamento;2;3;;;;;1
18/07/2010;14:07:00;279;sem vítima;221;BR-101/SC;Norte;Choque - Cancela de Pedagio;1;1;;;;;1
18/07/2010;16:14:00;330;sem vítima;208,219;BR-101/SC;Sul;Tombamento;1;1;;;;;1
18/07/2010;16:25:00;334;sem vítima;208,5;BR-101/SC;Norte;Engavetamento;1;3;;;;;1
18/07/2010;17:52:00;371;sem vítima;62,895;BR-101/SC;Norte;Colisão Lateral;1;2;;;;;1
18/07/2010;20:42:00;445;com vítima;216,3;BR-101/SC;Sul;Colisão Lateral;1;1;;1;;;2
19/07/2010;04:10:00;57;sem vítima;78,5;BR-101/SC;Sul;Choque - Outros;1;1;;;;;1
19/07/2010;05:36:00;93;sem vítima;87;BR-101/SC;Norte;Choque - Outros;1;1;;;;;1
19/07/2010;06:07:00;96;sem vítima;219,365;BR-101/SC;Norte;Choque - Defensa, barreira ou "submarino";1;1;;;;;1
19/07/2010;11:42:00;250;sem vítima;157,2;BR-101/SC;Sul;Colisão Traseira;2;2;;;;;1
19/07/2010;21:33:00;505;sem vítima;46,82;BR-101/SC;Sul;Atropelamento - Usuário;2;3;;;;;1
20/07/2010;03:44:00;52;sem vítima;148,5;BR-101/SC;Sul;Colisão Lateral;1;2;;;;;1
20/07/2010;05:14:00;86;sem vítima;673,94;BR-376/PR;Sul;Colisão Traseira;2;2;;;;;1
20/07/2010;07:21:00;125;sem vítima;185,1;BR-101/SC;Sul;Saida de Pista;1;2;;;;;1
20/07/2010;10:06:00;222;sem vítima;33,98;BR-101/SC;Norte;Engavetamento;1;3;;;;;1
20/07/2010;10:38:00;237;sem vítima;48,595;BR-101/SC;Norte;Colisão Lateral;1;2;;;;;1
20/07/2010;11:10:00;250;sem vítima;671,58;BR-376/PR;Norte;Tombamento;1;1;;;;;1
20/07/2010;15:10:00;372;sem vítima;105,5;BR-116/PR;Norte;Colisão Traseira;2;2;;;;;1
20/07/2010;15:46:00;381;sem vítima;78,1;BR-116/PR;Sul;Colisão Traseira;1;2;;;;;1
20/07/2010;18:13:00;454;sem vítima;82,65;BR-101/SC;Norte;Choque - Cancela de Pedagio;1;1;;;;;1
20/07/2010;18:31:00;455;sem vítima;46,795;BR-101/SC;Norte;Choque - Veiculo parado no acostamento;1;2;;;;;1
20/07/2010;19:01:00;468;sem vítima;97,1;BR-116/PR;Sul;Saida de Pista;1;1;;;;;1
21/07/2010;03:25:00;58;sem vítima;72,027;BR-116/PR;Norte;Choque - Suporte de Sinalização;1;1;;;;;1
21/07/2010;04:12:00;65;com vítima;206,1;BR-101/SC;Norte;Colisão Traseira;1;1;1;;;;1
21/07/2010;11:56:00;269;sem vítima;664,8;BR-376/PR;Sul;Saida de Pista;1;1;;;;;1
21/07/2010;14:03:00;334;sem vítima;1,35;BR-101/SC;Norte;Colisão Traseira;2;2;;;;;1
21/07/2010;14:34:00;350;sem vítima;671,718;BR-376/PR;Sul;Choque - Objeto sobre a pista;2;3;;;;;1
21/07/2010;15:52:00;406;sem vítima;671,6;BR-376/PR;Sul;Colisão Traseira;2;2;;;;;1
21/07/2010;17:15:00;456;sem vítima;221;BR-101/SC;Sul;Colisão Traseira;1;3;;;;;1
21/07/2010;19:11:00;529;sem vítima;672,8;BR-376/PR;Norte;Colisão Traseira;2;2;;;;;1
22/07/2010;01:49:00;49;sem vítima;203;BR-101/SC;Norte;Colisão Traseira;1;2;;;;;1
22/07/2010;02:56:00;67;sem vítima;103,7;BR-101/SC;Norte;Saida de Pista;1;1;;;;;1
22/07/2010;04:44:00;92;sem vítima;11,56;BR-101/SC;Norte;Saida de Pista;1;1;;;;;1
22/07/2010;06:47:00;124;sem vítima;219,32;BR-101/SC;Norte;Colisão Traseira;1;2;;;;;1
22/07/2010;08:24:00;177;com vítima;118,8;BR-101/SC;Sul;Colisão Transversal;1;1;1;;;;1
22/07/2010;09:21:00;221;sem vítima;157,338;BR-101/SC;Norte;Choque - Cancela de Pedagio;1;1;;;;;1
22/07/2010;10:06:00;243;sem vítima;677,5;BR-376/PR;Norte;Objeto lançado contra veículo;1;1;;;;;1
22/07/2010;11:52:00;295;sem vítima;45,3;BR-101/SC;Norte;Colisão Traseira;2;2;;;;;1
22/07/2010;15:38:00;416;sem vítima;205,886;BR-101/SC;Norte;Colisão Traseira;2;2;;;;;1
22/07/2010;16:46:00;459;sem vítima;205;BR-101/SC;Sul;Colisão Lateral;1;2;;;;;1
22/07/2010;16:51:00;465;sem vítima;129,838;BR-101/SC;Norte;Colisão Traseira;1;2;;;;;1
22/07/2010;19:02:00;551;sem vítima;157;BR-101/SC;Norte;Choque - Cancela de Pedagio;1;1;;;;;1
22/07/2010;20:15:00;555;sem vítima;157,395;BR-101/SC;Sul;Choque - Cancela de Pedagio;1;1;;;;;1
22/07/2010;21:07:00;567;sem vítima;42,4;BR-101/SC;Sul;Colisão Traseira;1;2;;;;;1
23/07/2010;06:41:00;113;sem vítima;636,2;BR-376/PR;Sul;Colisão Lateral;1;2;;;;;1
23/07/2010;08:53:00;177;sem vítima;1,35;BR-101/SC;Norte;Choque - Cancela de Pedagio;1;1;;;;;1
23/07/2010;10:18:00;233;sem vítima;219;BR-101/SC;Sul;Colisão Traseira;1;2;;;;;1
23/07/2010;11:20:00;270;sem vítima;112,448;BR-101/SC;Norte;Tombamento;1;1;;;;;1
23/07/2010;16:50:00;451;sem vítima;221;BR-101/SC;Sul;Objeto lançado contra veículo;1;2;;;;;1
23/07/2010;16:51:00;452;sem vítima;206;BR-101/SC;Sul;Colisão Traseira;2;2;;;;;1
23/07/2010;19:42:00;532;com vítima;205,3;BR-101/SC;Sul;Colisão Traseira;1;1;1;;;;1
23/07/2010;20:04:00;539;sem vítima;1,35;BR-101/SC;Sul;Choque - Cancela de Pedagio;1;1;;;;;1
23/07/2010;20:33:00;544;sem vítima;639,5;BR-376/PR;Norte;Saida de Pista;1;1;;;;;1
23/07/2010;20:47:00;550;sem vítima;647,316;BR-376/PR;Norte;Tombamento;1;1;;;;;1
23/07/2010;21:41:00;573;sem vítima;675,8;BR-376/PR;Sul;Saida de Pista;1;2;;;;;1
24/07/2010;05:46:00;90;sem vítima;193,458;BR-101/SC;Sul;Colisão Lateral;1;2;;;;;1
24/07/2010;05:56:00;94;com vítima;201;BR-101/SC;Sul;Colisão Traseira;1;1;1;;;;1
24/07/2010;06:22:00;99;sem vítima;1,35;BR-101/SC;Sul;Choque - Defensa, barreira ou "submarino";1;1;;;;;1
24/07/2010;07:40:00;133;sem vítima;666,142;BR-376/PR;Sul;Colisão Lateral;1;2;;;;;1