data;horario;n_da_ocorrencia;tipo_de_ocorrencia;km;trecho;sentido;tipo_de_acidente;caminhao;ilesos;levemente_feridos;moderadamente_feridos;gravemente_feridos;mortos;3
24/07/2010;08:09:00;144;sem vítima;666,2;BR-376/PR;Sul;Choque - Defensa, barreira ou "submarino";1;1;;;;;1
24/07/2010;14:40:00;331;sem vítima;81,59;BR-101/SC;Sul;Choque - Cancela de Pedagio;1;1;;;;;1
24/07/2010;15:15:00;355;sem vítima;1,35;BR-101/SC;Norte;Objeto lançado contra veículo;1;1;;;;;1
24/07/2010;15:32:00;367;sem vítima;676,8;BR-376/PR;Sul;Colisão Traseira;1;2;;;;;1
24/07/2010;16:19:00;398;sem vítima;213;BR-101/SC;Sul;Colisão Traseira;2;2;;;;;1
25/07/2010;05:56:00;83;sem vítima;617,933;BR-376/PR;Sul;Capotamento;1;2;;;;;1
25/07/2010;12:07:00;256;sem vítima;652;BR-376/PR;Norte;Colisão Frontal;1;1;;;;;1
25/07/2010;14:02:00;304;sem vítima;102,5;BR-116/PR;Norte;Colisão Traseira;2;3;;;;;1
25/07/2010;15:54:00;362;sem vítima;215,72;BR-101/SC;Norte;Colisão Traseira;1;2;;;;;1
25/07/2010;17:31:00;419;sem vítima;635,117;BR-376/PR;Norte;Colisão Lateral;1;2;;;;;1
25/07/2010;17:42:00;427;sem vítima;635,117;BR-376/PR;Sul;Colisão Traseira;2;2;;;;;1
25/07/2010;19:14:00;464;sem vítima;47,2;BR-101/SC;Norte;Colisão Traseira;1;3;;;;;1
26/07/2010;08:25:00;162;sem vítima;207,62;BR-101/SC;Sul;Colisão Traseira;2;2;;;;;1
26/07/2010;10:11:00;228;sem vítima;128,95;BR-101/SC;Sul;Colisão Traseira;2;2;;;;;1
26/07/2010;11:02:00;256;sem vítima;219;BR-101/SC;Norte;Colisão Lateral;1;2;;;;;1
26/07/2010;11:35:00;266;sem vítima;81,583;BR-101/SC;Sul;Choque - Defensa, barreira ou "submarino";1;1;;;;;1
26/07/2010;13:35:00;327;sem vítima;669,5;BR-376/PR;Sul;Saida de Pista;1;1;;;;;1
26/07/2010;18:03:00;460;sem vítima;207,48;BR-101/SC;Norte;Engavetamento;1;4;;;;;1
26/07/2010;18:05:00;461;sem vítima;207,8;BR-101/SC;Sul;Colisão Traseira;1;2;;;;;1
26/07/2010;18:18:00;467;sem vítima;75,5;BR-101/SC;Norte;Colisão Traseira;1;2;;;;;1
26/07/2010;18:34:00;471;sem vítima;201,85;BR-101/SC;Sul;Outros;1;1;;;;;1
26/07/2010;19:46:00;496;sem vítima;103,5;BR-116/PR;Norte;Saida de Pista;1;1;;;;;1
26/07/2010;22:24:00;552;sem vítima;1,3;BR-101/SC;Norte;Choque - Cancela de Pedagio;1;1;;;;;1
26/07/2010;22:28:00;554;com vítima;96,7;BR-116/PR;Sul;Atropelamento - Andarilho;1;1;;;;1;3
27/07/2010;05:36:00;106;sem vítima;14,128;BR-101/SC;Norte;Colisão Traseira;1;2;;;;;1
27/07/2010;05:38:00;108;sem vítima;99,5;BR-116/PR;Norte;Colisão Traseira;1;2;;;;;1
27/07/2010;10:00:00;247;sem vítima;99,7;BR-116/PR;Sul;Saida de Pista;1;1;;;;;1
27/07/2010;10:41:00;266;sem vítima;90,021;BR-116/PR;Sul;Objeto lançado contra veículo;1;1;;;;;1
27/07/2010;16:41:00;458;sem vítima;54,75;BR-101/SC;Sul;Colisão Traseira;1;3;;;;;1
27/07/2010;18:29:00;517;sem vítima;115,631;BR-101/SC;Norte;Colisão Lateral;1;2;;;;;1
27/07/2010;15:45:00;525;sem vítima;116,2;BR-101/SC;Norte;Colisão Traseira;1;3;;;;;1
27/07/2010;19:19:00;531;sem vítima;113,7;BR-101/SC;Norte;Engavetamento;1;5;;;;;1
27/07/2010;20:50:00;564;sem vítima;111,6;BR-116/PR;Norte;Colisão Traseira;1;2;;;;;1
28/07/2010;04:22:00;75;sem vítima;214,9;BR-101/SC;Sul;Colisão Lateral;1;2;;;;;1
28/07/2010;07:43:00;131;sem vítima;207,671;BR-101/SC;Norte;Colisão Traseira;1;2;;;;;1
28/07/2010;08:20:00;155;sem vítima;219,2;BR-101/SC;Sul;Colisão Lateral;1;2;;;;;1
28/07/2010;11:00:00;233;sem vítima;157,2;BR-101/SC;Sul;Choque - Cancela de Pedagio;1;1;;;;;1
28/07/2010;11:48:00;249;sem vítima;157,51;BR-101/SC;Sul;Choque - Cancela de Pedagio;1;1;;;;;1
28/07/2010;16:42:00;422;com vítima;42,023;BR-101/SC;Norte;Colisão Lateral;1;1;1;;;;1
28/07/2010;18:18:00;473;sem vítima;116;BR-101/SC;Norte;Engavetamento;1;3;;;;;1
28/07/2010;18:52:00;483;sem vítima;627,484;BR-376/PR;Norte;Colisão Traseira;1;2;;;;;1
28/07/2010;21:26:00;538;sem vítima;104,9;BR-116/PR;Norte;Colisão Traseira;1;2;;;;;1
28/07/2010;23:30:00;589;sem vítima;72,898;BR-101/SC;Norte;Colisão Traseira;1;3;;;;;1
29/07/2010;03:43:00;57;sem vítima;648,5;BR-376/PR;Norte;Tombamento;1;2;;;;;1
29/07/2010;10:24:00;193;com vítima;102,5;BR-101/SC;Norte;Atropelamento - Morador;1;1;;;;1;3
29/07/2010;11:29:00;218;sem vítima;1,35;BR-101/SC;Sul;Colisão Traseira;2;2;;;;;1
29/07/2010;13:51:00;283;sem vítima;648;BR-376/PR;Norte;Choque - Defensa, barreira ou "submarino";1;1;;;;;1
29/07/2010;13:59:00;287;sem vítima;1,35;BR-101/SC;Norte;Choque - Suporte de Sinalização;1;1;;;;;1
29/07/2010;20:14:00;462;com vítima;139,5;BR-101/SC;Norte;Saida de Pista;1;2;1;;;;1
29/07/2010;23:03:00;512;com vítima;668,52;BR-376/PR;Sul;Tombamento;1;0;;1;;;2
30/07/2010;12:06:00;248;sem vítima;205,579;BR-101/SC;Sul;Colisão Lateral;1;2;;;;;1
30/07/2010;12:23:00;251;sem vítima;631,547;BR-376/PR;Norte;Colisão Traseira;1;2;;;;;1
30/07/2010;20:08:00;468;com vítima;199,62;BR-101/SC;Norte;Colisão Lateral;1;3;1;;;;1
31/07/2010;03:16:00;54;sem vítima;127,1;BR-101/SC;Norte;Capotamento;1;5;;;;;1
31/07/2010;08:08:00;149;sem vítima;216,09;BR-101/SC;Sul;Colisão Lateral;1;2;;;;;1
31/07/2010;11:15:00;238;com vítima;62,43;BR-101/SC;Norte;Choque - Defensa, barreira ou "submarino";1;1;;1;;;2
31/07/2010;11:40:00;252;sem vítima;48,172;BR-101/SC;Sul;Choque - Defensa, barreira ou "submarino";1;1;;;;;1
31/07/2010;16:00:00;383;com vítima;86,209;BR-101/SC;Sul;Queda de Moto;2;1;2;;;;1
31/07/2010;16:13:00;389;sem vítima;667,9;BR-376/PR;Sul;Saida de Pista;1;1;;;;;1
31/07/2010;17:43:00;432;com vítima;1,35;BR-101/SC;Sul;Engavetamento;2;3;1;;;;1
31/07/2010;22:08:00;519;com vítima;123,41;BR-101/SC;Sul;Colisão Lateral;1;1;;1;;;2
01/08/2010;01:22:00;17;sem vítima;111,3;BR-101/SC;Norte;Tombamento;1;1;;;;;1
01/08/2010;08:06:00;130;sem vítima;165,427;BR-101/SC;Sul;Colisão Traseira;1;3;;;;;1
01/08/2010;11:04:00;203;sem vítima;666,9;BR-376/PR;Sul;Colisão Lateral;1;2;;;;;1
01/08/2010;13:21:00;267;sem vítima;102,6;BR-116/PR;Sul;Choque - Suporte de Sinalização;1;1;;;;;1
01/08/2010;13:58:00;281;sem vítima;101,9;BR-116/PR;Sul;Colisão Traseira;1;2;;;;;1
01/08/2010;22:28:00;519;sem vítima;97,098;BR-116/PR;Sul;Saida de Pista;1;1;;;;;1
01/08/2010;22:55:00;525;com vítima;200,98;BR-101/SC;Norte;Engavetamento;1;3;;1;;;2
01/08/2010;23:36:00;539;sem vítima;93,1;BR-116/PR;Norte;Saida de Pista;1;1;;;;;1
02/08/2010;00:43:00;7;sem vítima;655,2;BR-376/PR;Norte;Saida de Pista;1;1;;;;;1
02/08/2010;09:17:00;193;sem vítima;199,53;BR-101/SC;Norte;Saida de Pista;1;2;;;;;1
02/08/2010;09:41:00;205;sem vítima;1,35;BR-101/SC;Sul;Objeto lançado contra veículo;1;1;;;;;1
02/08/2010;13:55:00;315;sem vítima;9,4;BR-101/SC;Norte;Colisão Lateral;1;2;;;;;1
02/08/2010;14:36:00;333;sem vítima;79,336;BR-101/SC;Norte;Choque - Cancela de Pedagio;1;2;;;;;1
02/08/2010;18:36:00;441;sem vítima;90;BR-116/PR;Sul;Colisão Lateral;1;2;;;;;1
02/08/2010;23:49:00;538;sem vítima;95,4;BR-101/SC;Sul;Atropelamento de Animal;1;1;;;;;1
03/08/2010;06:48:00;95;sem vítima;114,5;BR-101/SC;Norte;Tombamento;1;2;;;;;1
03/08/2010;14:44:00;316;sem vítima;144,32;BR-101/SC;Sul;Saida de Pista;1;2;;;;;1
03/08/2010;15:07:00;330;sem vítima;141,1;BR-101/SC;Norte;Colisão Traseira;1;2;;;;;1
03/08/2010;17:48:00;402;sem vítima;100,05;BR-116/PR;Sul;Choque - Defensa, barreira ou "submarino";1;1;;;;;1
03/08/2010;18:21:00;419;sem vítima;92,5;BR-116/PR;Norte;Colisão Lateral;1;2;;;;;1
04/08/2010;05:22:00;92;com vítima;668,52;BR-376/PR;Sul;Tombamento;1;0;1;;;;1
04/08/2010;05:50:00;99;com vítima;100,5;BR-101/SC;Norte;Tombamento;1;0;1;;;;1
04/08/2010;06:24:00;106;sem vítima;100,79;BR-101/SC;Norte;Colisão Traseira;1;2;;;;;1
04/08/2010;07:01:00;113;com vítima;98,508;BR-101/SC;Sul;Colisão Traseira;1;0;1;1;;;2
04/08/2010;07:29:00;119;sem vítima;101,5;BR-116/PR;Sul;Colisão Traseira;2;2;;;;;1
04/08/2010;08:24:00;135;com vítima;101,8;BR-101/SC;Norte;Engavetamento;3;2;1;1;;;2
04/08/2010;08:47:00;140;sem vítima;118,94;BR-101/SC;Sul;Choque - Veiculo parado no acostamento;1;2;;;;;1
04/08/2010;09:40:00;173;sem vítima;108,27;BR-101/SC;Sul;Saida de Pista;1;1;;;;;1
04/08/2010;09:50:00;176;sem vítima;623,25;BR-376/PR;Sul;Capotamento;1;2;;;;;1
04/08/2010;10:04:00;178;sem vítima;623,753;BR-376/PR;Sul;Tombamento;1;1;;;;;1
04/08/2010;10:12:00;183;sem vítima;668,2;BR-376/PR;Norte;Colisão Traseira;2;2;;;;;1
04/08/2010;10:19:00;185;sem vítima;665,285;BR-376/PR;Sul;Saida de Pista;2;2;;;;;1
04/08/2010;10:43:00;190;sem vítima;204,68;BR-101/SC;Sul;Engavetamento;3;4;;;;;1
04/08/2010;11:00:00;202;sem vítima;79,3;BR-101/SC;Sul;Choque - Objeto sobre a pista;1;1;;;;;1
04/08/2010;14:03:00;270;sem vítima;129,83;BR-101/SC;Norte;Choque - Defensa, barreira ou "submarino";1;1;;;;;1
04/08/2010;16:39:00;347;sem vítima;71,55;BR-101/SC;Sul;Colisão Lateral;1;2;;;;;1
04/08/2010;17:04:00;357;sem vítima;166,5;BR-101/SC;Norte;Saida de Pista;1;1;;;;;1
04/08/2010;17:55:00;377;sem vítima;109,9;BR-116/PR;Norte;Colisão Lateral;1;2;;;;;1
04/08/2010;20:00:00;436;sem vítima;1,35;BR-101/SC;Sul;Choque - Cancela de Pedagio;1;1;;;;;1
05/08/2010;02:17:00;37;sem vítima;40,5;BR-101/SC;Sul;Saida de Pista;1;1;;;;;1
05/08/2010;05:46:00;94;sem vítima;98;BR-116/PR;Norte;Saida de Pista;1;1;;;;;1
05/08/2010;06:57:00;108;com vítima;25;BR-101/SC;Norte;Colisão Lateral;1;1;;1;;;2
05/08/2010;07:47:00;147;sem vítima;105,5;BR-116/PR;Norte;Colisão Traseira;2;2;;;;;1
05/08/2010;10:26:00;239;sem vítima;117,8;BR-101/SC;Sul;Colisão Traseira;1;2;;;;;1
05/08/2010;11:35:00;270;sem vítima;156,9;BR-101/SC;Norte;Tombamento;1;1;;;;;1
05/08/2010;13:23:00;316;sem vítima;667;BR-376/PR;Sul;Choque - Defensa, barreira ou "submarino";1;1;;;;;1
05/08/2010;14:17:00;348;sem vítima;219,409;BR-101/SC;Norte;Choque - Poste;1;1;;;;;1
05/08/2010;16:23:00;417;sem vítima;219,9;BR-101/SC;Sul;Colisão Lateral;1;2;;;;;1
05/08/2010;17:01:00;436;sem vítima;670,8;BR-376/PR;Norte;Tombamento;1;1;;;;;1
05/08/2010;17:22:00;447;sem vítima;1,35;BR-101/SC;Norte;Choque - Cancela de Pedagio;1;1;;;;;1
05/08/2010;17:38:00;460;sem vítima;100,9;BR-116/PR;Sul;Colisão Lateral;2;2;;;;;1
05/08/2010;22:10:00;556;sem vítima;1,35;BR-101/SC;Norte;Choque - Cancela de Pedagio;1;1;;;;;1
06/08/2010;10:45:00;222;sem vítima;120,37;BR-101/SC;Norte;Choque - Defensa, barreira ou "submarino";1;1;;;;;1
06/08/2010;13:40:00;309;sem vítima;216,79;BR-101/SC;Sul;Colisão Lateral;2;2;;;;;1
06/08/2010;16:03:00;385;sem vítima;109,6;BR-116/PR;Sul;Saida de Pista;1;1;;;;;1
06/08/2010;16:23:00;392;sem vítima;119,01;BR-101/SC;Sul;Outros;1;1;;;;;1
06/08/2010;18:09:00;449;sem vítima;104,5;BR-116/PR;Sul;Saida de Pista;1;1;;;;;1
06/08/2010;19:14:00;484;sem vítima;207,915;BR-101/SC;Sul;Colisão Lateral;1;2;;;;;1
06/08/2010;19:43:00;494;com vítima;628;BR-376/PR;Norte;Colisão Traseira;1;3;1;1;;;2
07/08/2010;01:17:00;30;sem vítima;145,9;BR-101/SC;Norte;Colisão Traseira;1;2;;;;;1
07/08/2010;04:36:00;82;sem vítima;139,956;BR-101/SC;Sul;Colisão Traseira;1;2;;;;;1
07/08/2010;07:16:00;126;sem vítima;113,1;BR-101/SC;Norte;Colisão Lateral;1;2;;;;;1
07/08/2010;08:11:00;149;sem vítima;60,8;BR-101/SC;Sul;Colisão Lateral;2;2;;;;;1
07/08/2010;10:55:00;240;com vítima;668;BR-376/PR;Sul;Tombamento;1;0;2;;;;1
07/08/2010;12:29:00;272;sem vítima;104,8;BR-116/PR;Sul;Colisão Lateral;1;2;;;;;1
08/08/2010;00:40:00;8;sem vítima;135,8;BR-101/SC;Sul;Colisão Traseira;1;2;;;;;1
08/08/2010;14:35:00;252;sem vítima;139,5;BR-101/SC;Sul;Saida de Pista;1;1;;;;;1
08/08/2010;19:32:00;398;sem vítima;79,37;BR-101/SC;Norte;Choque - Outros;1;2;;;;;1
09/08/2010;09:00:00;178;sem vítima;113,1;BR-101/SC;Sul;Colisão Lateral;1;2;;;;;1
09/08/2010;10:35:00;225;sem vítima;131;BR-101/SC;Norte;Choque - Objeto sobre a pista;1;1;;;;;1
09/08/2010;11:10:00;240;sem vítima;6,5;BR-101/SC;Sul;Colisão Traseira;2;2;;;;;1
09/08/2010;11:25:00;244;com vítima;204,8;BR-101/SC;Norte;Engavetamento;1;2;;1;;;2
09/08/2010;12:56:00;269;sem vítima;667;BR-376/PR;Sul;Choque - Defensa, barreira ou "submarino";1;1;;;;;1
09/08/2010;17:14:00;393;sem vítima;668;BR-376/PR;Sul;Saida de Pista;1;2;;;;;1
09/08/2010;23:25:00;491;sem vítima;37;BR-101/SC;Norte;Colisão Traseira;2;2;;;;;1
10/08/2010;06:32:00;125;sem vítima;52,1;BR-101/SC;Sul;Capotamento;1;1;;;;;1
10/08/2010;07:22:00;152;sem vítima;94;BR-101/SC;Norte;Colisão Lateral;1;2;;;;;1
10/08/2010;15:03:00;393;sem vítima;157,3;BR-101/SC;Sul;Choque - Cancela de Pedagio;1;1;;;;;1
10/08/2010;15:38:00;418;sem vítima;186;BR-101/SC;Norte;Tombamento;1;1;;;;;1
10/08/2010;17:05:00;460;sem vítima;33;BR-101/SC;Norte;Saida de Pista;1;1;;;;;1
10/08/2010;19:56:00;530;sem vítima;671;BR-376/PR;Norte;Tombamento;1;1;;;;;1
10/08/2010;21:30:00;561;sem vítima;101,8;BR-116/PR;Norte;Saida de Pista;1;1;;;;;1
11/08/2010;10:06:00;236;sem vítima;80;BR-101/SC;Sul;Colisão Lateral;1;2;;;;;1
11/08/2010;13:40:00;330;sem vítima;111;BR-101/SC;Sul;Colisão Traseira;1;2;;;;;1
11/08/2010;14:22:00;338;sem vítima;141,8;BR-101/SC;Sul;Tombamento;1;1;;;;;1
11/08/2010;18:53:00;482;sem vítima;159;BR-101/SC;Norte;Choque - Cancela de Pedagio;1;1;;;;;1
12/08/2010;08:13:00;156;sem vítima;210,7;BR-101/SC;Norte;Engavetamento;1;3;;;;;1
12/08/2010;09:37:00;215;sem vítima;122,5;BR-101/SC;Norte;Colisão Traseira;1;2;;;;;1
12/08/2010;13:33:00;317;sem vítima;217;BR-101/SC;Norte;Colisão Traseira;1;2;;;;;1
12/08/2010;14:25:00;331;sem vítima;635;BR-376/PR;Sul;Choque - Defensa, barreira ou "submarino";1;1;;;;;1
12/08/2010;19:09:00;491;sem vítima;120,5;BR-101/SC;Sul;Colisão Traseira;1;2;;;;;1
12/08/2010;20:25:00;516;sem vítima;152,3;BR-101/SC;Sul;Colisão Lateral;1;2;;;;;1
13/08/2010;01:23:00;27;sem vítima;92,8;BR-116/PR;Norte;Saida de Pista;1;1;;;;;1
13/08/2010;01:37:00;31;sem vítima;1,35;BR-101/SC;Sul;Choque - Outros;1;1;;;;;1
13/08/2010;06:17:00;109;sem vítima;219;BR-101/SC;Norte;Choque - Cancela de Pedagio;1;1;;;;;1
13/08/2010;08:12:00;163;com vítima;82;BR-101/SC;Norte;Tombamento;1;0;1;;;;1
13/08/2010;10:12:00;215;sem vítima;30;BR-101/SC;Sul;Tombamento;2;2;;;;;1
13/08/2010;10:38:00;229;com vítima;678,4;BR-376/PR;Norte;Capotamento;1;1;1;;;;1
13/08/2010;12:19:00;290;sem vítima;635,3;BR-376/PR;Norte;Choque - Defensa, barreira ou "submarino";1;1;;;;;1
13/08/2010;14:27:00;360;sem vítima;1,35;BR-101/SC;Norte;Colisão Traseira;1;2;;;;;1
13/08/2010;14:54:00;383;sem vítima;114,7;BR-101/SC;Norte;Choque - Objeto sobre a pista;1;2;;;;;1
13/08/2010;15:08:00;396;sem vítima;142,9;BR-101/SC;Sul;Colisão Lateral;2;2;;;;;1
13/08/2010;21:18:00;574;sem vítima;146;BR-101/SC;Norte;Colisão Lateral;1;2;;;;;1
14/08/2010;00:44:00;17;sem vítima;141,5;BR-101/SC;Sul;Saida de Pista;1;2;;;;;1
14/08/2010;01:49:00;31;sem vítima;73,5;BR-101/SC;Sul;Choque - Objeto sobre a pista;1;1;;;;;1
14/08/2010;10:32:00;230;com vítima;660;BR-376/PR;Norte;Colisão Lateral;1;4;1;;;;1
14/08/2010;14:44:00;351;com vítima;215;BR-101/SC;Sul;Colisão Traseira;1;1;2;;;;1
14/08/2010;16:32:00;411;com vítima;200;BR-101/SC;Sul;Colisão Frontal;1;1;1;;;;1
14/08/2010;19:19:00;477;sem vítima;636;BR-376/PR;Sul;Colisão Lateral;1;3;;;;;1
14/08/2010;22:27:00;527;sem vítima;1;BR-101/SC;Norte;Choque - Defensa, barreira ou "submarino";1;1;;;;;1
15/08/2010;00:54:00;20;sem vítima;91;BR-116/PR;Norte;Tombamento;1;1;;;;;1
15/08/2010;08:44:00;161;sem vítima;111;BR-101/SC;Sul;Colisão Traseira;1;3;;;;;1
15/08/2010;09:58:00;203;sem vítima;635,3;BR-376/PR;Norte;Choque - Cancela de Pedagio;1;1;;;;;1
15/08/2010;10:00:00;205;sem vítima;219;BR-101/SC;Sul;Choque - Cancela de Pedagio;1;1;;;;;1
15/08/2010;11:02:00;230;sem vítima;623,2;BR-376/PR;Norte;Colisão Lateral;1;2;;;;;1
15/08/2010;14:13:00;286;sem vítima;221;BR-101/SC;Sul;Colisão Traseira;1;2;;;;;1
15/08/2010;15:19:00;321;sem vítima;99,1;BR-116/PR;Sul;Colisão Traseira;2;2;;;;;1
15/08/2010;16:39:00;364;sem vítima;1,35;BR-101/SC;Norte;Choque - Cancela de Pedagio;1;1;;;;;1
16/08/2010;05:47:00;91;com vítima;619,2;BR-376/PR;Sul;Tombamento;1;1;2;;;;1
16/08/2010;10:52:00;222;com vítima;668,7;BR-376/PR;Sul;Colisão Traseira;1;2;1;;;;1
16/08/2010;15:00:00;327;sem vítima;93,2;BR-116/PR;Sul;Colisão Traseira;1;2;;;;;1
16/08/2010;19:02:00;412;sem vítima;141;BR-101/SC;Norte;Colisão Traseira;1;2;;;;;1
16/08/2010;19:14:00;416;sem vítima;207;BR-101/SC;Sul;Engavetamento;1;3;;;;;1
17/08/2010;08:53:00;204;sem vítima;157,6;BR-101/SC;Sul;Colisão Lateral;2;2;;;;;1
17/08/2010;11:04:00;279;sem vítima;206,3;BR-101/SC;Norte;Choque - Objeto sobre a pista;1;2;;;;;1
17/08/2010;12:36:00;321;sem vítima;185;BR-101/SC;Sul;Choque - Objeto sobre a pista;1;1;;;;;1
17/08/2010;15:27:00;406;sem vítima;1,35;BR-101/SC;Norte;Colisão Traseira;1;2;;;;;1
17/08/2010;20:41:00;553;sem vítima;615;BR-376/PR;Norte;Colisão Lateral;2;2;;;;;1
18/08/2010;06:45:00;125;sem vítima;59;BR-101/SC;Norte;Colisão Lateral;1;2;;;;;1
18/08/2010;07:29:00;145;sem vítima;127,3;BR-101/SC;Norte;Colisão Traseira;1;2;;;;;1
18/08/2010;09:33:00;224;sem vítima;156;BR-101/SC;Norte;Choque - Cancela de Pedagio;1;1;;;;;1
18/08/2010;10:20:00;243;sem vítima;197;BR-101/SC;Sul;Colisão Traseira;1;2;;;;;1
18/08/2010;15:09:00;378;sem vítima;102,4;BR-116/PR;Sul;Colisão Traseira;3;3;;;;;1
18/08/2010;18:19:00;472;sem vítima;1,35;BR-101/SC;Norte;Colisão Traseira;2;2;;;;;1
18/08/2010;23:48:00;570;sem vítima;219;BR-101/SC;Norte;Choque - Cancela de Pedagio;1;1;;;;;1
19/08/2010;03:33:00;51;sem vítima;668,8;BR-376/PR;Sul;Tombamento;1;1;;;;;1
19/08/2010;03:45:00;52;sem vítima;192;BR-101/SC;Norte;Tombamento;1;1;;;;;1
19/08/2010;14:25:00;312;sem vítima;635;BR-376/PR;Norte;Objeto lançado contra veículo;1;1;;;;;1
19/08/2010;14:43:00;323;com vítima;40,4;BR-101/SC;Norte;Colisão Lateral;1;1;;1;;;2
19/08/2010;16:38:00;393;sem vítima;635;BR-376/PR;Norte;Choque - Defensa, barreira ou "submarino";1;1;;;;;1
19/08/2010;19:09:00;444;com vítima;122;BR-101/SC;Sul;Atropelamento - Ambulante;1;3;;;1;;2
20/08/2010;04:23:00;89;sem vítima;668;BR-376/PR;Sul;Tombamento;1;1;;;;;1
20/08/2010;04:43:00;103;sem vítima;79,3;BR-101/SC;Sul;Choque - Cancela de Pedagio;1;1;;;;;1
20/08/2010;06:57:00;133;sem vítima;68,5;BR-101/SC;Norte;Colisão Traseira;1;7;;;;;1
20/08/2010;10:20:00;257;sem vítima;76;BR-101/SC;Norte;Objeto lançado contra veículo;1;1;;;;;1
20/08/2010;11:02:00;270;com vítima;126,5;BR-101/SC;Norte;Atropelamento - Andarilho;1;1;;;1;;2
20/08/2010;12:51:00;321;sem vítima;14;BR-101/SC;Norte;Colisão Lateral;2;2;;;;;1
20/08/2010;15:11:00;387;sem vítima;616;BR-376/PR;Norte;Objeto lançado contra veículo;1;1;;;;;1
20/08/2010;15:32:00;401;sem vítima;113;BR-116/PR;Sul;Tombamento;1;1;;;;;1
20/08/2010;15:39:00;405;com vítima;198,7;BR-101/SC;Norte;Colisão Traseira;1;1;1;;;;1
20/08/2010;16:04:00;420;com vítima;106;BR-116/PR;Norte;Colisão Traseira;1;1;;1;;;2
20/08/2010;16:09:00;426;sem vítima;204;BR-101/SC;Sul;Colisão Traseira;1;2;;;;;1
20/08/2010;17:27:00;475;sem vítima;96;BR-116/PR;Sul;Colisão Traseira;1;2;;;;;1
21/08/2010;02:13:00;46;com vítima;9,8;BR-101/SC;Sul;Colisão Traseira;1;1;;1;;;2
21/08/2010;06:57:00;129;sem vítima;80;BR-101/SC;Sul;Choque - Cancela de Pedagio;1;1;;;;;1
21/08/2010;11:39:00;285;sem vítima;80;BR-101/SC;Norte;Choque - Cancela de Pedagio;1;2;;;;;1
21/08/2010;12:08:00;299;sem vítima;101,8;BR-116/PR;Sul;Colisão Traseira;2;2;;;;;1
21/08/2010;15:22:00;390;sem vítima;675;BR-376/PR;Sul;Saida de Pista;1;1;;;;;1
21/08/2010;16:05:00;423;sem vítima;165,1;BR-101/SC;Sul;Colisão Traseira;1;3;;;;;1
21/08/2010;16:07:00;424;sem vítima;131;BR-101/SC;Norte;Colisão Lateral;1;2;;;;;1
21/08/2010;16:22:00;431;sem vítima;140,2;BR-101/SC;Sul;Capotamento;1;2;;;;;1
21/08/2010;20:30:00;547;com vítima;638;BR-376/PR;Norte;Colisão Traseira;1;2;;1;1;;2
21/08/2010;22:23:00;575;sem vítima;1,35;BR-101/SC;Sul;Choque - Defensa, barreira ou "submarino";1;1;;;;;1
22/08/2010;01:51:00;41;com vítima;673;BR-376/PR;Sul;Colisão Traseira;1;1;;3;;;2
22/08/2010;10:27:00;174;com vítima;668,5;BR-376/PR;Sul;Tombamento;1;0;;2;;1;3
22/08/2010;14:54:00;276;sem vítima;80;BR-101/SC;Sul;Choque - Defensa, barreira ou "submarino";1;1;;;;;1
23/08/2010;06:22:00;78;sem vítima;90;BR-116/PR;Sul;Choque - Poste;1;1;;;;;1
23/08/2010;11:48:00;240;sem vítima;635,5;BR-376/PR;Sul;Choque - Suporte de Sinalização;1;1;;;;;1
23/08/2010;16:58:00;407;sem vítima;105,6;BR-116/PR;Norte;Colisão Traseira;2;3;;;;;1
23/08/2010;19:51:00;477;sem vítima;86;BR-101/SC;Norte;Choque - Objeto sobre a pista;1;1;;;;;1
24/08/2010;07:42:00;154;sem vítima;14,2;BR-101/SC;Norte;Colisão Traseira;2;2;;;;;1
24/08/2010;08:29:00;174;sem vítima;206,9;BR-101/SC;Sul;Colisão Traseira;1;3;;;;;1
24/08/2010;08:57:00;188;sem vítima;60;BR-101/SC;Norte;Choque - Objeto sobre a pista;1;2;;;;;1
24/08/2010;11:41:00;278;sem vítima;635,3;BR-376/PR;Norte;Choque - Poste;1;1;;;;;1
24/08/2010;11:48:00;283;com vítima;44;BR-101/SC;Norte;Choque - Defensa, barreira ou "submarino";1;4;;1;;;2
24/08/2010;14:09:00;347;sem vítima;131,1;BR-101/SC;Norte;Colisão Lateral;1;2;;;;;1
24/08/2010;16:03:00;404;sem vítima;106;BR-116/PR;Sul;Tombamento;2;2;;;;;1
24/08/2010;16:31:00;420;sem vítima;620;BR-376/PR;Norte;Saida de Pista;1;1;;;;;1
24/08/2010;17:55:00;466;com vítima;92,3;BR-116/PR;Sul;Colisão Traseira;1;1;1;;;;1
24/08/2010;21:30:00;552;sem vítima;80;BR-101/SC;Sul;Choque - Cancela de Pedagio;1;1;;;;;1
25/08/2010;08:52:00;230;sem vítima;10;BR-101/SC;Norte;Colisão Traseira;1;3;;;;;1
25/08/2010;10:11:00;281;com vítima;673;BR-376/PR;Sul;Tombamento;1;0;;1;;;2
25/08/2010;10:21:00;290;sem vítima;220;BR-101/SC;Norte;Colisão Traseira;2;2;;;;;1
25/08/2010;11:25:00;319;sem vítima;635,5;BR-376/PR;Sul;Colisão Traseira;1;2;;;;;1
25/08/2010;12:08:00;341;sem vítima;202;BR-101/SC;Norte;Colisão Traseira;1;2;;;;;1
25/08/2010;12:18:00;347;sem vítima;1,35;BR-101/SC;Norte;Choque - Cancela de Pedagio;1;1;;;;;1
25/08/2010;17:54:00;542;sem vítima;1,35;BR-101/SC;Norte;Choque - Cancela de Pedagio;1;1;;;;;1