data;horario;n_da_ocorrencia;tipo_de_ocorrencia;km;trecho;sentido;tipo_de_acidente;caminhao;ilesos;levemente_feridos;moderadamente_feridos;gravemente_feridos;mortos;3
05/12/2014;11:36:00;162;sem vítima;205,2;BR-101/SC;Sul;Colisão Traseira;1;2;;;;;1
05/12/2014;10:27:00;186;sem vítima;206,3;BR-101/SC;Sul;Colisão Lateral;1;2;;;;;1
05/12/2014;11:03:00;199;sem vítima;206,3;BR-101/SC;Sul;Colisão Lateral;1;2;;;;;1
05/12/2014;18:24:00;275;sem vítima;123,001;BR-101/SC;Norte;Colisão Transversal;1;2;;;;;1
05/12/2014;19:39:00;296;sem vítima;119,1;BR-101/SC;Sul;Colisão Lateral;1;2;;;;;1
05/12/2014;20:52:00;319;sem vítima;142,4;BR-101/SC;Sul;Engavetamento;1;9;;;;;1
05/12/2014;23:12:00;354;sem vítima;622,9;BR-376/PR;Norte;Colisão Lateral;1;2;;;;;1
05/12/2014;18:18:00;374;sem vítima;212,001;BR-101/SC;Norte;Colisão Traseira;1;2;;;;;1
06/12/2014;23:45:00;30;sem vítima;211,7;BR-101/SC;Sul;Colisão Traseira;1;4;;;;;1
06/12/2014;00:29:00;31;sem vítima;211,2;BR-101/SC;Sul;Colisão Lateral;1;2;;;;;1
06/12/2014;05:57:00;66;sem vítima;19,7;BR-101/SC;Norte;Tombamento;1;2;;;;;1
06/12/2014;06:11:00;70;sem vítima;668,001;BR-376/PR;Sul;Colisão Traseira;2;2;;;;;1
06/12/2014;08:46:00;119;sem vítima;236,001;BR-101/SC;Norte;Colisão Lateral;1;2;;;;;1
06/12/2014;11:34:00;184;com vítima;19,7;BR-101/SC;Norte;Colisão Traseira;1;2;1;;;;1
06/12/2014;18:32:00;303;sem vítima;627,599;BR-376/PR;Norte;Colisão Lateral;1;2;;;;;1
07/12/2014;00:07:00;5;sem vítima;243,7;BR-101/SC;Sul;Colisão Traseira;1;2;;;;;1
07/12/2014;02:47:00;28;sem vítima;6,01;BR-101/SC;Norte;Saida de Pista;1;1;;;;;1
07/12/2014;14:19:00;205;sem vítima;135,564;BR-101/SC;Norte;Outros;1;1;;;;;1
07/12/2014;16:54:00;274;com vítima;22,01;BR-101/SC;Sul;Colisão Lateral;1;1;1;;;;1
08/12/2014;12:51:00;175;sem vítima;210,5;BR-101/SC;Norte;Capotamento;1;2;;;;;1
08/12/2014;16:57:00;271;com vítima;90,52;BR-116/PR;Norte;Saida de Pista;1;0;1;;;;1
08/12/2014;17:57:00;293;sem vítima;117,1;BR-101/SC;Sul;Colisão Traseira;1;2;;;;;1
08/12/2014;18:11:00;296;com vítima;648,2;BR-376/PR;Sul;Atropelamento - Andarilho;1;1;1;;;;1
08/12/2014;18:34:00;303;com vítima;204,122;BR-101/SC;Sul;Colisão Traseira;1;1;1;;;;1
08/12/2014;19:30:00;344;sem vítima;203,3;BR-101/SC;Sul;Colisão Traseira;1;2;;;;;1
08/12/2014;21:09:00;345;sem vítima;79,35;BR-101/SC;Sul;Colisão Traseira;1;2;;;;;1
09/12/2014;12:35:00;167;sem vítima;667,808;BR-376/PR;Norte;Colisão Traseira;2;2;;;;;1
09/12/2014;15:01:00;220;com vítima;668,5;BR-376/PR;Sul;Engavetamento;3;2;1;;;;1
09/12/2014;17:44:00;268;sem vítima;653,01;BR-376/PR;Norte;Saida de Pista;1;1;;;;;1
09/12/2014;18:25:00;282;sem vítima;615,001;BR-376/PR;Sul;Saida de Pista;1;1;;;;;1
09/12/2014;18:43:00;289;sem vítima;1,35;BR-101/SC;Sul;Colisão Traseira;1;3;;;;;1
09/12/2014;18:52:00;292;sem vítima;632,001;BR-376/PR;Norte;Colisão Lateral;1;2;;;;;1
09/12/2014;18:59:00;294;sem vítima;651,352;BR-376/PR;Norte;Colisão Traseira;1;2;;;;;1
09/12/2014;19:12:00;299;sem vítima;89,1;BR-116/PR;Norte;Saida de Pista;1;2;;;;;1
09/12/2014;20:31:00;315;sem vítima;48,8;BR-101/SC;Norte;Saida de Pista;1;1;;;;;1
09/12/2014;21:36:00;326;sem vítima;620,801;BR-376/PR;Norte;Colisão Traseira;1;2;;;;;1
10/12/2014;01:49:00;22;sem vítima;105,05;BR-101/SC;Sul;Choque - Defensa, barreira ou "submarino";1;1;;;;;1
10/12/2014;04:07:00;36;sem vítima;99,901;BR-116/PR;Norte;Saida de Pista;1;2;;;;;1
10/12/2014;07:41:00;65;sem vítima;132,901;BR-101/SC;Sul;Colisão Traseira;1;2;;;;;1
10/12/2014;08:55:00;80;sem vítima;83,2;BR-101/SC;Sul;Colisão Traseira;1;2;;;;;1
10/12/2014;09:37:00;100;com vítima;41,001;BR-101/SC;Norte;Colisão Lateral;1;2;2;;;;1
10/12/2014;15:32:00;203;sem vítima;667,5;BR-376/PR;Sul;Colisão Transversal;1;3;;;;;1
10/12/2014;16:18:00;224;sem vítima;151,3;BR-101/SC;Sul;Colisão Traseira;1;2;;;;;1
10/12/2014;17:21:00;258;com vítima;38,8;BR-101/SC;Sul;Colisão Traseira;1;1;;1;;;2
10/12/2014;17:44:00;267;sem vítima;194,001;BR-101/SC;Sul;Colisão Traseira;1;2;;;;;1
11/12/2014;03:31:00;46;sem vítima;0,901;BR-101/SC;Norte;Saida de Pista;1;1;;;;;1
11/12/2014;05:49:00;61;sem vítima;233,9;BR-101/SC;Norte;Colisão Traseira;2;2;;;;;1
11/12/2014;08:06:00;96;sem vítima;41,15;BR-101/SC;Sul;Colisão Lateral;1;3;;;;;1
11/12/2014;12:28:00;198;com vítima;40,5;BR-101/SC;Sul;Colisão Traseira;1;1;1;;;;1
11/12/2014;12:57:00;206;com vítima;675,599;BR-376/PR;Sul;Colisão Traseira;2;1;;;1;;2
11/12/2014;14:52:00;229;sem vítima;116,4;BR-101/SC;Norte;Choque - Defensa, barreira ou "submarino";1;1;;;;;1
11/12/2014;15:23:00;230;sem vítima;79,5;BR-101/SC;Sul;Colisão Traseira;1;2;;;;;1
11/12/2014;15:30:00;251;sem vítima;45,1;BR-101/SC;Sul;Choque - Objeto sobre a pista;1;2;;;;;1
11/12/2014;17:37:00;279;sem vítima;163,3;BR-101/SC;Sul;Colisão Traseira;1;2;;;;;1
12/12/2014;07:17:00;53;sem vítima;79,606;BR-101/SC;Sul;Colisão Traseira;1;2;;;;;1
12/12/2014;11:14:00;155;sem vítima;200,101;BR-101/SC;Sul;Colisão Traseira;1;2;;;;;1
12/12/2014;14:30:00;225;com vítima;135,5;BR-101/SC;Sul;Colisão Lateral;1;2;1;;;;1
12/12/2014;15:40:00;249;sem vítima;635,399;BR-376/PR;Norte;Colisão Traseira;1;2;;;;;1
12/12/2014;16:37:00;271;sem vítima;233,101;BR-101/SC;Norte;Colisão Lateral;1;2;;;;;1
12/12/2014;17:47:00;292;com vítima;203,411;BR-101/SC;Norte;Colisão Traseira;1;1;1;;;;1
13/12/2014;00:35:00;14;sem vítima;149,1;BR-101/SC;Sul;Saida de Pista;1;1;;;;;1
13/12/2014;02:01:00;37;com vítima;149,1;BR-101/SC;Norte;Colisão Traseira;1;1;1;;;;1
13/12/2014;02:04:00;38;sem vítima;233,801;BR-101/SC;Sul;Choque - Defensa, barreira ou "submarino";1;1;;;;;1
13/12/2014;02:59:00;48;sem vítima;114,5;BR-101/SC;Norte;Tombamento;1;1;;;;;1
13/12/2014;10:05:00;142;sem vítima;635,4;BR-376/PR;Sul;Colisão Traseira;1;2;;;;;1
13/12/2014;10:21:00;148;com vítima;226,201;BR-101/SC;Norte;Colisão Traseira;1;1;1;;;;1
13/12/2014;10:53:00;155;sem vítima;79,606;BR-101/SC;Sul;Colisão Traseira;1;3;;;;;1
13/12/2014;15:55:00;256;sem vítima;135,499;BR-101/SC;Sul;Colisão Lateral;1;2;;;;;1
13/12/2014;16:31:00;274;sem vítima;79,6;BR-101/SC;Norte;Colisão Lateral;1;2;;;;;1
13/12/2014;20:33:00;364;sem vítima;104,001;BR-101/SC;Sul;Colisão Traseira;1;2;;;;;1
13/12/2014;21:24:00;378;com vítima;671,399;BR-376/PR;Sul;Saida de Pista;1;0;;1;;;2
14/12/2014;11:29:00;137;sem vítima;244,265;BR-101/SC;Norte;Colisão Traseira;1;2;;;;;1
15/12/2014;13:09:00;182;sem vítima;122,33;BR-101/SC;Sul;Tombamento;1;1;;;;;1
15/12/2014;21:17:00;352;sem vítima;635,4;BR-376/PR;Norte;Colisão Traseira;1;2;;;;;1
16/12/2014;07:57:00;67;sem vítima;157,401;BR-101/SC;Sul;Engavetamento;2;3;;;;;1
16/12/2014;13:01:00;170;com vítima;651,897;BR-376/PR;Norte;Tombamento;1;0;;;2;;2
16/12/2014;16:15:00;217;sem vítima;239,198;BR-101/SC;Norte;Saida de Pista;1;1;;;;;1
16/12/2014;17:15:00;233;sem vítima;651,65;BR-376/PR;Norte;Colisão Traseira;2;2;;;;;1
17/12/2014;00:01:00;2;sem vítima;673,8;BR-376/PR;Sul;Colisão Traseira;1;2;;;;;1
17/12/2014;00:16:00;35;sem vítima;663,5;BR-376/PR;Norte;Saida de Pista;1;2;;;;;1
17/12/2014;10:20:00;147;sem vítima;203,8;BR-101/SC;Sul;Choque - Defensa, barreira ou "submarino";1;3;;;;;1
17/12/2014;11:19:00;176;sem vítima;635,4;BR-376/PR;Norte;Colisão Traseira;1;2;;;;;1
17/12/2014;11:37:00;183;sem vítima;210,299;BR-101/SC;Norte;Colisão Traseira;2;3;;;;;1
17/12/2014;13:24:00;219;sem vítima;12,98;BR-101/SC;Norte;Colisão Traseira;2;2;;;;;1
17/12/2014;13:56:00;227;sem vítima;221,15;BR-101/SC;Sul;Colisão Lateral;1;2;;;;;1
17/12/2014;17:33:00;301;sem vítima;33,15;BR-101/SC;Sul;Colisão Traseira;1;2;;;;;1
17/12/2014;19:07:00;329;sem vítima;211,311;BR-101/SC;Norte;Colisão Lateral;1;2;;;;;1
18/12/2014;02:55:00;30;com vítima;669,001;BR-376/PR;Sul;Saida de Pista;1;2;;1;;;2
18/12/2014;07:32:00;74;sem vítima;211,1;BR-101/SC;Norte;Colisão Traseira;1;2;;;;;1
18/12/2014;08:12:00;90;sem vítima;635,4;BR-376/PR;Sul;Colisão Traseira;1;2;;;;;1
18/12/2014;08:05:00;92;sem vítima;66,9;BR-101/SC;Sul;Saida de Pista;1;1;;;;;1
18/12/2014;10:15:00;139;sem vítima;628,8;BR-376/PR;Norte;Colisão Lateral;1;2;;;;;1
18/12/2014;15:36:00;246;sem vítima;204,198;BR-101/SC;Sul;Engavetamento;1;5;;;;;1
18/12/2014;15:40:00;248;sem vítima;674,001;BR-376/PR;Norte;Saida de Pista;1;1;;;;;1
18/12/2014;16:46:00;281;sem vítima;104,3;BR-116/PR;Norte;Engavetamento;3;3;;;;;1
18/12/2014;16:50:00;282;sem vítima;104,001;BR-116/PR;Norte;Saida de Pista;1;1;;;;;1
18/12/2014;17:13:00;289;sem vítima;102,001;BR-116/PR;Sul;Colisão Lateral;1;2;;;;;1
18/12/2014;17:16:00;291;sem vítima;109,001;BR-116/PR;Norte;Saida de Pista;1;1;;;;;1
18/12/2014;17:32:00;297;sem vítima;616,5;BR-376/PR;Sul;Choque - Defensa, barreira ou "submarino";1;1;;;;;1
18/12/2014;18:00:00;310;sem vítima;101,001;BR-116/PR;Sul;Tombamento;1;1;;;;;1
18/12/2014;18:31:00;321;sem vítima;207,96;BR-101/SC;Norte;Colisão Transversal;1;2;;;;;1
19/12/2014;03:28:00;32;sem vítima;663,001;BR-376/PR;Norte;Saida de Pista;1;1;;;;;1
19/12/2014;06:05:00;60;sem vítima;10,001;BR-101/SC;Sul;Colisão Traseira;2;2;;;;;1
19/12/2014;06:18:00;64;sem vítima;671,2;BR-376/PR;Sul;Saida de Pista;1;1;;;;;1
19/12/2014;06:45:00;73;sem vítima;80,1;BR-101/SC;Norte;Colisão Lateral;1;2;;;;;1
19/12/2014;08:35:00;101;sem vítima;205,1;BR-101/SC;Norte;Colisão Lateral;1;2;;;;;1
19/12/2014;09:05:00;116;sem vítima;206,9;BR-101/SC;Norte;Colisão Traseira;1;2;;;;;1
19/12/2014;09:13:00;118;sem vítima;29,8;BR-101/SC;Sul;Colisão Traseira;1;4;;;;;1
19/12/2014;10:58:00;155;sem vítima;659,901;BR-376/PR;Sul;Colisão Traseira;2;2;;;;;1
19/12/2014;11:49:00;175;sem vítima;132,5;BR-101/SC;Sul;Colisão Lateral;1;2;;;;;1
19/12/2014;09:15:00;182;sem vítima;30,3;BR-101/SC;Sul;Colisão Lateral;1;2;;;;;1
19/12/2014;12:59:00;200;sem vítima;199,1;BR-101/SC;Sul;Engavetamento;2;4;;;;;1
19/12/2014;15:05:00;243;sem vítima;671,7;BR-376/PR;Sul;Saida de Pista;1;1;;;;;1
19/12/2014;17:18:00;299;sem vítima;201,4;BR-101/SC;Norte;Colisão Traseira;1;2;;;;;1
19/12/2014;17:49:00;310;sem vítima;39,299;BR-101/SC;Sul;Tombamento;1;1;;;;;1
19/12/2014;18:10:00;319;sem vítima;37,001;BR-101/SC;Sul;Colisão Traseira;1;2;;;;;1
19/12/2014;20:27:00;369;sem vítima;120,699;BR-101/SC;Norte;Engavetamento;1;3;;;;;1
19/12/2014;20:51:00;378;com vítima;113,899;BR-101/SC;Norte;Colisão Traseira;1;2;;1;;;2
19/12/2014;22:07:00;397;com vítima;112,2;BR-101/SC;Sul;Engavetamento;1;7;3;;;;1
20/12/2014;05:46:00;48;sem vítima;69,101;BR-101/SC;Sul;Colisão Traseira;1;3;;;;;1
20/12/2014;14:28:00;241;sem vítima;243,002;BR-101/SC;Sul;Choque - Defensa, barreira ou "submarino";1;1;;;;;1
20/12/2014;15:52:00;277;sem vítima;137,4;BR-101/SC;Sul;Colisão Transversal;1;2;;;;;1
20/12/2014;16:01:00;280;sem vítima;614,6;BR-376/PR;Sul;Choque - Defensa, barreira ou "submarino";1;1;;;;;1
21/12/2014;11:30:00;155;sem vítima;79,338;BR-101/SC;Sul;Colisão Traseira;1;2;;;;;1
21/12/2014;14:26:00;190;sem vítima;614,6;BR-376/PR;Sul;Tombamento;1;1;;;;;1
21/12/2014;15:20:00;211;sem vítima;614,8;BR-376/PR;Norte;Colisão Traseira;2;2;;;;;1
21/12/2014;16:38:00;249;sem vítima;214,15;BR-101/SC;Norte;Colisão Traseira;1;2;;;;;1
21/12/2014;17:57:00;275;sem vítima;149,001;BR-101/SC;Norte;Engavetamento;1;5;;;;;1
21/12/2014;18:08:00;281;sem vítima;651,2;BR-376/PR;Norte;Choque - Defensa, barreira ou "submarino";1;2;;;;;1
21/12/2014;18:40:00;292;com vítima;665,8;BR-376/PR;Sul;Colisão Traseira;1;1;2;;;;1
22/12/2014;03:18:00;30;sem vítima;205,001;BR-101/SC;Norte;Choque - Defensa, barreira ou "submarino";1;3;;;;;1
22/12/2014;07:37:00;74;sem vítima;44,9;BR-101/SC;Norte;Colisão Traseira;1;2;;;;;1
22/12/2014;09:18:00;102;sem vítima;52,099;BR-101/SC;Sul;Tombamento;1;1;;;;;1
22/12/2014;09:26:00;104;sem vítima;209,3;BR-101/SC;Norte;Colisão Traseira;2;2;;;;;1
22/12/2014;12:42:00;164;sem vítima;157,4;BR-101/SC;Sul;Colisão Traseira;1;2;;;;;1
22/12/2014;14:11:00;190;com vítima;614,001;BR-376/PR;Sul;Colisão Traseira;2;3;;2;;;2
22/12/2014;14:18:00;193;sem vítima;137,001;BR-101/SC;Norte;Outros;2;2;;;;;1
22/12/2014;20:39:00;346;com vítima;212,689;BR-101/SC;Sul;Atropelamento - Morador;1;1;1;;;;1
23/12/2014;03:30:00;35;sem vítima;12,001;BR-101/SC;Sul;Saida de Pista;1;1;;;;;1
23/12/2014;04:22:00;42;sem vítima;169,595;BR-101/SC;Norte;Choque - Defensa, barreira ou "submarino";1;1;;;;;1
23/12/2014;09:21:00;123;sem vítima;655,001;BR-376/PR;Sul;Colisão Lateral;1;2;;;;;1
23/12/2014;09:55:00;139;sem vítima;664,5;BR-376/PR;Norte;Saida de Pista;1;2;;;;;1
23/12/2014;10:50:00;157;sem vítima;201,4;BR-101/SC;Sul;Colisão Lateral;1;2;;;;;1
23/12/2014;11:23:00;159;sem vítima;206,001;BR-101/SC;Norte;Colisão Traseira;1;2;;;;;1
23/12/2014;12:07:00;174;sem vítima;40,001;BR-101/SC;Norte;Colisão Traseira;1;2;;;;;1
23/12/2014;13:42:00;202;com vítima;673,1;BR-376/PR;Sul;Tombamento;1;0;;1;;;2
23/12/2014;14:31:00;218;sem vítima;162,5;BR-101/SC;Norte;Colisão Lateral;1;2;;;;;1
23/12/2014;15:24:00;237;sem vítima;111,7;BR-101/SC;Norte;Colisão Traseira;1;2;;;;;1
23/12/2014;15:31:00;239;sem vítima;111,599;BR-101/SC;Norte;Colisão Traseira;1;2;;;;;1
23/12/2014;16:17:00;259;sem vítima;200,01;BR-101/SC;Sul;Colisão Traseira;1;2;;;;;1
23/12/2014;16:30:00;268;sem vítima;109,8;BR-116/PR;Norte;Saida de Pista;1;1;;;;;1
23/12/2014;22:40:00;369;sem vítima;101,9;BR-116/PR;Sul;Colisão Traseira;1;2;;;;;1
24/12/2014;00:30:00;15;sem vítima;662,001;BR-376/PR;Sul;Colisão Traseira;1;2;;;;;1
24/12/2014;09:38:00;123;sem vítima;652,505;BR-376/PR;Sul;Colisão Traseira;1;3;;;;;1
24/12/2014;10:56:00;146;sem vítima;46,7;BR-101/SC;Norte;Engavetamento;2;3;;;;;1
24/12/2014;11:43:00;159;sem vítima;36,001;BR-101/SC;Sul;Engavetamento;1;4;;;;;1
24/12/2014;14:07:00;201;sem vítima;671,601;BR-376/PR;Sul;Choque - Defensa, barreira ou "submarino";1;1;;;;;1
26/12/2014;01:21:00;18;sem vítima;157,3;BR-101/SC;Sul;Colisão Lateral;1;2;;;;;1
26/12/2014;06:32:00;52;com vítima;27,5;BR-101/SC;Norte;Colisão Traseira;1;1;;;;1;3
26/12/2014;08:45:00;89;sem vítima;81,5;BR-101/SC;Sul;Colisão Lateral;2;2;;;;;1
26/12/2014;13:20:00;200;sem vítima;207,98;BR-101/SC;Sul;Colisão Lateral;1;2;;;;;1
26/12/2014;14:11:00;210;com vítima;53,7;BR-101/SC;Sul;Colisão Traseira;1;2;2;;;;1
26/12/2014;19:02:00;326;sem vítima;216,4;BR-101/SC;Sul;Colisão Lateral;1;2;;;;;1
26/12/2014;21:56:00;388;sem vítima;619,8;BR-376/PR;Norte;Colisão Lateral;1;2;;;;;1
26/12/2014;22:27:00;395;sem vítima;651,1;BR-376/PR;Norte;Colisão Traseira;1;2;;;;;1
27/12/2014;10:19:00;111;sem vítima;1,35;BR-101/SC;Sul;Colisão Lateral;1;2;;;;;1
27/12/2014;18:21:00;293;sem vítima;136,001;BR-101/SC;Norte;Colisão Transversal;1;2;;;;;1
27/12/2014;18:31:00;295;sem vítima;120,799;BR-101/SC;Sul;Colisão Lateral;1;2;;;;;1
28/12/2014;19:33:00;333;sem vítima;149,4;BR-101/SC;Sul;Choque - Defensa, barreira ou "submarino";1;1;;;;;1
29/12/2014;08:50:00;109;sem vítima;121,1;BR-101/SC;Norte;Colisão Traseira;1;3;;;;;1
29/12/2014;11:17:00;162;sem vítima;620,3;BR-376/PR;Sul;Colisão Lateral;1;2;;;;;1
29/12/2014;13:38:00;200;sem vítima;102,4;BR-116/PR;Sul;Colisão Traseira;2;2;;;;;1
29/12/2014;14:34:00;221;com vítima;617,001;BR-376/PR;Sul;Saida de Pista;1;0;1;;;;1
29/12/2014;14:40:00;227;sem vítima;200,811;BR-101/SC;Sul;Colisão Lateral;1;2;;;;;1
29/12/2014;15:16:00;236;sem vítima;98,001;BR-116/PR;Norte;Saida de Pista;1;1;;;;;1
29/12/2014;19:14:00;315;sem vítima;189,7;BR-101/SC;Sul;Colisão Traseira;2;2;;;;;1
29/12/2014;21:06:00;345;sem vítima;209,912;BR-101/SC;Sul;Choque - Objeto sobre a pista;1;2;;;;;1
30/12/2014;01:57:00;22;sem vítima;671,7;BR-376/PR;Sul;Saida de Pista;1;1;;;;;1
30/12/2014;05:38:00;51;sem vítima;24,5;BR-101/SC;Sul;Colisão Traseira;1;2;;;;;1
30/12/2014;11:47:00;157;sem vítima;1,35;BR-101/SC;Sul;Colisão Lateral;1;2;;;;;1
30/12/2014;21:18:00;360;sem vítima;222,1;BR-101/SC;Sul;Colisão Lateral;1;2;;;;;1
31/12/2014;05:58:00;71;sem vítima;50,001;BR-101/SC;Sul;Colisão Traseira;1;2;;;;;1
31/12/2014;18:30:00;360;sem vítima;678,95;BR-376/PR;Sul;Colisão Lateral;1;2;;;;;1
03/03/2016;05:38:00;42;com vítima;0,5;BR-101/SC;Sul;Atropelamento - Funcionário;1;1;;;1;;2
08/03/2016;18:16:00;300;sem vítima;1,35;BR-101/SC;Norte;Colisão Traseira;2;2;;;;;1
24/03/2016;20:00:00;413;sem vítima;5,5;BR-101/SC;Sul;Colisão Traseira;1;2;;;;;1
24/03/2016;22:11:00;445;sem vítima;7,5;BR-101/SC;Sul;Saida de Pista;1;1;;;;;1
28/03/2016;14:18:00;251;sem vítima;1,35;BR-101/SC;Norte;Colisão Traseira;2;2;;;;;1
21/04/2016;11:06:00;207;sem vítima;1,001;BR-101/SC;Sul;Saida de Pista;1;1;;;;;1
19/02/2016;20:20:00;417;sem vítima;1,05;BR-101/SC;Norte;Colisão Traseira;1;4;;;;;1
20/04/2016;05:19:00;76;sem vítima;1,059;BR-101/SC;Sul;Tombamento;1;2;;;;;1
19/04/2016;18:53:00;455;sem vítima;1,189;BR-101/SC;Sul;Colisão Traseira;2;2;;;;;1
17/02/2016;14:22:00;224;sem vítima;1,35;BR-101/SC;Norte;Colisão Traseira;1;2;;;;;1
27/02/2016;18:32:00;354;sem vítima;1,35;BR-101/SC;Sul;Choque - Outros;1;1;;;;;1
01/06/2016;10:12:00;199;sem vítima;1,35;BR-101/SC;Sul;Colisão Traseira;1;2;;;;;1
21/06/2016;07:19:00;98;sem vítima;1,35;BR-101/SC;Sul;Choque - Defensa, barreira ou "submarino";1;1;;;;;1
23/06/2016;07:26:00;111;sem vítima;1,35;BR-101/SC;Norte;Colisão Traseira;2;2;;;;;1
29/06/2016;18:49:00;367;sem vítima;1,35;BR-101/SC;Norte;Colisão Traseira;2;2;;;;;1
09/07/2016;00:40:00;27;sem vítima;1,35;BR-101/SC;Sul;Colisão Traseira;2;2;;;;;1
19/07/2016;17:46:00;384;sem vítima;1,35;BR-101/SC;Sul;Colisão Traseira;2;2;;;;;1
29/07/2016;09:19:00;171;sem vítima;1,35;BR-101/SC;Sul;Colisão Lateral;1;2;;;;;1
15/05/2016;15:59:00;272;sem vítima;1,4;BR-101/SC;Sul;Colisão Traseira;2;2;;;;;1
05/07/2016;08:13:00;142;sem vítima;1,4;BR-101/SC;Norte;Choque - Outros;1;1;;;;;1
23/07/2016;13:09:00;266;sem vítima;2,001;BR-101/SC;Sul;Colisão Lateral;1;2;;;;;1
20/07/2016;09:16:00;162;sem vítima;3,001;BR-101/SC;Norte;Saida de Pista;1;3;;;;;1
11/05/2016;09:36:00;154;sem vítima;3,011;BR-101/SC;Norte;Colisão Lateral;1;2;;;;;1
18/05/2016;10:29:00;167;sem vítima;3,1;BR-101/SC;Sul;Colisão Traseira;1;2;;;;;1
08/03/2016;11:31:00;171;sem vítima;3,5;BR-101/SC;Norte;Engavetamento;1;3;;;;;1
19/02/2016;13:31:00;247;sem vítima;4,3;BR-101/SC;Sul;Colisão Traseira;2;2;;;;;1
07/02/2016;09:45:00;123;sem vítima;5,8;BR-101/SC;Sul;Tombamento;2;2;;;;;1
12/02/2016;21:05:00;410;sem vítima;5,8;BR-101/SC;Norte;Colisão Traseira;1;2;;;;;1
04/03/2016;15:42:00;255;sem vítima;6,2;BR-101/SC;Norte;Colisão Lateral;1;2;;;;;1
12/03/2016;19:49:00;369;sem vítima;145,5;BR-101/SC;Sul;Colisão Traseira;1;2;;;;;1
12/03/2016;20:00:00;373;sem vítima;234,9;BR-101/SC;Norte;Colisão Traseira;1;2;;;;;1
26/05/2016;06:30:00;88;sem vítima;6,2;BR-101/SC;Sul;Colisão Lateral;1;3;;;;;1
05/06/2016;20:53:00;367;com vítima;6,3;BR-101/SC;Sul;Atropelamento - Morador;1;1;;;;1;3
17/04/2016;08:49:00;102;sem vítima;6,966;BR-101/SC;Sul;Tombamento;1;1;;;;;1
16/06/2016;06:33:00;69;sem vítima;7,1;BR-101/SC;Norte;Colisão Lateral;1;2;;;;;1
26/02/2016;12:00:00;208;sem vítima;7,5;BR-101/SC;Sul;Colisão Traseira;3;3;;;;;1
30/08/2016;19:14:00;388;sem vítima;8,1;BR-101/SC;Norte;Colisão Lateral;1;2;;;;;1
17/02/2016;02:29:00;38;com vítima;9,02;BR-101/SC;Sul;Choque - Defensa, barreira ou "submarino";1;0;;;;1;3
05/07/2016;18:39:00;419;sem vítima;9,3;BR-101/SC;Sul;Colisão Traseira;2;2;;;;;1
12/01/2016;22:39:00;422;sem vítima;10,25;BR-101/SC;Norte;Colisão Lateral;1;2;;;;;1
31/03/2016;00:01:00;1;sem vítima;12,5;BR-101/SC;Sul;Colisão Traseira;2;2;;;;;1
25/07/2016;15:04:00;344;sem vítima;12,6;BR-101/SC;Sul;Colisão Traseira;2;2;;;;;1
21/01/2016;13:27:00;207;sem vítima;13,001;BR-101/SC;Norte;Colisão Traseira;2;2;;;;;1
12/08/2016;19:17:00;465;com vítima;13,603;BR-101/SC;Sul;Saida de Pista;1;0;1;;;;1
02/06/2016;12:00:00;207;sem vítima;13,688;BR-101/SC;Norte;Colisão Traseira;2;2;;;;;1
30/01/2016;07:38:00;80;sem vítima;14,001;BR-101/SC;Norte;Colisão Traseira;1;2;;;;;1
04/04/2016;05:53:00;60;sem vítima;14,2;BR-101/SC;Norte;Colisão Traseira;2;2;;;;;1
19/07/2016;14:30:00;286;sem vítima;14,3;BR-101/SC;Norte;Engavetamento;1;3;;;;;1
01/08/2016;20:39:00;471;sem vítima;14,3;BR-101/SC;Norte;Colisão Traseira;2;2;;;;;1
02/02/2016;00:55:00;12;sem vítima;14,5;BR-101/SC;Norte;Choque - Defensa, barreira ou "submarino";1;1;;;;;1
10/07/2016;09:39:00;149;sem vítima;14,7;BR-101/SC;Norte;Colisão Lateral;1;2;;;;;1
18/01/2016;09:39:00;160;com vítima;14,8;BR-101/SC;Norte;Atropelamento - Outros;1;1;1;;;;1
20/03/2016;03:11:00;42;sem vítima;15,05;BR-101/SC;Norte;Saida de Pista;1;1;;;;;1
01/04/2016;09:32:00;131;sem vítima;15,4;BR-101/SC;Sul;Colisão Traseira;2;2;;;;;1
06/02/2016;19:34:00;391;com vítima;16,15;BR-101/SC;Norte;Colisão Frontal;1;1;;;1;1;3
13/06/2016;15:34:00;291;sem vítima;20,1;BR-101/SC;Norte;Saida de Pista;1;2;;;;;1
18/02/2016;19:29:00;407;sem vítima;20,15;BR-101/SC;Sul;Colisão Traseira;2;3;;;;;1
20/08/2016;17:59:00;346;com vítima;20,821;BR-101/SC;Sul;Colisão Lateral;1;1;;;1;4;3
08/04/2016;21:53:00;507;sem vítima;21,222;BR-101/SC;Sul;Choque - Defensa, barreira ou "submarino";1;4;;;;;1
14/05/2016;18:55:00;417;sem vítima;21,7;BR-101/SC;Norte;Saida de Pista;1;2;;;;;1
28/02/2016;08:54:00;107;sem vítima;23,001;BR-101/SC;Norte;Colisão Traseira;1;2;;;;;1
03/08/2016;21:53:00;374;sem vítima;24,001;BR-101/SC;Norte;Colisão Lateral;1;3;;;;;1
17/08/2016;20:01:00;484;com vítima;24,1;BR-101/SC;Sul;Colisão Traseira;1;1;2;2;;;2
12/05/2016;00:12:00;9;sem vítima;24,7;BR-101/SC;Sul;Choque - Defensa, barreira ou "submarino";1;1;;;;;1
10/03/2016;04:15:00;45;sem vítima;25,8;BR-101/SC;Sul;Colisão Traseira;2;2;;;;;1
06/05/2016;11:37:00;215;sem vítima;26,4;BR-101/SC;Sul;Colisão Lateral;1;2;;;;;1
07/03/2016;08:56:00;132;com vítima;26,8;BR-101/SC;Sul;Colisão Lateral;1;0;2;;;;1