data;horario;n_da_ocorrencia;tipo_de_ocorrencia;km;trecho;sentido;tipo_de_acidente;caminhao;ilesos;levemente_feridos;moderadamente_feridos;gravemente_feridos;mortos;3
20/03/2016;05:17:00;60;com vítima;26,9;BR-101/SC;Sul;Atropelamento - Usuário;1;1;;1;;;2
21/04/2016;08:43:00;143;sem vítima;27,3;BR-101/SC;Norte;Colisão Lateral;1;2;;;;;1
04/08/2016;09:04:00;142;sem vítima;27,302;BR-101/SC;Sul;Colisão Traseira;1;2;;;;;1
09/05/2016;22:57:00;433;sem vítima;29,759;BR-101/SC;Norte;Colisão Traseira;1;2;;;;;1
01/02/2016;16:48:00;287;sem vítima;29,8;BR-101/SC;Sul;Colisão Traseira;2;2;;;;;1
16/06/2016;10:11:00;158;sem vítima;29,977;BR-101/SC;Norte;Colisão Lateral;2;2;;;;;1
31/07/2016;23:38:00;478;sem vítima;30,145;BR-101/SC;Sul;Choque - Objeto sobre a pista;1;3;;;;;1
10/02/2016;11:03:00;165;sem vítima;30,2;BR-101/SC;Sul;Colisão Lateral;1;2;;;;;1
01/02/2016;08:37:00;90;sem vítima;30,29;BR-101/SC;Norte;Colisão Transversal;2;2;;;;;1
28/06/2016;16:16:00;312;sem vítima;31,1;BR-101/SC;Norte;Colisão Traseira;1;2;;;;;1
27/02/2016;11:18:00;185;sem vítima;31,5;BR-101/SC;Sul;Colisão Lateral;2;2;;;;;1
23/03/2016;12:22:00;214;sem vítima;31,8;BR-101/SC;Norte;Saida de Pista;1;1;;;;;1
29/03/2016;06:40:00;68;sem vítima;31,8;BR-101/SC;Sul;Colisão Traseira;1;2;;;;;1
15/03/2016;18:14:00;348;sem vítima;32,2;BR-101/SC;Norte;Colisão Lateral;1;2;;;;;1
29/06/2016;18:16:00;354;sem vítima;32,5;BR-101/SC;Sul;Saida de Pista;1;1;;;;;1
13/06/2016;07:54:00;82;com vítima;32,559;BR-101/SC;Sul;Tombamento;1;1;1;;;;1
19/08/2016;15:09:00;314;sem vítima;32,7;BR-101/SC;Sul;Colisão Traseira;1;2;;;;;1
23/01/2016;10:01:00;133;sem vítima;33,001;BR-101/SC;Sul;Colisão Lateral;1;2;;;;;1
14/02/2016;16:12:00;228;sem vítima;33,05;BR-101/SC;Sul;Colisão Traseira;1;2;;;;;1
11/08/2016;00:35:00;30;com vítima;33,84;BR-101/SC;Norte;Colisão Traseira;1;2;2;;;;1
27/05/2016;09:23:00;125;sem vítima;34,1;BR-101/SC;Sul;Colisão Traseira;1;2;;;;;1
24/01/2016;03:52:00;45;sem vítima;34,182;BR-101/SC;Sul;Colisão Lateral;2;2;;;;;1
10/05/2016;07:04:00;66;sem vítima;34,524;BR-101/SC;Sul;Colisão Lateral;1;2;;;;;1
31/01/2016;13:22:00;216;sem vítima;34,9;BR-101/SC;Norte;Colisão Traseira;1;2;;;;;1
09/04/2016;12:29:00;206;sem vítima;34,972;BR-101/SC;Sul;Colisão Traseira;2;2;;;;;1
24/03/2016;04:37:00;54;com vítima;35,01;BR-101/SC;Sul;Colisão Traseira;1;1;;1;;;2
05/06/2016;17:43:00;300;com vítima;36,001;BR-101/SC;Sul;Colisão Traseira;2;1;;1;;;2
27/06/2016;09:09:00;137;sem vítima;36,238;BR-101/SC;Sul;Colisão Lateral;1;2;;;;;1
09/03/2016;07:41:00;100;sem vítima;36,75;BR-101/SC;Norte;Colisão Lateral;1;2;;;;;1
28/01/2016;05:11:00;43;sem vítima;36,85;BR-101/SC;Norte;Colisão Lateral;1;2;;;;;1
05/03/2016;21:36:00;342;com vítima;36,9;BR-101/SC;Norte;Atropelamento - Usuário;1;1;;;1;;2
14/06/2016;17:01:00;362;sem vítima;36,9;BR-101/SC;Sul;Colisão Transversal;1;2;;;;;1
25/05/2016;15:45:00;352;sem vítima;36,998;BR-101/SC;Sul;Saida de Pista;1;1;;;;;1
15/08/2016;10:30:00;204;sem vítima;37,4;BR-101/SC;Norte;Colisão Traseira;2;2;;;;;1
04/02/2016;18:41:00;311;sem vítima;38,1;BR-101/SC;Sul;Colisão Lateral;1;2;;;;;1
06/07/2016;17:47:00;348;sem vítima;38,5;BR-101/SC;Sul;Engavetamento;1;2;;;;;1
15/08/2016;14:01:00;272;sem vítima;38,5;BR-101/SC;Sul;Saida de Pista;1;2;;;;;1
06/05/2016;18:13:00;373;sem vítima;38,55;BR-101/SC;Sul;Colisão Lateral;2;2;;;;;1
15/07/2016;11:10:00;235;sem vítima;38,95;BR-101/SC;Sul;Colisão Lateral;1;2;;;;;1
06/03/2016;18:12:00;320;sem vítima;39,001;BR-101/SC;Sul;Colisão Transversal;1;2;;;;;1
30/04/2016;07:19:00;101;com vítima;39,932;BR-101/SC;Norte;Capotamento;1;1;;1;;;2
25/02/2016;17:33:00;379;sem vítima;40,01;BR-101/SC;Sul;Choque - Defensa, barreira ou "submarino";1;3;;;;;1
24/03/2016;14:13:00;246;sem vítima;40,3;BR-101/SC;Sul;Colisão Traseira;1;2;;;;;1
09/06/2016;12:02:00;212;sem vítima;40,406;BR-101/SC;Sul;Engavetamento;5;8;;;;;1
05/06/2016;12:53:00;205;com vítima;40,982;BR-101/SC;Sul;Tombamento;1;1;;;;1;3
18/01/2016;08:18:00;120;sem vítima;41,2;BR-101/SC;Norte;Colisão Traseira;1;3;;;;;1
26/05/2016;16:33:00;382;sem vítima;41,2;BR-101/SC;Norte;Colisão Traseira;1;2;;;;;1
06/07/2016;08:03:00;112;sem vítima;41,26;BR-101/SC;Sul;Colisão Lateral;1;2;;;;;1
03/02/2016;23:39:00;417;sem vítima;41,95;BR-101/SC;Sul;Saida de Pista;1;2;;;;;1
13/01/2016;12:01:00;191;sem vítima;42,001;BR-101/SC;Norte;Colisão Traseira;2;2;;;;;1
23/02/2016;09:16:00;131;sem vítima;42,05;BR-101/SC;Sul;Colisão Traseira;4;5;;;;;1
21/05/2016;14:20:00;261;sem vítima;42,1;BR-101/SC;Sul;Colisão Lateral;1;2;;;;;1
29/02/2016;15:47:00;305;sem vítima;42,3;BR-101/SC;Sul;Engavetamento;2;3;;;;;1
21/01/2016;22:06:00;416;sem vítima;42,5;BR-101/SC;Norte;Colisão Traseira;1;2;;;;;1
06/04/2016;21:08:00;380;sem vítima;42,551;BR-101/SC;Sul;Colisão Traseira;1;2;;;;;1
19/08/2016;18:06:00;398;sem vítima;42,9;BR-101/SC;Sul;Colisão Transversal;1;2;;;;;1
29/08/2016;19:23:00;469;sem vítima;43,001;BR-101/SC;Sul;Colisão Traseira;1;2;;;;;1
04/07/2016;18:18:00;378;sem vítima;44,001;BR-101/SC;Norte;Choque - Defensa, barreira ou "submarino";1;3;;;;;1
11/04/2016;19:29:00;352;sem vítima;44,3;BR-101/SC;Norte;Colisão Lateral;1;2;;;;;1
08/08/2016;07:25:00;116;sem vítima;44,323;BR-101/SC;Norte;Choque - Outros;1;1;;;;;1
22/01/2016;16:47:00;276;sem vítima;44,5;BR-101/SC;Norte;Colisão Traseira;1;2;;;;;1
02/06/2016;19:02:00;391;sem vítima;44,5;BR-101/SC;Norte;Colisão Lateral;1;2;;;;;1
05/01/2016;11:19:00;169;sem vítima;44,95;BR-101/SC;Norte;Colisão Traseira;1;2;;;;;1
13/04/2016;07:46:00;82;com vítima;45,001;BR-101/SC;Sul;Colisão Lateral;1;2;1;;;;1
27/05/2016;09:55:00;135;sem vítima;45,4;BR-101/SC;Sul;Colisão Traseira;1;2;;;;;1
14/04/2016;10:19:00;167;sem vítima;45,87;BR-101/SC;Sul;Colisão Lateral;1;2;;;;;1
15/01/2016;14:42:00;249;com vítima;45,9;BR-101/SC;Sul;Colisão Lateral;1;1;1;;;;1
25/06/2016;03:29:00;61;sem vítima;46,001;BR-101/SC;Sul;Colisão Traseira;1;2;;;;;1
22/03/2016;09:13:00;118;sem vítima;46,1;BR-101/SC;Norte;Colisão Traseira;2;2;;;;;1
20/05/2016;18:20:00;403;sem vítima;46,65;BR-101/SC;Norte;Colisão Lateral;1;2;;;;;1
13/03/2016;15:41:00;253;sem vítima;46,8;BR-101/SC;Norte;Colisão Lateral;1;2;;;;;1
27/07/2016;00:42:00;32;sem vítima;46,812;BR-101/SC;Norte;Colisão Lateral;2;2;;;;;1
02/08/2016;19:11:00;513;sem vítima;47,8;BR-101/SC;Norte;Saida de Pista;1;1;;;;;1
13/07/2016;09:51:00;178;sem vítima;48,001;BR-101/SC;Sul;Colisão Traseira;1;3;;;;;1
13/07/2016;15:19:00;294;com vítima;48,01;BR-101/SC;Norte;Colisão Traseira;1;1;;1;;;2
10/02/2016;12:42:00;201;sem vítima;48,5;BR-101/SC;Sul;Saida de Pista;1;1;;;;;1
21/05/2016;07:30:00;79;sem vítima;48,6;BR-101/SC;Sul;Colisão Lateral;1;2;;;;;1
01/07/2016;14:08:00;292;com vítima;48,7;BR-101/SC;Sul;Colisão Traseira;2;2;3;2;;;2
19/07/2016;06:24:00;97;sem vítima;48,9;BR-101/SC;Sul;Choque - Defensa, barreira ou "submarino";1;1;;;;;1
19/06/2016;21:21:00;348;sem vítima;49,001;BR-101/SC;Sul;Colisão Traseira;1;2;;;;;1
29/07/2016;14:13:00;309;sem vítima;49,1;BR-101/SC;Norte;Colisão Lateral;1;4;;;;;1
28/01/2016;07:15:00;62;sem vítima;49,3;BR-101/SC;Norte;Colisão Traseira;1;2;;;;;1
27/05/2016;08:42:00;111;sem vítima;49,781;BR-101/SC;Sul;Choque - Defensa, barreira ou "submarino";1;2;;;;;1
07/04/2016;15:22:00;297;sem vítima;49,797;BR-101/SC;Norte;Choque - Poste;1;1;;;;;1
29/06/2016;08:44:00;128;sem vítima;49,9;BR-101/SC;Norte;Choque - Objeto sobre a pista;1;2;;;;;1
18/06/2016;09:15:00;142;sem vítima;50,379;BR-101/SC;Sul;Tombamento;1;1;;;;;1
22/05/2016;15:39:00;266;sem vítima;51,001;BR-101/SC;Sul;Choque - Defensa, barreira ou "submarino";1;1;;;;;1
17/04/2016;15:46:00;267;sem vítima;51,25;BR-101/SC;Sul;Colisão Lateral;1;2;;;;;1
26/04/2016;23:33:00;379;sem vítima;51,302;BR-101/SC;Sul;Saida de Pista;1;1;;;;;1
22/05/2016;14:46:00;252;com vítima;51,4;BR-101/SC;Sul;Saida de Pista;1;1;1;;;;1
27/07/2016;16:28:00;403;sem vítima;51,5;BR-101/SC;Sul;Colisão Traseira;1;2;;;;;1
24/03/2016;12:24:00;214;com vítima;51,6;BR-101/SC;Sul;Tombamento;1;0;1;;;;1
09/08/2016;15:30:00;365;sem vítima;51,633;BR-101/SC;Sul;Tombamento;1;1;;;;;1
08/08/2016;11:52:00;228;sem vítima;51,9;BR-101/SC;Norte;Colisão Lateral;1;2;;;;;1
09/03/2016;10:18:00;166;com vítima;52,3;BR-101/SC;Norte;Choque - Objeto sobre a pista;1;1;;1;;;2
09/06/2016;13:51:00;248;sem vítima;52,5;BR-101/SC;Sul;Colisão Lateral;1;1;;;;;1
01/06/2016;07:56:00;138;sem vítima;52,6;BR-101/SC;Sul;Colisão Traseira;1;2;;;;;1
27/04/2016;15:20:00;296;sem vítima;52,679;BR-101/SC;Norte;Saida de Pista;1;3;;;;;1
28/06/2016;10:10:00;176;sem vítima;52,802;BR-101/SC;Sul;Colisão Traseira;2;2;;;;;1
26/01/2016;07:24:00;76;com vítima;52,9;BR-101/SC;Sul;Engavetamento;2;3;2;;;;1
04/07/2016;09:58:00;145;sem vítima;56,5;BR-101/SC;Sul;Colisão Lateral;1;3;;;;;1
11/03/2016;18:39:00;380;sem vítima;57,2;BR-101/SC;Sul;Colisão Traseira;1;2;;;;;1
23/03/2016;16:15:00;298;sem vítima;57,4;BR-101/SC;Sul;Colisão Lateral;2;2;;;;;1
26/04/2016;08:33:00;101;sem vítima;57,554;BR-101/SC;Norte;Tombamento;1;1;;;;;1
10/02/2016;07:44:00;90;sem vítima;57,7;BR-101/SC;Norte;Colisão Traseira;1;2;;;;;1
03/08/2016;13:49:00;220;sem vítima;57,8;BR-101/SC;Norte;Tombamento;1;1;;;;;1
21/08/2016;15:56:00;316;com vítima;58,05;BR-101/SC;Norte;Engavetamento;1;2;4;1;;;2
06/03/2016;15:40:00;243;sem vítima;58,7;BR-101/SC;Norte;Colisão Lateral;1;2;;;;;1
17/03/2016;20:28:00;383;com vítima;58,85;BR-101/SC;Norte;Colisão Lateral;1;1;1;;;;1
11/06/2016;05:44:00;89;sem vítima;60,3;BR-101/SC;Norte;Colisão Lateral;1;2;;;;;1
06/04/2016;07:28:00;78;sem vítima;60,671;BR-101/SC;Sul;Colisão Lateral;1;2;;;;;1
06/01/2016;11:08:00;165;sem vítima;61,001;BR-101/SC;Sul;Colisão Lateral;2;2;;;;;1
05/03/2016;11:16:00;162;com vítima;61,05;BR-101/SC;Sul;Colisão Traseira;1;1;1;;;;1
26/01/2016;17:55:00;343;sem vítima;61,1;BR-101/SC;Sul;Colisão Traseira;1;3;;;;;1
15/02/2016;12:07:00;198;com vítima;61,3;BR-101/SC;Sul;Colisão Traseira;1;1;2;;;;1
05/03/2016;13:35:00;199;com vítima;62,3;BR-101/SC;Sul;Engavetamento;1;5;1;;;;1
24/07/2016;09:58:00;185;sem vítima;64,623;BR-101/SC;Sul;Choque - Defensa, barreira ou "submarino";1;1;;;;;1
19/02/2016;01:40:00;27;sem vítima;66,15;BR-101/SC;Norte;Saida de Pista;1;1;;;;;1
29/03/2016;11:37:00;190;sem vítima;66,5;BR-101/SC;Sul;Colisão Traseira;1;2;;;;;1
17/04/2016;10:13:00;143;sem vítima;68,3;BR-101/SC;Sul;Colisão Traseira;1;2;;;;;1
17/04/2016;20:02:00;381;sem vítima;71,2;BR-101/SC;Norte;Colisão Lateral;1;2;;;;;1
19/08/2016;23:28:00;510;sem vítima;71,541;BR-101/SC;Sul;Saida de Pista;1;1;;;;;1
25/05/2016;15:31:00;348;com vítima;71,97;BR-101/SC;Norte;Colisão Traseira;1;1;2;;;;1
31/05/2016;13:07:00;223;sem vítima;72,05;BR-101/SC;Norte;Colisão Lateral;1;2;;;;;1
15/02/2016;10:43:00;156;sem vítima;72,15;BR-101/SC;Sul;Colisão Traseira;1;3;;;;;1
02/06/2016;16:00:00;294;sem vítima;72,899;BR-101/SC;Sul;Saida de Pista;1;1;;;;;1
10/08/2016;06:23:00;88;sem vítima;73,001;BR-101/SC;Sul;Saida de Pista;1;2;;;;;1
10/08/2016;08:48:00;151;sem vítima;73,001;BR-101/SC;Sul;Colisão Traseira;1;2;;;;;1
06/05/2016;05:19:00;49;sem vítima;73,433;BR-101/SC;Sul;Colisão Traseira;2;2;;;;;1
11/07/2016;18:33:00;407;sem vítima;74,001;BR-101/SC;Norte;Colisão Lateral;2;2;;;;;1
26/02/2016;07:17:00;73;sem vítima;75,001;BR-101/SC;Sul;Choque - Defensa, barreira ou "submarino";1;2;;;;;1
25/07/2016;12:17:00;272;sem vítima;78,001;BR-101/SC;Norte;Tombamento;1;1;;;;;1
25/07/2016;21:07:00;501;sem vítima;78,949;BR-101/SC;Norte;Colisão Traseira;2;3;;;;;1
08/01/2016;01:07:00;15;sem vítima;79,001;BR-101/SC;Sul;Colisão Traseira;1;3;;;;;1
29/07/2016;20:13:00;454;sem vítima;79,001;BR-101/SC;Norte;Colisão Lateral;1;3;;;;;1
17/03/2016;04:20:00;59;sem vítima;79,29;BR-101/SC;Sul;Colisão Traseira;1;2;;;;;1
09/04/2016;08:59:00;118;sem vítima;79,3;BR-101/SC;Sul;Engavetamento;2;3;;;;;1
07/05/2016;20:27:00;369;sem vítima;79,3;BR-101/SC;Sul;Colisão Lateral;2;2;;;;;1
02/05/2016;06:50:00;62;sem vítima;79,35;BR-101/SC;Sul;Colisão Traseira;2;2;;;;;1
06/05/2016;15:55:00;308;sem vítima;79,35;BR-101/SC;Norte;Colisão Traseira;1;2;;;;;1
29/07/2016;20:31:00;464;sem vítima;79,35;BR-101/SC;Norte;Colisão Lateral;1;2;;;;;1
16/01/2016;07:31:00;90;sem vítima;79,399;BR-101/SC;Sul;Colisão Traseira;2;2;;;;;1
03/02/2016;19:15:00;357;sem vítima;79,4;BR-101/SC;Sul;Choque - Defensa, barreira ou "submarino";1;1;;;;;1
08/02/2016;00:22:00;10;sem vítima;79,4;BR-101/SC;Sul;Colisão Traseira;1;2;;;;;1
16/06/2016;19:15:00;388;sem vítima;79,4;BR-101/SC;Sul;Choque - Defensa, barreira ou "submarino";1;1;;;;;1
14/07/2016;13:05:00;227;sem vítima;79,4;BR-101/SC;Sul;Colisão Traseira;2;2;;;;;1
18/07/2016;08:46:00;146;sem vítima;79,4;BR-101/SC;Sul;Colisão Traseira;1;6;;;;;1
08/04/2016;09:01:00;157;sem vítima;79,65;BR-101/SC;Sul;Colisão Traseira;2;2;;;;;1
19/04/2016;11:13:00;230;sem vítima;79,65;BR-101/SC;Sul;Colisão Lateral;1;2;;;;;1
30/08/2016;11:02:00;214;sem vítima;79,65;BR-101/SC;Sul;Choque - Cancela de Pedagio;1;1;;;;;1
22/01/2016;02:25:00;25;sem vítima;79,8;BR-101/SC;Sul;Outros;1;1;;;;;1
15/07/2016;23:30:00;555;sem vítima;80,7;BR-101/SC;Sul;Colisão Lateral;1;2;;;;;1
31/03/2016;22:22:00;399;com vítima;80,8;BR-101/SC;Norte;Atropelamento - Andarilho;1;1;;;;1;3
15/08/2016;08:56:00;165;sem vítima;81,5;BR-101/SC;Sul;Saida de Pista;1;1;;;;;1
19/05/2016;04:52:00;60;com vítima;81,583;BR-101/SC;Norte;Colisão Traseira;1;1;1;;;;1
09/02/2016;17:14:00;343;com vítima;82,05;BR-101/SC;Sul;Colisão Lateral;1;1;3;;;;1
06/01/2016;19:47:00;376;sem vítima;83,001;BR-101/SC;Norte;Colisão Lateral;1;6;;;;;1
28/01/2016;15:10:00;199;sem vítima;83,001;BR-101/SC;Sul;Colisão Transversal;1;2;;;;;1
03/02/2016;11:14:00;177;sem vítima;83,7;BR-101/SC;Sul;Colisão Traseira;1;2;;;;;1
11/01/2016;15:24:00;282;com vítima;84,35;BR-101/SC;Sul;Engavetamento;2;4;1;;;;1
08/02/2016;07:35:00;105;com vítima;85,1;BR-101/SC;Norte;Colisão Traseira;2;0;1;1;;;2
06/08/2016;13:04:00;261;sem vítima;85,5;BR-101/SC;Norte;Choque - Defensa, barreira ou "submarino";1;2;;;;;1
06/07/2016;18:29:00;362;com vítima;85,7;BR-101/SC;Norte;Colisão Lateral;1;1;2;;;;1
15/08/2016;12:51:00;255;com vítima;86,5;BR-101/SC;Sul;Colisão Traseira;2;2;1;;;;1
02/03/2016;10:40:00;163;com vítima;87,1;BR-101/SC;Norte;Atropelamento - Ciclista;1;1;;;;1;3
10/01/2016;15:10:00;244;sem vítima;88,11;BR-101/SC;Norte;Engavetamento;2;7;;;;;1
09/01/2016;11:19:00;163;sem vítima;88,66;BR-101/SC;Sul;Colisão Lateral;1;2;;;;;1
26/01/2016;10:32:00;153;sem vítima;88,7;BR-101/SC;Sul;Colisão Lateral;1;2;;;;;1
20/01/2016;13:47:00;214;sem vítima;90,001;BR-101/SC;Norte;Colisão Lateral;1;2;;;;;1
22/03/2016;23:23:00;413;sem vítima;90,001;BR-101/SC;Sul;Colisão Traseira;1;2;;;;;1
14/04/2016;02:53:00;42;sem vítima;90,014;BR-101/SC;Norte;Colisão Traseira;1;2;;;;;1
12/07/2016;11:56:00;236;sem vítima;90,2;BR-101/SC;Norte;Colisão Traseira;1;2;;;;;1
16/08/2016;17:15:00;357;sem vítima;91,1;BR-101/SC;Norte;Colisão Lateral;1;2;;;;;1
18/07/2016;22:58:00;525;sem vítima;91,924;BR-101/SC;Sul;Colisão Traseira;2;2;;;;;1
26/07/2016;14:20:00;306;sem vítima;92,001;BR-101/SC;Norte;Choque - Suporte de Sinalização;1;1;;;;;1
04/08/2016;05:11:00;68;com vítima;92,386;BR-101/SC;Norte;Tombamento;1;1;;1;;;2
20/06/2016;19:05:00;362;sem vítima;92,4;BR-101/SC;Norte;Saida de Pista;1;1;;;;;1
03/03/2016;13:01:00;222;sem vítima;92,6;BR-101/SC;Sul;Colisão Traseira;1;2;;;;;1
29/01/2016;17:07:00;329;com vítima;93,2;BR-101/SC;Sul;Colisão Lateral;1;2;1;;;;1
19/01/2016;13:50:00;222;com vítima;93,515;BR-101/SC;Sul;Choque - Defensa, barreira ou "submarino";1;1;1;;;;1
15/01/2016;18:46:00;374;sem vítima;94,3;BR-101/SC;Norte;Colisão Traseira;1;2;;;;;1
29/08/2016;13:21:00;312;sem vítima;94,3;BR-101/SC;Norte;Colisão Lateral;1;3;;;;;1
03/05/2016;05:38:00;49;sem vítima;96,001;BR-101/SC;Norte;Colisão Traseira;1;2;;;;;1
16/08/2016;03:30:00;74;com vítima;96,127;BR-101/SC;Sul;Saida de Pista;1;0;;1;;;2
03/08/2016;10:12:00;155;sem vítima;97,001;BR-101/SC;Norte;Colisão Traseira;1;3;;;;;1
21/02/2016;09:32:00;121;sem vítima;97,15;BR-101/SC;Sul;Colisão Lateral;1;2;;;;;1
22/07/2016;15:35:00;324;sem vítima;97,369;BR-101/SC;Norte;Saida de Pista;1;1;;;;;1
30/03/2016;18:47:00;337;sem vítima;97,5;BR-101/SC;Norte;Colisão Lateral;1;2;;;;;1
24/06/2016;17:59:00;420;sem vítima;98,001;BR-101/SC;Norte;Engavetamento;1;3;;;;;1
10/01/2016;13:50:00;205;sem vítima;98,5;BR-101/SC;Norte;Tombamento;1;1;;;;;1
04/03/2016;18:19:00;323;sem vítima;98,5;BR-101/SC;Norte;Saida de Pista;1;2;;;;;1
14/07/2016;02:45:00;51;sem vítima;98,664;BR-101/SC;Sul;Colisão Traseira;1;2;;;;;1
21/04/2016;10:26:00;189;sem vítima;98,7;BR-101/SC;Sul;Colisão Lateral;1;2;;;;;1
15/01/2016;12:35:00;209;sem vítima;98,8;BR-101/SC;Sul;Colisão Lateral;1;2;;;;;1
18/04/2016;15:09:00;307;sem vítima;98,869;BR-101/SC;Sul;Colisão Traseira;2;2;;;;;1
15/08/2016;13:27:00;264;sem vítima;99,01;BR-101/SC;Norte;Tombamento;1;1;;;;;1
05/03/2016;20:05:00;315;sem vítima;99,5;BR-101/SC;Sul;Objeto lançado contra veículo;1;2;;;;;1
12/08/2016;14:13:00;329;sem vítima;100,001;BR-101/SC;Sul;Saida de Pista;1;1;;;;;1
06/02/2016;20:26:00;410;com vítima;100,1;BR-101/SC;Norte;Colisão Traseira;1;1;2;;;;1
28/04/2016;13:49:00;278;sem vítima;100,1;BR-101/SC;Sul;Colisão Traseira;1;2;;;;;1
18/06/2016;13:59:00;240;sem vítima;100,153;BR-101/SC;Norte;Saida de Pista;1;1;;;;;1
05/02/2016;17:27:00;318;com vítima;100,965;BR-101/SC;Sul;Engavetamento;3;5;;1;;;2
05/02/2016;17:41:00;326;sem vítima;101,001;BR-101/SC;Norte;Saida de Pista;1;1;;;;;1
09/06/2016;18:47:00;369;sem vítima;101,102;BR-101/SC;Sul;Colisão Traseira;1;3;;;;;1
06/05/2016;07:32:00;87;sem vítima;102,5;BR-101/SC;Sul;Colisão Lateral;1;2;;;;;1
21/06/2016;11:45:00;193;sem vítima;102,596;BR-101/SC;Norte;Colisão Traseira;2;2;;;;;1
27/04/2016;16:51:00;333;sem vítima;104,1;BR-101/SC;Sul;Colisão Traseira;1;2;;;;;1
11/08/2016;06:28:00;94;sem vítima;104,3;BR-101/SC;Sul;Colisão Traseira;1;2;;;;;1
25/01/2016;19:25:00;408;sem vítima;105,001;BR-101/SC;Sul;Colisão Lateral;1;2;;;;;1
26/08/2016;09:57:00;193;com vítima;105,001;BR-101/SC;Sul;Colisão Lateral;1;1;;1;;;2
15/02/2016;21:30:00;389;sem vítima;105,8;BR-101/SC;Norte;Colisão Traseira;1;2;;;;;1
21/05/2016;16:29:00;315;sem vítima;105,9;BR-101/SC;Norte;Saida de Pista;1;2;;;;;1
16/07/2016;09:38:00;160;sem vítima;105,95;BR-101/SC;Norte;Choque - Defensa, barreira ou "submarino";1;1;;;;;1
02/02/2016;11:55:00;196;sem vítima;106,1;BR-101/SC;Sul;Colisão Traseira;1;2;;;;;1
28/04/2016;10:28:00;199;com vítima;106,1;BR-101/SC;Norte;Colisão Lateral;1;1;;1;;;2
15/07/2016;07:12:00;99;sem vítima;107,001;BR-101/SC;Norte;Colisão Traseira;1;2;;;;;1
28/04/2016;16:18:00;339;com vítima;107,4;BR-101/SC;Norte;Colisão Lateral;1;1;1;;;;1
13/05/2016;18:58:00;403;sem vítima;108,001;BR-101/SC;Norte;Colisão Lateral;1;2;;;;;1
04/08/2016;18:39:00;382;sem vítima;109,1;BR-101/SC;Sul;Colisão Traseira;1;2;;;;;1
01/04/2016;08:49:00;113;sem vítima;109,2;BR-101/SC;Sul;Colisão Traseira;2;2;;;;;1
20/01/2016;04:19:00;46;com vítima;109,7;BR-101/SC;Sul;Atropelamento - Animal;1;1;1;;;;1
15/07/2016;17:39:00;431;com vítima;109,8;BR-101/SC;Norte;Atropelamento - Ciclista;1;1;;;;1;3
24/03/2016;22:54:00;462;com vítima;110,3;BR-101/SC;Sul;Colisão Transversal;1;2;1;;;;1
25/03/2016;16:48:00;332;sem vítima;110,41;BR-101/SC;Sul;Colisão Traseira;1;2;;;;;1
27/01/2016;08:19:00;98;com vítima;110,9;BR-101/SC;Sul;Saida de Pista;2;1;1;;;;1
28/01/2016;15:19:00;202;com vítima;111,001;BR-101/SC;Norte;Colisão Lateral;1;2;1;;;;1
22/06/2016;15:01:00;316;com vítima;111,001;BR-101/SC;Norte;Colisão Traseira;2;3;1;;;;1
02/02/2016;08:27:00;105;sem vítima;111,002;BR-101/SC;Sul;Saida de Pista;1;1;;;;;1
20/02/2016;22:32:00;445;sem vítima;111,1;BR-101/SC;Norte;Colisão Traseira;1;2;;;;;1
19/01/2016;13:49:00;221;sem vítima;111,234;BR-101/SC;Norte;Tombamento;1;1;;;;;1
10/05/2016;04:04:00;45;sem vítima;111,3;BR-101/SC;Norte;Saida de Pista;1;1;;;;;1
25/05/2016;07:02:00;113;sem vítima;111,339;BR-101/SC;Sul;Tombamento;1;1;;;;;1
15/07/2016;23:25:00;552;sem vítima;111,4;BR-101/SC;Norte;Colisão Traseira;1;2;;;;;1
30/01/2016;01:19:00;25;sem vítima;111,5;BR-101/SC;Norte;Tombamento;1;1;;;;;1
11/05/2016;13:20:00;265;sem vítima;111,5;BR-101/SC;Norte;Colisão Lateral;1;2;;;;;1
01/03/2016;09:42:00;145;sem vítima;111,7;BR-101/SC;Sul;Colisão Lateral;1;2;;;;;1
11/05/2016;11:58:00;240;sem vítima;112,001;BR-101/SC;Sul;Colisão Lateral;1;2;;;;;1
02/06/2016;14:20:00;245;sem vítima;112,001;BR-101/SC;Norte;Colisão Traseira;1;2;;;;;1
10/06/2016;14:27:00;271;sem vítima;112,001;BR-101/SC;Sul;Tombamento;1;1;;;;;1
17/08/2016;14:27:00;353;sem vítima;112,001;BR-101/SC;Norte;Tombamento;1;1;;;;;1
28/02/2016;07:33:00;76;sem vítima;112,1;BR-101/SC;Norte;Engavetamento;1;2;;;;;1
15/07/2016;13:42:00;290;sem vítima;112,1;BR-101/SC;Sul;Colisão Lateral;2;2;;;;;1
20/05/2016;19:00:00;422;sem vítima;112,2;BR-101/SC;Norte;Colisão Traseira;1;3;;;;;1
17/07/2016;18:11:00;408;sem vítima;112,2;BR-101/SC;Sul;Colisão Traseira;1;4;;;;;1
15/07/2016;14:38:00;313;sem vítima;112,4;BR-101/SC;Sul;Colisão Traseira;1;2;;;;;1
18/01/2016;14:55:00;284;sem vítima;112,5;BR-101/SC;Norte;Colisão Traseira;2;2;;;;;1
03/02/2016;19:31:00;363;sem vítima;112,5;BR-101/SC;Sul;Colisão Lateral;1;2;;;;;1
23/05/2016;16:27:00;362;com vítima;112,5;BR-101/SC;Sul;Colisão Traseira;1;1;1;;1;;2
12/01/2016;18:10:00;365;sem vítima;113,001;BR-101/SC;Norte;Colisão Lateral;1;2;;;;;1
17/06/2016;18:12:00;351;sem vítima;113,001;BR-101/SC;Norte;Colisão Traseira;1;2;;;;;1
14/01/2016;11:50:00;217;sem vítima;113,05;BR-101/SC;Norte;Colisão Traseira;1;2;;;;;1
25/02/2016;10:40:00;210;sem vítima;113,05;BR-101/SC;Norte;Colisão Lateral;1;2;;;;;1