data;horario;n_da_ocorrencia;tipo_de_ocorrencia;km;trecho;sentido;tipo_de_acidente;caminhao;ilesos;levemente_feridos;moderadamente_feridos;gravemente_feridos;mortos;3
19/04/2016;17:02:00;406;sem vítima;113,117;BR-101/SC;Norte;Colisão Traseira;1;2;;;;;1
27/04/2016;12:36:00;237;sem vítima;113,438;BR-101/SC;Norte;Colisão Traseira;1;2;;;;;1
28/02/2016;12:03:00;177;com vítima;113,5;BR-101/SC;Norte;Colisão Frontal;1;2;1;;1;;2
17/05/2016;12:48:00;283;sem vítima;113,5;BR-101/SC;Sul;Colisão Traseira;1;2;;;;;1
22/06/2016;11:21:00;218;sem vítima;113,5;BR-101/SC;Norte;Saida de Pista;1;1;;;;;1
21/02/2016;20:32:00;354;sem vítima;614,001;BR-376/PR;Norte;Colisão Lateral;1;2;;;;;1
23/02/2016;07:38:00;87;sem vítima;114,001;BR-101/SC;Norte;Colisão Traseira;1;2;;;;;1
22/03/2016;17:59:00;303;sem vítima;114,001;BR-101/SC;Norte;Colisão Traseira;1;2;;;;;1
27/07/2016;19:02:00;469;sem vítima;114,001;BR-101/SC;Sul;Colisão Lateral;1;2;;;;;1
05/08/2016;16:46:00;345;com vítima;114,001;BR-101/SC;Norte;Colisão Lateral;1;1;2;;;;1
15/08/2016;11:55:00;232;sem vítima;114,01;BR-101/SC;Sul;Saida de Pista;1;1;;;;;1
06/05/2016;13:26:00;253;sem vítima;114,5;BR-101/SC;Sul;Saida de Pista;1;2;;;;;1
05/07/2016;11:06:00;223;sem vítima;614,7;BR-376/PR;Sul;Colisão Lateral;1;2;;;;;1
15/06/2016;15:35:00;302;sem vítima;114,7;BR-101/SC;Sul;Colisão Traseira;1;2;;;;;1
11/08/2016;06:01:00;92;sem vítima;114,8;BR-101/SC;Norte;Saida de Pista;1;2;;;;;1
21/05/2016;07:08:00;70;sem vítima;114,824;BR-101/SC;Norte;Colisão Traseira;2;2;;;;;1
14/04/2016;14:42:00;272;com vítima;115,001;BR-101/SC;Norte;Colisão Traseira;2;1;1;;;;1
07/06/2016;16:06:00;361;sem vítima;115,001;BR-101/SC;Sul;Colisão Traseira;1;2;;;;;1
18/01/2016;18:14:00;391;com vítima;615,2;BR-376/PR;Norte;Atropelamento - Ciclista;1;1;;;1;;2
20/05/2016;16:51:00;359;sem vítima;115,4;BR-101/SC;Norte;Saida de Pista;1;1;;;;;1
26/08/2016;08:55:00;166;sem vítima;115,4;BR-101/SC;Norte;Colisão Lateral;1;2;;;;;1
23/05/2016;16:13:00;352;sem vítima;115,7;BR-101/SC;Norte;Colisão Traseira;1;2;;;;;1
12/07/2016;19:23:00;421;sem vítima;616,001;BR-376/PR;Norte;Colisão Traseira;2;2;;;;;1
16/07/2016;12:47:00;242;sem vítima;116,001;BR-101/SC;Sul;Saida de Pista;1;1;;;;;1
24/08/2016;18:54:00;437;sem vítima;116,001;BR-101/SC;Norte;Colisão Traseira;1;2;;;;;1
27/08/2016;12:56:00;266;sem vítima;116,001;BR-101/SC;Sul;Choque - Objeto sobre a pista;1;2;;;;;1
22/03/2016;11:22:00;166;sem vítima;116,02;BR-101/SC;Norte;Colisão Traseira;1;2;;;;;1
30/04/2016;04:46:00;74;sem vítima;616,2;BR-376/PR;Sul;Colisão Lateral;1;2;;;;;1
11/01/2016;05:19:00;53;com vítima;116,3;BR-101/SC;Sul;Colisão Traseira;1;1;1;;;;1
14/06/2016;18:08:00;384;sem vítima;116,4;BR-101/SC;Norte;Colisão Traseira;2;2;;;;;1
08/07/2016;16:43:00;412;sem vítima;116,4;BR-101/SC;Norte;Colisão Traseira;1;2;;;;;1
06/05/2016;15:49:00;303;sem vítima;116,6;BR-101/SC;Sul;Colisão Traseira;1;2;;;;;1
07/03/2016;08:44:00;128;sem vítima;116,7;BR-101/SC;Sul;Queda de Moto;1;2;;;;;1
17/04/2016;18:10:00;336;sem vítima;116,7;BR-101/SC;Sul;Colisão Lateral;1;2;;;;;1
24/05/2016;17:56:00;412;com vítima;616,7;BR-376/PR;Norte;Queda de Moto;1;1;1;;;;1
17/05/2016;20:57:00;465;sem vítima;116,8;BR-101/SC;Norte;Atropelamento - Animal;1;3;;;;;1
22/01/2016;13:12:00;190;sem vítima;616,985;BR-376/PR;Sul;Saida de Pista;1;1;;;;;1
13/01/2016;12:20:00;196;sem vítima;617,001;BR-376/PR;Norte;Colisão Lateral;1;2;;;;;1
17/02/2016;14:49:00;254;sem vítima;617,001;BR-376/PR;Sul;Saida de Pista;1;1;;;;;1
21/02/2016;11:04:00;148;sem vítima;617,001;BR-376/PR;Norte;Colisão Traseira;1;2;;;;;1
27/03/2016;11:12:00;184;sem vítima;617,001;BR-376/PR;Sul;Colisão Lateral;1;2;;;;;1
09/06/2016;06:26:00;68;sem vítima;617,1;BR-376/PR;Sul;Colisão Lateral;2;2;;;;;1
10/01/2016;10:19:00;124;sem vítima;117,001;BR-101/SC;Sul;Colisão Traseira;1;2;;;;;1
28/01/2016;20:21:00;322;sem vítima;117,001;BR-101/SC;Sul;Colisão Lateral;1;2;;;;;1
19/02/2016;23:38:00;504;sem vítima;117,001;BR-101/SC;Norte;Colisão Traseira;1;2;;;;;1
26/04/2016;07:50:00;82;com vítima;117,001;BR-101/SC;Norte;Colisão Lateral;1;1;1;;;;1
01/06/2016;21:36:00;455;sem vítima;117,001;BR-101/SC;Norte;Colisão Traseira;1;2;;;;;1
07/06/2016;12:37:00;262;com vítima;117,001;BR-101/SC;Sul;Colisão Lateral;1;1;1;;;;1
13/06/2016;16:07:00;301;com vítima;117,1;BR-101/SC;Norte;Colisão Transversal;2;2;1;;;;1
19/01/2016;09:19:00;131;com vítima;117,117;BR-101/SC;Sul;Queda de Moto;1;1;1;;;;1
07/06/2016;07:26:00;98;sem vítima;617,5;BR-376/PR;Norte;Saida de Pista;1;1;;;;;1
25/06/2016;02:25:00;51;com vítima;117,2;BR-101/SC;Sul;Atropelamento - Outros;1;1;;1;;;2
16/06/2016;03:48:00;53;sem vítima;117,214;BR-101/SC;Norte;Tombamento;1;1;;;;;1
11/05/2016;10:21:00;176;sem vítima;117,252;BR-101/SC;Sul;Colisão Lateral;1;2;;;;;1
08/08/2016;16:52:00;342;sem vítima;117,3;BR-101/SC;Sul;Colisão Lateral;1;2;;;;;1
20/06/2016;10:48:00;177;sem vítima;117,323;BR-101/SC;Sul;Colisão Traseira;1;2;;;;;1
07/01/2016;17:33:00;352;sem vítima;617,8;BR-376/PR;Norte;Colisão Lateral;1;2;;;;;1
15/07/2016;17:01:00;410;sem vítima;617,859;BR-376/PR;Sul;Colisão Lateral;1;2;;;;;1
01/04/2016;20:15:00;413;sem vítima;117,4;BR-101/SC;Sul;Colisão Traseira;1;2;;;;;1
08/03/2016;05:31:00;62;com vítima;117,5;BR-101/SC;Sul;Colisão Traseira;2;2;1;;;;1
29/07/2016;19:39:00;443;sem vítima;117,5;BR-101/SC;Sul;Colisão Traseira;1;2;;;;;1
08/08/2016;20:11:00;402;sem vítima;117,6;BR-101/SC;Sul;Colisão Traseira;1;2;;;;;1
19/04/2016;19:55:00;483;sem vítima;117,668;BR-101/SC;Norte;Capotamento;1;2;;;;;1
01/02/2016;07:59:00;75;sem vítima;618,1;BR-376/PR;Norte;Engavetamento;1;3;;;;;1
24/01/2016;21:38:00;376;com vítima;618,245;BR-376/PR;Norte;Atropelamento - Morador;1;1;;;;1;3
04/05/2016;09:21:00;107;com vítima;117,932;BR-101/SC;Sul;Colisão Lateral;1;1;;;;1;3
21/02/2016;20:58:00;380;sem vítima;618,3;BR-376/PR;Sul;Colisão Lateral;1;2;;;;;1
23/06/2016;10:28:00;220;sem vítima;618,4;BR-376/PR;Norte;Colisão Lateral;1;2;;;;;1
16/06/2016;18:24:00;373;sem vítima;618,48;BR-376/PR;Norte;Colisão Lateral;1;2;;;;;1
31/08/2016;10:55:00;231;sem vítima;618,77;BR-376/PR;Norte;Colisão Traseira;2;2;;;;;1
13/04/2016;09:50:00;143;sem vítima;618,8;BR-376/PR;Norte;Colisão Lateral;1;2;;;;;1
30/05/2016;08:58:00;134;sem vítima;619,001;BR-376/PR;Sul;Colisão Traseira;1;2;;;;;1
07/07/2016;16:07:00;328;sem vítima;619,001;BR-376/PR;Sul;Colisão Lateral;1;4;;;;;1
11/01/2016;16:23:00;306;sem vítima;100,001;BR-116/PR;Norte;Colisão Lateral;1;3;;;;;1
18/01/2016;11:18:00;211;sem vítima;118,001;BR-101/SC;Sul;Tombamento;2;2;;;;;1
22/01/2016;09:56:00;125;sem vítima;100,001;BR-116/PR;Sul;Colisão Traseira;2;3;;;;;1
23/06/2016;18:39:00;422;sem vítima;118,001;BR-101/SC;Sul;Colisão Lateral;1;2;;;;;1
10/08/2016;21:58:00;498;com vítima;619,657;BR-376/PR;Norte;Objeto lançado contra veículo;1;4;1;;;;1
13/07/2016;07:32:00;121;sem vítima;118,1;BR-101/SC;Norte;Colisão Lateral;1;3;;;;;1
04/01/2016;07:29:00;104;sem vítima;118,15;BR-101/SC;Norte;Colisão Lateral;1;2;;;;;1
29/07/2016;23:33:00;524;com vítima;118,237;BR-101/SC;Sul;Capotamento;1;1;3;;;;1
22/03/2016;06:19:00;61;sem vítima;100,101;BR-116/PR;Sul;Tombamento;1;1;;;;;1
05/05/2016;18:55:00;402;sem vítima;118,5;BR-101/SC;Norte;Colisão Traseira;1;2;;;;;1
24/02/2016;16:18:00;336;sem vítima;620,001;BR-376/PR;Sul;Colisão Lateral;1;2;;;;;1
03/06/2016;14:02:00;257;com vítima;620,01;BR-376/PR;Sul;Capotamento;1;4;2;;;;1
23/03/2016;20:10:00;411;sem vítima;118,9;BR-101/SC;Sul;Engavetamento;1;4;;;;;1
22/02/2016;11:58:00;177;sem vítima;119,001;BR-101/SC;Norte;Colisão Traseira;1;2;;;;;1
25/02/2016;10:48:00;213;sem vítima;119,001;BR-101/SC;Norte;Engavetamento;3;3;;;;;1
11/03/2016;19:49:00;404;sem vítima;119,001;BR-101/SC;Sul;Colisão Frontal;1;2;;;;;1
21/03/2016;16:49:00;293;sem vítima;119,001;BR-101/SC;Sul;Colisão Lateral;1;2;;;;;1
13/06/2016;15:44:00;298;sem vítima;119,001;BR-101/SC;Norte;Colisão Lateral;1;2;;;;;1
15/07/2016;15:18:00;337;sem vítima;119,001;BR-101/SC;Sul;Saida de Pista;1;1;;;;;1
19/07/2016;07:47:00;114;sem vítima;119,134;BR-101/SC;Norte;Colisão Traseira;1;2;;;;;1
03/06/2016;19:09:00;431;sem vítima;119,2;BR-101/SC;Sul;Colisão Traseira;1;2;;;;;1
10/08/2016;02:48:00;52;sem vítima;119,42;BR-101/SC;Norte;Atropelamento de Animal;1;1;;;;;1
31/08/2016;15:02:00;320;sem vítima;119,5;BR-101/SC;Norte;Saida de Pista;1;1;;;;;1
27/02/2016;11:48:00;199;sem vítima;119,8;BR-101/SC;Norte;Colisão Traseira;2;2;;;;;1
16/07/2016;08:17:00;127;sem vítima;622,5;BR-376/PR;Norte;Colisão Traseira;1;5;;;;;1
23/05/2016;18:21:00;409;sem vítima;119,9;BR-101/SC;Sul;Colisão Traseira;1;2;;;;;1
06/06/2016;04:10:00;43;sem vítima;119,9;BR-101/SC;Norte;Saida de Pista;1;1;;;;;1
05/06/2016;17:36:00;292;sem vítima;101,001;BR-116/PR;Norte;Saida de Pista;1;1;;;;;1
19/08/2016;10:05:00;207;sem vítima;101,001;BR-116/PR;Sul;Saida de Pista;1;2;;;;;1
19/07/2016;19:00:00;428;sem vítima;120;BR-101/SC;Norte;Colisão Traseira;1;2;;;;;1
05/02/2016;19:08:00;369;sem vítima;120,001;BR-101/SC;Norte;Colisão Lateral;1;2;;;;;1
17/02/2016;17:09:00;319;sem vítima;120,001;BR-101/SC;Norte;Colisão Lateral;1;2;;;;;1
14/05/2016;00:54:00;16;com vítima;120,05;BR-101/SC;Norte;Colisão Lateral;1;1;;1;;;2
03/05/2016;12:51:00;188;sem vítima;120,293;BR-101/SC;Sul;Choque - Defensa, barreira ou "submarino";2;2;;;;;1
25/07/2016;10:23:00;209;sem vítima;120,45;BR-101/SC;Norte;Colisão Traseira;1;3;;;;;1
06/05/2016;16:15:00;316;sem vítima;120,5;BR-101/SC;Norte;Engavetamento;2;3;;;;;1
15/06/2016;14:27:00;266;sem vítima;120,5;BR-101/SC;Norte;Colisão Traseira;1;2;;;;;1
03/03/2016;11:06:00;178;com vítima;120,65;BR-101/SC;Sul;Atropelamento - Andarilho;1;1;;;;1;3
08/08/2016;19:20:00;392;sem vítima;624,001;BR-376/PR;Sul;Colisão Traseira;1;2;;;;;1
12/02/2016;09:32:00;135;sem vítima;120,7;BR-101/SC;Sul;Tombamento;1;1;;;;;1
25/08/2016;06:18:00;115;com vítima;624,05;BR-376/PR;Sul;Colisão Traseira;1;1;1;;;;1
01/02/2016;20:33:00;350;sem vítima;120,9;BR-101/SC;Norte;Tombamento;1;1;;;;;1
25/04/2016;19:20:00;414;sem vítima;101,32;BR-116/PR;Sul;Engavetamento;2;3;;;;;1
21/01/2016;09:51:00;126;com vítima;101,422;BR-116/PR;Norte;Colisão Lateral;1;1;;;;1;3
22/04/2016;15:45:00;271;com vítima;101,457;BR-116/PR;Sul;Colisão Lateral;1;2;1;;;;1
13/08/2016;07:43:00;149;sem vítima;624,8;BR-376/PR;Sul;Colisão Lateral;1;2;;;;;1
25/04/2016;19:32:00;427;sem vítima;101,5;BR-116/PR;Sul;Colisão Transversal;1;2;;;;;1
16/03/2016;19:23:00;377;sem vítima;121,001;BR-101/SC;Sul;Colisão Traseira;2;2;;;;;1
26/08/2016;20:06:00;455;sem vítima;121,001;BR-101/SC;Sul;Colisão Traseira;1;2;;;;;1
07/04/2016;08:09:00;97;sem vítima;121,114;BR-101/SC;Sul;Colisão Traseira;1;2;;;;;1
06/02/2016;03:25:00;47;sem vítima;101,6;BR-116/PR;Sul;Colisão Lateral;2;3;;;;;1
28/07/2016;12:40:00;269;sem vítima;121,15;BR-101/SC;Sul;Colisão Traseira;1;2;;;;;1
20/08/2016;16:17:00;301;com vítima;121,343;BR-101/SC;Sul;Colisão Traseira;1;1;;;1;1;3
06/05/2016;15:24:00;288;sem vítima;121,636;BR-101/SC;Sul;Saida de Pista;1;1;;;;;1
10/01/2016;14:52:00;231;sem vítima;627,001;BR-376/PR;Norte;Saida de Pista;1;3;;;;;1
01/04/2016;17:33:00;325;sem vítima;627,001;BR-376/PR;Sul;Colisão Traseira;1;2;;;;;1
20/05/2016;18:11:00;395;sem vítima;627,001;BR-376/PR;Sul;Saida de Pista;1;1;;;;;1
08/07/2016;13:53:00;314;com vítima;122,1;BR-101/SC;Norte;Colisão Lateral;1;1;1;;;;1
22/02/2016;11:06:00;159;sem vítima;122,4;BR-101/SC;Norte;Colisão Traseira;1;2;;;;;1
11/08/2016;13:08:00;282;sem vítima;122,465;BR-101/SC;Sul;Choque - Defensa, barreira ou "submarino";1;2;;;;;1
26/01/2016;10:27:00;148;sem vítima;122,85;BR-101/SC;Sul;Colisão Lateral;1;2;;;;;1
08/04/2016;00:08:00;6;com vítima;122,945;BR-101/SC;Norte;Colisão Traseira;1;1;1;;1;;2
19/02/2016;21:30:00;456;sem vítima;101,8;BR-116/PR;Sul;Outros;1;1;;;;;1
14/06/2016;21:23:00;430;com vítima;101,8;BR-116/PR;Sul;Engavetamento;3;1;;2;;;2
05/01/2016;16:10:00;290;sem vítima;123,001;BR-101/SC;Norte;Colisão Traseira;1;2;;;;;1
05/02/2016;12:50:00;201;sem vítima;123,001;BR-101/SC;Sul;Colisão Lateral;2;2;;;;;1
13/05/2016;09:19:00;142;sem vítima;101,9;BR-116/PR;Sul;Saida de Pista;1;1;;;;;1
01/02/2016;20:54:00;358;sem vítima;123,1;BR-101/SC;Sul;Choque - Defensa, barreira ou "submarino";1;1;;;;;1
18/07/2016;08:48:00;147;sem vítima;123,1;BR-101/SC;Norte;Colisão Traseira;2;2;;;;;1
25/04/2016;18:00:00;390;sem vítima;123,106;BR-101/SC;Norte;Colisão Lateral;1;2;;;;;1
07/06/2016;14:37:00;322;sem vítima;123,2;BR-101/SC;Sul;Engavetamento;1;3;;;;;1
22/02/2016;19:31:00;348;sem vítima;102,001;BR-116/PR;Sul;Colisão Traseira;1;2;;;;;1
19/03/2016;16:29:00;280;sem vítima;102,001;BR-116/PR;Sul;Saida de Pista;1;1;;;;;1
01/04/2016;14:13:00;235;sem vítima;102,001;BR-116/PR;Sul;Saida de Pista;1;3;;;;;1
08/04/2016;17:47:00;419;com vítima;102,001;BR-116/PR;Sul;Choque - Defensa, barreira ou "submarino";1;0;1;;;;1
18/06/2016;10:37:00;176;sem vítima;102,001;BR-116/PR;Sul;Saida de Pista;1;1;;;;;1
28/06/2016;10:47:00;192;sem vítima;102,001;BR-116/PR;Sul;Colisão Traseira;3;3;;;;;1
15/08/2016;09:53:00;193;com vítima;102,001;BR-116/PR;Norte;Colisão Lateral;2;3;1;;;;1
15/08/2016;14:24:00;280;sem vítima;102,029;BR-116/PR;Norte;Saida de Pista;1;1;;;;;1
01/04/2016;19:04:00;376;sem vítima;124,001;BR-101/SC;Norte;Colisão Lateral;1;2;;;;;1
11/07/2016;13:53:00;260;sem vítima;124,001;BR-101/SC;Sul;Colisão Lateral;1;2;;;;;1
23/04/2016;12:39:00;185;sem vítima;124,235;BR-101/SC;Sul;Colisão Traseira;1;2;;;;;1
17/06/2016;10:32:00;167;sem vítima;102,05;BR-116/PR;Sul;Colisão Traseira;2;3;;;;;1
18/02/2016;13:41:00;249;com vítima;124,7;BR-101/SC;Norte;Engavetamento;1;2;2;;;;1
22/01/2016;09:29:00;112;sem vítima;102,2;BR-116/PR;Sul;Colisão Traseira;2;2;;;;;1
31/03/2016;15:13:00;246;sem vítima;102,2;BR-116/PR;Sul;Engavetamento;1;3;;;;;1
18/02/2016;18:59:00;397;sem vítima;125,7;BR-101/SC;Sul;Colisão Traseira;1;2;;;;;1
27/05/2016;18:26:00;359;sem vítima;126,12;BR-101/SC;Sul;Colisão Traseira;1;2;;;;;1
25/07/2016;22:10:00;513;sem vítima;126,12;BR-101/SC;Norte;Colisão Traseira;2;2;;;;;1
07/01/2016;14:36:00;263;sem vítima;126,3;BR-101/SC;Norte;Colisão Traseira;1;2;;;;;1
24/04/2016;15:27:00;255;sem vítima;631,6;BR-376/PR;Norte;Colisão Traseira;1;2;;;;;1
20/01/2016;18:36:00;355;sem vítima;102,5;BR-116/PR;Sul;Saida de Pista;1;1;;;;;1
01/07/2016;19:37:00;441;sem vítima;631,8;BR-376/PR;Norte;Colisão Lateral;1;2;;;;;1
26/08/2016;15:38:00;329;sem vítima;127,001;BR-101/SC;Sul;Colisão Lateral;1;2;;;;;1
26/06/2016;05:39:00;72;com vítima;127,037;BR-101/SC;Sul;Choque - Defensa, barreira ou "submarino";1;6;1;;;1;3
22/04/2016;10:30:00;160;sem vítima;127,3;BR-101/SC;Norte;Colisão Traseira;1;2;;;;;1
26/01/2016;18:53:00;375;sem vítima;127,4;BR-101/SC;Sul;Colisão Traseira;1;2;;;;;1
09/04/2016;23:29:00;461;sem vítima;127,5;BR-101/SC;Sul;Colisão Traseira;1;2;;;;;1
17/08/2016;18:40:00;460;sem vítima;127,5;BR-101/SC;Norte;Colisão Lateral;1;2;;;;;1
13/04/2016;09:47:00;137;sem vítima;127,565;BR-101/SC;Norte;Engavetamento;1;3;;;;;1
26/07/2016;19:52:00;469;sem vítima;632,2;BR-376/PR;Norte;Colisão Traseira;1;3;;;;;1
24/03/2016;13:50:00;239;sem vítima;633,001;BR-376/PR;Sul;Colisão Traseira;1;2;;;;;1
26/06/2016;07:56:00;96;sem vítima;633,1;BR-376/PR;Sul;Engavetamento;1;4;;;;;1
28/02/2016;14:00:00;202;com vítima;128,3;BR-101/SC;Sul;Colisão Traseira;2;1;;;;1;3
04/06/2016;13:55:00;228;com vítima;634,001;BR-376/PR;Sul;Colisão Lateral;1;1;;1;;;2
23/02/2016;17:53:00;320;sem vítima;128,8;BR-101/SC;Sul;Colisão Traseira;1;2;;;;;1
20/08/2016;09:23:00;143;sem vítima;634,001;BR-376/PR;Sul;Colisão Traseira;1;2;;;;;1
22/01/2016;07:19:00;66;sem vítima;634,2;BR-376/PR;Norte;Colisão Lateral;1;2;;;;;1
24/01/2016;18:13:00;306;com vítima;102,9;BR-116/PR;Norte;Colisão Traseira;1;2;1;;;;1
21/02/2016;15:18:00;226;sem vítima;634,6;BR-376/PR;Norte;Colisão Traseira;1;2;;;;;1
17/07/2016;12:19:00;230;sem vítima;635;BR-376/PR;Norte;Colisão Lateral;1;2;;;;;1
16/04/2016;20:33:00;389;sem vítima;635,001;BR-376/PR;Sul;Colisão Traseira;1;3;;;;;1
17/04/2016;15:48:00;258;com vítima;635,001;BR-376/PR;Sul;Colisão Traseira;1;2;1;;;;1
13/05/2016;18:42:00;393;sem vítima;635,05;BR-376/PR;Sul;Colisão Lateral;2;2;;;;;1
04/01/2016;14:40:00;279;sem vítima;635,1;BR-376/PR;Norte;Choque - Defensa, barreira ou "submarino";1;1;;;;;1
05/01/2016;21:37:00;398;sem vítima;635,1;BR-376/PR;Norte;Colisão Traseira;1;2;;;;;1
13/01/2016;19:32:00;381;sem vítima;635,1;BR-376/PR;Sul;Colisão Traseira;2;2;;;;;1
25/01/2016;06:33:00;68;sem vítima;635,1;BR-376/PR;Sul;Colisão Traseira;1;2;;;;;1
25/03/2016;08:46:00;140;sem vítima;635,1;BR-376/PR;Norte;Colisão Lateral;1;2;;;;;1
25/03/2016;10:25:00;180;sem vítima;635,1;BR-376/PR;Norte;Colisão Lateral;1;2;;;;;1
01/05/2016;18:14:00;345;sem vítima;635,1;BR-376/PR;Sul;Saida de Pista;1;1;;;;;1
16/06/2016;23:13:00;448;sem vítima;635,1;BR-376/PR;Norte;Choque - Outros;1;1;;;;;1
12/07/2016;11:28:00;221;sem vítima;635,1;BR-376/PR;Norte;Colisão Lateral;1;2;;;;;1
09/01/2016;18:19:00;324;sem vítima;103,001;BR-116/PR;Norte;Queda de Moto;1;3;;;;;1
23/06/2016;14:43:00;320;sem vítima;103,001;BR-116/PR;Norte;Colisão Lateral;1;2;;;;;1
10/08/2016;19:39:00;458;sem vítima;103,001;BR-116/PR;Norte;Colisão Lateral;1;2;;;;;1
23/06/2016;11:02:00;232;sem vítima;129,001;BR-101/SC;Sul;Colisão Lateral;1;2;;;;;1
31/01/2016;23:31:00;439;sem vítima;635,25;BR-376/PR;Norte;Colisão Traseira;1;3;;;;;1
06/05/2016;19:08:00;394;com vítima;129,1;BR-101/SC;Norte;Engavetamento;1;9;1;;;;1
18/02/2016;01:35:00;27;sem vítima;129,12;BR-101/SC;Sul;Saida de Pista;2;2;;;;;1
13/05/2016;06:21:00;58;com vítima;129,415;BR-101/SC;Sul;Atropelamento - Morador;1;1;;;;1;3
18/01/2016;00:06:00;5;sem vítima;635,3;BR-376/PR;Norte;Colisão Lateral;1;2;;;;;1
17/07/2016;22:35:00;506;sem vítima;635,3;BR-376/PR;Sul;Choque - Defensa, barreira ou "submarino";1;1;;;;;1
02/04/2016;14:40:00;269;sem vítima;129,513;BR-101/SC;Norte;Colisão Lateral;1;2;;;;;1
14/07/2016;20:02:00;386;sem vítima;129,6;BR-101/SC;Sul;Engavetamento;2;3;;;;;1
27/01/2016;07:35:00;83;sem vítima;635,35;BR-376/PR;Norte;Colisão Traseira;2;2;;;;;1
08/05/2016;20:37:00;364;sem vítima;129,827;BR-101/SC;Norte;Saida de Pista;1;1;;;;;1
18/03/2016;18:29:00;350;com vítima;103,15;BR-116/PR;Sul;Saida de Pista;1;0;1;;;;1
05/08/2016;04:58:00;66;com vítima;130,3;BR-101/SC;Norte;Colisão Traseira;1;2;1;;;;1
13/04/2016;10:00:00;147;com vítima;130,6;BR-101/SC;Norte;Choque - Defensa, barreira ou "submarino";1;0;1;;;;1
15/03/2016;16:53:00;320;sem vítima;130,7;BR-101/SC;Norte;Colisão Lateral;1;2;;;;;1
10/05/2016;10:20:00;180;sem vítima;103,4;BR-116/PR;Norte;Colisão Lateral;2;2;;;;;1
08/03/2016;18:10:00;297;com vítima;130,97;BR-101/SC;Sul;Colisão Traseira;1;3;1;;;;1
31/01/2016;07:33:00;77;com vítima;635,4;BR-376/PR;Sul;Engavetamento;1;3;1;;;;1
31/03/2016;13:09:00;213;sem vítima;635,4;BR-376/PR;Sul;Colisão Traseira;1;2;;;;;1
14/05/2016;09:52:00;164;sem vítima;635,4;BR-376/PR;Sul;Colisão Traseira;1;2;;;;;1
03/07/2016;16:09:00;302;sem vítima;635,4;BR-376/PR;Norte;Colisão Lateral;2;2;;;;;1
05/01/2016;15:17:00;252;sem vítima;131,001;BR-101/SC;Norte;Colisão Lateral;1;2;;;;;1
19/02/2016;13:33:00;248;sem vítima;131,001;BR-101/SC;Sul;Colisão Lateral;1;2;;;;;1
23/08/2016;13:51:00;304;com vítima;131,001;BR-101/SC;Sul;Colisão Lateral;1;1;1;;;;1
04/05/2016;08:27:00;88;sem vítima;131,3;BR-101/SC;Sul;Colisão Transversal;1;2;;;;;1
05/02/2016;23:08:00;464;sem vítima;103,7;BR-116/PR;Sul;Colisão Lateral;1;2;;;;;1
04/02/2016;18:50:00;316;sem vítima;131,6;BR-101/SC;Sul;Colisão Traseira;1;3;;;;;1
05/01/2016;06:25:00;67;sem vítima;635,54;BR-376/PR;Sul;Colisão Lateral;1;2;;;;;1
04/01/2016;06:40:00;88;sem vítima;103,8;BR-116/PR;Sul;Colisão Traseira;1;2;;;;;1
19/02/2016;22:22:00;475;sem vítima;103,8;BR-116/PR;Sul;Engavetamento;2;4;;;;;1
13/04/2016;16:23:00;306;sem vítima;103,8;BR-116/PR;Norte;Engavetamento;2;3;;;;;1
01/07/2016;16:25:00;350;sem vítima;635,975;BR-376/PR;Sul;Colisão Lateral;1;2;;;;;1
30/04/2016;06:52:00;93;sem vítima;103,8;BR-116/PR;Norte;Tombamento;1;1;;;;;1
13/07/2016;12:08:00;241;sem vítima;132,001;BR-101/SC;Sul;Engavetamento;2;6;;;;;1
29/06/2016;19:00:00;368;sem vítima;636,001;BR-376/PR;Sul;Colisão Traseira;1;2;;;;;1
09/07/2016;17:27:00;421;com vítima;132,492;BR-101/SC;Sul;Colisão Traseira;1;2;1;1;;;2
04/04/2016;12:04:00;222;com vítima;132,502;BR-101/SC;Sul;Colisão Lateral;1;2;1;;;1;3
20/04/2016;19:31:00;457;sem vítima;132,8;BR-101/SC;Sul;Colisão Traseira;1;2;;;;;1
17/02/2016;15:09:00;260;sem vítima;637,3;BR-376/PR;Sul;Colisão Traseira;1;2;;;;;1
14/03/2016;14:58:00;251;sem vítima;104,001;BR-116/PR;Sul;Colisão Lateral;1;2;;;;;1
13/05/2016;07:20:00;79;sem vítima;132,957;BR-101/SC;Sul;Colisão Lateral;1;2;;;;;1
05/04/2016;22:27:00;437;com vítima;637,4;BR-376/PR;Norte;Tombamento;1;1;1;;;;1
20/08/2016;09:07:00;134;sem vítima;104,001;BR-116/PR;Norte;Colisão Traseira;2;5;;;;;1
07/07/2016;22:24:00;439;sem vítima;133,001;BR-101/SC;Sul;Colisão Traseira;1;3;;;;;1
05/01/2016;01:10:00;19;sem vítima;638,001;BR-376/PR;Norte;Colisão Lateral;2;2;;;;;1
29/03/2016;08:43:00;99;sem vítima;133,11;BR-101/SC;Sul;Colisão Lateral;1;2;;;;;1
15/03/2016;07:09:00;59;com vítima;638,6;BR-376/PR;Norte;Engavetamento;1;3;1;;;;1
18/01/2016;05:37:00;84;sem vítima;638,9;BR-376/PR;Norte;Colisão Lateral;1;2;;;;;1
30/06/2016;02:15:00;38;com vítima;638,93;BR-376/PR;Norte;Saida de Pista;1;0;;1;;;2
30/03/2016;14:37:00;241;sem vítima;133,5;BR-101/SC;Sul;Colisão Lateral;1;2;;;;;1
11/02/2016;22:25:00;401;sem vítima;104,2;BR-116/PR;Norte;Colisão Lateral;1;2;;;;;1