data;horario;n_da_ocorrencia;tipo_de_ocorrencia;km;trecho;sentido;tipo_de_acidente;caminhao;ilesos;levemente_feridos;moderadamente_feridos;gravemente_feridos;mortos;3
31/03/2016;15:28:00;249;sem vítima;639,4;BR-376/PR;Sul;Choque - Defensa, barreira ou "submarino";1;1;;;;;1
13/06/2016;17:59:00;355;sem vítima;133,9;BR-101/SC;Sul;Colisão Traseira;1;2;;;;;1
05/07/2016;14:10:00;301;com vítima;134,001;BR-101/SC;Sul;Colisão Transversal;1;1;;1;;;2
22/03/2016;23:11:00;407;sem vítima;640,001;BR-376/PR;Norte;Colisão Traseira;1;3;;;;;1
19/07/2016;08:39:00;140;sem vítima;640,02;BR-376/PR;Sul;Colisão Lateral;2;2;;;;;1
09/08/2016;02:53:00;64;sem vítima;134,1;BR-101/SC;Norte;Colisão Traseira;2;2;;;;;1
27/04/2016;18:17:00;374;sem vítima;134,126;BR-101/SC;Norte;Saida de Pista;1;1;;;;;1
03/06/2016;11:22:00;203;com vítima;104,5;BR-116/PR;Norte;Colisão Traseira;2;2;2;2;1;;2
25/02/2016;10:08:00;194;com vítima;640,3;BR-376/PR;Sul;Tombamento;1;0;1;;;;1
06/02/2016;16:04:00;302;sem vítima;134,4;BR-101/SC;Norte;Colisão Lateral;1;2;;;;;1
29/03/2016;10:07:00;136;sem vítima;134,4;BR-101/SC;Sul;Colisão Traseira;1;2;;;;;1
16/05/2016;09:44:00;158;sem vítima;640,5;BR-376/PR;Norte;Colisão Traseira;1;2;;;;;1
29/06/2016;19:41:00;382;com vítima;104,845;BR-116/PR;Sul;Engavetamento;2;3;2;;;;1
07/07/2016;11:40:00;213;com vítima;134,939;BR-101/SC;Sul;Objeto lançado contra veículo;2;2;1;;;;1
22/07/2016;19:54:00;449;sem vítima;641,001;BR-376/PR;Sul;Colisão Traseira;1;2;;;;;1
11/02/2016;07:50:00;68;sem vítima;641,01;BR-376/PR;Norte;Colisão Lateral;1;2;;;;;1
29/07/2016;09:38:00;181;sem vítima;135,001;BR-101/SC;Norte;Colisão Lateral;1;2;;;;;1
25/01/2016;07:57:00;110;sem vítima;135,167;BR-101/SC;Norte;Colisão Traseira;1;2;;;;;1
23/05/2016;08:03:00;125;sem vítima;642,2;BR-376/PR;Norte;Colisão Traseira;2;2;;;;;1
24/08/2016;07:54:00;157;sem vítima;135,3;BR-101/SC;Norte;Colisão Traseira;2;5;;;;;1
27/04/2016;12:15:00;231;com vítima;135,4;BR-101/SC;Norte;Queda de Moto;1;1;1;;;;1
28/02/2016;13:30:00;194;sem vítima;135,6;BR-101/SC;Sul;Colisão Lateral;1;2;;;;;1
14/07/2016;17:10:00;327;sem vítima;642,8;BR-376/PR;Norte;Colisão Lateral;1;2;;;;;1
02/01/2016;20:15:00;386;com vítima;105,1;BR-116/PR;Sul;Colisão Traseira;1;2;2;;;;1
01/06/2016;23:34:00;478;sem vítima;136,001;BR-101/SC;Sul;Colisão Lateral;1;2;;;;;1
02/08/2016;15:02:00;401;sem vítima;136,15;BR-101/SC;Norte;Colisão Lateral;1;2;;;;;1
12/03/2016;14:23:00;241;com vítima;136,4;BR-101/SC;Sul;Colisão Lateral;1;2;1;;;;1
29/01/2016;06:32:00;64;sem vítima;644,5;BR-376/PR;Norte;Colisão Traseira;2;2;;;;;1
08/05/2016;17:51:00;305;sem vítima;644,5;BR-376/PR;Norte;Colisão Lateral;1;2;;;;;1
22/04/2016;16:28:00;287;com vítima;105,5;BR-116/PR;Sul;Colisão Lateral;1;2;1;;;;1
21/06/2016;09:31:00;136;sem vítima;105,6;BR-116/PR;Sul;Tombamento;1;1;;;;;1
23/06/2016;08:55:00;168;sem vítima;105,8;BR-116/PR;Sul;Colisão Traseira;2;2;;;;;1
23/06/2016;08:59:00;169;sem vítima;105,82;BR-116/PR;Sul;Tombamento;1;1;;;;;1
24/07/2016;12:59:00;253;com vítima;645,001;BR-376/PR;Norte;Colisão Frontal;1;1;;;1;;2
16/08/2016;10:56:00;213;sem vítima;645,005;BR-376/PR;Norte;Colisão Lateral;1;2;;;;;1
30/03/2016;07:45:00;90;com vítima;645,5;BR-376/PR;Norte;Tombamento;1;0;1;;;;1
27/01/2016;17:14:00;305;sem vítima;137,001;BR-101/SC;Norte;Colisão Traseira;1;2;;;;;1
28/01/2016;16:58:00;247;sem vítima;137,001;BR-101/SC;Norte;Saida de Pista;1;1;;;;;1
03/03/2016;09:04:00;117;com vítima;137,001;BR-101/SC;Norte;Engavetamento;1;3;1;;;;1
09/03/2016;12:28:00;218;sem vítima;137,001;BR-101/SC;Sul;Colisão Traseira;1;2;;;;;1
03/04/2016;17:39:00;356;sem vítima;137,001;BR-101/SC;Norte;Colisão Lateral;1;2;;;;;1
24/04/2016;15:31:00;259;sem vítima;137,001;BR-101/SC;Norte;Colisão Lateral;1;2;;;;;1
24/04/2016;17:15:00;310;sem vítima;137,001;BR-101/SC;Norte;Colisão Lateral;1;2;;;;;1
10/01/2016;20:52:00;385;sem vítima;645,8;BR-376/PR;Sul;Tombamento;1;1;;;;;1
28/01/2016;13:55:00;174;sem vítima;137,1;BR-101/SC;Norte;Colisão Traseira;2;3;;;;;1
08/07/2016;15:19:00;372;com vítima;646,05;BR-376/PR;Norte;Engavetamento;2;6;1;;1;;2
20/01/2016;19:28:00;386;sem vítima;137,15;BR-101/SC;Norte;Colisão Traseira;1;2;;;;;1
26/01/2016;19:54:00;397;sem vítima;137,2;BR-101/SC;Norte;Colisão Traseira;1;2;;;;;1
12/06/2016;17:49:00;288;sem vítima;137,2;BR-101/SC;Norte;Colisão Lateral;1;2;;;;;1
09/04/2016;05:57:00;75;com vítima;646,578;BR-376/PR;Sul;Atropelamento - Andarilho;1;1;;;;1;3
27/04/2016;21:50:00;456;sem vítima;646,74;BR-376/PR;Norte;Tombamento;1;1;;;;;1
01/04/2016;14:23:00;241;sem vítima;137,75;BR-101/SC;Norte;Colisão Transversal;1;2;;;;;1
22/02/2016;15:26:00;244;sem vítima;106,001;BR-116/PR;Norte;Tombamento;1;1;;;;;1
13/03/2016;19:45:00;346;sem vítima;106,001;BR-116/PR;Norte;Colisão Traseira;1;2;;;;;1
24/08/2016;14:45:00;323;sem vítima;106,001;BR-116/PR;Sul;Engavetamento;3;3;;;;;1
13/07/2016;06:48:00;106;com vítima;106,035;BR-116/PR;Sul;Engavetamento;2;3;;1;;;2
01/01/2016;18:48:00;350;sem vítima;138,1;BR-101/SC;Norte;Colisão Traseira;1;2;;;;;1
03/02/2016;08:59:00;105;sem vítima;138,3;BR-101/SC;Norte;Colisão Traseira;1;2;;;;;1
12/07/2016;00:44:00;19;sem vítima;138,4;BR-101/SC;Norte;Colisão Traseira;1;2;;;;;1
07/04/2016;04:31:00;44;sem vítima;138,496;BR-101/SC;Norte;Colisão Traseira;1;2;;;;;1
11/07/2016;04:51:00;78;sem vítima;138,5;BR-101/SC;Norte;Colisão Lateral;1;2;;;;;1
17/07/2016;07:49:00;107;sem vítima;138,5;BR-101/SC;Norte;Colisão Lateral;1;2;;;;;1
02/04/2016;14:01:00;253;com vítima;138,508;BR-101/SC;Norte;Queda de Moto;1;1;;;;1;3
13/04/2016;16:44:00;316;com vítima;138,8;BR-101/SC;Sul;Colisão Traseira;1;2;1;1;;;2
13/07/2016;11:21:00;222;sem vítima;139,045;BR-101/SC;Sul;Colisão Lateral;1;2;;;;;1
20/05/2016;12:05:00;255;sem vítima;650,5;BR-376/PR;Norte;Choque - Defensa, barreira ou "submarino";1;1;;;;;1
23/01/2016;10:46:00;156;com vítima;139,1;BR-101/SC;Norte;Colisão Lateral;1;2;1;;;;1
08/02/2016;03:38:00;65;sem vítima;650,6;BR-376/PR;Norte;Colisão Lateral;1;2;;;;;1
11/01/2016;18:03:00;349;sem vítima;139,2;BR-101/SC;Norte;Saida de Pista;1;1;;;;;1
05/04/2016;11:55:00;212;sem vítima;139,4;BR-101/SC;Sul;Saida de Pista;1;2;;;;;1
17/06/2016;09:59:00;156;sem vítima;139,5;BR-101/SC;Norte;Tombamento;1;1;;;;;1
23/06/2016;03:02:00;67;sem vítima;139,5;BR-101/SC;Norte;Colisão Traseira;1;2;;;;;1
27/06/2016;10:37:00;182;sem vítima;139,5;BR-101/SC;Sul;Colisão Traseira;1;3;;;;;1
20/07/2016;09:19:00;166;sem vítima;139,5;BR-101/SC;Sul;Saida de Pista;1;3;;;;;1
22/01/2016;09:22:00;109;sem vítima;139,9;BR-101/SC;Norte;Colisão Traseira;1;2;;;;;1
23/06/2016;10:18:00;212;sem vítima;106,5;BR-116/PR;Sul;Engavetamento;3;4;;;;;1
16/07/2016;10:33:00;181;com vítima;651;BR-376/PR;Norte;Choque - Defensa, barreira ou "submarino";1;1;1;;;;1
04/08/2016;06:38:00;83;sem vítima;651;BR-376/PR;Norte;Colisão Lateral;1;2;;;;;1
02/01/2016;22:31:00;422;sem vítima;651,001;BR-376/PR;Norte;Colisão Traseira;2;2;;;;;1
02/01/2016;23:37:00;442;sem vítima;651,001;BR-376/PR;Norte;Outros;1;2;;;;;1
22/05/2016;11:06:00;194;sem vítima;651,001;BR-376/PR;Norte;Saida de Pista;1;1;;;;;1
26/05/2016;21:33:00;473;com vítima;651,001;BR-376/PR;Norte;Colisão Lateral;1;1;2;;;;1
25/07/2016;15:01:00;341;sem vítima;140,55;BR-101/SC;Sul;Colisão Traseira;2;2;;;;;1
12/01/2016;00:45:00;9;sem vítima;651,113;BR-376/PR;Norte;Saida de Pista;1;2;;;;;1
21/06/2016;20:15:00;363;sem vítima;651,158;BR-376/PR;Norte;Engavetamento;1;3;;;;;1
20/05/2016;19:24:00;446;com vítima;651,2;BR-376/PR;Norte;Engavetamento;1;4;1;;;;1
20/08/2016;16:28:00;308;sem vítima;651,3;BR-376/PR;Norte;Saida de Pista;1;2;;;;;1
05/07/2016;16:46:00;370;sem vítima;107,001;BR-116/PR;Sul;Saida de Pista;1;1;;;;;1
20/07/2016;18:52:00;438;sem vítima;107,001;BR-116/PR;Norte;Saida de Pista;1;1;;;;;1
22/06/2016;21:00:00;448;com vítima;141,64;BR-101/SC;Sul;Saida de Pista;1;1;3;;;;1
19/02/2016;12:35:00;219;sem vítima;107,1;BR-116/PR;Sul;Engavetamento;3;3;;;;;1
02/03/2016;00:36:00;17;sem vítima;651,7;BR-376/PR;Norte;Colisão Traseira;2;2;;;;;1
14/01/2016;05:52:00;51;com vítima;142,1;BR-101/SC;Norte;Colisão Traseira;1;2;;;;1;3
10/02/2016;15:22:00;255;sem vítima;651,9;BR-376/PR;Sul;Saida de Pista;1;1;;;;;1
07/07/2016;21:51:00;431;sem vítima;651,9;BR-376/PR;Sul;Saida de Pista;1;2;;;;;1
09/04/2016;04:41:00;58;sem vítima;143,5;BR-101/SC;Sul;Colisão Traseira;1;2;;;;;1
02/07/2016;04:41:00;74;sem vítima;143,7;BR-101/SC;Sul;Colisão Lateral;1;2;;;;;1
06/02/2016;15:37:00;294;com vítima;107,8;BR-116/PR;Norte;Queda de Moto;1;1;;1;1;;2
02/04/2016;11:13:00;198;sem vítima;144,001;BR-101/SC;Sul;Colisão Lateral;1;2;;;;;1
29/01/2016;17:46:00;348;sem vítima;652,001;BR-376/PR;Sul;Colisão Traseira;1;2;;;;;1
20/05/2016;12:49:00;272;sem vítima;652,001;BR-376/PR;Norte;Colisão Lateral;2;2;;;;;1
29/06/2016;17:46:00;346;sem vítima;107,8;BR-116/PR;Sul;Colisão Traseira;1;2;;;;;1
11/08/2016;00:43:00;31;com vítima;107,802;BR-116/PR;Norte;Colisão Traseira;1;1;;1;;;2
05/01/2016;13:45:00;219;sem vítima;145,001;BR-101/SC;Norte;Saida de Pista;1;1;;;;;1
31/01/2016;15:17:00;254;com vítima;145,001;BR-101/SC;Sul;Colisão Lateral;2;1;;1;;;2
29/03/2016;04:54:00;54;com vítima;652,35;BR-376/PR;Sul;Choque - Talude;2;1;1;;;;1
16/02/2016;03:48:00;41;sem vítima;145,1;BR-101/SC;Norte;Colisão Traseira;1;2;;;;;1
17/07/2016;16:26:00;334;sem vítima;145,5;BR-101/SC;Norte;Colisão Lateral;1;2;;;;;1
11/01/2016;16:23:00;304;sem vítima;145,8;BR-101/SC;Norte;Choque - Outros;1;1;;;;;1
03/03/2016;11:13:00;181;sem vítima;146,001;BR-101/SC;Norte;Capotamento;1;3;;;;;1
11/01/2016;17:01:00;327;sem vítima;146,2;BR-101/SC;Norte;Saida de Pista;1;1;;;;;1
18/01/2016;10:13:00;180;sem vítima;146,5;BR-101/SC;Norte;Colisão Traseira;1;2;;;;;1
10/07/2016;07:39:00;81;sem vítima;146,768;BR-101/SC;Norte;Colisão Lateral;1;2;;;;;1
22/02/2016;17:00:00;285;sem vítima;108,001;BR-116/PR;Sul;Saida de Pista;1;1;;;;;1
20/04/2016;07:47:00;107;sem vítima;108,001;BR-116/PR;Norte;Engavetamento;2;3;;;;;1
30/08/2016;09:10:00;147;com vítima;147,233;BR-101/SC;Norte;Engavetamento;2;2;1;1;;;2
03/06/2016;07:17:00;90;sem vítima;147,636;BR-101/SC;Norte;Capotamento;1;2;;;;;1
23/07/2016;11:08:00;228;sem vítima;147,7;BR-101/SC;Sul;Colisão Lateral;1;2;;;;;1
14/07/2016;20:08:00;387;sem vítima;108,001;BR-116/PR;Sul;Colisão Traseira;2;2;;;;;1
10/03/2016;08:05:00;102;com vítima;652,8;BR-376/PR;Sul;Tombamento;1;0;1;;;;1
23/08/2016;16:47:00;384;com vítima;148,1;BR-101/SC;Norte;Colisão Transversal;1;2;1;;;;1
01/08/2016;13:29:00;299;sem vítima;148,3;BR-101/SC;Norte;Colisão Lateral;1;3;;;;;1
09/07/2016;12:11:00;293;com vítima;148,364;BR-101/SC;Norte;Atropelamento - Usuário;1;2;;;1;;2
10/06/2016;18:12:00;376;sem vítima;653,001;BR-376/PR;Sul;Colisão Traseira;1;2;;;;;1
18/01/2016;17:12:00;355;sem vítima;653,3;BR-376/PR;Sul;Colisão Traseira;1;2;;;;;1
03/01/2016;19:12:00;436;com vítima;149,7;BR-101/SC;Sul;Colisão Traseira;1;2;1;;;;1
02/05/2016;19:13:00;359;sem vítima;149,77;BR-101/SC;Sul;Engavetamento;1;3;;;;;1
07/07/2016;23:35:00;457;sem vítima;149,802;BR-101/SC;Sul;Colisão Traseira;1;6;;;;;1
20/04/2016;08:52:00;135;com vítima;108,208;BR-116/PR;Sul;Engavetamento;3;3;;1;;;2
05/06/2016;19:22:00;338;sem vítima;150,1;BR-101/SC;Norte;Engavetamento;1;3;;;;;1
26/06/2016;17:07:00;318;com vítima;150,269;BR-101/SC;Norte;Colisão Traseira;1;1;1;;;;1
12/05/2016;21:21:00;496;com vítima;150,4;BR-101/SC;Norte;Colisão Traseira;1;2;1;;;;1
20/04/2016;09:21:00;150;sem vítima;108,4;BR-116/PR;Sul;Colisão Traseira;2;2;;;;;1
17/06/2016;03:17:00;35;sem vítima;653,85;BR-376/PR;Sul;Colisão Lateral;1;2;;;;;1
03/03/2016;19:33:00;400;sem vítima;151,001;BR-101/SC;Sul;Saida de Pista;1;1;;;;;1
31/03/2016;11:06:00;181;sem vítima;108,5;BR-116/PR;Norte;Tombamento;1;1;;;;;1
03/05/2016;03:17:00;39;sem vítima;654,038;BR-376/PR;Sul;Tombamento;1;1;;;;;1
19/04/2016;09:56:00;193;com vítima;151,36;BR-101/SC;Norte;Colisão Lateral;1;1;2;;;;1
19/08/2016;13:29:00;283;sem vítima;151,46;BR-101/SC;Sul;Choque - Defensa, barreira ou "submarino";1;1;;;;;1
22/06/2016;14:07:00;295;sem vítima;654,5;BR-376/PR;Sul;Saida de Pista;1;1;;;;;1
19/01/2016;17:18:00;282;sem vítima;151,8;BR-101/SC;Sul;Colisão Traseira;1;2;;;;;1
06/02/2016;21:13:00;423;sem vítima;151,8;BR-101/SC;Norte;Colisão Lateral;1;2;;;;;1
11/08/2016;13:15:00;285;sem vítima;108,6;BR-116/PR;Sul;Tombamento;1;1;;;;;1
10/01/2016;12:33:00;165;sem vítima;152,3;BR-101/SC;Norte;Colisão Lateral;1;2;;;;;1
20/02/2016;18:50:00;361;sem vítima;152,97;BR-101/SC;Sul;Tombamento;1;2;;;;;1
28/05/2016;23:20:00;411;sem vítima;655,163;BR-376/PR;Norte;Tombamento;1;1;;;;;1
15/04/2016;05:25:00;57;sem vítima;655,38;BR-376/PR;Sul;Tombamento;1;2;;;;;1
15/08/2016;11:23:00;224;sem vítima;108,8;BR-116/PR;Norte;Saida de Pista;1;1;;;;;1
07/04/2016;04:02:00;38;com vítima;153,877;BR-101/SC;Sul;Tombamento;1;0;1;;;;1
17/02/2016;14:39:00;248;sem vítima;108,9;BR-116/PR;Norte;Saida de Pista;1;1;;;;;1
22/02/2016;18:41:00;333;sem vítima;655,5;BR-376/PR;Norte;Choque - Defensa, barreira ou "submarino";1;3;;;;;1
22/02/2016;19:50:00;356;com vítima;655,5;BR-376/PR;Norte;Colisão Transversal;1;2;;1;;;2
17/03/2016;10:26:00;162;sem vítima;155,001;BR-101/SC;Sul;Engavetamento;1;3;;;;;1
31/08/2016;20:14:00;464;sem vítima;155,001;BR-101/SC;Sul;Saida de Pista;1;1;;;;;1
23/08/2016;17:40:00;404;sem vítima;109,001;BR-116/PR;Norte;Colisão Traseira;1;2;;;;;1
18/01/2016;07:56:00;111;sem vítima;109,005;BR-116/PR;Sul;Saida de Pista;1;1;;;;;1
07/03/2016;07:58:00;95;com vítima;655,6;BR-376/PR;Norte;Choque - Defensa, barreira ou "submarino";1;2;1;;;;1
23/02/2016;11:31:00;184;sem vítima;109,05;BR-116/PR;Norte;Saida de Pista;1;1;;;;;1
23/06/2016;10:25:00;217;sem vítima;109,115;BR-116/PR;Norte;Saida de Pista;1;1;;;;;1
07/05/2016;19:13:00;345;com vítima;655,758;BR-376/PR;Norte;Capotamento;1;5;1;;;;1
21/06/2016;10:19:00;154;sem vítima;655,9;BR-376/PR;Norte;Colisão Traseira;1;2;;;;;1
29/05/2016;17:26:00;328;sem vítima;109,3;BR-116/PR;Sul;Colisão Traseira;1;2;;;;;1
12/03/2016;00:24:00;11;com vítima;109,32;BR-116/PR;Sul;Atropelamento - Ciclista;1;1;;;;1;3
03/03/2016;12:29:00;204;sem vítima;656,001;BR-376/PR;Norte;Colisão Traseira;1;2;;;;;1
10/03/2016;16:50:00;283;sem vítima;656,001;BR-376/PR;Norte;Saida de Pista;1;1;;;;;1
26/04/2016;17:26:00;296;sem vítima;656,001;BR-376/PR;Norte;Choque - Defensa, barreira ou "submarino";1;2;;;;;1
16/05/2016;21:27:00;432;sem vítima;656,001;BR-376/PR;Sul;Saida de Pista;1;1;;;;;1
11/04/2016;12:13:00;188;com vítima;656,136;BR-376/PR;Norte;Tombamento;1;0;1;;;;1
02/04/2016;10:23:00;178;sem vítima;157,001;BR-101/SC;Sul;Colisão Traseira;1;2;;;;;1
27/04/2016;17:24:00;348;sem vítima;157,3;BR-101/SC;Norte;Colisão Traseira;1;2;;;;;1
15/07/2016;11:40:00;232;sem vítima;157,35;BR-101/SC;Sul;Colisão Traseira;2;2;;;;;1
15/07/2016;13:48:00;292;sem vítima;157,35;BR-101/SC;Sul;Colisão Traseira;1;2;;;;;1
20/02/2016;06:36:00;86;com vítima;109,8;BR-116/PR;Sul;Colisão Traseira;1;1;;1;;;2
15/01/2016;11:14:00;186;sem vítima;157,4;BR-101/SC;Sul;Colisão Traseira;1;2;;;;;1
03/02/2016;12:50:00;208;sem vítima;157,4;BR-101/SC;Sul;Engavetamento;1;3;;;;;1
26/03/2016;07:48:00;105;sem vítima;157,4;BR-101/SC;Norte;Choque - Defensa, barreira ou "submarino";1;1;;;;;1
13/04/2016;16:10:00;294;sem vítima;157,4;BR-101/SC;Sul;Colisão Traseira;1;2;;;;;1
15/04/2016;16:56:00;338;sem vítima;157,4;BR-101/SC;Norte;Colisão Traseira;1;2;;;;;1
07/06/2016;16:19:00;363;sem vítima;157,4;BR-101/SC;Norte;Colisão Traseira;1;2;;;;;1
13/06/2016;14:09:00;258;sem vítima;157,4;BR-101/SC;Norte;Colisão Traseira;1;2;;;;;1
17/06/2016;11:10:00;183;sem vítima;157,4;BR-101/SC;Norte;Choque - Defensa, barreira ou "submarino";1;1;;;;;1
11/07/2016;11:08:00;205;sem vítima;157,4;BR-101/SC;Sul;Colisão Traseira;2;2;;;;;1
28/07/2016;10:32:00;223;sem vítima;157,4;BR-101/SC;Sul;Engavetamento;2;3;;;;;1
28/07/2016;13:09:00;278;sem vítima;157,4;BR-101/SC;Norte;Colisão Traseira;1;2;;;;;1
20/08/2016;07:51:00;109;com vítima;656,6;BR-376/PR;Norte;Saida de Pista;1;2;2;;;;1
02/08/2016;10:02:00;279;sem vítima;157,4;BR-101/SC;Sul;Colisão Traseira;1;3;;;;;1
17/08/2016;15:40:00;375;com vítima;157,4;BR-101/SC;Norte;Colisão Traseira;1;1;2;;;;1
29/08/2016;10:34:00;228;sem vítima;157,4;BR-101/SC;Norte;Colisão Traseira;2;2;;;;;1
02/04/2016;01:18:00;33;com vítima;109,927;BR-116/PR;Sul;Colisão Frontal;1;1;;;1;;2
30/08/2016;15:26:00;284;sem vítima;157,45;BR-101/SC;Norte;Choque - Defensa, barreira ou "submarino";1;1;;;;;1
31/07/2016;14:35:00;257;sem vítima;158,001;BR-101/SC;Norte;Colisão Traseira;1;2;;;;;1
09/06/2016;11:19:00;191;com vítima;158,2;BR-101/SC;Sul;Colisão Traseira;1;1;1;;;;1
03/06/2016;08:39:00;131;sem vítima;110,01;BR-116/PR;Sul;Engavetamento;3;4;;;;;1
11/07/2016;19:50:00;421;com vítima;656,789;BR-376/PR;Norte;Tombamento;1;0;;1;;;2
10/03/2016;16:26:00;272;sem vítima;656,8;BR-376/PR;Norte;Engavetamento;6;10;;;;;1
29/05/2016;14:11:00;265;com vítima;656,8;BR-376/PR;Norte;Engavetamento;1;4;2;;;;1
22/06/2016;13:16:00;262;sem vítima;656,8;BR-376/PR;Norte;Saida de Pista;2;3;;;;;1
01/01/2016;23:52:00;426;sem vítima;656,813;BR-376/PR;Norte;Colisão Traseira;1;2;;;;;1
22/06/2016;19:23:00;432;sem vítima;110,2;BR-116/PR;Sul;Colisão Traseira;1;2;;;;;1
22/06/2016;05:25:00;63;sem vítima;110,37;BR-116/PR;Sul;Tombamento;1;1;;;;;1
25/08/2016;23:53:00;558;sem vítima;160,638;BR-101/SC;Norte;Colisão Traseira;2;2;;;;;1
10/03/2016;02:24:00;33;sem vítima;110,52;BR-116/PR;Sul;Saida de Pista;1;2;;;;;1
18/07/2016;20:48:00;487;sem vítima;110,558;BR-116/PR;Sul;Colisão Traseira;2;2;;;;;1
22/03/2016;18:42:00;325;sem vítima;161,1;BR-101/SC;Norte;Colisão Traseira;1;2;;;;;1
24/03/2016;19:36:00;392;com vítima;657,001;BR-376/PR;Norte;Engavetamento;3;5;1;;;;1
29/07/2016;01:43:00;47;sem vítima;161,413;BR-101/SC;Norte;Colisão Traseira;2;2;;;;;1
29/05/2016;06:42:00;78;sem vítima;657,001;BR-376/PR;Norte;Colisão Lateral;1;2;;;;;1
21/01/2016;09:28:00;117;sem vítima;162,4;BR-101/SC;Norte;Colisão Lateral;1;3;;;;;1
25/03/2016;00:31:00;14;com vítima;657,1;BR-376/PR;Sul;Capotamento;2;3;1;;;;1
17/02/2016;19:12:00;381;sem vítima;110,9;BR-116/PR;Norte;Saida de Pista;1;1;;;;;1
03/08/2016;06:41:00;88;com vítima;162,9;BR-101/SC;Sul;Colisão Lateral;1;1;1;;;;1
26/05/2016;12:33:00;288;sem vítima;163,001;BR-101/SC;Sul;Queda de Moto;1;3;;;;;1
25/07/2016;08:49:00;140;sem vítima;163,001;BR-101/SC;Sul;Colisão Lateral;2;2;;;;;1
20/08/2016;06:31:00;86;sem vítima;163,001;BR-101/SC;Sul;Colisão Traseira;1;2;;;;;1
19/08/2016;07:51:00;149;sem vítima;657,226;BR-376/PR;Sul;Saida de Pista;1;1;;;;;1
22/04/2016;12:07:00;193;sem vítima;163,15;BR-101/SC;Sul;Colisão Lateral;1;2;;;;;1
15/07/2016;05:05:00;70;com vítima;163,343;BR-101/SC;Norte;Colisão Traseira;1;2;1;;;;1
22/08/2016;17:00:00;410;sem vítima;163,41;BR-101/SC;Sul;Colisão Lateral;2;2;;;;;1
05/06/2016;20:42:00;360;sem vítima;657,326;BR-376/PR;Norte;Colisão Traseira;1;3;;;;;1
02/05/2016;12:06:00;197;com vítima;163,88;BR-101/SC;Norte;Atropelamento - Ciclista;1;1;;;1;;2
17/02/2016;15:58:00;289;sem vítima;111,1;BR-116/PR;Norte;Tombamento;1;1;;;;;1
22/02/2016;15:00:00;234;com vítima;111,15;BR-116/PR;Sul;Colisão Traseira;2;1;;1;;;2
11/08/2016;05:55:00;89;sem vítima;164,001;BR-101/SC;Sul;Colisão Lateral;1;5;;;;;1
09/06/2016;05:48:00;64;sem vítima;164,1;BR-101/SC;Sul;Objeto lançado contra veículo;1;2;;;;;1
12/06/2016;19:50:00;346;sem vítima;164,3;BR-101/SC;Norte;Colisão Lateral;1;2;;;;;1
28/01/2016;21:50:00;344;sem vítima;164,7;BR-101/SC;Sul;Tombamento;1;1;;;;;1
06/05/2016;12:52:00;245;sem vítima;164,8;BR-101/SC;Sul;Colisão Traseira;1;2;;;;;1
15/03/2016;11:18:00;185;sem vítima;111,2;BR-116/PR;Sul;Tombamento;1;1;;;;;1
21/08/2016;18:07:00;369;com vítima;166,1;BR-101/SC;Norte;Colisão Traseira;1;1;;1;;;2
29/06/2016;11:28:00;194;com vítima;657,9;BR-376/PR;Sul;Colisão Traseira;4;5;1;;;;1
20/02/2016;05:06:00;79;com vítima;167,001;BR-101/SC;Norte;Saida de Pista;1;0;1;;;;1
09/06/2016;15:37:00;290;sem vítima;167,621;BR-101/SC;Sul;Colisão Lateral;1;2;;;;;1
11/05/2016;09:43:00;158;sem vítima;167,9;BR-101/SC;Norte;Colisão Traseira;1;2;;;;;1
08/08/2016;12:41:00;245;sem vítima;169,001;BR-101/SC;Sul;Colisão Traseira;1;4;;;;;1
13/05/2016;13:54:00;253;sem vítima;111,9;BR-116/PR;Norte;Colisão Traseira;1;2;;;;;1
29/01/2016;09:15:00;194;sem vítima;112,001;BR-116/PR;Sul;Colisão Traseira;1;2;;;;;1
22/04/2016;16:39:00;291;sem vítima;658,443;BR-376/PR;Norte;Saida de Pista;1;1;;;;;1
03/06/2016;14:47:00;270;sem vítima;112,001;BR-116/PR;Norte;Colisão Traseira;1;2;;;;;1
18/01/2016;10:03:00;174;sem vítima;112,01;BR-116/PR;Norte;Colisão Traseira;1;2;;;;;1
23/07/2016;14:06:00;281;com vítima;170,5;BR-101/SC;Sul;Colisão Traseira;1;4;1;;;;1
24/06/2016;08:10:00;137;sem vítima;171,001;BR-101/SC;Sul;Colisão Traseira;2;2;;;;;1
16/05/2016;17:51:00;380;com vítima;171,237;BR-101/SC;Norte;Atropelamento - Andarilho;1;1;;;;1;3
25/03/2016;18:33:00;374;sem vítima;173,9;BR-101/SC;Sul;Colisão Lateral;1;2;;;;;1
25/03/2016;19:25:00;392;sem vítima;174,75;BR-101/SC;Norte;Colisão Traseira;1;3;;;;;1
30/03/2016;15:50:00;267;com vítima;174,9;BR-101/SC;Norte;Colisão Traseira;1;2;2;1;;;2
09/08/2016;08:16:00;153;sem vítima;112,6;BR-116/PR;Sul;Tombamento;2;2;;;;;1
08/01/2016;11:07:00;151;sem vítima;175,05;BR-101/SC;Norte;Choque - Defensa, barreira ou "submarino";1;1;;;;;1
14/07/2016;05:12:00;72;sem vítima;175,123;BR-101/SC;Norte;Colisão Traseira;2;2;;;;;1
30/06/2016;19:58:00;452;sem vítima;112,8;BR-116/PR;Norte;Choque - Defensa, barreira ou "submarino";1;1;;;;;1
05/02/2016;19:44:00;384;sem vítima;659,4;BR-376/PR;Norte;Saida de Pista;1;1;;;;;1