data;horario;n_da_ocorrencia;tipo_de_ocorrencia;km;trecho;sentido;tipo_de_acidente;caminhao;ilesos;levemente_feridos;moderadamente_feridos;gravemente_feridos;mortos;3
27/03/2016;12:45:00;228;com vítima;176,001;BR-101/SC;Norte;Choque - Defensa, barreira ou "submarino";1;1;1;;;;1
22/05/2016;00:38:00;14;sem vítima;176,001;BR-101/SC;Sul;Capotamento;1;1;;;;;1
08/06/2016;15:29:00;301;sem vítima;177,001;BR-101/SC;Sul;Saida de Pista;1;1;;;;;1
07/06/2016;22:14:00;502;sem vítima;177,7;BR-101/SC;Sul;Saida de Pista;1;1;;;;;1
16/08/2016;02:44:00;65;sem vítima;177,788;BR-101/SC;Norte;Tombamento;1;1;;;;;1
28/04/2016;19:13:00;407;sem vítima;178,001;BR-101/SC;Sul;Colisão Lateral;1;2;;;;;1
02/03/2016;02:00:00;29;sem vítima;178,01;BR-101/SC;Sul;Saida de Pista;1;1;;;;;1
10/03/2016;22:47:00;407;com vítima;179,001;BR-101/SC;Sul;Colisão Traseira;1;1;1;;;;1
11/03/2016;15:55:00;293;sem vítima;113,001;BR-116/PR;Norte;Saida de Pista;1;1;;;;;1
03/05/2016;12:15:00;177;sem vítima;179,3;BR-101/SC;Sul;Colisão Traseira;1;2;;;;;1
16/03/2016;16:45:00;307;sem vítima;659,807;BR-376/PR;Norte;Saida de Pista;1;1;;;;;1
11/01/2016;09:47:00;157;sem vítima;659,85;BR-376/PR;Sul;Tombamento;1;1;;;;;1
07/01/2016;10:57:00;166;sem vítima;659,89;BR-376/PR;Sul;Saida de Pista;1;1;;;;;1
01/04/2016;02:51:00;47;sem vítima;659,9;BR-376/PR;Sul;Tombamento;1;1;;;;;1
19/04/2016;12:05:00;251;sem vítima;180,3;BR-101/SC;Norte;Colisão Lateral;2;2;;;;;1
16/02/2016;18:29:00;331;sem vítima;659,95;BR-376/PR;Norte;Choque - Defensa, barreira ou "submarino";1;1;;;;;1
27/04/2016;20:44:00;437;sem vítima;180,905;BR-101/SC;Sul;Saida de Pista;1;1;;;;;1
25/01/2016;02:55:00;45;com vítima;666,095;BR-376/PR;Sul;Tombamento;1;0;1;1;;;2
07/02/2016;22:24:00;352;sem vítima;660,001;BR-376/PR;Sul;Colisão Traseira;2;2;;;;;1
08/08/2016;09:32:00;164;com vítima;660,001;BR-376/PR;Sul;Colisão Traseira;1;1;;1;;;2
15/06/2016;08:55:00;118;sem vítima;660,01;BR-376/PR;Sul;Saida de Pista;1;1;;;;;1
11/07/2016;11:30:00;212;com vítima;182,001;BR-101/SC;Sul;Saida de Pista;1;3;;1;;;2
11/07/2016;14:02:00;262;sem vítima;182,1;BR-101/SC;Sul;Colisão Traseira;1;2;;;;;1
14/08/2016;09:41:00;188;sem vítima;182,2;BR-101/SC;Sul;Choque - Defensa, barreira ou "submarino";1;5;;;;;1
11/03/2016;15:48:00;289;sem vítima;182,6;BR-101/SC;Sul;Colisão Lateral;1;2;;;;;1
09/02/2016;17:19:00;348;sem vítima;182,8;BR-101/SC;Sul;Choque - Defensa, barreira ou "submarino";1;1;;;;;1
23/02/2016;17:01:00;299;sem vítima;660,3;BR-376/PR;Sul;Colisão Traseira;1;2;;;;;1
22/05/2016;12:05:00;206;sem vítima;184,759;BR-101/SC;Norte;Capotamento;1;2;;;;;1
29/08/2016;18:20:00;450;sem vítima;113,55;BR-116/PR;Sul;Saida de Pista;1;1;;;;;1
09/03/2016;09:40:00;139;sem vítima;185,001;BR-101/SC;Sul;Engavetamento;1;2;;;;;1
07/06/2016;18:39:00;428;sem vítima;185,2;BR-101/SC;Norte;Colisão Lateral;1;2;;;;;1
24/02/2016;19:59:00;412;sem vítima;185,5;BR-101/SC;Norte;Colisão Lateral;1;2;;;;;1
06/07/2016;16:20:00;311;sem vítima;661,5;BR-376/PR;Sul;Colisão Traseira;1;2;;;;;1
12/06/2016;09:29:00;114;sem vítima;186,69;BR-101/SC;Norte;Choque - Defensa, barreira ou "submarino";1;1;;;;;1
06/07/2016;06:14:00;83;com vítima;186,692;BR-101/SC;Sul;Engavetamento;3;5;1;;;;1
09/03/2016;17:45:00;355;sem vítima;186,9;BR-101/SC;Sul;Colisão Lateral;1;2;;;;;1
11/03/2016;17:13:00;337;sem vítima;187,001;BR-101/SC;Sul;Colisão Lateral;1;2;;;;;1
20/04/2016;11:04:00;213;sem vítima;113,9;BR-116/PR;Sul;Colisão Lateral;2;3;;;;;1
02/04/2016;10:32:00;181;sem vítima;187,74;BR-101/SC;Sul;Colisão Lateral;1;2;;;;;1
08/08/2016;15:35:00;304;sem vítima;187,8;BR-101/SC;Norte;Colisão Traseira;1;3;;;;;1
18/03/2016;13:57:00;229;sem vítima;187,95;BR-101/SC;Norte;Colisão Lateral;1;2;;;;;1
28/01/2016;13:47:00;173;sem vítima;662,001;BR-376/PR;Norte;Colisão Traseira;2;2;;;;;1
23/05/2016;08:06:00;126;sem vítima;188,001;BR-101/SC;Sul;Colisão Traseira;2;4;;;;;1
07/06/2016;16:20:00;393;sem vítima;188,1;BR-101/SC;Sul;Colisão Lateral;1;2;;;;;1
13/07/2016;11:00:00;214;sem vítima;662,1;BR-376/PR;Norte;Colisão Traseira;2;2;;;;;1
08/01/2016;18:09:00;312;sem vítima;662,3;BR-376/PR;Sul;Colisão Traseira;1;2;;;;;1
25/05/2016;06:26:00;106;sem vítima;189,001;BR-101/SC;Norte;Colisão Traseira;2;2;;;;;1
09/07/2016;10:25:00;241;sem vítima;189,001;BR-101/SC;Sul;Colisão Lateral;1;3;;;;;1
16/02/2016;03:45:00;40;sem vítima;189,002;BR-101/SC;Norte;Choque - Defensa, barreira ou "submarino";1;1;;;;;1
16/03/2016;17:33:00;333;sem vítima;189,2;BR-101/SC;Sul;Engavetamento;1;3;;;;;1
07/01/2016;23:39:00;450;sem vítima;663,001;BR-376/PR;Sul;Colisão Lateral;1;2;;;;;1
09/04/2016;19:03:00;394;com vítima;114,001;BR-116/PR;Norte;Saida de Pista;1;0;1;;;;1
10/08/2016;16:31:00;369;sem vítima;114,001;BR-116/PR;Sul;Colisão Traseira;1;2;;;;;1
28/05/2016;08:19:00;113;sem vítima;114,05;BR-116/PR;Sul;Saida de Pista;2;2;;;;;1
10/02/2016;16:09:00;273;sem vítima;114,1;BR-116/PR;Norte;Engavetamento;2;5;;;;;1
11/04/2016;13:17:00;209;sem vítima;190,8;BR-101/SC;Norte;Saida de Pista;1;2;;;;;1
18/03/2016;03:23:00;42;com vítima;663,78;BR-376/PR;Sul;Colisão Traseira;1;16;;;;1;3
06/04/2016;05:01:00;62;sem vítima;663,787;BR-376/PR;Norte;Saida de Pista;1;1;;;;;1
12/03/2016;10:16:00;153;sem vítima;114,3;BR-116/PR;Sul;Colisão Traseira;1;2;;;;;1
18/05/2016;04:14:00;52;com vítima;663,922;BR-376/PR;Sul;Colisão Frontal;2;1;;1;;1;3
27/04/2016;07:02:00;71;com vítima;191,94;BR-101/SC;Norte;Colisão Lateral;1;2;1;;;;1
30/03/2016;04:10:00;47;sem vítima;191,96;BR-101/SC;Norte;Tombamento;1;1;;;;;1
04/03/2016;07:01:00;60;com vítima;114,4;BR-116/PR;Norte;Colisão Traseira;1;1;1;1;;;2
22/03/2016;06:59:00;71;sem vítima;114,4;BR-116/PR;Norte;Saida de Pista;1;1;;;;;1
10/08/2016;21:00:00;482;com vítima;192,1;BR-101/SC;Norte;Tombamento;1;1;1;;;;1
26/02/2016;01:00:00;23;sem vítima;192,11;BR-101/SC;Norte;Saida de Pista;1;1;;;;;1
15/08/2016;20:03:00;419;sem vítima;192,139;BR-101/SC;Sul;Colisão Lateral;1;2;;;;;1
04/07/2016;05:46:00;73;com vítima;192,181;BR-101/SC;Norte;Tombamento;1;0;1;;;;1
14/07/2016;09:25:00;154;com vítima;192,2;BR-101/SC;Norte;Capotamento;1;1;1;;;;1
20/07/2016;09:47:00;184;sem vítima;192,9;BR-101/SC;Norte;Colisão Lateral;1;2;;;;;1
04/02/2016;09:28:00;92;sem vítima;664,001;BR-376/PR;Norte;Colisão Lateral;1;2;;;;;1
02/03/2016;17:20:00;324;sem vítima;664,001;BR-376/PR;Sul;Colisão Traseira;2;2;;;;;1
17/01/2016;15:47:00;240;sem vítima;193,001;BR-101/SC;Norte;Colisão Lateral;1;2;;;;;1
24/02/2016;08:01:00;106;sem vítima;193,001;BR-101/SC;Sul;Tombamento;1;1;;;;;1
24/02/2016;09:27:00;150;sem vítima;193,001;BR-101/SC;Sul;Colisão Traseira;1;2;;;;;1
29/05/2016;12:08:00;221;sem vítima;664,001;BR-376/PR;Norte;Colisão Traseira;1;2;;;;;1
05/06/2016;09:57:00;155;sem vítima;664,001;BR-376/PR;Norte;Colisão Lateral;1;2;;;;;1
04/05/2016;07:45:00;73;com vítima;114,6;BR-116/PR;Sul;Colisão Lateral;1;1;1;;;;1
06/06/2016;10:21:00;161;sem vítima;664,01;BR-376/PR;Norte;Saida de Pista;1;2;;;;;1
18/06/2016;09:50:00;157;sem vítima;664,01;BR-376/PR;Norte;Colisão Lateral;1;2;;;;;1
22/03/2016;15:45:00;259;sem vítima;193,57;BR-101/SC;Norte;Saida de Pista;1;1;;;;;1
26/07/2016;22:16:00;505;sem vítima;193,659;BR-101/SC;Norte;Colisão Lateral;1;2;;;;;1
17/03/2016;10:11:00;154;com vítima;114,677;BR-116/PR;Norte;Tombamento;1;0;;1;;;2
13/04/2016;13:07:00;217;sem vítima;193,8;BR-101/SC;Sul;Colisão Lateral;1;2;;;;;1
25/01/2016;11:49:00;194;com vítima;193,868;BR-101/SC;Sul;Colisão Lateral;1;1;1;;;;1
14/01/2016;11:06:00;167;sem vítima;193,9;BR-101/SC;Norte;Colisão Lateral;1;2;;;;;1
17/05/2016;16:57:00;378;sem vítima;114,742;BR-116/PR;Norte;Saida de Pista;1;1;;;;;1
16/08/2016;13:33:00;276;sem vítima;194,5;BR-101/SC;Norte;Colisão Lateral;1;2;;;;;1
29/01/2016;07:57:00;85;com vítima;195,35;BR-101/SC;Sul;Colisão Traseira;1;3;1;;;;1
10/06/2016;16:57:00;343;sem vítima;195,568;BR-101/SC;Sul;Colisão Lateral;2;2;;;;;1
22/03/2016;10:53:00;153;com vítima;664,3;BR-376/PR;Norte;Colisão Traseira;1;2;1;;;;1
16/07/2016;12:39:00;234;sem vítima;664,3;BR-376/PR;Norte;Saida de Pista;1;2;;;;;1
20/04/2016;11:08:00;214;sem vítima;115,001;BR-116/PR;Sul;Colisão Traseira;1;2;;;;;1
20/05/2016;11:31:00;242;sem vítima;115,001;BR-116/PR;Norte;Engavetamento;1;5;;;;;1
18/08/2016;18:40:00;496;sem vítima;115,001;BR-116/PR;Norte;Saida de Pista;1;1;;;;;1
16/01/2016;14:38:00;250;sem vítima;664,4;BR-376/PR;Norte;Saida de Pista;1;1;;;;;1
26/01/2016;01:15:00;23;com vítima;664,4;BR-376/PR;Norte;Colisão Traseira;1;0;1;;1;;2
06/04/2016;05:07:00;63;sem vítima;196,673;BR-101/SC;Sul;Tombamento;1;1;;;;;1
18/02/2016;18:01:00;378;sem vítima;71,171;BR-116/PR;Sul;Choque - Defensa, barreira ou "submarino";1;1;;;;;1
10/02/2016;21:59:00;407;sem vítima;197,001;BR-101/SC;Sul;Colisão Lateral;1;2;;;;;1
03/03/2016;08:25:00;92;sem vítima;197,001;BR-101/SC;Sul;Colisão Traseira;2;2;;;;;1
01/07/2016;11:49:00;237;sem vítima;197,068;BR-101/SC;Norte;Colisão Lateral;1;2;;;;;1
08/01/2016;14:33:00;218;sem vítima;197,1;BR-101/SC;Sul;Colisão Traseira;1;2;;;;;1
21/02/2016;13:29:00;194;sem vítima;197,1;BR-101/SC;Sul;Colisão Lateral;1;4;;;;;1
28/06/2016;18:49:00;389;sem vítima;197,2;BR-101/SC;Sul;Colisão Traseira;1;2;;;;;1
29/08/2016;22:15:00;506;sem vítima;197,398;BR-101/SC;Norte;Colisão Lateral;1;3;;;;;1
16/08/2016;20:28:00;419;sem vítima;71,8;BR-116/PR;Norte;Colisão Traseira;3;3;;;;;1
05/02/2016;10:25:00;146;com vítima;197,9;BR-101/SC;Sul;Colisão Traseira;1;1;1;;;;1
13/06/2016;08:17:00;97;com vítima;198,001;BR-101/SC;Sul;Colisão Transversal;1;1;1;;;;1
07/04/2016;01:25:00;4;sem vítima;198,086;BR-101/SC;Norte;Colisão Lateral;1;2;;;;;1
22/02/2016;08:38:00;98;sem vítima;664,5;BR-376/PR;Norte;Colisão Lateral;1;2;;;;;1
06/07/2016;17:38:00;340;sem vítima;198,3;BR-101/SC;Norte;Engavetamento;1;3;;;;;1
19/05/2016;07:19:00;83;sem vítima;664,5;BR-376/PR;Sul;Outros;1;1;;;;;1
13/07/2016;06:54:00;108;sem vítima;664,5;BR-376/PR;Norte;Colisão Lateral;1;2;;;;;1
11/05/2016;00:57:00;16;sem vítima;73,2;BR-116/PR;Sul;Tombamento;1;1;;;;;1
10/04/2016;10:51:00;161;sem vítima;73,337;BR-116/PR;Norte;Saida de Pista;1;1;;;;;1
04/02/2016;16:37:00;248;com vítima;199,001;BR-101/SC;Sul;Colisão Traseira;1;1;;1;;;2
20/02/2016;22:49:00;451;com vítima;199,001;BR-101/SC;Norte;Queda de Moto;1;1;1;;;;1
09/06/2016;05:34:00;60;sem vítima;199,3;BR-101/SC;Sul;Colisão Traseira;1;2;;;;;1
27/06/2016;19:00:00;376;sem vítima;199,5;BR-101/SC;Sul;Colisão Transversal;1;2;;;;;1
01/06/2016;08:30:00;157;sem vítima;199,8;BR-101/SC;Sul;Colisão Traseira;1;2;;;;;1
10/08/2016;02:05:00;41;sem vítima;74,274;BR-116/PR;Sul;Choque - Defensa, barreira ou "submarino";1;1;;;;;1
22/02/2016;09:56:00;134;com vítima;200,011;BR-101/SC;Norte;Colisão Lateral;1;1;1;;;;1
26/04/2016;17:29:00;297;com vítima;200,2;BR-101/SC;Sul;Colisão Traseira;1;1;1;;;;1
26/04/2016;05:44:00;58;com vítima;74,998;BR-116/PR;Sul;Colisão Lateral;1;1;1;;;;1
17/02/2016;17:32:00;335;sem vítima;200,7;BR-101/SC;Norte;Colisão Lateral;1;2;;;;;1
22/08/2016;08:03:00;139;sem vítima;664,8;BR-376/PR;Sul;Saida de Pista;1;1;;;;;1
18/03/2016;09:40:00;148;com vítima;200,85;BR-101/SC;Sul;Colisão Lateral;1;2;1;;;;1
16/08/2016;19:31:00;405;sem vítima;664,825;BR-376/PR;Sul;Choque - Suporte de Sinalização;1;1;;;;;1
21/03/2016;09:46:00;124;com vítima;200,928;BR-101/SC;Sul;Colisão Transversal;1;1;;;;1;3
11/03/2016;23:08:00;462;sem vítima;76,1;BR-116/PR;Norte;Tombamento;1;1;;;;;1
06/02/2016;02:59:00;43;sem vítima;201,001;BR-101/SC;Sul;Colisão Traseira;1;2;;;;;1
02/03/2016;13:10:00;231;com vítima;201,001;BR-101/SC;Norte;Capotamento;1;1;;1;;;2
08/06/2016;12:09:00;213;sem vítima;201,001;BR-101/SC;Sul;Choque - Outros;1;3;;;;;1
10/06/2016;07:52:00;110;sem vítima;201,001;BR-101/SC;Sul;Colisão Lateral;1;2;;;;;1
12/08/2016;08:36:00;153;sem vítima;201,001;BR-101/SC;Norte;Colisão Traseira;1;2;;;;;1
14/07/2016;16:13:00;293;sem vítima;77,122;BR-116/PR;Sul;Tombamento;1;1;;;;;1
21/06/2016;17:58:00;313;sem vítima;201,2;BR-101/SC;Sul;Colisão Traseira;1;2;;;;;1
04/08/2016;19:34:00;396;sem vítima;201,2;BR-101/SC;Sul;Colisão Traseira;1;2;;;;;1
18/08/2016;18:03:00;481;com vítima;201,4;BR-101/SC;Sul;Colisão Traseira;2;1;1;;;;1
13/07/2016;15:21:00;297;sem vítima;201,8;BR-101/SC;Sul;Colisão Lateral;1;2;;;;;1
04/04/2016;18:53:00;377;sem vítima;201,9;BR-101/SC;Norte;Engavetamento;1;3;;;;;1
29/07/2016;16:02:00;353;com vítima;201,915;BR-101/SC;Sul;Colisão Lateral;1;1;;;;1;3
24/08/2016;01:19:00;40;com vítima;79,3;BR-116/PR;Norte;Saida de Pista;1;0;1;;;;1
12/01/2016;17:52:00;326;com vítima;202,001;BR-101/SC;Norte;Colisão Traseira;1;1;;1;;;2
17/02/2016;06:38:00;66;com vítima;202,001;BR-101/SC;Sul;Engavetamento;2;2;2;;;;1
30/06/2016;10:42:00;187;sem vítima;202,001;BR-101/SC;Sul;Outros;1;2;;;;;1
18/08/2016;00:44:00;27;sem vítima;79,794;BR-116/PR;Norte;Tombamento;1;1;;;;;1
26/02/2016;20:59:00;404;sem vítima;665,001;BR-376/PR;Norte;Colisão Traseira;1;2;;;;;1
07/08/2016;10:39:00;205;sem vítima;665,001;BR-376/PR;Sul;Colisão Traseira;1;2;;;;;1
28/07/2016;22:20:00;495;sem vítima;80,5;BR-116/PR;Norte;Atropelamento - Animal;1;1;;;;;1
02/05/2016;21:14:00;386;sem vítima;202,977;BR-101/SC;Norte;Colisão Lateral;1;2;;;;;1
18/03/2016;02:41:00;34;sem vítima;665,1;BR-376/PR;Sul;Colisão Traseira;1;2;;;;;1
25/01/2016;13:04:00;226;sem vítima;81,001;BR-116/PR;Sul;Saida de Pista;1;1;;;;;1
23/01/2016;20:55:00;380;com vítima;81,356;BR-116/PR;Sul;Tombamento;1;1;;1;;;2
08/01/2016;21:28:00;380;com vítima;203,001;BR-101/SC;Sul;Colisão Traseira;1;1;;1;;;2
27/05/2016;15:41:00;279;sem vítima;203,001;BR-101/SC;Norte;Colisão Traseira;2;3;;;;;1
10/06/2016;13:26:00;247;sem vítima;203,001;BR-101/SC;Sul;Engavetamento;1;3;;;;;1
05/04/2016;07:56:00;93;sem vítima;203,09;BR-101/SC;Sul;Colisão Lateral;1;2;;;;;1
08/01/2016;17:39:00;299;sem vítima;203,1;BR-101/SC;Sul;Colisão Traseira;1;2;;;;;1
07/06/2016;17:00:00;397;sem vítima;203,1;BR-101/SC;Norte;Choque - Defensa, barreira ou "submarino";1;1;;;;;1
13/07/2016;10:46:00;205;sem vítima;665,2;BR-376/PR;Sul;Saida de Pista;1;2;;;;;1
02/03/2016;13:46:00;240;sem vítima;203,2;BR-101/SC;Sul;Colisão Lateral;1;2;;;;;1
03/03/2016;20:00:00;408;sem vítima;203,3;BR-101/SC;Norte;Engavetamento;2;4;;;;;1
20/08/2016;10:12:00;168;sem vítima;82,001;BR-116/PR;Norte;Saida de Pista;1;1;;;;;1
31/08/2016;10:01:00;207;sem vítima;82,001;BR-116/PR;Sul;Saida de Pista;1;1;;;;;1
26/04/2016;14:30:00;214;sem vítima;203,45;BR-101/SC;Sul;Colisão Lateral;1;2;;;;;1
22/01/2016;04:19:00;34;sem vítima;665,329;BR-376/PR;Norte;Tombamento;1;1;;;;;1
08/03/2016;17:50:00;291;sem vítima;203,5;BR-101/SC;Norte;Engavetamento;1;3;;;;;1
08/02/2016;17:07:00;312;sem vítima;203,6;BR-101/SC;Norte;Colisão Lateral;1;2;;;;;1
23/03/2016;12:31:00;218;sem vítima;203,65;BR-101/SC;Norte;Colisão Lateral;1;2;;;;;1
18/05/2016;08:35:00;109;sem vítima;203,7;BR-101/SC;Sul;Colisão Lateral;1;2;;;;;1
12/07/2016;16:55:00;350;sem vítima;203,7;BR-101/SC;Norte;Colisão Traseira;1;3;;;;;1
17/05/2016;06:50:00;85;sem vítima;82,877;BR-116/PR;Norte;Colisão Traseira;2;2;;;;;1
23/03/2016;07:02:00;91;sem vítima;203,8;BR-101/SC;Sul;Colisão Lateral;1;2;;;;;1
26/08/2016;01:00:00;30;sem vítima;83,57;BR-116/PR;Sul;Tombamento;1;1;;;;;1
27/02/2016;18:47:00;366;com vítima;665,45;BR-376/PR;Sul;Tombamento;1;0;;1;;;2
08/08/2016;00:50:00;19;com vítima;665,462;BR-376/PR;Sul;Choque - Defensa, barreira ou "submarino";1;2;1;;;;1
08/02/2016;16:52:00;304;sem vítima;204,001;BR-101/SC;Norte;Engavetamento;3;4;;;;;1
19/02/2016;10:55:00;170;com vítima;204,001;BR-101/SC;Sul;Colisão Traseira;1;1;1;;;;1
27/04/2016;01:46:00;20;sem vítima;84,239;BR-116/PR;Sul;Tombamento;1;1;;;;;1
15/08/2016;14:09:00;273;sem vítima;204,001;BR-101/SC;Sul;Colisão Traseira;1;2;;;;;1
10/02/2016;08:00:00;96;com vítima;665,5;BR-376/PR;Sul;Tombamento;1;0;;2;;;2
09/03/2016;18:44:00;393;sem vítima;665,5;BR-376/PR;Norte;Saida de Pista;1;1;;;;;1
23/04/2016;12:23:00;179;sem vítima;204,01;BR-101/SC;Norte;Colisão Lateral;1;2;;;;;1
09/06/2016;08:22:00;103;sem vítima;665,5;BR-376/PR;Sul;Tombamento;1;1;;;;;1
16/07/2016;09:51:00;167;com vítima;665,5;BR-376/PR;Sul;Colisão Traseira;1;3;;1;1;;2
25/05/2016;15:08:00;333;com vítima;204,172;BR-101/SC;Sul;Colisão Traseira;1;3;1;;;;1
12/02/2016;21:51:00;425;sem vítima;665,55;BR-376/PR;Sul;Engavetamento;1;3;;;;;1
06/01/2016;05:09:00;40;sem vítima;665,562;BR-376/PR;Sul;Tombamento;2;2;;;;;1
24/03/2016;04:36:00;53;sem vítima;84,99;BR-116/PR;Sul;Saida de Pista;1;1;;;;;1
17/07/2016;08:02:00;114;sem vítima;85,001;BR-116/PR;Norte;Colisão Lateral;1;2;;;;;1
01/04/2016;17:38:00;327;sem vítima;204,6;BR-101/SC;Norte;Colisão Traseira;1;2;;;;;1
22/06/2016;01:58:00;30;sem vítima;665,6;BR-376/PR;Sul;Colisão Traseira;1;2;;;;;1
29/05/2016;18:23:00;352;sem vítima;204,7;BR-101/SC;Sul;Colisão Traseira;1;2;;;;;1
11/06/2016;01:13:00;31;com vítima;85,4;BR-116/PR;Norte;Colisão Traseira;1;1;;1;;;2
31/05/2016;19:59:00;405;com vítima;204,815;BR-101/SC;Norte;Colisão Traseira;2;3;1;;;;1
18/01/2016;07:59:00;112;sem vítima;204,901;BR-101/SC;Norte;Colisão Traseira;1;2;;;;;1
04/02/2016;07:16:00;38;sem vítima;204,95;BR-101/SC;Sul;Colisão Lateral;2;2;;;;;1
16/01/2016;12:37:00;200;sem vítima;665,8;BR-376/PR;Sul;Colisão Traseira;1;2;;;;;1
23/02/2016;10:53:00;166;sem vítima;665,8;BR-376/PR;Norte;Colisão Traseira;1;2;;;;;1
12/01/2016;17:28:00;311;sem vítima;665,9;BR-376/PR;Sul;Colisão Lateral;1;2;;;;;1
08/08/2016;15:16:00;297;sem vítima;665,9;BR-376/PR;Sul;Colisão Lateral;2;2;;;;;1
25/01/2016;18:41:00;389;com vítima;205,001;BR-101/SC;Norte;Colisão Traseira;1;1;1;;;;1
04/04/2016;18:18:00;368;sem vítima;86,001;BR-116/PR;Norte;Choque - Veiculo parado na pista;1;2;;;;;1
20/04/2016;09:50:00;165;sem vítima;205,01;BR-101/SC;Sul;Colisão Traseira;1;2;;;;;1
06/07/2016;19:50:00;404;sem vítima;205,078;BR-101/SC;Norte;Colisão Lateral;1;2;;;;;1
16/02/2016;19:47:00;362;sem vítima;205,1;BR-101/SC;Sul;Colisão Lateral;1;2;;;;;1
30/06/2016;23:13:00;496;sem vítima;205,101;BR-101/SC;Norte;Colisão Lateral;1;2;;;;;1
19/04/2016;19:46:00;481;sem vítima;86,1;BR-116/PR;Sul;Saida de Pista;1;2;;;;;1
02/02/2016;22:45:00;359;sem vítima;666,001;BR-376/PR;Sul;Saida de Pista;1;2;;;;;1
14/02/2016;13:44:00;160;sem vítima;205,5;BR-101/SC;Sul;Colisão Lateral;1;2;;;;;1
16/03/2016;06:25:00;61;sem vítima;205,5;BR-101/SC;Norte;Colisão Lateral;1;2;;;;;1
10/05/2016;14:27:00;291;sem vítima;205,5;BR-101/SC;Norte;Colisão Traseira;1;3;;;;;1
15/08/2016;16:50:00;342;sem vítima;205,5;BR-101/SC;Sul;Colisão Traseira;1;2;;;;;1
07/08/2016;19:29:00;436;sem vítima;666,001;BR-376/PR;Sul;Engavetamento;1;4;;;;;1
30/06/2016;20:15:00;483;sem vítima;205,7;BR-101/SC;Sul;Colisão Traseira;1;2;;;;;1
29/08/2016;12:47:00;303;sem vítima;205,7;BR-101/SC;Norte;Colisão Lateral;1;2;;;;;1
10/06/2016;05:34:00;64;sem vítima;205,766;BR-101/SC;Norte;Colisão Traseira;1;2;;;;;1
05/02/2016;04:26:00;40;sem vítima;666,05;BR-376/PR;Sul;Saida de Pista;1;1;;;;;1
18/02/2016;16:44:00;325;sem vítima;205,9;BR-101/SC;Sul;Colisão Traseira;1;2;;;;;1
13/04/2016;11:18:00;178;sem vítima;666,1;BR-376/PR;Sul;Colisão Lateral;2;2;;;;;1
01/06/2016;16:33:00;375;sem vítima;666,15;BR-376/PR;Norte;Colisão Traseira;1;3;;;;;1
22/02/2016;11:29:00;165;sem vítima;666,2;BR-376/PR;Sul;Colisão Lateral;2;2;;;;;1
04/06/2016;18:37:00;356;com vítima;87,352;BR-116/PR;Sul;Atropelamento - Andarilho;1;1;;1;;;2
23/03/2016;16:11:00;294;sem vítima;666,3;BR-376/PR;Sul;Colisão Traseira;1;2;;;;;1
22/01/2016;17:04:00;284;sem vítima;206,001;BR-101/SC;Norte;Engavetamento;3;3;;;;;1
11/02/2016;11:25:00;156;sem vítima;206,001;BR-101/SC;Norte;Colisão Traseira;2;2;;;;;1
29/06/2016;02:38:00;43;sem vítima;87,5;BR-116/PR;Sul;Tombamento;1;1;;;;;1
04/04/2016;21:25:00;424;com vítima;206,001;BR-101/SC;Sul;Colisão Lateral;1;2;1;;;;1
30/05/2016;16:35:00;363;sem vítima;206,001;BR-101/SC;Norte;Colisão Traseira;1;2;;;;;1
16/06/2016;09:57:00;151;sem vítima;206,001;BR-101/SC;Norte;Colisão Traseira;2;2;;;;;1
12/07/2016;14:12:00;282;sem vítima;206,001;BR-101/SC;Norte;Colisão Lateral;1;2;;;;;1
09/08/2016;18:59:00;450;com vítima;206,001;BR-101/SC;Norte;Engavetamento;1;3;1;;;;1
17/08/2016;13:02:00;325;sem vítima;206,001;BR-101/SC;Norte;Colisão Traseira;1;2;;;;;1
24/05/2016;07:14:00;107;com vítima;206,005;BR-101/SC;Sul;Engavetamento;1;2;1;;;;1
08/07/2016;07:51:00;119;com vítima;87,754;BR-116/PR;Norte;Colisão Traseira;1;1;;1;;;2
23/05/2016;14:11:00;276;com vítima;206,038;BR-101/SC;Norte;Colisão Traseira;1;1;1;;;;1
08/03/2016;15:52:00;233;sem vítima;666,5;BR-376/PR;Sul;Colisão Traseira;1;2;;;;;1
24/07/2016;14:53:00;287;sem vítima;206,1;BR-101/SC;Norte;Engavetamento;1;4;;;;;1
26/08/2016;22:02:00;495;com vítima;88,001;BR-116/PR;Norte;Engavetamento;2;3;;1;;;2
05/02/2016;09:22:00;116;com vítima;206,2;BR-101/SC;Sul;Engavetamento;1;4;1;;;;1
25/05/2016;12:54:00;286;sem vítima;206,3;BR-101/SC;Sul;Colisão Traseira;1;2;;;;;1
05/05/2016;12:00:00;234;sem vítima;666,7;BR-376/PR;Sul;Colisão Traseira;2;2;;;;;1
23/01/2016;18:01:00;310;com vítima;88,5;BR-116/PR;Sul;Tombamento;1;0;;1;;;2
30/06/2016;19:29:00;442;sem vítima;206,421;BR-101/SC;Norte;Tombamento;2;2;;;;;1
16/01/2016;14:34:00;249;sem vítima;666,8;BR-376/PR;Norte;Colisão Traseira;1;2;;;;;1
30/06/2016;06:19:00;78;sem vítima;666,8;BR-376/PR;Sul;Colisão Traseira;2;2;;;;;1
12/02/2016;21:33:00;420;sem vítima;206,5;BR-101/SC;Sul;Colisão Traseira;1;2;;;;;1
23/02/2016;11:09:00;173;sem vítima;666,9;BR-376/PR;Norte;Saida de Pista;1;1;;;;;1
17/06/2016;19:52:00;379;sem vítima;666,9;BR-376/PR;Norte;Colisão Traseira;1;2;;;;;1
08/05/2016;21:49:00;381;sem vítima;88,8;BR-116/PR;Norte;Saida de Pista;1;2;;;;;1