data;horario;n_da_ocorrencia;tipo_de_ocorrencia;km;trecho;sentido;tipo_de_acidente;caminhao;ilesos;levemente_feridos;moderadamente_feridos;gravemente_feridos;mortos;3
12/08/2016;09:23:00;181;sem vítima;206,85;BR-101/SC;Sul;Colisão Traseira;1;2;;;;;1
04/07/2016;11:28:00;195;sem vítima;206,9;BR-101/SC;Sul;Choque - Defensa, barreira ou "submarino";1;1;;;;;1
12/07/2016;13:12:00;261;com vítima;89,001;BR-116/PR;Sul;Saida de Pista;1;1;1;;;;1
23/07/2016;08:58:00;163;sem vítima;89,001;BR-116/PR;Sul;Colisão Traseira;1;3;;;;;1
09/02/2016;07:22:00;63;sem vítima;667,01;BR-376/PR;Sul;Saida de Pista;1;1;;;;;1
21/01/2016;16:18:00;283;sem vítima;207,001;BR-101/SC;Sul;Choque - Objeto sobre a pista;1;2;;;;;1
03/03/2016;06:36:00;50;com vítima;207,001;BR-101/SC;Sul;Engavetamento;3;4;1;;;;1
27/04/2016;17:44:00;360;sem vítima;207,001;BR-101/SC;Sul;Colisão Lateral;1;2;;;;;1
26/01/2016;21:19:00;414;com vítima;667,05;BR-376/PR;Sul;Tombamento;1;0;1;;;;1
26/01/2016;15:20:00;266;sem vítima;667,052;BR-376/PR;Sul;Saida de Pista;1;1;;;;;1
29/08/2016;08:52:00;177;com vítima;207,001;BR-101/SC;Sul;Engavetamento;1;2;;1;;;2
30/01/2016;10:24:00;142;sem vítima;667,1;BR-376/PR;Sul;Colisão Traseira;2;2;;;;;1
03/08/2016;18:44:00;338;sem vítima;667,1;BR-376/PR;Norte;Colisão Traseira;1;2;;;;;1
23/03/2016;16:43:00;314;sem vítima;207,1;BR-101/SC;Sul;Colisão Lateral;1;2;;;;;1
10/01/2016;15:22:00;250;sem vítima;667,3;BR-376/PR;Norte;Saida de Pista;1;2;;;;;1
11/04/2016;07:42:00;76;sem vítima;667,3;BR-376/PR;Norte;Colisão Lateral;1;2;;;;;1
01/03/2016;20:20:00;393;sem vítima;207,15;BR-101/SC;Sul;Colisão Traseira;1;2;;;;;1
06/04/2016;20:03:00;364;com vítima;207,2;BR-101/SC;Sul;Colisão Lateral;1;2;;1;;;2
11/01/2016;09:39:00;149;com vítima;667,422;BR-376/PR;Sul;Tombamento;1;0;;1;1;;2
05/03/2016;16:43:00;248;sem vítima;667,5;BR-376/PR;Sul;Choque - Defensa, barreira ou "submarino";1;1;;;;;1
20/04/2016;00:23:00;12;sem vítima;207,3;BR-101/SC;Sul;Choque - Defensa, barreira ou "submarino";1;2;;;;;1
22/05/2016;10:28:00;180;sem vítima;667,5;BR-376/PR;Sul;Saida de Pista;1;2;;;;;1
26/08/2016;05:40:00;96;com vítima;667,5;BR-376/PR;Sul;Tombamento;1;6;1;1;;1;3
28/04/2016;15:53:00;329;sem vítima;667,523;BR-376/PR;Sul;Tombamento;1;2;;;;;1
20/02/2016;04:09:00;73;com vítima;207,5;BR-101/SC;Sul;Colisão Traseira;1;1;;;;1;3
09/05/2016;20:13:00;379;sem vítima;207,5;BR-101/SC;Sul;Colisão Traseira;1;2;;;;;1
08/08/2016;19:05:00;388;sem vítima;207,5;BR-101/SC;Norte;Colisão Transversal;1;2;;;;;1
12/08/2016;08:21:00;142;sem vítima;207,5;BR-101/SC;Sul;Colisão Traseira;3;4;;;;;1
30/04/2016;11:39:00;212;sem vítima;207,6;BR-101/SC;Sul;Colisão Lateral;1;2;;;;;1
08/03/2016;20:10:00;340;sem vítima;667,6;BR-376/PR;Norte;Engavetamento;1;3;;;;;1
08/03/2016;19:35:00;329;sem vítima;667,6;BR-376/PR;Norte;Colisão Traseira;1;2;;;;;1
09/02/2016;23:59:00;498;sem vítima;207,64;BR-101/SC;Sul;Colisão Traseira;1;2;;;;;1
12/07/2016;23:29:00;495;sem vítima;207,7;BR-101/SC;Sul;Colisão Lateral;1;2;;;;;1
22/01/2016;05:40:00;47;sem vítima;667,6;BR-376/PR;Sul;Colisão Traseira;1;2;;;;;1
08/03/2016;08:51:00;112;sem vítima;667,6;BR-376/PR;Sul;Saida de Pista;1;1;;;;;1
15/06/2016;06:42:00;57;com vítima;667,6;BR-376/PR;Sul;Tombamento;1;0;1;;1;;2
07/08/2016;05:52:00;111;sem vítima;667,6;BR-376/PR;Sul;Tombamento;1;1;;;;;1
07/06/2016;08:12:00;117;sem vítima;667,62;BR-376/PR;Sul;Tombamento;1;1;;;;;1
17/08/2016;18:58:00;466;sem vítima;207,8;BR-101/SC;Norte;Colisão Traseira;1;3;;;;;1
10/03/2016;20:35:00;363;sem vítima;207,95;BR-101/SC;Norte;Colisão Traseira;1;4;;;;;1
27/02/2016;11:26:00;188;sem vítima;667,9;BR-376/PR;Norte;Colisão Lateral;1;2;;;;;1
25/01/2016;19:10:00;400;sem vítima;208,001;BR-101/SC;Norte;Engavetamento;2;4;;;;;1
04/03/2016;12:40:00;188;sem vítima;208,001;BR-101/SC;Sul;Colisão Traseira;1;2;;;;;1
25/08/2016;11:27:00;307;com vítima;208,001;BR-101/SC;Norte;Colisão Lateral;1;1;1;;;;1
05/02/2016;09:13:00;113;com vítima;208,2;BR-101/SC;Norte;Colisão Lateral;1;1;1;;;;1
09/05/2016;17:38:00;325;com vítima;208,2;BR-101/SC;Sul;Colisão Traseira;1;1;;1;;;2
13/03/2016;09:52:00;136;sem vítima;668,001;BR-376/PR;Norte;Queda de Moto;1;2;;;;;1
12/07/2016;18:44:00;401;sem vítima;668,001;BR-376/PR;Sul;Colisão Traseira;1;2;;;;;1
18/05/2016;12:04:00;203;com vítima;668,05;BR-376/PR;Sul;Tombamento;1;0;1;;;;1
13/08/2016;16:10:00;356;com vítima;208,4;BR-101/SC;Norte;Colisão Traseira;1;3;1;;;;1
24/03/2016;14:20:00;251;sem vítima;208,5;BR-101/SC;Sul;Colisão Lateral;1;2;;;;;1
02/02/2016;17:03:00;265;sem vítima;208,7;BR-101/SC;Norte;Colisão Traseira;2;2;;;;;1
12/02/2016;18:43:00;353;sem vítima;208,8;BR-101/SC;Sul;Colisão Traseira;1;2;;;;;1
22/05/2016;23:22:00;417;com vítima;668,181;BR-376/PR;Sul;Tombamento;1;0;1;;;;1
16/07/2016;01:22:00;29;com vítima;668,262;BR-376/PR;Norte;Tombamento;1;0;;2;;;2
09/03/2016;07:47:00;102;sem vítima;92,001;BR-116/PR;Norte;Colisão Lateral;1;2;;;;;1
07/02/2016;11:37:00;158;com vítima;668,3;BR-376/PR;Sul;Tombamento;1;0;;3;;2;3
29/02/2016;14:19:00;270;com vítima;668,3;BR-376/PR;Sul;Tombamento;1;0;;;;1;3
16/05/2016;16:32:00;339;sem vítima;668,3;BR-376/PR;Sul;Tombamento;1;2;;;;;1
04/05/2016;22:34:00;383;sem vítima;92,001;BR-116/PR;Sul;Colisão Lateral;2;3;;;;;1
19/02/2016;04:25:00;43;sem vítima;668,301;BR-376/PR;Sul;Choque - Defensa, barreira ou "submarino";1;1;;;;;1
09/06/2016;22:31:00;430;com vítima;668,331;BR-376/PR;Sul;Tombamento;1;0;2;;;;1
11/06/2016;18:52:00;383;sem vítima;668,448;BR-376/PR;Sul;Tombamento;1;1;;;;;1
11/05/2016;20:06:00;458;sem vítima;668,456;BR-376/PR;Sul;Choque - Defensa, barreira ou "submarino";1;1;;;;;1
09/01/2016;06:28:00;65;sem vítima;92,1;BR-116/PR;Sul;Colisão Lateral;1;2;;;;;1
22/03/2016;06:18:00;60;sem vítima;209,001;BR-101/SC;Norte;Engavetamento;3;3;;;;;1
17/05/2016;19:22:00;432;sem vítima;209,001;BR-101/SC;Norte;Colisão Lateral;1;2;;;;;1
23/08/2016;08:11:00;169;sem vítima;209,001;BR-101/SC;Sul;Colisão Traseira;1;3;;;;;1
30/08/2016;06:23:00;78;sem vítima;209,001;BR-101/SC;Norte;Engavetamento;1;3;;;;;1
30/07/2016;21:14:00;471;com vítima;92,317;BR-116/PR;Norte;Outros;1;2;2;1;;1;3
02/07/2016;08:11:00;119;sem vítima;668,478;BR-376/PR;Sul;Saida de Pista;1;2;;;;;1
04/08/2016;13:35:00;248;sem vítima;209,15;BR-101/SC;Norte;Colisão Traseira;1;2;;;;;1
05/05/2016;14:26:00;283;sem vítima;209,2;BR-101/SC;Norte;Colisão Traseira;1;2;;;;;1
09/05/2016;08:10:00;93;sem vítima;209,2;BR-101/SC;Norte;Colisão Lateral;1;2;;;;;1
10/05/2016;18:29:00;421;sem vítima;209,4;BR-101/SC;Sul;Colisão Traseira;1;2;;;;;1
27/01/2016;13:16:00;225;sem vítima;668,5;BR-376/PR;Norte;Outros;1;2;;;;;1
14/06/2016;23:27:00;452;sem vítima;668,5;BR-376/PR;Sul;Tombamento;1;1;;;;;1
20/06/2016;06:59:00;74;sem vítima;209,5;BR-101/SC;Norte;Colisão Lateral;1;2;;;;;1
08/08/2016;12:36:00;242;sem vítima;209,5;BR-101/SC;Norte;Colisão Traseira;1;2;;;;;1
30/06/2016;23:26:00;503;sem vítima;209,506;BR-101/SC;Norte;Colisão Traseira;1;2;;;;;1
15/03/2016;15:38:00;285;sem vítima;209,6;BR-101/SC;Norte;Colisão Lateral;2;2;;;;;1
19/02/2016;06:13:00;63;sem vítima;668,56;BR-376/PR;Sul;Tombamento;2;2;;;;;1
17/06/2016;11:21:00;190;sem vítima;92,5;BR-116/PR;Sul;Saida de Pista;1;2;;;;;1
11/01/2016;12:26:00;213;sem vítima;209,7;BR-101/SC;Norte;Engavetamento;1;5;;;;;1
26/02/2016;17:25:00;336;sem vítima;668,6;BR-376/PR;Norte;Choque - Defensa, barreira ou "submarino";1;1;;;;;1
20/01/2016;08:17:00;89;sem vítima;209,8;BR-101/SC;Norte;Colisão Lateral;1;2;;;;;1
30/05/2016;06:01:00;53;sem vítima;668,65;BR-376/PR;Sul;Tombamento;1;2;;;;;1
08/05/2016;12:02:00;197;com vítima;92,678;BR-116/PR;Sul;Atropelamento - Usuário;1;1;;;;1;3
18/01/2016;17:02:00;351;sem vítima;210,001;BR-101/SC;Norte;Colisão Traseira;1;2;;;;;1
21/01/2016;19:19:00;366;sem vítima;210,001;BR-101/SC;Norte;Engavetamento;2;3;;;;;1
27/01/2016;18:41:00;337;sem vítima;210,001;BR-101/SC;Sul;Colisão Lateral;1;2;;;;;1
20/07/2016;08:33:00;143;com vítima;210,001;BR-101/SC;Norte;Colisão Transversal;1;1;1;;;;1
30/08/2016;16:13:00;313;sem vítima;210,001;BR-101/SC;Sul;Colisão Lateral;1;2;;;;;1
22/04/2016;07:30:00;80;sem vítima;210,05;BR-101/SC;Norte;Colisão Lateral;1;2;;;;;1
20/04/2016;17:27:00;382;sem vítima;92,766;BR-116/PR;Norte;Engavetamento;1;3;;;;;1
07/07/2016;15:31:00;310;sem vítima;210,3;BR-101/SC;Sul;Colisão Lateral;1;2;;;;;1
14/04/2016;12:24:00;227;sem vítima;92,8;BR-116/PR;Norte;Colisão Traseira;1;3;;;;;1
23/06/2016;12:52:00;282;sem vítima;210,4;BR-101/SC;Norte;Colisão Lateral;1;2;;;;;1
27/05/2016;12:09:00;207;com vítima;210,407;BR-101/SC;Sul;Colisão Traseira;1;1;;;;1;3
05/03/2016;12:48:00;187;sem vítima;669,001;BR-376/PR;Sul;Colisão Traseira;2;2;;;;;1
05/06/2016;19:58:00;346;sem vítima;669,001;BR-376/PR;Norte;Colisão Traseira;1;2;;;;;1
09/03/2016;07:26:00;91;sem vítima;210,6;BR-101/SC;Sul;Colisão Lateral;1;2;;;;;1
29/04/2016;19:11:00;402;sem vítima;210,8;BR-101/SC;Sul;Colisão Lateral;1;2;;;;;1
28/06/2016;21:08:00;402;sem vítima;669,8;BR-376/PR;Sul;Saida de Pista;1;1;;;;;1
10/07/2016;20:52:00;430;sem vítima;92,942;BR-116/PR;Sul;Colisão Lateral;1;2;;;;;1
19/01/2016;13:07:00;215;sem vítima;670,001;BR-376/PR;Sul;Saida de Pista;1;2;;;;;1
02/06/2016;19:54:00;407;sem vítima;670,428;BR-376/PR;Norte;Colisão Traseira;3;3;;;;;1
03/03/2016;14:16:00;245;sem vítima;670,9;BR-376/PR;Norte;Saida de Pista;1;1;;;;;1
27/01/2016;13:55:00;236;sem vítima;211,2;BR-101/SC;Norte;Colisão Lateral;1;2;;;;;1
16/01/2016;12:09:00;175;sem vítima;671,001;BR-376/PR;Sul;Colisão Traseira;2;3;;;;;1
19/01/2016;23:31:00;414;sem vítima;671,001;BR-376/PR;Sul;Colisão Traseira;2;2;;;;;1
19/01/2016;23:58:00;425;sem vítima;671,001;BR-376/PR;Sul;;1;1;;;;;1
09/03/2016;06:09:00;70;com vítima;671,001;BR-376/PR;Sul;Colisão Traseira;2;1;1;;;;1
09/03/2016;07:00:00;83;sem vítima;671,001;BR-376/PR;Sul;Tombamento;1;1;;;;;1
20/05/2016;07:15:00;88;sem vítima;211,5;BR-101/SC;Norte;Colisão Traseira;1;2;;;;;1
09/08/2016;08:42:00;173;sem vítima;211,5;BR-101/SC;Norte;Colisão Lateral;1;2;;;;;1
08/03/2016;21:04:00;358;sem vítima;671,1;BR-376/PR;Norte;Colisão Traseira;1;2;;;;;1
14/01/2016;10:10:00;144;sem vítima;671,1;BR-376/PR;Norte;Capotamento;1;2;;;;;1
31/01/2016;08:46:00;112;sem vítima;671,2;BR-376/PR;Sul;Tombamento;1;1;;;;;1
19/08/2016;06:51:00;132;sem vítima;671,326;BR-376/PR;Norte;Saida de Pista;1;1;;;;;1
17/02/2016;18:54:00;375;sem vítima;212,001;BR-101/SC;Norte;Colisão Traseira;1;3;;;;;1
22/03/2016;13:09:00;199;sem vítima;212,001;BR-101/SC;Norte;Engavetamento;1;3;;;;;1
22/08/2016;08:10:00;164;sem vítima;212,001;BR-101/SC;Norte;Colisão Lateral;1;2;;;;;1
27/05/2016;05:54:00;67;sem vítima;212,034;BR-101/SC;Sul;Colisão Traseira;1;2;;;;;1
17/02/2016;06:10:00;62;sem vítima;671,6;BR-376/PR;Sul;Saida de Pista;1;1;;;;;1
15/03/2016;10:23:00;163;sem vítima;671,6;BR-376/PR;Norte;Colisão Traseira;2;2;;;;;1
06/05/2016;16:47:00;330;sem vítima;212,356;BR-101/SC;Sul;Colisão Traseira;1;4;;;;;1
02/03/2016;08:20:00;102;sem vítima;212,4;BR-101/SC;Norte;Colisão Lateral;1;2;;;;;1
07/08/2016;16:35:00;359;sem vítima;212,4;BR-101/SC;Norte;Colisão Traseira;1;2;;;;;1
13/06/2016;18:58:00;376;com vítima;212,866;BR-101/SC;Sul;Colisão Lateral;1;1;1;;;;1
16/03/2016;21:20:00;427;sem vítima;213,001;BR-101/SC;Sul;Colisão Lateral;1;2;;;;;1
01/06/2016;07:19:00;125;sem vítima;213,001;BR-101/SC;Norte;Colisão Traseira;1;2;;;;;1
08/06/2016;14:14:00;268;sem vítima;213,001;BR-101/SC;Norte;Colisão Traseira;1;2;;;;;1
07/07/2016;08:56:00;136;sem vítima;213,001;BR-101/SC;Norte;Colisão Traseira;1;3;;;;;1
06/03/2016;22:21:00;425;sem vítima;213,01;BR-101/SC;Norte;Colisão Lateral;1;2;;;;;1
06/01/2016;20:43:00;393;sem vítima;671,7;BR-376/PR;Sul;Saida de Pista;1;1;;;;;1
27/01/2016;02:59:00;41;sem vítima;671,7;BR-376/PR;Sul;Saida de Pista;1;1;;;;;1
27/01/2016;10:09:00;151;sem vítima;671,7;BR-376/PR;Sul;Saida de Pista;1;1;;;;;1
01/02/2016;08:11:00;79;sem vítima;671,7;BR-376/PR;Sul;Saida de Pista;1;1;;;;;1
01/03/2016;19:09:00;363;sem vítima;671,7;BR-376/PR;Sul;Saida de Pista;1;1;;;;;1
28/03/2016;22:43:00;422;sem vítima;671,7;BR-376/PR;Sul;Saida de Pista;1;1;;;;;1
14/04/2016;23:53:00;445;sem vítima;671,7;BR-376/PR;Sul;Saida de Pista;1;1;;;;;1
22/05/2016;10:52:00;192;sem vítima;671,7;BR-376/PR;Sul;Colisão Traseira;1;2;;;;;1
26/05/2016;23:15:00;499;sem vítima;671,7;BR-376/PR;Sul;Saida de Pista;1;1;;;;;1
22/06/2016;19:48:00;436;sem vítima;671,7;BR-376/PR;Sul;Saida de Pista;1;1;;;;;1
11/02/2016;15:06:00;220;sem vítima;213,4;BR-101/SC;Norte;Engavetamento;1;3;;;;;1
27/05/2016;18:36:00;361;sem vítima;213,4;BR-101/SC;Norte;Colisão Traseira;1;3;;;;;1
19/05/2016;10:48:00;229;sem vítima;213,416;BR-101/SC;Sul;Engavetamento;2;5;;;;;1
20/01/2016;14:08:00;223;sem vítima;213,5;BR-101/SC;Norte;Colisão Traseira;1;2;;;;;1
15/04/2016;08:40:00;115;com vítima;213,5;BR-101/SC;Norte;Colisão Traseira;1;1;1;;;;1
20/06/2016;07:55:00;82;sem vítima;213,5;BR-101/SC;Sul;Colisão Traseira;1;2;;;;;1
18/01/2016;12:52:00;236;com vítima;213,88;BR-101/SC;Sul;Colisão Lateral;1;1;;;1;1;3
26/02/2016;10:56:00;182;sem vítima;213,9;BR-101/SC;Sul;Colisão Lateral;1;2;;;;;1
14/01/2016;17:52:00;339;sem vítima;672,001;BR-376/PR;Sul;Colisão Traseira;2;2;;;;;1
04/02/2016;21:21:00;370;sem vítima;94,001;BR-116/PR;Norte;Colisão Traseira;3;3;;;;;1
03/06/2016;14:54:00;274;sem vítima;672,001;BR-376/PR;Norte;Colisão Lateral;1;2;;;;;1
29/01/2016;09:46:00;131;sem vítima;672,1;BR-376/PR;Sul;Colisão Traseira;2;3;;;;;1
11/02/2016;10:03:00;118;sem vítima;214,001;BR-101/SC;Sul;Colisão Traseira;1;2;;;;;1
26/02/2016;14:57:00;265;sem vítima;214,001;BR-101/SC;Norte;Colisão Traseira;1;2;;;;;1
07/03/2016;10:32:00;192;sem vítima;214,001;BR-101/SC;Sul;Colisão Traseira;2;2;;;;;1
24/05/2016;08:26:00;148;com vítima;214,001;BR-101/SC;Norte;Colisão Lateral;1;1;2;;;;1
26/08/2016;07:30:00;168;sem vítima;214,001;BR-101/SC;Norte;Colisão Traseira;2;3;;;;;1
04/01/2016;20:15:00;437;sem vítima;214,1;BR-101/SC;Norte;Colisão Traseira;1;4;;;;;1
19/08/2016;10:35:00;216;sem vítima;214,1;BR-101/SC;Sul;Colisão Traseira;1;4;;;;;1
29/01/2016;13:40:00;233;sem vítima;672,5;BR-376/PR;Sul;Colisão Lateral;1;2;;;;;1
02/06/2016;07:37:00;88;sem vítima;672,529;BR-376/PR;Sul;Choque - Defensa, barreira ou "submarino";1;1;;;;;1
08/08/2016;18:45:00;382;com vítima;94,4;BR-116/PR;Sul;Colisão Traseira;2;1;1;;;;1
08/08/2016;18:17:00;373;sem vítima;94,5;BR-116/PR;Sul;Tombamento;1;1;;;;;1
09/04/2016;18:14:00;377;sem vítima;214,5;BR-101/SC;Norte;Colisão Lateral;1;3;;;;;1
15/08/2016;06:51:00;111;sem vítima;214,5;BR-101/SC;Norte;Colisão Lateral;1;2;;;;;1
08/08/2016;18:26:00;423;sem vítima;94,5;BR-116/PR;Sul;Colisão Traseira;2;2;;;;;1
20/06/2016;10:00:00;158;sem vítima;214,7;BR-101/SC;Norte;Colisão Traseira;1;2;;;;;1
26/02/2016;09:48:00;146;com vítima;672,8;BR-376/PR;Sul;Colisão Traseira;2;2;1;;;;1
31/03/2016;22:40:00;405;sem vítima;672,8;BR-376/PR;Norte;Colisão Traseira;1;2;;;;;1
19/08/2016;17:23:00;376;sem vítima;94,9;BR-116/PR;Norte;Colisão Traseira;1;2;;;;;1
03/02/2016;11:56:00;192;sem vítima;672,85;BR-376/PR;Sul;Tombamento;2;2;;;;;1
01/07/2016;20:55:00;471;com vítima;672,87;BR-376/PR;Sul;Colisão Traseira;2;1;1;;;;1
02/06/2016;14:27:00;249;sem vítima;673,001;BR-376/PR;Norte;Colisão Traseira;2;2;;;;;1
11/02/2016;16:51:00;266;sem vítima;215,001;BR-101/SC;Norte;Colisão Traseira;1;2;;;;;1
11/07/2016;16:04:00;322;sem vítima;215,001;BR-101/SC;Sul;Colisão Lateral;1;2;;;;;1
06/08/2016;09:54:00;182;sem vítima;215,001;BR-101/SC;Norte;Colisão Lateral;1;3;;;;;1
12/03/2016;23:58:00;432;sem vítima;95,1;BR-116/PR;Sul;Tombamento;1;1;;;;;1
03/03/2016;09:42:00;139;sem vítima;215,2;BR-101/SC;Norte;Colisão Traseira;1;2;;;;;1
16/01/2016;16:06:00;276;com vítima;673,1;BR-376/PR;Sul;Colisão Traseira;2;1;;1;;;2
16/02/2016;17:09:00;300;sem vítima;215,3;BR-101/SC;Sul;Tombamento;1;1;;;;;1
05/05/2016;23:23:00;469;sem vítima;673,211;BR-376/PR;Sul;Saida de Pista;1;1;;;;;1
23/08/2016;23:08:00;502;sem vítima;215,3;BR-101/SC;Norte;Choque - Defensa, barreira ou "submarino";1;2;;;;;1
14/07/2016;18:35:00;358;sem vítima;215,5;BR-101/SC;Sul;Colisão Traseira;2;3;;;;;1
14/04/2016;04:38:00;54;sem vítima;673,5;BR-376/PR;Sul;Colisão Traseira;1;2;;;;;1
12/03/2016;14:24:00;242;sem vítima;673,6;BR-376/PR;Sul;Colisão Lateral;1;2;;;;;1
27/03/2016;18:25:00;387;sem vítima;215,8;BR-101/SC;Norte;Colisão Lateral;1;2;;;;;1
01/03/2016;16:18:00;279;com vítima;215,9;BR-101/SC;Sul;Colisão Lateral;1;1;1;;;;1
31/03/2016;18:51:00;346;sem vítima;215,9;BR-101/SC;Norte;Colisão Traseira;1;2;;;;;1
07/03/2016;14:52:00;307;sem vítima;673,8;BR-376/PR;Norte;Tombamento;1;1;;;;;1
01/06/2016;14:36:00;311;com vítima;673,968;BR-376/PR;Sul;Colisão Lateral;2;4;3;1;;;2
05/02/2016;23:22:00;456;sem vítima;216,1;BR-101/SC;Sul;Engavetamento;2;4;;;;;1
05/01/2016;12:16:00;188;sem vítima;95,92;BR-116/PR;Sul;Colisão Traseira;1;2;;;;;1
14/03/2016;09:54:00;136;sem vítima;216,3;BR-101/SC;Sul;Colisão Lateral;1;2;;;;;1
10/06/2016;21:19:00;436;sem vítima;674,001;BR-376/PR;Sul;Colisão Traseira;1;2;;;;;1
30/07/2016;13:31:00;275;com vítima;674,001;BR-376/PR;Norte;Colisão Traseira;1;1;;1;1;;2
02/03/2016;19:15:00;368;sem vítima;216,405;BR-101/SC;Norte;Colisão Lateral;2;2;;;;;1
09/08/2016;18:36:00;442;sem vítima;674,001;BR-376/PR;Sul;Colisão Traseira;2;2;;;;;1
17/05/2016;07:56:00;119;sem vítima;674,01;BR-376/PR;Norte;Saida de Pista;1;1;;;;;1
01/06/2016;07:48:00;135;com vítima;216,5;BR-101/SC;Norte;Colisão Traseira;1;1;;1;;;2
08/05/2016;17:49:00;303;sem vítima;216,625;BR-101/SC;Sul;Colisão Lateral;1;2;;;;;1
10/06/2016;08:53:00;136;sem vítima;674,4;BR-376/PR;Sul;Colisão Traseira;2;2;;;;;1
16/06/2016;06:23:00;65;com vítima;216,84;BR-101/SC;Norte;Colisão Traseira;1;1;1;;;;1
21/05/2016;08:32:00;108;sem vítima;674,5;BR-376/PR;Sul;Tombamento;1;1;;;;;1
05/05/2016;06:38:00;81;sem vítima;216,9;BR-101/SC;Norte;Colisão Lateral;1;2;;;;;1
20/01/2016;15:39:00;260;sem vítima;674,9;BR-376/PR;Sul;Saida de Pista;1;1;;;;;1
04/02/2016;13:31:00;176;sem vítima;96,5;BR-116/PR;Sul;Colisão Traseira;2;2;;;;;1
06/01/2016;16:12:00;284;sem vítima;217,8;BR-101/SC;Sul;Colisão Traseira;1;2;;;;;1
09/03/2016;16:29:00;314;sem vítima;675,001;BR-376/PR;Sul;Colisão Traseira;2;2;;;;;1
02/04/2016;17:18:00;356;sem vítima;675,001;BR-376/PR;Norte;Colisão Lateral;1;2;;;;;1
06/05/2016;12:56:00;247;com vítima;675,068;BR-376/PR;Sul;Saida de Pista;1;0;;1;;;2
17/01/2016;13:29:00;210;com vítima;675,3;BR-376/PR;Sul;Tombamento;1;0;2;;;;1
05/01/2016;09:22:00;123;com vítima;218,001;BR-101/SC;Sul;Colisão Traseira;1;1;2;;;;1
14/01/2016;16:33:00;282;sem vítima;218,001;BR-101/SC;Sul;Choque - Defensa, barreira ou "submarino";1;2;;;;;1
23/06/2016;22:17:00;467;sem vítima;218,001;BR-101/SC;Sul;Colisão Lateral;1;2;;;;;1
25/02/2016;07:45:00;135;sem vítima;675,5;BR-376/PR;Sul;Saida de Pista;1;1;;;;;1
04/08/2016;01:03:00;28;sem vítima;218,371;BR-101/SC;Sul;Tombamento;1;1;;;;;1
13/04/2016;14:03:00;239;sem vítima;675,9;BR-376/PR;Sul;Colisão Traseira;1;2;;;;;1
23/08/2016;11:03:00;254;sem vítima;675,95;BR-376/PR;Sul;Engavetamento;3;3;;;;;1
21/01/2016;10:56:00;152;sem vítima;676,001;BR-376/PR;Sul;Colisão Lateral;2;2;;;;;1
25/01/2016;17:20:00;356;sem vítima;676,001;BR-376/PR;Sul;Colisão Traseira;1;2;;;;;1
13/04/2016;04:01:00;39;sem vítima;676,468;BR-376/PR;Norte;Saida de Pista;1;1;;;;;1
07/06/2016;21:57:00;497;sem vítima;219,001;BR-101/SC;Norte;Saida de Pista;1;3;;;;;1
13/06/2016;12:12:00;213;sem vítima;677,001;BR-376/PR;Norte;Colisão Lateral;1;3;;;;;1
07/04/2016;20:14:00;406;sem vítima;97,5;BR-116/PR;Sul;Colisão Traseira;2;2;;;;;1
08/03/2016;22:37:00;388;sem vítima;219,8;BR-101/SC;Sul;Colisão Traseira;1;2;;;;;1
16/04/2016;11:30:00;198;sem vítima;677,497;BR-376/PR;Sul;Saida de Pista;1;1;;;;;1
04/04/2016;08:07:00;102;sem vítima;677,5;BR-376/PR;Norte;Engavetamento;1;3;;;;;1
11/08/2016;18:58:00;437;sem vítima;677,5;BR-376/PR;Norte;Saida de Pista;1;1;;;;;1
22/08/2016;16:33:00;394;sem vítima;677,5;BR-376/PR;Norte;Choque - Defensa, barreira ou "submarino";1;3;;;;;1
02/03/2016;12:21:00;208;sem vítima;678,001;BR-376/PR;Sul;Saida de Pista;1;1;;;;;1
02/03/2016;00:24:00;12;sem vítima;220,1;BR-101/SC;Norte;Choque - Defensa, barreira ou "submarino";1;1;;;;;1
09/01/2016;17:39:00;309;sem vítima;98,001;BR-116/PR;Sul;Saida de Pista;1;1;;;;;1
02/02/2016;14:40:00;222;sem vítima;98,001;BR-116/PR;Norte;Colisão Traseira;1;2;;;;;1
27/07/2016;16:39:00;411;com vítima;221,384;BR-101/SC;Sul;Colisão Traseira;2;1;1;;;;1
31/07/2016;17:48:00;353;com vítima;221,4;BR-101/SC;Norte;Colisão Traseira;1;2;1;;;;1
03/06/2016;09:32:00;160;sem vítima;221,6;BR-101/SC;Sul;Colisão Traseira;2;2;;;;;1
09/08/2016;17:00:00;412;com vítima;221,6;BR-101/SC;Sul;Colisão Traseira;2;1;1;;;;1
19/04/2016;11:10:00;225;com vítima;221,8;BR-101/SC;Norte;Colisão Traseira;1;3;1;;;;1
06/05/2016;02:30:00;28;sem vítima;221,824;BR-101/SC;Sul;Saida de Pista;1;1;;;;;1
25/03/2016;16:14:00;316;sem vítima;679,001;BR-376/PR;Sul;Tombamento;1;1;;;;;1
18/05/2016;06:50:00;72;sem vítima;223,95;BR-101/SC;Sul;Choque - Outros;1;2;;;;;1
09/02/2016;21:50:00;458;sem vítima;98,4;BR-116/PR;Sul;Colisão Lateral;1;2;;;;;1
21/04/2016;21:05:00;437;sem vítima;224,07;BR-101/SC;Sul;Choque - Defensa, barreira ou "submarino";1;1;;;;;1
13/05/2016;19:33:00;413;sem vítima;224,2;BR-101/SC;Sul;Colisão Lateral;1;2;;;;;1
06/04/2016;01:55:00;36;sem vítima;225,667;BR-101/SC;Norte;Choque - Defensa, barreira ou "submarino";1;1;;;;;1
28/04/2016;05:50:00;68;sem vítima;225,864;BR-101/SC;Sul;Colisão Lateral;1;2;;;;;1