data;horario;n_da_ocorrencia;tipo_de_ocorrencia;km;trecho;sentido;tipo_de_acidente;caminhao;ilesos;levemente_feridos;moderadamente_feridos;gravemente_feridos;mortos;3
03/10/2016;09:42:00;164;sem vítima;672,001;BR-376/PR;Sul;Colisão Lateral;1;2;;;;;1
03/10/2016;10:31:00;190;sem vítima;116,6;BR-101/SC;Sul;Saida de Pista;1;1;;;;;1
03/10/2016;11:35:00;216;sem vítima;116,001;BR-101/SC;Sul;Engavetamento;1;3;;;;;1
03/10/2016;09:04:00;226;sem vítima;205,001;BR-101/SC;Sul;Colisão Traseira;1;2;;;;;1
03/10/2016;12:36:00;231;sem vítima;57,25;BR-101/SC;Norte;Colisão Frontal;2;2;;;;;1
03/10/2016;12:39:00;232;sem vítima;206,001;BR-101/SC;Norte;Colisão Lateral;1;2;;;;;1
03/10/2016;14:04:00;261;sem vítima;174,928;BR-101/SC;Norte;Saida de Pista;1;1;;;;;1
03/10/2016;14:40:00;273;com vítima;174,928;BR-101/SC;Norte;Choque - Talude;1;0;2;;;;1
03/10/2016;14:46:00;275;com vítima;629,526;BR-376/PR;Sul;Saida de Pista;1;0;1;;;;1
03/10/2016;15:47:00;301;sem vítima;206,939;BR-101/SC;Sul;Colisão Traseira;1;2;;;;;1
03/10/2016;21:12:00;394;sem vítima;72,001;BR-101/SC;Norte;Colisão Traseira;1;2;;;;;1
03/10/2016;22:35:00;419;com vítima;656,85;BR-376/PR;Norte;Colisão Traseira;1;1;1;;;;1
04/10/2016;00:37:00;15;sem vítima;114,4;BR-101/SC;Norte;Saida de Pista;1;1;;;;;1
04/10/2016;09:47:00;170;sem vítima;668,6;BR-376/PR;Sul;Colisão Traseira;2;2;;;;;1
04/10/2016;13:09:00;253;sem vítima;1,35;BR-101/SC;Norte;Choque - Defensa, barreira ou "submarino";1;1;;;;;1
04/10/2016;15:48:00;307;sem vítima;202,721;BR-101/SC;Norte;Colisão Traseira;2;2;;;;;1
04/10/2016;16:08:00;317;sem vítima;174,981;BR-101/SC;Norte;Choque - Talude;1;1;;;;;1
04/10/2016;16:08:00;329;sem vítima;174,991;BR-101/SC;Norte;Colisão Traseira;1;2;;;;;1
04/10/2016;20:44:00;417;sem vítima;47,8;BR-101/SC;Norte;Colisão Traseira;2;3;;;;;1
04/10/2016;20:52:00;418;sem vítima;241,605;BR-101/SC;Sul;Saida de Pista;1;1;;;;;1
05/10/2016;07:14:00;109;sem vítima;201,1;BR-101/SC;Sul;Colisão Traseira;1;2;;;;;1
05/10/2016;13:17:00;293;sem vítima;681,15;BR-376/PR;Sul;Colisão Traseira;2;2;;;;;1
05/10/2016;14:59:00;336;com vítima;644,34;BR-376/PR;Sul;Colisão Lateral;1;2;;;1;1;3
05/10/2016;16:10:00;376;com vítima;114,2;BR-116/PR;Norte;Colisão Traseira;3;3;1;;;;1
05/10/2016;17:54:00;425;sem vítima;667,6;BR-376/PR;Sul;Tombamento;1;1;;;;;1
06/10/2016;06:27:00;100;sem vítima;110,58;BR-101/SC;Sul;Engavetamento;2;3;;;;;1
06/10/2016;07:41:00;117;sem vítima;157,38;BR-101/SC;Sul;Outros - Sequência;1;1;;;;;1
06/10/2016;09:14:00;162;com vítima;667,521;BR-376/PR;Sul;Tombamento;1;0;1;;;;1
06/10/2016;11:36:00;211;sem vítima;35,749;BR-101/SC;Norte;Tombamento;1;2;;;;;1
06/10/2016;18:46:00;371;sem vítima;128,9;BR-101/SC;Sul;Saida de Pista;1;1;;;;;1
06/10/2016;19:41:00;389;sem vítima;121,001;BR-101/SC;Sul;Colisão Traseira;1;2;;;;;1
07/10/2016;03:22:00;62;sem vítima;214,6;BR-101/SC;Sul;Saida de Pista;1;2;;;;;1
07/10/2016;06:26:00;86;sem vítima;202,001;BR-101/SC;Sul;Colisão Lateral;1;2;;;;;1
07/10/2016;07:49:00;134;sem vítima;145,625;BR-101/SC;Norte;Colisão Traseira;1;2;;;;;1
07/10/2016;10:26:00;229;sem vítima;145,922;BR-101/SC;Norte;Choque - Veiculo parado no acostamento;1;4;;;;;1
07/10/2016;13:12:00;287;sem vítima;668,5;BR-376/PR;Sul;Choque - Defensa, barreira ou "submarino";1;1;;;;;1
07/10/2016;14:42:00;318;sem vítima;41,4;BR-101/SC;Sul;Engavetamento;2;3;;;;;1
07/10/2016;14:42:00;338;com vítima;41,4;BR-101/SC;Sul;Colisão Traseira;2;1;;1;;;2
07/10/2016;15:59:00;359;sem vítima;212,178;BR-101/SC;Sul;Colisão Traseira;1;2;;;;;1
07/10/2016;19:20:00;437;com vítima;660,288;BR-376/PR;Norte;Saida de Pista;1;1;2;;;;1
07/10/2016;22:50:00;515;com vítima;656,78;BR-376/PR;Norte;Engavetamento;2;7;1;;;;1
08/10/2016;11:20:00;252;sem vítima;675,268;BR-376/PR;Sul;Saida de Pista;1;1;;;;;1
08/10/2016;13:46:00;303;com vítima;202,1;BR-101/SC;Norte;Atropelamento - Andarilho;1;2;;1;;;2
08/10/2016;18:38:00;473;sem vítima;79,35;BR-101/SC;Norte;Colisão Traseira;1;2;;;;;1
09/10/2016;16:15:00;318;sem vítima;208,001;BR-101/SC;Norte;Colisão Traseira;1;4;;;;;1
09/10/2016;23:29:00;482;com vítima;98,619;BR-116/PR;Sul;Atropelamento - Usuário;1;2;;;;1;3
10/10/2016;22:03:00;518;sem vítima;647,482;BR-376/PR;Norte;Colisão Traseira;2;2;;;;;1
10/10/2016;23:52:00;553;sem vítima;673,2;BR-376/PR;Sul;Colisão Traseira;2;2;;;;;1
11/10/2016;08:20:00;146;sem vítima;211,701;BR-101/SC;Norte;Colisão Traseira;1;2;;;;;1
11/10/2016;08:48:00;162;sem vítima;98,001;BR-116/PR;Norte;Colisão Traseira;1;2;;;;;1
11/10/2016;09:40:00;193;sem vítima;131,5;BR-101/SC;Norte;Colisão Traseira;1;3;;;;;1
11/10/2016;10:18:00;208;sem vítima;668,885;BR-376/PR;Sul;Choque - Defensa, barreira ou "submarino";1;1;;;;;1
11/10/2016;11:22:00;228;sem vítima;116,001;BR-101/SC;Norte;Engavetamento;1;4;;;;;1
11/10/2016;12:08:00;247;sem vítima;656,5;BR-376/PR;Norte;Choque - Defensa, barreira ou "submarino";1;2;;;;;1
11/10/2016;12:14:00;248;com vítima;116,1;BR-101/SC;Sul;Engavetamento;1;2;;1;;;2
11/10/2016;21:51:00;498;sem vítima;109,444;BR-116/PR;Norte;Saida de Pista;2;3;;;;;1
12/10/2016;11:59:00;295;com vítima;204,013;BR-101/SC;Norte;Engavetamento;1;5;1;;;;1
12/10/2016;12:07:00;301;sem vítima;204,585;BR-101/SC;Norte;Engavetamento;1;4;;;;;1
13/10/2016;06:24:00;112;sem vítima;153,084;BR-101/SC;Norte;Saida de Pista;1;1;;;;;1
13/10/2016;07:47:00;146;sem vítima;664,8;BR-376/PR;Norte;Colisão Traseira;1;3;;;;;1
13/10/2016;08:30:00;173;sem vítima;660,901;BR-376/PR;Sul;Colisão Traseira;1;3;;;;;1
13/10/2016;09:14:00;196;sem vítima;40,98;BR-101/SC;Norte;Choque - Defensa, barreira ou "submarino";1;2;;;;;1
13/10/2016;09:30:00;205;com vítima;41,8;BR-101/SC;Norte;Colisão Traseira;3;2;3;;;;1
13/10/2016;09:43:00;209;sem vítima;189,608;BR-101/SC;Norte;Choque - Talude;1;1;;;;;1
13/10/2016;09:51:00;217;sem vítima;214,151;BR-101/SC;Sul;Saida de Pista;1;1;;;;;1
13/10/2016;10:16:00;243;com vítima;191,651;BR-101/SC;Norte;Colisão Traseira;2;1;;;;1;3
13/10/2016;10:23:00;249;sem vítima;210,3;BR-101/SC;Norte;Tombamento;1;1;;;;;1
13/10/2016;11:56:00;287;sem vítima;210,001;BR-101/SC;Norte;Colisão Lateral;1;2;;;;;1
13/10/2016;14:17:00;342;sem vítima;40,8;BR-101/SC;Norte;Colisão Traseira;2;2;;;;;1
13/10/2016;15:00:00;357;sem vítima;105,8;BR-101/SC;Norte;Colisão Lateral;1;2;;;;;1
13/10/2016;16:24:00;400;sem vítima;673,715;BR-376/PR;Sul;Colisão Traseira;1;2;;;;;1
13/10/2016;18:43:00;489;sem vítima;202,7;BR-101/SC;Sul;Colisão Traseira;1;3;;;;;1
14/10/2016;10:00:00;221;sem vítima;671,67;BR-376/PR;Sul;Saida de Pista;1;2;;;;;1
14/10/2016;17:21:00;410;sem vítima;88,382;BR-101/SC;Sul;Colisão Traseira;2;2;;;;;1
14/10/2016;23:34:00;523;sem vítima;116,001;BR-101/SC;Sul;Colisão Lateral;1;2;;;;;1
15/10/2016;00:37:00;19;sem vítima;641,6;BR-376/PR;Norte;Colisão Lateral;1;2;;;;;1
15/10/2016;07:46:00;143;sem vítima;109,926;BR-116/PR;Sul;Colisão Traseira;2;2;;;;;1
15/10/2016;09:18:00;184;sem vítima;104,462;BR-116/PR;Norte;Colisão Lateral;1;2;;;;;1
15/10/2016;10:00:00;199;sem vítima;86,001;BR-101/SC;Sul;Colisão Lateral;1;2;;;;;1
16/10/2016;11:18:00;198;sem vítima;665,001;BR-376/PR;Norte;Saida de Pista;1;2;;;;;1
16/10/2016;14:09:00;254;com vítima;210,001;BR-101/SC;Norte;Colisão Traseira;1;2;2;;;;1
16/10/2016;15:16:00;295;sem vítima;671,001;BR-376/PR;Norte;Colisão Traseira;2;2;;;;;1
16/10/2016;23:46:00;566;sem vítima;20,9;BR-101/SC;Norte;Saida de Pista;1;1;;;;;1
17/10/2016;08:25:00;125;sem vítima;114,876;BR-116/PR;Sul;Engavetamento;1;3;;;;;1
17/10/2016;18:49:00;475;sem vítima;137,33;BR-101/SC;Norte;Colisão Traseira;1;2;;;;;1
17/10/2016;18:58:00;486;sem vítima;125,8;BR-101/SC;Sul;Colisão Traseira;1;2;;;;;1
17/10/2016;20:18:00;513;sem vítima;117,03;BR-101/SC;Norte;Colisão Lateral;1;2;;;;;1
18/10/2016;05:16:00;68;com vítima;164,2;BR-101/SC;Norte;Colisão Traseira;2;1;1;;;;1
18/10/2016;06:28:00;76;sem vítima;213,001;BR-101/SC;Norte;Colisão Traseira;1;2;;;;;1
18/10/2016;07:54:00;108;sem vítima;213,5;BR-101/SC;Norte;Colisão Lateral;1;2;;;;;1
18/10/2016;08:08:00;118;sem vítima;121,005;BR-101/SC;Norte;Colisão Lateral;1;2;;;;;1
18/10/2016;08:13:00;120;sem vítima;118,1;BR-101/SC;Sul;Choque - Defensa, barreira ou "submarino";1;1;;;;;1
18/10/2016;10:36:00;206;sem vítima;204,73;BR-101/SC;Norte;Engavetamento;1;3;;;;;1
18/10/2016;18:08:00;460;sem vítima;76,4;BR-116/PR;Sul;Colisão Traseira;1;2;;;;;1
18/10/2016;19:41:00;493;sem vítima;673,2;BR-376/PR;Sul;Tombamento;1;1;;;;;1
19/10/2016;08:18:00;176;sem vítima;201,2;BR-101/SC;Sul;Colisão Traseira;2;2;;;;;1
19/10/2016;09:19:00;224;com vítima;157,3;BR-101/SC;Sul;Colisão Traseira;1;2;1;;;;1
19/10/2016;09:20:00;225;sem vítima;114,001;BR-116/PR;Sul;Colisão Traseira;2;2;;;;;1
19/10/2016;09:35:00;238;sem vítima;40,001;BR-101/SC;Sul;Colisão Lateral;1;2;;;;;1
19/10/2016;11:58:00;333;sem vítima;663,001;BR-376/PR;Sul;Choque - Elemento de Drenagem;1;1;;;;;1
19/10/2016;12:02:00;334;sem vítima;204,2;BR-101/SC;Norte;Colisão Traseira;1;2;;;;;1
19/10/2016;12:33:00;348;sem vítima;117,001;BR-101/SC;Sul;Colisão Lateral;1;2;;;;;1
19/10/2016;14:12:00;386;com vítima;3,35;BR-101/SC;Sul;Colisão Traseira;2;1;1;;;;1
19/10/2016;16:23:00;457;sem vítima;123,954;BR-101/SC;Norte;Colisão Traseira;2;2;;;;;1
19/10/2016;17:58:00;507;sem vítima;661,001;BR-376/PR;Sul;Choque - Defensa, barreira ou "submarino";1;1;;;;;1
19/10/2016;20:29:00;571;sem vítima;145,001;BR-101/SC;Sul;Colisão Traseira;1;2;;;;;1
20/10/2016;05:47:00;117;sem vítima;635,1;BR-376/PR;Sul;Choque - Poste;1;1;;;;;1
20/10/2016;06:10:00;123;com vítima;131,95;BR-101/SC;Sul;Colisão Traseira;1;2;;1;;;2
20/10/2016;07:58:00;166;sem vítima;19,001;BR-101/SC;Sul;Colisão Lateral;2;2;;;;;1
20/10/2016;11:39:00;292;sem vítima;193,2;BR-101/SC;Norte;Colisão Traseira;1;2;;;;;1
20/10/2016;15:16:00;400;sem vítima;664,39;BR-376/PR;Norte;Incêndio;1;2;;;;;1
20/10/2016;16:41:00;463;sem vítima;109,443;BR-101/SC;Norte;Choque - Objeto sobre a pista;2;4;;;;;1
20/10/2016;18:20:00;523;sem vítima;96,8;BR-116/PR;Sul;Tombamento;1;1;;;;;1
20/10/2016;18:39:00;528;sem vítima;38,469;BR-101/SC;Sul;Colisão Traseira;2;2;;;;;1
20/10/2016;19:36:00;550;sem vítima;6,2;BR-101/SC;Norte;Choque - Poste;1;1;;;;;1
20/10/2016;22:20:00;603;sem vítima;40,224;BR-101/SC;Sul;Choque - Defensa, barreira ou "submarino";1;1;;;;;1
20/10/2016;22:53:00;610;sem vítima;40,085;BR-101/SC;Sul;Colisão Traseira;1;2;;;;;1
21/10/2016;09:21:00;197;sem vítima;671,7;BR-376/PR;Sul;Saida de Pista;1;1;;;;;1
21/10/2016;09:52:00;222;sem vítima;664,4;BR-376/PR;Norte;Colisão Traseira;1;2;;;;;1
21/10/2016;10:30:00;243;sem vítima;201,001;BR-101/SC;Norte;Colisão Lateral;1;2;;;;;1
21/10/2016;12:19:00;285;sem vítima;668,3;BR-376/PR;Sul;Saida de Pista;1;1;;;;;1
21/10/2016;14:48:00;347;sem vítima;210,8;BR-101/SC;Sul;Colisão Transversal;1;2;;;;;1
21/10/2016;16:20:00;394;sem vítima;117,257;BR-101/SC;Norte;Colisão Traseira;1;2;;;;;1
21/10/2016;16:45:00;410;com vítima;109,001;BR-116/PR;Norte;Saida de Pista;1;1;1;;;;1
21/10/2016;20:21:00;521;sem vítima;660,493;BR-376/PR;Norte;Choque - Defensa, barreira ou "submarino";1;1;;;;;1
22/10/2016;01:53:00;60;sem vítima;664,944;BR-376/PR;Norte;Tombamento;1;1;;;;;1
22/10/2016;02:37:00;72;sem vítima;192,148;BR-101/SC;Norte;Tombamento;1;1;;;;;1
22/10/2016;12:00:00;248;com vítima;636,301;BR-376/PR;Sul;Engavetamento;3;4;;1;1;;2
22/10/2016;12:11:00;252;sem vítima;86,078;BR-101/SC;Norte;Colisão Traseira;1;2;;;;;1
23/10/2016;09:51:00;200;sem vítima;204,001;BR-101/SC;Sul;Colisão Traseira;1;2;;;;;1
23/10/2016;14:21:00;299;sem vítima;215,428;BR-101/SC;Sul;Colisão Lateral;1;2;;;;;1
24/10/2016;10:33:00;241;sem vítima;1,35;BR-101/SC;Norte;Colisão Traseira;1;2;;;;;1
24/10/2016;14:59:00;357;sem vítima;201,536;BR-101/SC;Sul;Colisão Traseira;1;2;;;;;1
24/10/2016;15:44:00;390;com vítima;207,5;BR-101/SC;Norte;Colisão Traseira;2;2;1;;;;1
24/10/2016;17:11:00;439;sem vítima;681,001;BR-376/PR;Sul;Saida de Pista;1;1;;;;;1
24/10/2016;20:57:00;531;sem vítima;131,417;BR-101/SC;Norte;Colisão Lateral;1;2;;;;;1
24/10/2016;21:28:00;542;com vítima;112,988;BR-116/PR;Sul;Atropelamento - Outros;1;1;1;;;;1
25/10/2016;06:02:00;69;sem vítima;155,07;BR-101/SC;Norte;Colisão Lateral;2;2;;;;;1
25/10/2016;06:15:00;71;sem vítima;635,4;BR-376/PR;Norte;Saida de Pista;1;1;;;;;1
25/10/2016;06:17:00;72;com vítima;170,001;BR-101/SC;Norte;Colisão Lateral;1;1;1;;;;1
25/10/2016;07:19:00;84;sem vítima;157,4;BR-101/SC;Sul;Choque - Defensa, barreira ou "submarino";1;1;;;;;1
25/10/2016;08:18:00;107;sem vítima;666,001;BR-376/PR;Norte;Colisão Lateral;1;3;;;;;1
25/10/2016;10:17:00;170;sem vítima;85,484;BR-101/SC;Norte;Saida de Pista;1;1;;;;;1
25/10/2016;10:19:00;172;sem vítima;39,165;BR-101/SC;Sul;Colisão Lateral;1;5;;;;;1
25/10/2016;13:32:00;219;sem vítima;209,738;BR-101/SC;Sul;Colisão Lateral;1;3;;;;;1
25/10/2016;15:35:00;263;sem vítima;108,001;BR-101/SC;Norte;Colisão Traseira;2;3;;;;;1
25/10/2016;17:04:00;304;sem vítima;7,402;BR-101/SC;Norte;Saida de Pista;1;2;;;;;1
25/10/2016;17:29:00;316;sem vítima;664,8;BR-376/PR;Norte;Saida de Pista;1;2;;;;;1
25/10/2016;18:24:00;340;sem vítima;41,2;BR-101/SC;Norte;Colisão Traseira;2;2;;;;;1
25/10/2016;22:05:00;411;sem vítima;664,001;BR-376/PR;Norte;Engavetamento;3;3;;;;;1
26/10/2016;09:17:00;208;sem vítima;154,2;BR-101/SC;Sul;Colisão Traseira;1;2;;;;;1
26/10/2016;09:45:00;224;sem vítima;142,005;BR-101/SC;Sul;Saida de Pista;1;1;;;;;1
26/10/2016;10:28:00;254;sem vítima;213,3;BR-101/SC;Norte;Colisão Lateral;1;2;;;;;1
26/10/2016;11:00:00;266;sem vítima;213,001;BR-101/SC;Norte;Colisão Traseira;2;2;;;;;1
26/10/2016;11:03:00;285;sem vítima;163,001;BR-101/SC;Sul;Colisão Lateral;3;3;;;;;1
26/10/2016;11:53:00;307;sem vítima;180,001;BR-101/SC;Norte;Colisão Traseira;1;2;;;;;1
26/10/2016;12:11:00;315;sem vítima;180,454;BR-101/SC;Sul;Tombamento;1;2;;;;;1
26/10/2016;15:04:00;396;sem vítima;129,8;BR-101/SC;Norte;Saida de Pista;1;1;;;;;1
26/10/2016;15:52:00;430;sem vítima;216,066;BR-101/SC;Norte;Colisão Traseira;2;4;;;;;1
26/10/2016;17:12:00;471;sem vítima;79,65;BR-101/SC;Sul;Colisão Traseira;1;3;;;;;1
26/10/2016;20:08:00;562;sem vítima;163,452;BR-101/SC;Sul;Colisão Lateral;1;2;;;;;1
26/10/2016;21:32:00;595;sem vítima;5,479;BR-101/SC;Norte;Saida de Pista;1;1;;;;;1
26/10/2016;22:18:00;609;sem vítima;237,8;BR-101/SC;Norte;Tombamento;1;1;;;;;1
27/10/2016;00:16:00;12;sem vítima;71,52;BR-116/PR;Sul;Colisão Lateral;1;2;;;;;1
27/10/2016;00:53:00;29;sem vítima;0,4;BR-101/SC;Sul;Saida de Pista;1;1;;;;;1
27/10/2016;05:36:00;79;sem vítima;230,5;BR-101/SC;Sul;Colisão Traseira;2;2;;;;;1
27/10/2016;07:25:00;117;sem vítima;204,777;BR-101/SC;Sul;Colisão Traseira;1;2;;;;;1
27/10/2016;10:55:00;265;sem vítima;109,6;BR-116/PR;Sul;Tombamento;1;1;;;;;1
27/10/2016;12:47:00;316;sem vítima;212,001;BR-101/SC;Norte;Colisão Lateral;1;2;;;;;1
27/10/2016;16:42:00;436;com vítima;662,3;BR-376/PR;Sul;Saida de Pista;1;0;;;1;;2
27/10/2016;17:10:00;460;sem vítima;40,001;BR-101/SC;Sul;Colisão Traseira;1;2;;;;;1
27/10/2016;17:28:00;467;sem vítima;202,514;BR-101/SC;Norte;Colisão Traseira;1;2;;;;;1
28/10/2016;05:33:00;116;sem vítima;666,188;BR-376/PR;Sul;Tombamento;1;1;;;;;1
28/10/2016;06:43:00;135;sem vítima;209,25;BR-101/SC;Norte;Colisão Traseira;1;2;;;;;1
28/10/2016;08:08:00;191;sem vítima;114,307;BR-116/PR;Sul;Colisão Traseira;1;3;;;;;1
28/10/2016;08:51:00;213;sem vítima;106,092;BR-116/PR;Norte;Tombamento;1;1;;;;;1
28/10/2016;10:30:00;264;sem vítima;117;BR-101/SC;Norte;Outros;1;2;;;;;1
28/10/2016;10:40:00;267;sem vítima;660,001;BR-376/PR;Sul;Saida de Pista;1;1;;;;;1
28/10/2016;11:47:00;304;sem vítima;132,377;BR-101/SC;Norte;Colisão Traseira;1;2;;;;;1
28/10/2016;15:09:00;398;sem vítima;72,175;BR-101/SC;Sul;Tombamento;1;1;;;;;1
28/10/2016;16:52:00;464;sem vítima;57;BR-101/SC;Sul;Tombamento;1;1;;;;;1
28/10/2016;20:15:00;559;sem vítima;117,5;BR-101/SC;Norte;Colisão Lateral;1;2;;;;;1
29/10/2016;15:25:00;363;sem vítima;87,001;BR-101/SC;Norte;Colisão Lateral;2;3;;;;;1
30/10/2016;06:29:00;82;sem vítima;185,499;BR-101/SC;Norte;Colisão Traseira;1;2;;;;;1
30/10/2016;10:01:00;194;sem vítima;110,118;BR-101/SC;Norte;Engavetamento;1;7;;;;;1
30/10/2016;11:01:00;222;sem vítima;615,001;BR-376/PR;Norte;Colisão Traseira;1;2;;;;;1
31/10/2016;06:14:00;113;sem vítima;211,89;BR-101/SC;Norte;Engavetamento;2;4;;;;;1
31/10/2016;06:56:00;126;sem vítima;151,588;BR-101/SC;Sul;Colisão Traseira;1;4;;;;;1
31/10/2016;08:35:00;161;sem vítima;111,078;BR-116/PR;Sul;Colisão Lateral;1;2;;;;;1
31/10/2016;11:46:00;264;sem vítima;208,357;BR-101/SC;Norte;Colisão Lateral;1;2;;;;;1
31/10/2016;16:27:00;389;sem vítima;211,001;BR-101/SC;Sul;Colisão Traseira;1;2;;;;;1
31/10/2016;18:12:00;441;com vítima;671,7;BR-376/PR;Sul;Saida de Pista;1;0;1;;;;1
31/10/2016;21:37:00;503;com vítima;127,4;BR-101/SC;Sul;Saida de Pista;1;1;;1;;;2
01/09/2016;07:55:00;149;sem vítima;663,2;BR-376/PR;Norte;Colisão Traseira;2;2;;;;;1
01/09/2016;13:33:00;313;sem vítima;79,35;BR-101/SC;Sul;Colisão Traseira;1;2;;;;;1
01/09/2016;17:35:00;440;sem vítima;119,2;BR-101/SC;Sul;Colisão Traseira;2;2;;;;;1
01/09/2016;18:56:00;473;sem vítima;671,5;BR-376/PR;Norte;Colisão Traseira;2;3;;;;;1
01/09/2016;22:33:00;543;sem vítima;34,001;BR-101/SC;Sul;Colisão Lateral;1;2;;;;;1
02/09/2016;07:33:00;150;sem vítima;82,25;BR-116/PR;Sul;Tombamento;1;1;;;;;1
02/09/2016;08:03:00;165;sem vítima;119,001;BR-101/SC;Sul;Colisão Traseira;1;2;;;;;1
02/09/2016;11:51:00;262;sem vítima;41,001;BR-101/SC;Sul;Saida de Pista;2;2;;;;;1
02/09/2016;12:41:00;282;sem vítima;139,001;BR-101/SC;Sul;Colisão Lateral;1;2;;;;;1
02/09/2016;15:57:00;359;sem vítima;206,5;BR-101/SC;Norte;Saida de Pista;1;1;;;;;1
02/09/2016;17:54:00;417;sem vítima;117,5;BR-101/SC;Norte;Colisão Traseira;1;2;;;;;1
02/09/2016;18:53:00;445;sem vítima;118,001;BR-101/SC;Norte;Colisão Lateral;1;2;;;;;1
02/09/2016;22:12:00;497;sem vítima;668,35;BR-376/PR;Norte;Colisão Traseira;1;2;;;;;1
03/09/2016;06:47:00;117;com vítima;635,35;BR-376/PR;Sul;Outros;2;2;1;;;;1
03/09/2016;08:59:00;166;com vítima;79,7;BR-116/PR;Sul;Atropelamento - Andarilho;1;1;;;;1;3
03/09/2016;15:26:00;283;sem vítima;651,1;BR-376/PR;Norte;Colisão Transversal;1;2;;;;;1
03/09/2016;15:59:00;296;com vítima;622,001;BR-376/PR;Norte;Colisão Traseira;2;4;;1;1;;2
03/09/2016;16:19:00;306;sem vítima;232,001;BR-101/SC;Norte;Saida de Pista;1;1;;;;;1
03/09/2016;17:05:00;321;sem vítima;133,4;BR-101/SC;Sul;Colisão Traseira;1;3;;;;;1
03/09/2016;19:07:00;364;sem vítima;205,001;BR-101/SC;Sul;Colisão Traseira;1;2;;;;;1
03/09/2016;19:41:00;371;sem vítima;153,001;BR-101/SC;Sul;Colisão Lateral;1;2;;;;;1
03/09/2016;21:37:00;396;com vítima;641,4;BR-376/PR;Sul;Tombamento;1;0;;1;;;2
03/09/2016;22:25:00;408;com vítima;202,2;BR-101/SC;Norte;Engavetamento;1;5;1;;;;1
04/09/2016;08:01:00;133;sem vítima;187,001;BR-101/SC;Sul;Outros;1;1;;;;;1
04/09/2016;08:40:00;145;sem vítima;676,5;BR-376/PR;Norte;Tombamento;1;1;;;;;1
04/09/2016;09:21:00;149;sem vítima;243,001;BR-101/SC;Norte;Choque - Suporte de Sinalização;1;1;;;;;1
04/09/2016;10:12:00;179;sem vítima;157,4;BR-101/SC;Sul;Colisão Traseira;1;2;;;;;1
04/09/2016;12:12:00;233;sem vítima;671,15;BR-376/PR;Sul;Saida de Pista;1;1;;;;;1
04/09/2016;13:49:00;262;sem vítima;651,01;BR-376/PR;Sul;Capotamento;1;4;;;;;1
04/09/2016;23:49:00;472;sem vítima;170,365;BR-101/SC;Norte;Colisão Traseira;1;4;;;;;1
05/09/2016;04:20:00;80;sem vítima;82,7;BR-116/PR;Sul;Saida de Pista;1;1;;;;;1
05/09/2016;09:52:00;211;sem vítima;204,2;BR-101/SC;Sul;Colisão Traseira;2;2;;;;;1
05/09/2016;22:36:00;481;sem vítima;180,001;BR-101/SC;Sul;Choque - Defensa, barreira ou "submarino";1;1;;;;;1
06/09/2016;06:25:00;87;sem vítima;192,1;BR-101/SC;Norte;Tombamento;1;1;;;;;1
06/09/2016;09:22:00;148;sem vítima;204,5;BR-101/SC;Norte;Colisão Lateral;1;2;;;;;1
06/09/2016;15:08:00;318;sem vítima;139,001;BR-101/SC;Norte;Colisão Lateral;1;2;;;;;1
06/09/2016;15:22:00;324;sem vítima;149,9;BR-101/SC;Norte;Colisão Traseira;2;3;;;;;1
06/09/2016;20:10:00;474;sem vítima;212,001;BR-101/SC;Sul;Colisão Lateral;1;2;;;;;1
07/09/2016;07:57:00;143;com vítima;102,01;BR-116/PR;Sul;Colisão Traseira;1;1;1;;;;1
07/09/2016;11:27:00;270;sem vítima;71,3;BR-101/SC;Sul;Colisão Transversal;1;1;;;;;1
07/09/2016;12:05:00;291;sem vítima;70,8;BR-101/SC;Sul;Colisão Lateral;1;2;;;;;1
07/09/2016;12:25:00;295;sem vítima;671,001;BR-376/PR;Sul;Colisão Traseira;1;2;;;;;1
07/09/2016;15:43:00;364;sem vítima;656,001;BR-376/PR;Norte;Choque - Defensa, barreira ou "submarino";1;2;;;;;1
07/09/2016;15:47:00;367;sem vítima;51,4;BR-101/SC;Sul;Choque - Defensa, barreira ou "submarino";1;1;;;;;1
07/09/2016;17:49:00;429;sem vítima;229,6;BR-101/SC;Norte;Colisão Traseira;1;2;;;;;1
07/09/2016;19:19:00;489;sem vítima;215,001;BR-101/SC;Norte;Colisão Traseira;1;2;;;;;1
08/09/2016;06:24:00;84;sem vítima;157,4;BR-101/SC;Sul;Colisão Traseira;2;2;;;;;1
08/09/2016;11:50:00;245;sem vítima;671,65;BR-376/PR;Sul;Saida de Pista;1;3;;;;;1
08/09/2016;13:49:00;281;sem vítima;210,5;BR-101/SC;Sul;Colisão Lateral;1;2;;;;;1
08/09/2016;15:34:00;339;sem vítima;111,001;BR-101/SC;Sul;Colisão Lateral;2;2;;;;;1
08/09/2016;23:34:00;513;com vítima;156,365;BR-101/SC;Norte;Colisão Traseira;2;1;1;;;;1
09/09/2016;06:31:00;115;sem vítima;207,001;BR-101/SC;Sul;Colisão Traseira;1;3;;;;;1
09/09/2016;13:11:00;309;com vítima;674,001;BR-376/PR;Sul;Colisão Lateral;2;2;;1;;;2
09/09/2016;13:51:00;319;com vítima;671,5;BR-376/PR;Sul;Colisão Traseira;1;3;1;;;;1
09/09/2016;14:43:00;337;sem vítima;148,1;BR-101/SC;Sul;Colisão Traseira;1;3;;;;;1
09/09/2016;16:52:00;394;sem vítima;213,001;BR-101/SC;Norte;Colisão Traseira;1;2;;;;;1