data;horario;n_da_ocorrencia;tipo_de_ocorrencia;km;trecho;sentido;tipo_de_acidente;caminhao;ilesos;levemente_feridos;moderadamente_feridos;gravemente_feridos;mortos;3
23/12/2016;00:22:00;7;sem vítima;42,98;BR-101/SC;Sul;Engavetamento;1;4;;;;;1
23/12/2016;01:26:00;25;sem vítima;234,8;BR-101/SC;Norte;Choque - Suporte de Sinalização;1;1;;;;;1
23/12/2016;09:44:00;228;sem vítima;78,609;BR-101/SC;Sul;Engavetamento;3;4;;;;;1
23/12/2016;12:08:00;328;sem vítima;201,3;BR-101/SC;Sul;Colisão Traseira;1;2;;;;;1
23/12/2016;12:37:00;347;sem vítima;92,1;BR-101/SC;Norte;Choque - Outros;1;2;;;;;1
23/12/2016;13:58:00;385;sem vítima;671,7;BR-376/PR;Sul;Saida de Pista;1;1;;;;;1
23/12/2016;16:01:00;458;sem vítima;664,83;BR-376/PR;Sul;Colisão Traseira;2;2;;;;;1
24/12/2016;04:40:00;77;sem vítima;107,563;BR-101/SC;Sul;Colisão Lateral;1;2;;;;;1
24/12/2016;15:34:00;370;sem vítima;41,121;BR-101/SC;Sul;Choque - Defensa, barreira ou "submarino";1;1;;;;;1
25/12/2016;01:53:00;25;sem vítima;85,5;BR-101/SC;Norte;Colisão Lateral;1;3;;;;;1
25/12/2016;16:15:00;307;com vítima;644,15;BR-376/PR;Norte;Colisão Lateral;1;3;1;;;;1
25/12/2016;20:16:00;442;sem vítima;221,3;BR-101/SC;Norte;Colisão Traseira;1;2;;;;;1
26/12/2016;01:05:00;24;sem vítima;107,5;BR-101/SC;Norte;Colisão Traseira;1;2;;;;;1
26/12/2016;08:39:00;159;sem vítima;216,598;BR-101/SC;Sul;Colisão Lateral;1;2;;;;;1
26/12/2016;09:20:00;180;sem vítima;102,295;BR-116/PR;Sul;Saida de Pista;1;1;;;;;1
26/12/2016;15:36:00;404;sem vítima;112,45;BR-101/SC;Norte;Saida de Pista;1;1;;;;;1
26/12/2016;16:47:00;461;sem vítima;635,4;BR-376/PR;Norte;Colisão Lateral;1;2;;;;;1
26/12/2016;18:25:00;519;com vítima;123,135;BR-101/SC;Norte;Colisão Traseira;1;1;;;1;1;3
26/12/2016;20:06:00;566;sem vítima;670,01;BR-376/PR;Sul;Colisão Lateral;1;2;;;;;1
27/12/2016;12:04:00;275;sem vítima;214,8;BR-101/SC;Norte;Colisão Traseira;1;2;;;;;1
27/12/2016;13:48:00;341;sem vítima;103,85;BR-116/PR;Sul;Colisão Traseira;1;2;;;;;1
27/12/2016;18:02:00;509;sem vítima;26,1;BR-101/SC;Norte;Colisão Traseira;1;2;;;;;1
27/12/2016;19:17:00;560;sem vítima;91,3;BR-101/SC;Sul;Colisão Traseira;5;6;;;;;1
28/12/2016;01:38:00;47;com vítima;179,525;BR-101/SC;Norte;Colisão Lateral;1;1;1;;;;1
28/12/2016;10:17:00;246;sem vítima;679,001;BR-376/PR;Sul;Saida de Pista;1;1;;;;;1
28/12/2016;10:41:00;256;sem vítima;215,001;BR-101/SC;Sul;Colisão Traseira;1;2;;;;;1
28/12/2016;15:00:00;390;com vítima;105,16;BR-116/PR;Norte;Colisão Traseira;2;1;;;1;;2
28/12/2016;17:08:00;448;sem vítima;652,476;BR-376/PR;Sul;Colisão Lateral;1;3;;;;;1
29/12/2016;06:53:00;111;com vítima;668,547;BR-376/PR;Sul;Tombamento;1;0;;;;1;3
29/12/2016;16:25:00;407;sem vítima;11,001;BR-101/SC;Sul;Colisão Traseira;1;2;;;;;1
29/12/2016;18:42:00;472;sem vítima;206,001;BR-101/SC;Norte;Colisão Traseira;1;2;;;;;1
29/12/2016;23:34:00;599;sem vítima;85,798;BR-101/SC;Norte;Tombamento;1;1;;;;;1
30/12/2016;00:29:00;9;com vítima;212,7;BR-101/SC;Sul;Outros;2;2;1;;;;1
30/12/2016;04:24:00;71;sem vítima;204,6;BR-101/SC;Sul;Choque - Defensa, barreira ou "submarino";1;2;;;;;1
30/12/2016;05:04:00;78;com vítima;204,2;BR-101/SC;Sul;Colisão Traseira;2;2;1;;;;1
30/12/2016;08:05:00;135;sem vítima;126,001;BR-101/SC;Sul;Colisão Traseira;1;2;;;;;1
30/12/2016;09:48:00;197;sem vítima;674,001;BR-376/PR;Norte;Colisão Lateral;1;2;;;;;1
30/12/2016;10:10:00;207;sem vítima;668,001;BR-376/PR;Sul;Colisão Traseira;2;2;;;;;1
30/12/2016;11:15:00;239;com vítima;40,5;BR-101/SC;Norte;Atropelamento - Andarilho;1;1;;;1;;2
30/12/2016;14:30:00;342;sem vítima;664,3;BR-376/PR;Norte;Saida de Pista;1;1;;;;;1
31/12/2016;19:51:00;515;com vítima;657,001;BR-376/PR;Norte;Colisão Frontal;1;1;2;;;;1
31/12/2016;23:16:00;568;sem vítima;136,5;BR-101/SC;Norte;Colisão Lateral;1;2;;;;;1
01/01/2017;00:59:00;9;com vítima;636,001;BR-376/PR;Sul;Colisão Lateral;1;1;;;;1;3
01/01/2017;17:21:00;450;sem vítima;669,469;BR-376/PR;Sul;Saida de Pista;1;1;;;;;1
01/01/2017;19:18:00;542;com vítima;98,5;BR-101/SC;Norte;Colisão Traseira;1;1;2;;1;;2
02/01/2017;01:08:00;16;com vítima;106,5;BR-101/SC;Sul;Tombamento;1;0;;;;1;3
02/01/2017;09:31:00;188;sem vítima;213,6;BR-101/SC;Sul;Colisão Traseira;1;2;;;;;1
02/01/2017;17:15:00;494;sem vítima;104,138;BR-116/PR;Sul;Engavetamento;2;9;;;;;1
03/01/2017;05:59:00;96;com vítima;46,7;BR-101/SC;Norte;Colisão Traseira;1;1;;;1;;2
03/01/2017;07:36:00;140;sem vítima;635,4;BR-376/PR;Norte;Colisão Traseira;1;2;;;;;1
03/01/2017;08:19:00;164;sem vítima;652,7;BR-376/PR;Norte;Colisão Traseira;1;5;;;;;1
03/01/2017;14:14:00;342;sem vítima;154,3;BR-101/SC;Norte;Colisão Traseira;1;2;;;;;1
03/01/2017;16:25:00;408;sem vítima;679,02;BR-376/PR;Norte;Colisão Traseira;2;2;;;;;1
03/01/2017;16:44:00;416;sem vítima;635,4;BR-376/PR;Norte;Colisão Lateral;1;2;;;;;1
04/01/2017;11:13:00;284;sem vítima;132,001;BR-101/SC;Norte;Colisão Traseira;1;2;;;;;1
04/01/2017;11:17:00;288;sem vítima;110,8;BR-116/PR;Norte;Engavetamento;1;3;;;;;1
04/01/2017;14:35:00;389;com vítima;617,25;BR-376/PR;Norte;Colisão Lateral;1;1;1;;;;1
04/01/2017;14:49:00;401;sem vítima;671,01;BR-376/PR;Sul;Colisão Traseira;1;2;;;;;1
04/01/2017;15:20:00;429;sem vítima;618,3;BR-376/PR;Norte;Colisão Traseira;1;3;;;;;1
04/01/2017;17:33:00;488;sem vítima;209,6;BR-101/SC;Norte;Colisão Traseira;1;2;;;;;1
04/01/2017;19:58:00;561;com vítima;667,6;BR-376/PR;Sul;Choque - Defensa, barreira ou "submarino";1;1;;1;;;2
05/01/2017;00:14:00;4;com vítima;226,002;BR-101/SC;Norte;Colisão Traseira;1;1;1;;;;1
05/01/2017;03:31:00;53;sem vítima;114,853;BR-101/SC;Norte;Tombamento;1;2;;;;;1
05/01/2017;07:17:00;107;sem vítima;661,001;BR-376/PR;Norte;Choque - Defensa, barreira ou "submarino";3;4;;;;;1
05/01/2017;09:52:00;180;sem vítima;634,8;BR-376/PR;Norte;Colisão Traseira;1;2;;;;;1
05/01/2017;10:06:00;200;sem vítima;121,001;BR-101/SC;Norte;Colisão Traseira;1;2;;;;;1
05/01/2017;10:40:00;225;sem vítima;208,2;BR-101/SC;Sul;Colisão Lateral;1;2;;;;;1
05/01/2017;16:43:00;408;sem vítima;111,95;BR-116/PR;Norte;Saida de Pista;1;2;;;;;1
05/01/2017;17:49:00;450;sem vítima;143;BR-101/SC;Sul;Colisão Traseira;2;2;;;;;1
05/01/2017;20:14:00;519;sem vítima;40,6;BR-101/SC;Sul;Choque - Defensa, barreira ou "submarino";1;1;;;;;1
06/01/2017;08:09:00;176;sem vítima;671,071;BR-376/PR;Norte;Colisão Lateral;1;2;;;;;1
06/01/2017;09:10:00;208;com vítima;133,001;BR-101/SC;Norte;Colisão Lateral;1;1;1;;;;1
06/01/2017;11:05:00;262;sem vítima;3,528;BR-101/SC;Norte;Saida de Pista;1;2;;;;;1
06/01/2017;17:07:00;450;sem vítima;139,001;BR-101/SC;Norte;Colisão Traseira;1;2;;;;;1
06/01/2017;20:35:00;539;sem vítima;667,134;BR-376/PR;Sul;Choque - Defensa, barreira ou "submarino";1;1;;;;;1
07/01/2017;04:43:00;72;sem vítima;157,001;BR-101/SC;Sul;Colisão Traseira;1;2;;;;;1
07/01/2017;12:53:00;291;sem vítima;646,131;BR-376/PR;Norte;Colisão Traseira;1;2;;;;;1
07/01/2017;14:57:00;350;com vítima;660,759;BR-376/PR;Norte;Colisão Lateral;1;1;2;;;;1
08/01/2017;07:09:00;115;sem vítima;1,35;BR-101/SC;Norte;Colisão Traseira;1;2;;;;;1
08/01/2017;17:16:00;496;sem vítima;181,5;BR-101/SC;Sul;Colisão Traseira;1;3;;;;;1
08/01/2017;18:42:00;562;sem vítima;94,684;BR-116/PR;Sul;Submersão;1;2;;;;;1
08/01/2017;18:57:00;573;sem vítima;665,55;BR-376/PR;Sul;Colisão Traseira;1;2;;;;;1
09/01/2017;07:38:00;129;sem vítima;104,215;BR-101/SC;Sul;Colisão Lateral;2;2;;;;;1
09/01/2017;10:29:00;236;com vítima;122,313;BR-101/SC;Norte;Engavetamento;1;3;1;;;;1
09/01/2017;15:54:00;423;sem vítima;52,8;BR-101/SC;Norte;Saida de Pista;1;1;;;;;1
09/01/2017;16:13:00;439;sem vítima;123,998;BR-101/SC;Sul;Engavetamento;1;3;;;;;1
09/01/2017;17:20:00;495;com vítima;92,874;BR-116/PR;Sul;Colisão Traseira;1;1;;1;;;2
09/01/2017;18:34:00;546;sem vítima;73,231;BR-116/PR;Norte;Saida de Pista;1;1;;;;;1
10/01/2017;07:21:00;107;sem vítima;141;BR-101/SC;Norte;Colisão Traseira;1;3;;;;;1
10/01/2017;07:42:00;127;sem vítima;671,7;BR-376/PR;Sul;Saida de Pista;1;1;;;;;1
10/01/2017;08:31:00;161;sem vítima;102,8;BR-116/PR;Sul;Colisão Lateral;1;3;;;;;1
10/01/2017;09:39:00;207;sem vítima;190,1;BR-101/SC;Sul;Engavetamento;1;5;;;;;1
10/01/2017;11:13:00;267;sem vítima;135,742;BR-101/SC;Sul;Colisão Lateral;1;4;;;;;1
10/01/2017;16:14:00;448;sem vítima;204,001;BR-101/SC;Norte;Colisão Traseira;1;3;;;;;1
10/01/2017;18:59:00;551;sem vítima;167,985;BR-101/SC;Sul;Saida de Pista;1;1;;;;;1
10/01/2017;21:43:00;610;sem vítima;655,17;BR-376/PR;Norte;Colisão Traseira;1;3;;;;;1
11/01/2017;08:21:00;159;sem vítima;212,525;BR-101/SC;Norte;Colisão Traseira;1;2;;;;;1
11/01/2017;09:53:00;218;sem vítima;157,35;BR-101/SC;Norte;Colisão Traseira;1;2;;;;;1
11/01/2017;11:17:00;253;sem vítima;672,5;BR-376/PR;Sul;Colisão Traseira;2;2;;;;;1
11/01/2017;12:45:00;305;com vítima;210,262;BR-101/SC;Norte;Colisão Traseira;1;1;;1;;;2
11/01/2017;14:48:00;372;sem vítima;142,9;BR-101/SC;Sul;Choque - Defensa, barreira ou "submarino";1;1;;;;;1
11/01/2017;15:15:00;393;com vítima;672,8;BR-376/PR;Sul;Choque - Defensa, barreira ou "submarino";1;0;1;1;;;2
11/01/2017;16:02:00;422;sem vítima;121,6;BR-101/SC;Sul;Colisão Traseira;1;2;;;;;1
11/01/2017;16:09:00;426;sem vítima;116,7;BR-101/SC;Sul;Colisão Traseira;1;2;;;;;1
11/01/2017;16:11:00;432;sem vítima;671,001;BR-376/PR;Sul;Saida de Pista;1;1;;;;;1
11/01/2017;17:31:00;481;com vítima;211,04;BR-101/SC;Norte;Colisão Traseira;1;3;;;;1;3
11/01/2017;18:43:00;512;sem vítima;668,5;BR-376/PR;Sul;Tombamento;1;1;;;;;1
11/01/2017;19:29:00;527;sem vítima;137,001;BR-101/SC;Norte;Colisão Lateral;1;2;;;;;1
11/01/2017;19:00:00;529;sem vítima;635,35;BR-376/PR;Norte;Colisão Traseira;1;2;;;;;1
12/01/2017;08:04:00;143;sem vítima;131,401;BR-101/SC;Norte;Colisão Traseira;1;2;;;;;1
12/01/2017;12:41:00;305;sem vítima;671,7;BR-376/PR;Sul;Saida de Pista;1;1;;;;;1
12/01/2017;13:55:00;334;sem vítima;635,4;BR-376/PR;Sul;Colisão Lateral;1;2;;;;;1
12/01/2017;15:53:00;411;sem vítima;53,2;BR-101/SC;Sul;Colisão Traseira;1;4;;;;;1
12/01/2017;15:55:00;412;sem vítima;663,765;BR-376/PR;Sul;Saida de Pista;1;2;;;;;1
12/01/2017;20:53:00;557;com vítima;668,7;BR-376/PR;Sul;Tombamento;1;0;;;;1;3
13/01/2017;07:26:00;139;sem vítima;32,6;BR-101/SC;Sul;Colisão Lateral;1;2;;;;;1
13/01/2017;11:56:00;274;sem vítima;667,757;BR-376/PR;Sul;Choque - Defensa, barreira ou "submarino";1;1;;;;;1
13/01/2017;12:36:00;287;sem vítima;192,4;BR-101/SC;Sul;Colisão Traseira;1;3;;;;;1
13/01/2017;16:10:00;386;sem vítima;208,4;BR-101/SC;Norte;Colisão Traseira;2;4;;;;;1
13/01/2017;16:21:00;395;sem vítima;671,001;BR-376/PR;Sul;Colisão Traseira;2;2;;;;;1
13/01/2017;16:44:00;410;sem vítima;671,8;BR-376/PR;Sul;Colisão Traseira;1;2;;;;;1
13/01/2017;17:01:00;420;sem vítima;79,45;BR-101/SC;Sul;Colisão Traseira;2;2;;;;;1
14/01/2017;04:40:00;104;sem vítima;112,877;BR-116/PR;Norte;Saida de Pista;1;1;;;;;1
14/01/2017;10:43:00;258;sem vítima;208,4;BR-101/SC;Norte;Colisão Traseira;2;2;;;;;1
14/01/2017;11:27:00;290;sem vítima;671,7;BR-376/PR;Sul;Saida de Pista;1;1;;;;;1
14/01/2017;12:27:00;340;sem vítima;1,5;BR-101/SC;Sul;Colisão Lateral;1;2;;;;;1
14/01/2017;14:26:00;369;com vítima;214,001;BR-101/SC;Norte;Colisão Lateral;1;1;1;;;;1
14/01/2017;15:06:00;394;sem vítima;47,001;BR-101/SC;Norte;Colisão Lateral;1;2;;;;;1
15/01/2017;00:45:00;9;sem vítima;79,35;BR-101/SC;Sul;Choque - Defensa, barreira ou "submarino";1;1;;;;;1
15/01/2017;10:00:00;188;sem vítima;57,323;BR-101/SC;Norte;Colisão Lateral;1;2;;;;;1
16/01/2017;05:56:00;97;sem vítima;669,274;BR-376/PR;Sul;Saida de Pista;1;1;;;;;1
16/01/2017;11:07:00;308;sem vítima;122,65;BR-101/SC;Norte;Colisão Traseira;1;2;;;;;1
16/01/2017;14:20:00;399;sem vítima;163,952;BR-101/SC;Norte;Colisão Lateral;1;2;;;;;1
16/01/2017;14:33:00;410;com vítima;653,001;BR-376/PR;Norte;Capotamento;1;1;;2;;;2
16/01/2017;14:44:00;415;sem vítima;94,001;BR-116/PR;Sul;Colisão Traseira;1;3;;;;;1
16/01/2017;15:09:00;431;sem vítima;114,001;BR-116/PR;Sul;Colisão Traseira;1;3;;;;;1
16/01/2017;16:45:00;472;sem vítima;33,276;BR-101/SC;Sul;Saida de Pista;1;1;;;;;1
16/01/2017;18:08:00;514;com vítima;615,001;BR-376/PR;Norte;Colisão Traseira;1;2;1;;;;1
16/01/2017;22:40:00;628;com vítima;207,001;BR-101/SC;Sul;Colisão Traseira;1;1;2;;;;1
16/01/2017;23:06:00;634;sem vítima;671,7;BR-376/PR;Sul;Colisão Lateral;2;2;;;;;1
17/01/2017;01:58:00;34;sem vítima;159,881;BR-101/SC;Sul;Colisão Traseira;2;2;;;;;1
17/01/2017;05:25:00;56;sem vítima;103,571;BR-116/PR;Norte;Tombamento;1;1;;;;;1
17/01/2017;07:02:00;84;sem vítima;671,7;BR-376/PR;Sul;Saida de Pista;1;1;;;;;1
17/01/2017;08:51:00;145;com vítima;141,654;BR-101/SC;Sul;Tombamento;1;0;1;;;;1
17/01/2017;14:22:00;310;sem vítima;100,799;BR-116/PR;Sul;Saida de Pista;1;2;;;;;1
17/01/2017;15:21:00;355;sem vítima;40,001;BR-101/SC;Norte;Colisão Traseira;2;2;;;;;1
17/01/2017;16:40:00;405;sem vítima;215,6;BR-101/SC;Norte;Colisão Traseira;1;2;;;;;1
17/01/2017;18:19:00;444;sem vítima;111,9;BR-101/SC;Sul;Colisão Traseira;2;3;;;;;1
17/01/2017;20:40:00;507;com vítima;206,891;BR-101/SC;Sul;Atropelamento - Outros;1;2;;;;1;3
17/01/2017;23:13:00;560;sem vítima;103,951;BR-116/PR;Norte;Colisão Traseira;2;2;;;;;1
18/01/2017;08:10:00;155;sem vítima;112,569;BR-116/PR;Sul;Colisão Traseira;1;3;;;;;1
18/01/2017;08:15:00;162;sem vítima;81,5;BR-101/SC;Sul;Colisão Traseira;1;2;;;;;1
18/01/2017;13:52:00;337;sem vítima;671,7;BR-376/PR;Sul;Saida de Pista;1;1;;;;;1
18/01/2017;18:43:00;498;sem vítima;13,282;BR-101/SC;Sul;Saida de Pista;1;1;;;;;1
19/01/2017;06:44:00;72;sem vítima;664,135;BR-376/PR;Norte;Saida de Pista;1;1;;;;;1
19/01/2017;08:32:00;122;com vítima;668,25;BR-376/PR;Sul;Saida de Pista;1;0;1;;;;1
19/01/2017;08:51:00;135;sem vítima;667,618;BR-376/PR;Sul;Colisão Lateral;2;2;;;;;1
19/01/2017;18:32:00;429;sem vítima;113,68;BR-101/SC;Norte;Colisão Lateral;1;2;;;;;1
20/01/2017;11:19:00;275;sem vítima;154,9;BR-101/SC;Norte;Colisão Lateral;1;2;;;;;1
20/01/2017;13:17:00;339;sem vítima;655,001;BR-376/PR;Norte;Tombamento;1;1;;;;;1
20/01/2017;16:52:00;422;com vítima;211,881;BR-101/SC;Norte;Colisão Lateral;1;3;1;;;;1
20/01/2017;18:57:00;492;com vítima;107,01;BR-116/PR;Norte;Colisão Traseira;1;1;1;;;;1
21/01/2017;04:35:00;87;sem vítima;675,4;BR-376/PR;Sul;Choque - Talude;1;1;;;;;1
21/01/2017;06:46:00;119;sem vítima;627,3;BR-376/PR;Norte;Saida de Pista;1;1;;;;;1
21/01/2017;13:53:00;301;sem vítima;192,001;BR-101/SC;Norte;Tombamento;1;1;;;;;1
21/01/2017;17:03:00;399;sem vítima;197,001;BR-101/SC;Norte;Colisão Lateral;1;2;;;;;1
22/01/2017;09:12:00;139;sem vítima;79,4;BR-101/SC;Norte;Colisão Traseira;2;2;;;;;1
22/01/2017;17:40:00;379;com vítima;94,9;BR-116/PR;Norte;Colisão Traseira;1;3;;1;;;2
23/01/2017;07:24:00;98;sem vítima;671,7;BR-376/PR;Norte;Saida de Pista;1;1;;;;;1
23/01/2017;07:28:00;104;com vítima;125,586;BR-101/SC;Norte;Colisão Lateral;1;1;;1;;;2
23/01/2017;13:12:00;285;com vítima;213,001;BR-101/SC;Norte;Colisão Traseira;1;1;1;;;;1
23/01/2017;14:49:00;323;com vítima;7,661;BR-101/SC;Norte;Capotamento;1;1;1;;;;1
23/01/2017;17:07:00;390;sem vítima;40,1;BR-101/SC;Sul;Colisão Traseira;1;3;;;;;1
23/01/2017;17:54:00;407;sem vítima;191,9;BR-101/SC;Sul;Colisão Traseira;1;3;;;;;1
23/01/2017;19:45:00;472;sem vítima;656,7;BR-376/PR;Norte;Colisão Lateral;1;2;;;;;1
23/01/2017;19:45:00;554;sem vítima;656,7;BR-376/PR;Norte;Engavetamento;1;4;;;;;1
24/01/2017;08:42:00;156;sem vítima;214,001;BR-101/SC;Norte;Colisão Lateral;1;2;;;;;1
24/01/2017;10:37:00;222;sem vítima;24,21;BR-101/SC;Sul;Capotamento;1;2;;;;;1
24/01/2017;11:45:00;253;sem vítima;116,614;BR-101/SC;Norte;Engavetamento;3;4;;;;;1
24/01/2017;15:17:00;347;sem vítima;145,3;BR-101/SC;Sul;Choque - Defensa, barreira ou "submarino";1;1;;;;;1
24/01/2017;17:13:00;403;com vítima;219,001;BR-101/SC;Sul;Colisão Traseira;1;2;2;;;;1
24/01/2017;20:49:00;494;sem vítima;84,001;BR-101/SC;Norte;Colisão Traseira;1;2;;;;;1
24/01/2017;22:14:00;517;sem vítima;634,4;BR-376/PR;Norte;Colisão Lateral;1;2;;;;;1
25/01/2017;07:19:00;129;sem vítima;141,2;BR-101/SC;Norte;Colisão Traseira;1;2;;;;;1
25/01/2017;09:17:00;211;sem vítima;48,367;BR-101/SC;Norte;Colisão Traseira;2;2;;;;;1
25/01/2017;09:41:00;221;sem vítima;35,97;BR-101/SC;Norte;Colisão Lateral;1;2;;;;;1
25/01/2017;13:51:00;324;sem vítima;94,2;BR-101/SC;Norte;Colisão Traseira;1;2;;;;;1
25/01/2017;15:36:00;383;com vítima;144,001;BR-101/SC;Norte;Colisão Traseira;1;3;1;;;;1
25/01/2017;15:47:00;390;sem vítima;105,3;BR-116/PR;Sul;Tombamento;1;1;;;;;1
25/01/2017;16:10:00;405;sem vítima;103,001;BR-101/SC;Norte;Colisão Traseira;1;2;;;;;1
25/01/2017;16:34:00;421;sem vítima;104,001;BR-101/SC;Norte;Engavetamento;1;4;;;;;1
25/01/2017;17:12:00;447;sem vítima;209,001;BR-101/SC;Norte;Colisão Traseira;1;2;;;;;1
25/01/2017;17:25:00;453;sem vítima;653,081;BR-376/PR;Norte;Saida de Pista;1;1;;;;;1
25/01/2017;16:28:00;464;sem vítima;103,001;BR-101/SC;Norte;Colisão Traseira;1;2;;;;;1
25/01/2017;18:05:00;468;sem vítima;148,9;BR-101/SC;Norte;Colisão Traseira;1;4;;;;;1
25/01/2017;18:06:00;469;sem vítima;116,989;BR-101/SC;Sul;Choque - Defensa, barreira ou "submarino";2;2;;;;;1
25/01/2017;19:54:00;524;sem vítima;635,6;BR-376/PR;Sul;Colisão Lateral;1;2;;;;;1
26/01/2017;05:45:00;72;sem vítima;670,407;BR-376/PR;Sul;Colisão Traseira;2;2;;;;;1
26/01/2017;07:58:00;117;sem vítima;101,1;BR-101/SC;Sul;Colisão Lateral;1;2;;;;;1
26/01/2017;10:10:00;205;sem vítima;210,171;BR-101/SC;Sul;Colisão Lateral;1;2;;;;;1
26/01/2017;17:34:00;467;com vítima;127,196;BR-101/SC;Sul;Colisão Traseira;1;1;1;;;;1
26/01/2017;18:07:00;481;sem vítima;132,223;BR-101/SC;Norte;Colisão Traseira;2;2;;;;;1
26/01/2017;19:38:00;522;sem vítima;40,963;BR-101/SC;Sul;Colisão Lateral;1;2;;;;;1
27/01/2017;07:15:00;111;sem vítima;157,35;BR-101/SC;Sul;Colisão Traseira;2;3;;;;;1
27/01/2017;07:57:00;143;sem vítima;44,473;BR-101/SC;Norte;Colisão Traseira;1;3;;;;;1
27/01/2017;08:18:00;155;sem vítima;671,7;BR-376/PR;Sul;Saida de Pista;1;1;;;;;1
27/01/2017;08:33:00;162;com vítima;201,05;BR-101/SC;Sul;Colisão Traseira;1;1;1;;;;1
27/01/2017;08:43:00;165;sem vítima;222,9;BR-101/SC;Sul;Saida de Pista;1;1;;;;;1
27/01/2017;18:30:00;448;sem vítima;108,001;BR-116/PR;Sul;Saida de Pista;1;1;;;;;1
27/01/2017;19:02:00;467;sem vítima;102,011;BR-116/PR;Norte;Colisão Traseira;1;3;;;;;1
27/01/2017;19:14:00;477;sem vítima;103,001;BR-101/SC;Norte;Saida de Pista;1;1;;;;;1
28/01/2017;02:40:00;46;sem vítima;23,7;BR-101/SC;Sul;Saida de Pista;1;1;;;;;1
28/01/2017;09:23:00;160;sem vítima;157,45;BR-101/SC;Sul;Colisão Traseira;1;2;;;;;1
28/01/2017;11:43:00;223;sem vítima;616,501;BR-376/PR;Sul;Colisão Traseira;2;2;;;;;1
29/01/2017;15:47:00;324;sem vítima;236,001;BR-101/SC;Norte;Colisão Traseira;1;2;;;;;1
29/01/2017;22:29:00;517;sem vítima;102,6;BR-116/PR;Sul;Engavetamento;1;3;;;;;1
30/01/2017;06:53:00;98;sem vítima;630,5;BR-376/PR;Sul;Saida de Pista;1;1;;;;;1
30/01/2017;07:22:00;114;sem vítima;665,933;BR-376/PR;Sul;Tombamento;1;1;;;;;1
30/01/2017;15:22:00;354;sem vítima;666,001;BR-376/PR;Norte;Colisão Traseira;1;3;;;;;1
30/01/2017;15:39:00;358;sem vítima;135,294;BR-101/SC;Sul;Colisão Traseira;1;2;;;;;1
31/01/2017;03:40:00;51;sem vítima;112,3;BR-101/SC;Sul;Choque - Defensa, barreira ou "submarino";1;1;;;;;1
31/01/2017;03:56:00;56;sem vítima;158,8;BR-101/SC;Sul;Colisão Traseira;1;2;;;;;1
31/01/2017;06:58:00;95;sem vítima;128,811;BR-101/SC;Norte;Colisão Traseira;1;2;;;;;1
31/01/2017;08:33:00;131;sem vítima;122,025;BR-101/SC;Norte;Colisão Traseira;1;4;;;;;1
31/01/2017;08:41:00;137;sem vítima;668,502;BR-376/PR;Sul;Saida de Pista;1;1;;;;;1
31/01/2017;12:01:00;239;sem vítima;212,572;BR-101/SC;Sul;Colisão Lateral;1;2;;;;;1
31/01/2017;13:13:00;276;sem vítima;111,001;BR-116/PR;Sul;Colisão Lateral;1;2;;;;;1
31/01/2017;14:09:00;299;sem vítima;112,5;BR-116/PR;Norte;Colisão Traseira;2;2;;;;;1
31/01/2017;15:23:00;336;sem vítima;107,001;BR-116/PR;Sul;Colisão Lateral;1;2;;;;;1
31/01/2017;15:53:00;346;sem vítima;191,001;BR-101/SC;Norte;Choque - Defensa, barreira ou "submarino";1;2;;;;;1
31/01/2017;17:06:00;391;sem vítima;119,001;BR-101/SC;Norte;Colisão Traseira;1;2;;;;;1
31/01/2017;17:41:00;415;sem vítima;41,164;BR-101/SC;Sul;Colisão Traseira;1;2;;;;;1
02/02/2017;05:26:00;67;com vítima;647,3;BR-376/PR;Norte;Tombamento;1;1;1;;;;1
02/02/2017;06:30:00;77;sem vítima;48,559;BR-101/SC;Norte;Colisão Lateral;1;2;;;;;1
02/02/2017;06:31:00;80;sem vítima;211,3;BR-101/SC;Norte;Engavetamento;1;3;;;;;1
02/02/2017;07:23:00;92;sem vítima;242,064;BR-101/SC;Sul;Colisão Traseira;1;2;;;;;1
02/02/2017;08:27:00;147;sem vítima;215,7;BR-101/SC;Norte;Colisão Lateral;1;2;;;;;1
02/02/2017;09:25:00;196;sem vítima;243,108;BR-101/SC;Sul;Colisão Traseira;2;2;;;;;1
02/02/2017;16:01:00;391;com vítima;206,85;BR-101/SC;Norte;Engavetamento;1;4;1;;;;1
02/02/2017;16:17:00;401;sem vítima;205,5;BR-101/SC;Sul;Colisão Lateral;1;2;;;;;1
02/02/2017;20:57:00;532;sem vítima;99,001;BR-101/SC;Norte;Tombamento;1;1;;;;;1
02/02/2017;21:36:00;546;sem vítima;192,9;BR-101/SC;Norte;Colisão Lateral;1;2;;;;;1
03/02/2017;05:26:00;88;com vítima;149,001;BR-101/SC;Sul;Colisão Traseira;1;1;1;;;;1
03/02/2017;14:43:00;307;sem vítima;107,1;BR-116/PR;Norte;Saida de Pista;1;1;;;;;1
03/02/2017;14:43:00;308;sem vítima;155,001;BR-101/SC;Norte;Colisão Traseira;1;3;;;;;1
03/02/2017;14:53:00;312;sem vítima;109,3;BR-116/PR;Norte;Colisão Traseira;2;4;;;;;1
03/02/2017;16:02:00;346;sem vítima;139,001;BR-101/SC;Sul;Colisão Lateral;1;2;;;;;1
03/02/2017;17:42:00;406;sem vítima;668,32;BR-376/PR;Sul;Tombamento;1;1;;;;;1
03/02/2017;20:43:00;507;sem vítima;126,001;BR-101/SC;Sul;Colisão Traseira;1;2;;;;;1