data;horario;n_da_ocorrencia;tipo_de_ocorrencia;km;trecho;sentido;tipo_de_acidente;caminhao;ilesos;levemente_feridos;moderadamente_feridos;gravemente_feridos;mortos;3
03/02/2017;20:50:00;509;sem vítima;230,001;BR-101/SC;Norte;Choque - Defensa, barreira ou "submarino";1;1;;;;;1
04/02/2017;04:38:00;57;com vítima;147,001;BR-101/SC;Sul;Choque - Veiculo parado no acostamento;1;2;1;;;1;3
04/02/2017;15:00:00;268;com vítima;679,4;BR-376/PR;Sul;Saida de Pista;1;2;1;;;;1
04/02/2017;15:51:00;306;sem vítima;79,3;BR-101/SC;Sul;Colisão Lateral;1;2;;;;;1
04/02/2017;17:04:00;350;sem vítima;617,001;BR-376/PR;Norte;Colisão Traseira;1;2;;;;;1
05/02/2017;18:59:00;451;sem vítima;671,8;BR-376/PR;Sul;Saida de Pista;2;2;;;;;1
05/02/2017;19:10:00;456;sem vítima;106,001;BR-116/PR;Sul;Colisão Traseira;1;2;;;;;1
06/02/2017;05:49:00;106;sem vítima;671,7;BR-376/PR;Sul;Saida de Pista;1;1;;;;;1
06/02/2017;10:47:00;237;com vítima;671,466;BR-376/PR;Sul;Colisão Traseira;1;0;3;1;;;2
06/02/2017;10:48:00;239;com vítima;673,511;BR-376/PR;Sul;Colisão Traseira;1;2;;;1;;2
06/02/2017;13:53:00;313;sem vítima;206,001;BR-101/SC;Sul;Colisão Lateral;1;2;;;;;1
06/02/2017;15:41:00;365;sem vítima;194,4;BR-101/SC;Norte;Colisão Lateral;1;2;;;;;1
06/02/2017;15:57:00;373;com vítima;102,2;BR-116/PR;Sul;Tombamento;1;1;1;;;;1
06/02/2017;16:52:00;391;sem vítima;138,9;BR-101/SC;Sul;Colisão Traseira;1;2;;;;;1
06/02/2017;17:03:00;396;sem vítima;60,9;BR-101/SC;Sul;Colisão Traseira;1;2;;;;;1
07/02/2017;02:01:00;47;com vítima;668,248;BR-376/PR;Sul;Choque - Defensa, barreira ou "submarino";1;0;;1;;;2
07/02/2017;02:35:00;58;sem vítima;644,855;BR-376/PR;Sul;Tombamento;1;1;;;;;1
07/02/2017;06:52:00;107;sem vítima;204,8;BR-101/SC;Sul;Colisão Lateral;1;3;;;;;1
07/02/2017;08:16:00;134;com vítima;202,235;BR-101/SC;Sul;Engavetamento;3;6;;1;;;2
07/02/2017;09:26:00;178;sem vítima;199,1;BR-101/SC;Sul;Colisão Lateral;1;2;;;;;1
07/02/2017;09:32:00;184;sem vítima;132,001;BR-101/SC;Sul;Colisão Lateral;1;2;;;;;1
07/02/2017;17:31:00;385;sem vítima;27;BR-101/SC;Sul;Colisão Lateral;1;2;;;;;1
07/02/2017;20:48:00;469;sem vítima;178,2;BR-101/SC;Sul;Colisão Lateral;1;2;;;;;1
07/02/2017;22:12:00;496;sem vítima;104,9;BR-116/PR;Norte;Colisão Traseira;2;2;;;;;1
07/02/2017;22:26:00;500;sem vítima;671,7;BR-376/PR;Sul;Colisão Traseira;1;3;;;;;1
08/02/2017;01:16:00;39;com vítima;27,936;BR-101/SC;Norte;Colisão Frontal;1;2;;;1;;2
08/02/2017;03:43:00;97;sem vítima;628,9;BR-376/PR;Sul;Atropelamento de Animal;1;1;;;;;1
08/02/2017;06:20:00;131;sem vítima;207,5;BR-101/SC;Norte;Colisão Lateral;1;2;;;;;1
08/02/2017;07:51:00;170;sem vítima;79,8;BR-101/SC;Norte;Colisão Traseira;1;2;;;;;1
08/02/2017;14:31:00;360;sem vítima;201,001;BR-101/SC;Norte;Colisão Traseira;1;2;;;;;1
09/02/2017;00:53:00;15;sem vítima;123,4;BR-101/SC;Norte;Atropelamento de Animal;1;1;;;;;1
09/02/2017;06:13:00;108;sem vítima;199,494;BR-101/SC;Norte;Colisão Lateral;1;2;;;;;1
09/02/2017;09:56:00;244;com vítima;158,958;BR-101/SC;Norte;Saida de Pista;2;2;1;;;;1
09/02/2017;13:43:00;344;sem vítima;157,35;BR-101/SC;Norte;Colisão Lateral;1;2;;;;;1
09/02/2017;14:58:00;376;sem vítima;189,859;BR-101/SC;Sul;Colisão Traseira;2;2;;;;;1
09/02/2017;19:27:00;522;com vítima;112,915;BR-101/SC;Norte;Colisão Lateral;1;1;4;;;;1
10/02/2017;06:30:00;132;sem vítima;615,761;BR-376/PR;Sul;Saida de Pista;1;1;;;;;1
10/02/2017;06:50:00;135;sem vítima;93,216;BR-116/PR;Norte;Tombamento;1;3;;;;;1
10/02/2017;07:43:00;158;sem vítima;108,535;BR-116/PR;Sul;Saida de Pista;1;1;;;;;1
10/02/2017;08:00:00;192;sem vítima;46,8;BR-101/SC;Norte;Colisão Lateral;1;2;;;;;1
10/02/2017;09:22:00;215;sem vítima;106,301;BR-116/PR;Sul;Colisão Lateral;1;2;;;;;1
10/02/2017;10:29:00;249;com vítima;116,001;BR-101/SC;Sul;Colisão Lateral;2;2;;1;;;2
10/02/2017;18:23:00;474;sem vítima;137,001;BR-101/SC;Norte;Colisão Traseira;1;3;;;;;1
11/02/2017;10:49:00;228;sem vítima;23,042;BR-101/SC;Sul;Colisão Traseira;1;3;;;;;1
11/02/2017;18:53:00;461;sem vítima;20,8;BR-101/SC;Sul;Colisão Lateral;1;2;;;;;1
11/02/2017;23:12:00;547;sem vítima;203,8;BR-101/SC;Norte;Saida de Pista;1;2;;;;;1
12/02/2017;05:30:00;71;sem vítima;671,7;BR-376/PR;Sul;Saida de Pista;1;1;;;;;1
12/02/2017;19:09:00;381;com vítima;109,6;BR-116/PR;Sul;Colisão Traseira;2;8;2;;;;1
13/02/2017;01:14:00;19;com vítima;134,397;BR-101/SC;Sul;Colisão Lateral;1;2;;;1;;2
13/02/2017;01:27:00;22;sem vítima;123,393;BR-101/SC;Norte;Colisão Traseira;1;2;;;;;1
13/02/2017;05:03:00;57;com vítima;96,5;BR-116/PR;Norte;Atropelamento de Animal;1;2;2;;;;1
13/02/2017;07:21:00;83;com vítima;665,9;BR-376/PR;Sul;Colisão Lateral;1;2;1;;;;1
13/02/2017;09:45:00;148;com vítima;113,001;BR-116/PR;Norte;Engavetamento;1;3;2;;;;1
14/02/2017;00:03:00;1;sem vítima;641,623;BR-376/PR;Sul;Saida de Pista;1;1;;;;;1
14/02/2017;01:12:00;24;sem vítima;84,082;BR-116/PR;Norte;Tombamento;1;1;;;;;1
14/02/2017;05:36:00;80;sem vítima;658,001;BR-376/PR;Norte;Colisão Traseira;1;3;;;;;1
14/02/2017;08:06:00;119;com vítima;109,217;BR-116/PR;Norte;Colisão Lateral;2;2;;1;;;2
14/02/2017;10:07:00;183;sem vítima;108,5;BR-116/PR;Sul;Colisão Traseira;1;2;;;;;1
14/02/2017;10:43:00;209;sem vítima;102,001;BR-116/PR;Sul;Choque - Defensa, barreira ou "submarino";1;1;;;;;1
14/02/2017;13:47:00;275;com vítima;676,283;BR-376/PR;Sul;Engavetamento;3;5;1;3;;1;3
14/02/2017;15:07:00;308;sem vítima;15,001;BR-101/SC;Norte;Saida de Pista;1;2;;;;;1
14/02/2017;15:22:00;314;sem vítima;217,001;BR-101/SC;Norte;Colisão Lateral;1;2;;;;;1
14/02/2017;17:51:00;365;sem vítima;104,298;BR-116/PR;Sul;Choque - Defensa, barreira ou "submarino";1;1;;;;;1
15/02/2017;08:24:00;135;com vítima;120,929;BR-101/SC;Norte;Colisão Traseira;1;3;2;;;;1
15/02/2017;08:54:00;147;com vítima;112,343;BR-101/SC;Norte;Colisão Lateral;1;1;1;;;;1
15/02/2017;14:43:00;333;sem vítima;669,001;BR-376/PR;Norte;Colisão Traseira;2;2;;;;;1
15/02/2017;17:07:00;434;sem vítima;671,001;BR-376/PR;Sul;Colisão Lateral;1;2;;;;;1
15/02/2017;17:10:00;436;sem vítima;201,001;BR-101/SC;Norte;Colisão Lateral;1;2;;;;;1
16/02/2017;06:22:00;123;sem vítima;190,1;BR-101/SC;Sul;Choque - Objeto sobre a pista;1;4;;;;;1
16/02/2017;12:52:00;304;sem vítima;243,01;BR-101/SC;Sul;Colisão Traseira;2;2;;;;;1
16/02/2017;12:45:00;308;sem vítima;615,365;BR-376/PR;Norte;Colisão Lateral;1;2;;;;;1
16/02/2017;13:39:00;318;sem vítima;207,3;BR-101/SC;Sul;Engavetamento;1;3;;;;;1
16/02/2017;16:18:00;408;sem vítima;660,001;BR-376/PR;Sul;Colisão Traseira;2;2;;;;;1
16/02/2017;22:35:00;552;sem vítima;213,001;BR-101/SC;Norte;Colisão Lateral;1;4;;;;;1
17/02/2017;06:23:00;97;com vítima;673,956;BR-376/PR;Sul;Colisão Traseira;2;1;;2;;;2
17/02/2017;07:29:00;120;sem vítima;163,001;BR-101/SC;Norte;Colisão Lateral;1;2;;;;;1
17/02/2017;10:49:00;242;sem vítima;680,001;BR-376/PR;Sul;Colisão Traseira;2;2;;;;;1
17/02/2017;16:42:00;417;com vítima;195,5;BR-101/SC;Norte;Colisão Traseira;1;2;;;1;;2
17/02/2017;16:50:00;421;com vítima;97,214;BR-116/PR;Sul;Colisão Lateral;1;2;2;;;;1
17/02/2017;17:10:00;431;sem vítima;204,9;BR-101/SC;Sul;Colisão Traseira;2;2;;;;;1
17/02/2017;18:38:00;469;sem vítima;204,001;BR-101/SC;Norte;Colisão Transversal;1;2;;;;;1
17/02/2017;18:55:00;481;sem vítima;204,001;BR-101/SC;Norte;Colisão Transversal;1;2;;;;;1
17/02/2017;23:27:00;574;com vítima;117,3;BR-101/SC;Sul;Colisão Traseira;1;1;;1;;;2
18/02/2017;00:42:00;14;sem vítima;204,001;BR-101/SC;Norte;Colisão Lateral;1;2;;;;;1
18/02/2017;05:34:00;87;sem vítima;112,9;BR-116/PR;Sul;Colisão Traseira;2;2;;;;;1
18/02/2017;06:39:00;104;com vítima;620,127;BR-376/PR;Norte;Colisão Lateral;1;2;;1;;;2
18/02/2017;19:46:00;518;com vítima;650,02;BR-376/PR;Norte;Capotamento;1;1;2;;;;1
19/02/2017;00:33:00;5;com vítima;126,001;BR-101/SC;Norte;Colisão Traseira;1;1;;1;;;2
19/02/2017;08:25:00;134;com vítima;77,029;BR-116/PR;Norte;Colisão Lateral;1;1;2;;;;1
19/02/2017;17:53:00;443;sem vítima;126,001;BR-101/SC;Norte;Choque - Defensa, barreira ou "submarino";1;2;;;;;1
20/02/2017;09:07:00;179;sem vítima;117,1;BR-101/SC;Sul;Colisão Lateral;1;2;;;;;1
20/02/2017;09:32:00;193;com vítima;202,001;BR-101/SC;Norte;Choque - Defensa, barreira ou "submarino";1;1;1;;;;1
20/02/2017;10:17:00;231;sem vítima;4,001;BR-101/SC;Norte;Colisão Traseira;2;2;;;;;1
20/02/2017;13:57:00;337;sem vítima;201,5;BR-101/SC;Sul;Colisão Traseira;1;2;;;;;1
20/02/2017;23:49:00;575;sem vítima;617,2;BR-376/PR;Sul;Colisão Lateral;1;3;;;;;1
21/02/2017;10:20:00;218;sem vítima;243,001;BR-101/SC;Sul;Colisão Traseira;1;2;;;;;1
21/02/2017;10:38:00;227;sem vítima;671,7;BR-376/PR;Sul;Saida de Pista;1;1;;;;;1
21/02/2017;12:05:00;270;sem vítima;153,001;BR-101/SC;Norte;Colisão Lateral;1;2;;;;;1
21/02/2017;12:52:00;291;sem vítima;666,12;BR-376/PR;Norte;Capotamento;1;3;;;;;1
21/02/2017;13:58:00;319;sem vítima;81,5;BR-101/SC;Sul;Colisão Traseira;2;2;;;;;1
21/02/2017;21:33:00;509;sem vítima;112,65;BR-101/SC;Sul;Colisão Lateral;1;2;;;;;1
21/02/2017;22:10:00;520;com vítima;201,1;BR-101/SC;Norte;Colisão Traseira;2;3;;1;;;2
22/02/2017;04:49:00;84;com vítima;211,5;BR-101/SC;Sul;Colisão Lateral;1;1;1;;;;1
22/02/2017;07:32:00;130;com vítima;128,8;BR-101/SC;Norte;Colisão Traseira;1;2;1;;;;1
22/02/2017;09:14:00;190;sem vítima;627,001;BR-376/PR;Norte;Tombamento;1;2;;;;;1
22/02/2017;10:35:00;227;sem vítima;51,101;BR-101/SC;Norte;Colisão Lateral;1;4;;;;;1
23/02/2017;06:54:00;123;sem vítima;59,05;BR-101/SC;Sul;Tombamento;2;2;;;;;1
23/02/2017;07:00:00;129;sem vítima;89,114;BR-116/PR;Sul;Colisão Traseira;2;2;;;;;1
23/02/2017;07:17:00;136;sem vítima;626,628;BR-376/PR;Sul;Tombamento;1;1;;;;;1
23/02/2017;07:51:00;153;sem vítima;213,6;BR-101/SC;Norte;Colisão Lateral;1;2;;;;;1
23/02/2017;14:59:00;338;sem vítima;659,906;BR-376/PR;Sul;Choque - Defensa, barreira ou "submarino";1;1;;;;;1
23/02/2017;15:09:00;339;sem vítima;659,685;BR-376/PR;Sul;Colisão Traseira;2;2;;;;;1
23/02/2017;15:49:00;364;sem vítima;19,001;BR-101/SC;Norte;Choque - Defensa, barreira ou "submarino";1;2;;;;;1
24/02/2017;08:34:00;163;sem vítima;664,001;BR-376/PR;Norte;Colisão Traseira;2;3;;;;;1
24/02/2017;10:00:00;220;sem vítima;635,1;BR-376/PR;Sul;Colisão Lateral;1;2;;;;;1
24/02/2017;11:28:00;266;sem vítima;676,158;BR-376/PR;Sul;Colisão Traseira;1;2;;;;;1
24/02/2017;13:44:00;323;sem vítima;679,5;BR-376/PR;Sul;Tombamento;1;1;;;;;1
24/02/2017;14:57:00;349;sem vítima;102,8;BR-101/SC;Sul;Colisão Lateral;1;2;;;;;1
24/02/2017;15:06:00;351;sem vítima;56,2;BR-101/SC;Sul;Colisão Traseira;1;2;;;;;1
24/02/2017;15:43:00;371;com vítima;204,004;BR-101/SC;Sul;Colisão Traseira;1;1;1;;;;1
24/02/2017;20:55:00;513;sem vítima;209,001;BR-101/SC;Norte;Colisão Lateral;1;2;;;;;1
25/02/2017;07:34:00;119;sem vítima;1,35;BR-101/SC;Sul;Colisão Traseira;1;2;;;;;1
25/02/2017;09:06:00;165;sem vítima;676,2;BR-376/PR;Sul;Saida de Pista;1;2;;;;;1
25/02/2017;14:02:00;345;sem vítima;631,5;BR-376/PR;Norte;Colisão Traseira;1;2;;;;;1
25/02/2017;15:53:00;374;sem vítima;124,9;BR-101/SC;Sul;Colisão Traseira;1;2;;;;;1
26/02/2017;06:55:00;90;sem vítima;156,001;BR-101/SC;Sul;Colisão Traseira;1;2;;;;;1
27/02/2017;21:44:00;462;sem vítima;113,5;BR-101/SC;Norte;Colisão Traseira;1;2;;;;;1
28/02/2017;18:22:00;409;com vítima;12,073;BR-101/SC;Norte;Colisão Traseira;1;4;1;1;;;2
28/02/2017;19:19:00;434;sem vítima;635,4;BR-376/PR;Norte;Colisão Lateral;1;2;;;;;1
28/02/2017;18:22:00;485;sem vítima;12,073;BR-101/SC;Norte;Colisão Traseira;2;2;;;;;1
28/02/2017;22:52:00;511;sem vítima;87,5;BR-116/PR;Sul;Saida de Pista;1;3;;;;;1
01/03/2017;15:01:00;345;sem vítima;35,5;BR-101/SC;Sul;Colisão Lateral;1;2;;;;;1
01/03/2017;17:06:00;423;com vítima;203,19;BR-101/SC;Sul;Colisão Lateral;1;1;1;;;;1
01/03/2017;17:48:00;444;sem vítima;671,5;BR-376/PR;Sul;Colisão Lateral;1;2;;;;;1
02/03/2017;06:49:00;103;sem vítima;136,9;BR-101/SC;Norte;Colisão Lateral;1;2;;;;;1
02/03/2017;07:52:00;138;sem vítima;79,35;BR-101/SC;Sul;Colisão Lateral;1;2;;;;;1
02/03/2017;08:05:00;155;com vítima;215,05;BR-101/SC;Norte;Colisão Traseira;1;3;1;;;;1
02/03/2017;08:24:00;165;sem vítima;65,5;BR-101/SC;Norte;Colisão Lateral;1;3;;;;;1
02/03/2017;09:39:00;206;sem vítima;160,001;BR-101/SC;Sul;Atropelamento de Animal;1;2;;;;;1
02/03/2017;09:44:00;211;sem vítima;106,001;BR-116/PR;Sul;Colisão Lateral;1;2;;;;;1
02/03/2017;11:38:00;256;sem vítima;629,3;BR-376/PR;Norte;Colisão Lateral;1;4;;;;;1
02/03/2017;13:19:00;294;sem vítima;668,001;BR-376/PR;Sul;Choque - Outros;1;1;;;;;1
02/03/2017;13:25:00;300;com vítima;619,001;BR-376/PR;Norte;Choque - Defensa, barreira ou "submarino";1;0;1;;;;1
02/03/2017;17:02:00;390;com vítima;33,55;BR-101/SC;Norte;Tombamento;1;1;1;;;;1
03/03/2017;01:14:00;22;sem vítima;160,001;BR-101/SC;Norte;Saida de Pista;1;1;;;;;1
03/03/2017;07:02:00;101;com vítima;104,351;BR-116/PR;Sul;Colisão Traseira;2;4;2;;;;1
03/03/2017;07:45:00;127;com vítima;104,189;BR-116/PR;Sul;Colisão Traseira;1;1;;1;;;2
03/03/2017;10:45:00;227;com vítima;215,001;BR-101/SC;Norte;Choque - Objeto sobre a pista;1;1;1;;;;1
03/03/2017;14:59:00;330;sem vítima;199,5;BR-101/SC;Sul;Colisão Traseira;1;2;;;;;1
03/03/2017;15:07:00;337;sem vítima;41,001;BR-101/SC;Sul;Colisão Traseira;1;2;;;;;1
03/03/2017;19:11:00;481;sem vítima;205,001;BR-101/SC;Norte;Colisão Traseira;1;2;;;;;1
04/03/2017;03:08:00;61;com vítima;29,4;BR-101/SC;Sul;Tombamento;1;0;1;;;;1
04/03/2017;05:16:00;81;com vítima;88,2;BR-101/SC;Norte;Choque - Defensa, barreira ou "submarino";2;3;1;;;;1
04/03/2017;15:17:00;335;com vítima;204,8;BR-101/SC;Norte;Colisão Lateral;1;1;1;;;;1
05/03/2017;10:29:00;212;sem vítima;79,001;BR-101/SC;Norte;Colisão Lateral;2;4;;;;;1
05/03/2017;11:27:00;245;sem vítima;210,001;BR-101/SC;Norte;Colisão Lateral;1;2;;;;;1
05/03/2017;21:19:00;517;sem vítima;666,12;BR-376/PR;Norte;Colisão Lateral;1;2;;;;;1
06/03/2017;06:57:00;60;sem vítima;657,8;BR-376/PR;Norte;Colisão Lateral;1;2;;;;;1
06/03/2017;08:37:00;114;sem vítima;211,7;BR-101/SC;Sul;Engavetamento;1;3;;;;;1
06/03/2017;09:18:00;144;sem vítima;103,7;BR-116/PR;Sul;Choque - Suporte de Sinalização;1;2;;;;;1
06/03/2017;09:44:00;158;sem vítima;656,001;BR-376/PR;Norte;Colisão Lateral;1;2;;;;;1
06/03/2017;16:51:00;344;sem vítima;88,001;BR-101/SC;Sul;Colisão Lateral;1;2;;;;;1
06/03/2017;18:45:00;416;sem vítima;205,7;BR-101/SC;Sul;Colisão Traseira;1;2;;;;;1
07/03/2017;08:01:00;116;sem vítima;113,436;BR-101/SC;Norte;Colisão Lateral;1;2;;;;;1
07/03/2017;11:36:00;229;sem vítima;676,8;BR-376/PR;Sul;Colisão Traseira;1;4;;;;;1
07/03/2017;12:15:00;254;sem vítima;676,7;BR-376/PR;Sul;Engavetamento;1;4;;;;;1
07/03/2017;14:58:00;310;com vítima;15,1;BR-101/SC;Norte;Saida de Pista;1;2;1;;;;1
07/03/2017;16:48:00;373;sem vítima;16,01;BR-101/SC;Norte;Colisão Traseira;2;2;;;;;1
07/03/2017;17:56:00;414;sem vítima;48,95;BR-101/SC;Sul;Colisão Lateral;1;3;;;;;1
07/03/2017;18:10:00;418;sem vítima;73,3;BR-116/PR;Sul;Tombamento;1;1;;;;;1
08/03/2017;01:31:00;30;com vítima;37,081;BR-101/SC;Norte;Atropelamento - Sem Informação;1;1;;;;1;3
08/03/2017;05:19:00;79;com vítima;207,75;BR-101/SC;Sul;Colisão Traseira;2;1;;;1;;2
08/03/2017;07:52:00;117;sem vítima;110,8;BR-116/PR;Norte;Colisão Traseira;1;2;;;;;1
08/03/2017;13:06:00;328;com vítima;656,815;BR-376/PR;Norte;Engavetamento;3;2;1;;;;1
08/03/2017;13:06:00;331;sem vítima;656,83;BR-376/PR;Norte;Choque - Defensa, barreira ou "submarino";1;1;;;;;1
08/03/2017;17:58:00;390;sem vítima;210,8;BR-101/SC;Norte;Colisão Lateral;1;2;;;;;1
08/03/2017;13:06:00;462;sem vítima;656,845;BR-376/PR;Norte;Colisão Traseira;2;3;;;;;1
08/03/2017;22:24:00;472;sem vítima;668,96;BR-376/PR;Sul;Choque - Defensa, barreira ou "submarino";1;1;;;;;1
09/03/2017;09:24:00;154;sem vítima;71,3;BR-101/SC;Sul;Colisão Traseira;1;3;;;;;1
09/03/2017;09:31:00;159;com vítima;70,169;BR-101/SC;Sul;Colisão Traseira;2;2;1;1;;;2
09/03/2017;09:57:00;171;sem vítima;69,965;BR-101/SC;Sul;Colisão Traseira;1;2;;;;;1
09/03/2017;13:20:00;267;sem vítima;645,05;BR-376/PR;Norte;Colisão Lateral;1;2;;;;;1
09/03/2017;15:08:00;320;sem vítima;196,165;BR-101/SC;Sul;Colisão Traseira;1;2;;;;;1
09/03/2017;15:27:00;336;sem vítima;197,8;BR-101/SC;Norte;Engavetamento;1;7;;;;;1
09/03/2017;18:26:00;453;sem vítima;127,001;BR-101/SC;Norte;Colisão Lateral;2;39;;;;;1
10/03/2017;15:16:00;377;sem vítima;129,001;BR-101/SC;Sul;Colisão Traseira;1;5;;;;;1
10/03/2017;16:03:00;400;sem vítima;652,7;BR-376/PR;Norte;Colisão Traseira;1;6;;;;;1
10/03/2017;19:37:00;513;sem vítima;110,245;BR-116/PR;Sul;Saida de Pista;1;1;;;;;1
11/03/2017;02:13:00;54;sem vítima;203,001;BR-101/SC;Sul;Colisão Traseira;1;2;;;;;1
11/03/2017;09:14:00;170;sem vítima;213,8;BR-101/SC;Norte;Colisão Traseira;1;2;;;;;1
11/03/2017;09:38:00;183;com vítima;38,897;BR-101/SC;Norte;Colisão Lateral;1;3;2;;;;1
12/03/2017;18:11:00;387;sem vítima;92,001;BR-101/SC;Sul;Colisão Traseira;1;2;;;;;1
12/03/2017;19:33:00;423;sem vítima;92,895;BR-116/PR;Sul;Colisão Traseira;1;2;;;;;1
12/03/2017;21:12:00;458;sem vítima;114,8;BR-116/PR;Sul;Colisão Traseira;1;2;;;;;1
13/03/2017;05:02:00;57;sem vítima;680,968;BR-376/PR;Sul;Choque - Defensa, barreira ou "submarino";1;1;;;;;1
13/03/2017;06:53:00;84;com vítima;105,6;BR-116/PR;Norte;Colisão Traseira;1;1;;;;1;3
13/03/2017;17:16:00;407;sem vítima;72,5;BR-101/SC;Sul;Colisão Traseira;1;2;;;;;1
13/03/2017;20:57:00;498;sem vítima;113,4;BR-116/PR;Sul;Colisão Lateral;1;2;;;;;1
14/03/2017;09:49:00;222;sem vítima;203,7;BR-101/SC;Sul;Choque - Poste;1;1;;;;;1
14/03/2017;12:50:00;333;sem vítima;172,2;BR-101/SC;Norte;Colisão Lateral;1;2;;;;;1
14/03/2017;13:43:00;358;sem vítima;206,3;BR-101/SC;Norte;Colisão Traseira;2;2;;;;;1
14/03/2017;15:46:00;431;com vítima;40,3;BR-101/SC;Sul;Colisão Traseira;1;1;;1;;;2
14/03/2017;18:18:00;536;sem vítima;243,3;BR-101/SC;Sul;Colisão Traseira;2;2;;;;;1
14/03/2017;22:04:00;609;sem vítima;628,8;BR-376/PR;Norte;Colisão Traseira;1;2;;;;;1
15/03/2017;00:30:00;12;sem vítima;667,2;BR-376/PR;Sul;Colisão Traseira;2;2;;;;;1
15/03/2017;17:38:00;410;sem vítima;108,612;BR-116/PR;Sul;Engavetamento;1;3;;;;;1
15/03/2017;17:59:00;426;sem vítima;109,001;BR-116/PR;Sul;Colisão Traseira;1;2;;;;;1
15/03/2017;19:21:00;479;sem vítima;48,5;BR-101/SC;Norte;Saida de Pista;1;1;;;;;1
16/03/2017;08:07:00;141;sem vítima;41,3;BR-101/SC;Norte;Colisão Traseira;1;2;;;;;1
16/03/2017;09:15:00;177;sem vítima;109,3;BR-116/PR;Sul;Colisão Traseira;2;2;;;;;1
16/03/2017;12:09:00;280;com vítima;41,4;BR-101/SC;Sul;Colisão Lateral;1;2;1;;;;1
16/03/2017;12:47:00;293;com vítima;103,5;BR-116/PR;Sul;Colisão Frontal;1;3;1;;;;1
16/03/2017;14:26:00;329;com vítima;91,4;BR-101/SC;Sul;Engavetamento;1;3;1;;;;1
16/03/2017;15:41:00;356;sem vítima;51,7;BR-101/SC;Sul;Colisão Lateral;1;2;;;;;1
16/03/2017;17:25:00;426;sem vítima;41,3;BR-101/SC;Norte;Colisão Lateral;1;2;;;;;1
16/03/2017;18:22:00;453;sem vítima;26,78;BR-101/SC;Sul;Saida de Pista;1;1;;;;;1
16/03/2017;18:39:00;462;sem vítima;650,02;BR-376/PR;Norte;Choque - Objeto sobre a pista;2;2;;;;;1
16/03/2017;20:33:00;509;sem vítima;106,01;BR-116/PR;Norte;Colisão Traseira;1;2;;;;;1
17/03/2017;00:01:00;1;com vítima;31,7;BR-101/SC;Norte;Queda de Moto;1;1;1;;;;1
17/03/2017;09:05:00;169;sem vítima;192,001;BR-101/SC;Norte;Colisão Lateral;1;2;;;;;1
17/03/2017;11:01:00;232;sem vítima;79,4;BR-101/SC;Sul;Colisão Traseira;2;2;;;;;1
17/03/2017;11:40:00;255;sem vítima;144,3;BR-101/SC;Norte;Colisão Traseira;1;2;;;;;1
17/03/2017;12:56:00;281;sem vítima;157,45;BR-101/SC;Sul;Colisão Traseira;1;3;;;;;1
17/03/2017;14:17:00;313;sem vítima;650,001;BR-376/PR;Sul;Colisão Frontal;1;2;;;;;1
17/03/2017;14:39:00;320;sem vítima;57,001;BR-101/SC;Sul;Colisão Traseira;1;2;;;;;1
17/03/2017;15:30:00;347;sem vítima;660,001;BR-376/PR;Norte;Engavetamento;1;4;;;;;1
17/03/2017;16:21:00;371;sem vítima;142,4;BR-101/SC;Sul;Colisão Traseira;2;4;;;;;1
17/03/2017;18:33:00;436;sem vítima;102,001;BR-116/PR;Sul;Colisão Lateral;2;2;;;;;1
17/03/2017;23:36:00;538;com vítima;104,094;BR-101/SC;Sul;Colisão Frontal;2;1;1;;1;;2
18/03/2017;07:28:00;114;sem vítima;198,4;BR-101/SC;Norte;Colisão Traseira;1;2;;;;;1
18/03/2017;13:15:00;247;sem vítima;55,683;BR-101/SC;Sul;Colisão Lateral;1;2;;;;;1
18/03/2017;13:48:00;258;sem vítima;671,7;BR-376/PR;Sul;Saida de Pista;1;1;;;;;1
19/03/2017;05:43:00;69;sem vítima;113,8;BR-101/SC;Norte;Colisão Lateral;1;3;;;;;1
19/03/2017;10:49:00;170;sem vítima;672,774;BR-376/PR;Sul;Colisão Traseira;1;2;;;;;1
19/03/2017;17:51:00;328;sem vítima;651,5;BR-376/PR;Norte;Colisão Lateral;2;2;;;;;1
20/03/2017;07:49:00;80;sem vítima;119,9;BR-101/SC;Sul;Colisão Traseira;1;5;;;;;1
20/03/2017;08:01:00;89;sem vítima;216,001;BR-101/SC;Norte;Colisão Lateral;1;2;;;;;1
20/03/2017;10:01:00;146;sem vítima;116,001;BR-101/SC;Sul;Colisão Lateral;1;3;;;;;1
20/03/2017;12:05:00;213;com vítima;656,838;BR-376/PR;Norte;Engavetamento;3;4;2;;;;1
20/03/2017;14:42:00;256;sem vítima;663,7;BR-376/PR;Sul;Colisão Traseira;2;2;;;;;1
20/03/2017;15:24:00;273;sem vítima;195,5;BR-101/SC;Norte;Colisão Traseira;1;2;;;;;1
20/03/2017;16:55:00;320;sem vítima;116,001;BR-101/SC;Norte;Colisão Lateral;1;2;;;;;1
20/03/2017;17:08:00;330;sem vítima;669,001;BR-376/PR;Norte;Colisão Lateral;2;2;;;;;1
20/03/2017;23:35:00;475;com vítima;12,517;BR-101/SC;Sul;Colisão Traseira;2;1;;1;;;2
21/03/2017;02:06:00;42;sem vítima;242,95;BR-101/SC;Norte;Choque - Outros;1;1;;;;;1
21/03/2017;04:09:00;59;sem vítima;664,8;BR-376/PR;Norte;Choque - Defensa, barreira ou "submarino";1;1;;;;;1
21/03/2017;04:40:00;62;sem vítima;635,4;BR-376/PR;Norte;Saida de Pista;1;1;;;;;1
21/03/2017;07:39:00;112;sem vítima;215,001;BR-101/SC;Norte;Colisão Traseira;1;2;;;;;1