data;horario;n_da_ocorrencia;tipo_de_ocorrencia;km;trecho;sentido;tipo_de_acidente;caminhao;ilesos;levemente_feridos;moderadamente_feridos;gravemente_feridos;mortos;3
21/03/2017;08:48:00;162;sem vítima;9,973;BR-101/SC;Sul;Colisão Traseira;1;3;;;;;1
21/03/2017;09:13:00;175;sem vítima;100,2;BR-116/PR;Sul;Saida de Pista;1;1;;;;;1
21/03/2017;13:53:00;280;sem vítima;60,001;BR-101/SC;Sul;Colisão Lateral;2;2;;;;;1
21/03/2017;19:09:00;441;com vítima;206,1;BR-101/SC;Sul;Engavetamento;1;2;1;;;;1
21/03/2017;19:54:00;460;sem vítima;243,001;BR-101/SC;Norte;Colisão Traseira;1;2;;;;;1
21/03/2017;22:31:00;509;sem vítima;23,216;BR-101/SC;Sul;Colisão Traseira;1;2;;;;;1
21/03/2017;22:39:00;512;sem vítima;665,001;BR-376/PR;Sul;Saida de Pista;1;1;;;;;1
21/03/2017;23:20:00;524;com vítima;186,966;BR-101/SC;Norte;Colisão Traseira;1;2;3;;;;1
22/03/2017;01:35:00;33;sem vítima;639,2;BR-376/PR;Norte;Saida de Pista;1;1;;;;;1
22/03/2017;06:38:00;94;com vítima;117,708;BR-101/SC;Norte;Tombamento;1;1;1;;;;1
22/03/2017;08:07:00;136;sem vítima;117,414;BR-101/SC;Sul;Colisão Traseira;1;5;;;;;1
22/03/2017;08:21:00;144;sem vítima;118,349;BR-101/SC;Norte;Colisão Lateral;1;2;;;;;1
22/03/2017;09:50:00;201;sem vítima;116,992;BR-101/SC;Sul;Colisão Traseira;1;3;;;;;1
22/03/2017;12:55:00;266;sem vítima;215,35;BR-101/SC;Norte;Colisão Traseira;1;3;;;;;1
22/03/2017;13:11:00;268;sem vítima;664,6;BR-376/PR;Norte;Saida de Pista;1;1;;;;;1
22/03/2017;16:44:00;362;com vítima;207,2;BR-101/SC;Sul;Colisão Frontal;1;1;1;;;;1
23/03/2017;06:14:00;81;sem vítima;14,9;BR-101/SC;Sul;Saida de Pista;1;1;;;;;1
23/03/2017;07:16:00;94;sem vítima;650,7;BR-376/PR;Norte;Objeto lançado contra veículo;2;2;;;;;1
23/03/2017;07:45:00;102;sem vítima;656,001;BR-376/PR;Norte;Colisão Traseira;1;3;;;;;1
23/03/2017;08:26:00;118;sem vítima;209,95;BR-101/SC;Norte;Colisão Traseira;1;2;;;;;1
23/03/2017;09:09:00;126;sem vítima;655,001;BR-376/PR;Norte;Choque - Defensa, barreira ou "submarino";1;3;;;;;1
23/03/2017;09:32:00;145;sem vítima;666,001;BR-376/PR;Norte;Colisão Lateral;1;2;;;;;1
23/03/2017;20:21:00;448;sem vítima;79,5;BR-116/PR;Norte;Colisão Traseira;2;2;;;;;1
24/03/2017;06:42:00;93;sem vítima;157,4;BR-101/SC;Norte;Colisão Traseira;2;2;;;;;1
24/03/2017;07:19:00;107;sem vítima;61,406;BR-101/SC;Sul;Colisão Traseira;2;3;;;;;1
24/03/2017;16:43:00;344;sem vítima;48,915;BR-101/SC;Norte;Colisão Traseira;2;2;;;;;1
24/03/2017;17:47:00;369;sem vítima;29,001;BR-101/SC;Norte;Colisão Lateral;1;2;;;;;1
25/03/2017;08:11:00;115;sem vítima;79,8;BR-101/SC;Sul;Colisão Traseira;2;2;;;;;1
25/03/2017;12:44:00;235;com vítima;96,5;BR-101/SC;Sul;Capotamento;1;2;1;;;;1
26/03/2017;11:15:00;208;com vítima;14,1;BR-101/SC;Sul;Choque - Defensa, barreira ou "submarino";1;1;1;;;;1
26/03/2017;20:12:00;465;com vítima;212,946;BR-101/SC;Sul;Colisão Traseira;1;1;1;;;;1
27/03/2017;06:13:00;86;com vítima;223,461;BR-101/SC;Norte;Colisão Traseira;1;1;2;;;;1
27/03/2017;07:17:00;103;com vítima;215,001;BR-101/SC;Norte;Engavetamento;1;7;1;;;;1
27/03/2017;14:25:00;294;sem vítima;52,3;BR-101/SC;Norte;Colisão Traseira;1;2;;;;;1
27/03/2017;14:58:00;308;sem vítima;32,6;BR-101/SC;Sul;Saida de Pista;1;2;;;;;1
27/03/2017;15:57:00;327;com vítima;215,5;BR-101/SC;Sul;Colisão Lateral;1;1;2;;;;1
27/03/2017;22:17:00;491;sem vítima;168,001;BR-101/SC;Norte;Colisão Traseira;1;2;;;;;1
28/03/2017;15:11:00;310;sem vítima;151,001;BR-101/SC;Sul;Saida de Pista;1;1;;;;;1
28/03/2017;16:03:00;336;com vítima;175,05;BR-101/SC;Norte;Tombamento;1;0;2;;;;1
28/03/2017;19:42:00;432;sem vítima;643,8;BR-376/PR;Norte;Colisão Traseira;3;3;;;;;1
29/03/2017;01:55:00;51;com vítima;111,682;BR-116/PR;Sul;Saida de Pista;1;0;;1;;;2
29/03/2017;09:29:00;217;sem vítima;127,001;BR-101/SC;Norte;Colisão Traseira;1;2;;;;;1
29/03/2017;10:20:00;253;com vítima;225,026;BR-101/SC;Norte;Engavetamento;2;2;1;;;;1
29/03/2017;09:29:00;265;sem vítima;127,001;BR-101/SC;Norte;Engavetamento;1;3;;;;;1
30/03/2017;00:43:00;20;com vítima;116,718;BR-101/SC;Sul;Colisão Traseira;1;1;;;;1;3
30/03/2017;07:07:00;116;sem vítima;665,069;BR-376/PR;Norte;Tombamento;1;1;;;;;1
30/03/2017;07:47:00;137;com vítima;215,004;BR-101/SC;Norte;Colisão Lateral;1;1;1;;;;1
30/03/2017;11:51:00;291;sem vítima;635,4;BR-376/PR;Sul;Colisão Frontal;1;2;;;;;1
30/03/2017;16:42:00;424;sem vítima;152,001;BR-101/SC;Sul;Colisão Lateral;2;2;;;;;1
30/03/2017;17:03:00;437;com vítima;164,001;BR-101/SC;Norte;Atropelamento - Ciclista;1;1;1;;;;1
30/03/2017;21:22:00;532;com vítima;617,1;BR-376/PR;Sul;Saida de Pista;1;1;1;;;;1
31/03/2017;08:00:00;105;sem vítima;215,001;BR-101/SC;Norte;Colisão Lateral;1;2;;;;;1
31/03/2017;10:24:00;181;sem vítima;111,8;BR-101/SC;Norte;Colisão Lateral;1;5;;;;;1
31/03/2017;10:52:00;199;sem vítima;666,001;BR-376/PR;Sul;Colisão Traseira;1;3;;;;;1
31/03/2017;12:47:00;253;sem vítima;80,001;BR-101/SC;Sul;Saida de Pista;1;1;;;;;1
31/03/2017;16:12:00;361;com vítima;615,001;BR-376/PR;Sul;Colisão Traseira;1;2;;1;;;2
31/03/2017;17:03:00;390;sem vítima;233,4;BR-101/SC;Norte;Colisão Transversal;2;2;;;;;1
31/03/2017;17:21:00;397;sem vítima;119,01;BR-101/SC;Sul;Colisão Lateral;1;2;;;;;1
31/03/2017;23:40:00;554;com vítima;671,001;BR-376/PR;Sul;Colisão Traseira;2;2;1;;;;1
01/04/2017;05:18:00;70;com vítima;143,3;BR-101/SC;Sul;Colisão Lateral;1;1;1;1;;;2
01/04/2017;08:04:00;108;sem vítima;111,742;BR-116/PR;Sul;Saida de Pista;1;1;;;;;1
01/04/2017;09:02:00;146;sem vítima;51,06;BR-101/SC;Norte;Colisão Lateral;1;2;;;;;1
01/04/2017;09:32:00;163;sem vítima;106,935;BR-116/PR;Sul;Saida de Pista;1;2;;;;;1
01/04/2017;10:54:00;199;sem vítima;45,001;BR-101/SC;Norte;Choque - Defensa, barreira ou "submarino";1;2;;;;;1
01/04/2017;11:14:00;207;sem vítima;666,215;BR-376/PR;Sul;Colisão Lateral;1;2;;;;;1
01/04/2017;22:12:00;450;sem vítima;620,9;BR-376/PR;Sul;Colisão Lateral;1;2;;;;;1
02/04/2017;16:43:00;348;sem vítima;664,001;BR-376/PR;Norte;Colisão Traseira;1;2;;;;;1
03/04/2017;09:31:00;165;sem vítima;205,9;BR-101/SC;Sul;Colisão Lateral;1;2;;;;;1
03/04/2017;11:51:00;227;sem vítima;96,001;BR-116/PR;Sul;Colisão Traseira;1;2;;;;;1
03/04/2017;19:21:00;421;sem vítima;174,9;BR-101/SC;Norte;Tombamento;1;1;;;;;1
04/04/2017;07:54:00;136;sem vítima;110,01;BR-116/PR;Sul;Colisão Traseira;1;2;;;;;1
04/04/2017;17:22:00;444;sem vítima;134,5;BR-101/SC;Norte;Colisão Lateral;1;4;;;;;1
04/04/2017;18:10:00;474;sem vítima;157,001;BR-101/SC;Sul;Choque - Defensa, barreira ou "submarino";1;1;;;;;1
04/04/2017;18:40:00;501;sem vítima;102,4;BR-116/PR;Sul;Colisão Lateral;1;2;;;;;1
04/04/2017;17:24:00;526;sem vítima;134,001;BR-101/SC;Norte;Colisão Traseira;1;2;;;;;1
05/04/2017;06:28:00;131;sem vítima;131,706;BR-101/SC;Norte;Colisão Traseira;1;2;;;;;1
05/04/2017;09:36:00;236;com vítima;192,105;BR-101/SC;Norte;Colisão Traseira;1;1;1;;;;1
05/04/2017;14:42:00;371;sem vítima;671,7;BR-376/PR;Sul;Saida de Pista;1;1;;;;;1
05/04/2017;18:40:00;510;com vítima;133,001;BR-101/SC;Sul;Capotamento;1;3;2;;;;1
05/04/2017;18:44:00;512;sem vítima;115,5;BR-101/SC;Norte;Engavetamento;1;3;;;;;1
05/04/2017;19:39:00;534;sem vítima;117,001;BR-101/SC;Sul;Colisão Lateral;1;2;;;;;1
05/04/2017;20:54:00;546;sem vítima;111,5;BR-101/SC;Norte;Colisão Lateral;1;2;;;;;1
05/04/2017;23:53:00;606;sem vítima;58,4;BR-101/SC;Sul;Colisão Traseira;2;2;;;;;1
06/04/2017;11:59:00;313;com vítima;665,854;BR-376/PR;Sul;Colisão Lateral;1;2;1;;;;1
06/04/2017;14:07:00;381;sem vítima;100,8;BR-116/PR;Sul;Saida de Pista;1;1;;;;;1
06/04/2017;14:17:00;384;sem vítima;114,6;BR-101/SC;Norte;Engavetamento;1;4;;;;;1
06/04/2017;14:28:00;388;sem vítima;108,105;BR-116/PR;Norte;Colisão Traseira;2;2;;;;;1
06/04/2017;14:57:00;400;sem vítima;106,2;BR-116/PR;Sul;Colisão Traseira;2;2;;;;;1
06/04/2017;15:00:00;403;sem vítima;5,05;BR-101/SC;Norte;Saida de Pista;1;2;;;;;1
06/04/2017;15:40:00;444;sem vítima;100,8;BR-116/PR;Sul;Saida de Pista;1;2;;;;;1
06/04/2017;17:36:00;484;sem vítima;206,001;BR-101/SC;Norte;Colisão Traseira;1;2;;;;;1
06/04/2017;17:42:00;488;sem vítima;213,001;BR-101/SC;Sul;Colisão Lateral;1;2;;;;;1
06/04/2017;18:51:00;509;sem vítima;134,001;BR-101/SC;Norte;Colisão Lateral;2;3;;;;;1
06/04/2017;23:44:00;594;sem vítima;210,001;BR-101/SC;Sul;Colisão Lateral;1;2;;;;;1
07/04/2017;06:16:00;93;com vítima;215,4;BR-101/SC;Norte;Colisão Lateral;1;2;1;;;;1
07/04/2017;08:41:00;161;sem vítima;114,001;BR-116/PR;Norte;Colisão Traseira;1;2;;;;;1
07/04/2017;19:49:00;501;com vítima;98,5;BR-101/SC;Sul;Atropelamento - Andarilho;1;1;;1;;;2
08/04/2017;09:09:00;190;sem vítima;21,216;BR-101/SC;Sul;Colisão Lateral;1;2;;;;;1
08/04/2017;09:53:00;211;com vítima;232,6;BR-101/SC;Sul;Colisão Traseira;1;2;1;;;;1
08/04/2017;09:59:00;214;sem vítima;648,969;BR-376/PR;Norte;Colisão Traseira;1;2;;;;;1
08/04/2017;10:09:00;223;sem vítima;138,9;BR-101/SC;Sul;Colisão Lateral;1;2;;;;;1
10/04/2017;07:03:00;99;sem vítima;21,22;BR-101/SC;Sul;Tombamento;1;1;;;;;1
10/04/2017;07:40:00;106;com vítima;216,43;BR-101/SC;Norte;Engavetamento;3;3;;1;;;2
10/04/2017;09:45:00;190;com vítima;667,536;BR-376/PR;Sul;Tombamento;1;2;;;1;;2
10/04/2017;10:16:00;205;sem vítima;209,001;BR-101/SC;Norte;Colisão Traseira;1;2;;;;;1
10/04/2017;11:48:00;250;sem vítima;208,867;BR-101/SC;Norte;Colisão Lateral;2;2;;;;;1
10/04/2017;13:42:00;282;sem vítima;117,001;BR-101/SC;Sul;Colisão Transversal;1;5;;;;;1
11/04/2017;02:06:00;56;sem vítima;22,9;BR-101/SC;Norte;Saida de Pista;1;1;;;;;1
11/04/2017;08:05:00;143;com vítima;215,1;BR-101/SC;Norte;Colisão Lateral;1;1;1;;;;1
11/04/2017;17:15:00;449;sem vítima;125,455;BR-101/SC;Norte;Colisão Lateral;1;3;;;;;1
11/04/2017;19:14:00;500;sem vítima;111,001;BR-101/SC;Norte;Colisão Traseira;1;3;;;;;1
12/04/2017;06:15:00;104;sem vítima;214,001;BR-101/SC;Norte;Colisão Traseira;1;2;;;;;1
12/04/2017;09:09:00;196;sem vítima;212,2;BR-101/SC;Norte;Engavetamento;2;3;;;;;1
12/04/2017;12:07:00;295;sem vítima;667,034;BR-376/PR;Sul;Colisão Traseira;2;2;;;;;1
12/04/2017;16:29:00;405;sem vítima;128,989;BR-101/SC;Norte;Colisão Traseira;1;3;;;;;1
12/04/2017;17:24:00;434;sem vítima;122,001;BR-101/SC;Norte;Colisão Lateral;1;2;;;;;1
12/04/2017;18:37:00;471;sem vítima;38,9;BR-101/SC;Sul;Saida de Pista;1;1;;;;;1
12/04/2017;19:57:00;491;sem vítima;118,001;BR-101/SC;Sul;Colisão Traseira;1;3;;;;;1
12/04/2017;23:23:00;582;com vítima;87,723;BR-116/PR;Norte;Tombamento;1;0;;1;;;2
13/04/2017;00:54:00;21;sem vítima;5,9;BR-101/SC;Norte;Saida de Pista;1;1;;;;;1
13/04/2017;04:24:00;66;sem vítima;666,493;BR-376/PR;Norte;Saida de Pista;1;2;;;;;1
13/04/2017;06:36:00;97;sem vítima;156,129;BR-101/SC;Norte;Colisão Lateral;2;2;;;;;1
13/04/2017;07:44:00;116;sem vítima;193,369;BR-101/SC;Norte;Colisão Traseira;1;3;;;;;1
13/04/2017;07:59:00;121;com vítima;204,98;BR-101/SC;Sul;Colisão Traseira;1;2;1;;;;1
13/04/2017;08:45:00;170;sem vítima;205,345;BR-101/SC;Sul;Colisão Lateral;1;2;;;;;1
13/04/2017;09:17:00;174;sem vítima;120,3;BR-101/SC;Sul;Colisão Traseira;1;2;;;;;1
13/04/2017;09:52:00;177;sem vítima;201,586;BR-101/SC;Norte;Colisão Lateral;1;2;;;;;1
13/04/2017;10:23:00;192;com vítima;111,47;BR-116/PR;Sul;Saida de Pista;1;0;1;;;;1
13/04/2017;11:28:00;225;sem vítima;673,061;BR-376/PR;Sul;Colisão Traseira;1;35;;;;;1
14/04/2017;11:16:00;287;com vítima;667,624;BR-376/PR;Sul;Capotamento;1;0;;1;;;2
14/04/2017;11:51:00;306;sem vítima;665,7;BR-376/PR;Sul;Engavetamento;2;3;;;;;1
14/04/2017;13:28:00;336;sem vítima;235,025;BR-101/SC;Sul;Colisão Lateral;2;3;;;;;1
14/04/2017;17:31:00;475;sem vítima;35,5;BR-101/SC;Sul;Colisão Traseira;1;2;;;;;1
14/04/2017;19:27:00;526;com vítima;214,9;BR-101/SC;Sul;Colisão Traseira;1;1;1;;;;1
15/04/2017;10:09:00;182;sem vítima;207,4;BR-101/SC;Sul;Colisão Lateral;1;2;;;;;1
15/04/2017;11:21:00;220;com vítima;49,831;BR-101/SC;Norte;Colisão Traseira;1;1;1;;;;1
16/04/2017;14:40:00;298;sem vítima;1,35;BR-101/SC;Sul;Colisão Traseira;1;5;;;;;1
16/04/2017;16:08:00;347;sem vítima;20,001;BR-101/SC;Sul;Colisão Lateral;1;2;;;;;1
17/04/2017;05:13:00;74;sem vítima;678,172;BR-376/PR;Norte;Choque - Defensa, barreira ou "submarino";1;2;;;;;1
17/04/2017;06:05:00;83;sem vítima;3,412;BR-101/SC;Norte;Choque - Defensa, barreira ou "submarino";1;2;;;;;1
17/04/2017;08:48:00;147;com vítima;214,151;BR-101/SC;Norte;Colisão Lateral;1;1;;;;1;3
17/04/2017;17:10:00;360;sem vítima;120,528;BR-101/SC;Norte;Colisão Lateral;1;4;;;;;1
17/04/2017;18:06:00;396;sem vítima;201,5;BR-101/SC;Sul;Colisão Lateral;1;2;;;;;1
18/04/2017;03:50:00;57;com vítima;71,507;BR-101/SC;Norte;Colisão Traseira;2;1;;;;2;3
18/04/2017;04:02:00;59;sem vítima;157,001;BR-101/SC;Norte;Choque - Defensa, barreira ou "submarino";1;1;;;;;1
18/04/2017;10:01:00;175;sem vítima;79,4;BR-101/SC;Sul;Colisão Traseira;2;2;;;;;1
18/04/2017;19:32:00;425;sem vítima;672,5;BR-376/PR;Norte;Colisão Traseira;2;2;;;;;1
18/04/2017;20:07:00;443;com vítima;666,08;BR-376/PR;Sul;Colisão Traseira;2;1;;;;1;3
18/04/2017;22:44:00;497;sem vítima;617,001;BR-376/PR;Sul;Colisão Traseira;1;2;;;;;1
19/04/2017;00:31:00;10;sem vítima;155,1;BR-101/SC;Sul;Colisão Transversal;1;2;;;;;1
19/04/2017;07:05:00;115;sem vítima;216,37;BR-101/SC;Norte;Colisão Lateral;1;3;;;;;1
19/04/2017;07:34:00;129;sem vítima;156,006;BR-101/SC;Norte;Colisão Traseira;1;2;;;;;1
19/04/2017;08:23:00;148;sem vítima;14,895;BR-101/SC;Norte;Saida de Pista;1;1;;;;;1
19/04/2017;12:40:00;279;sem vítima;192,92;BR-101/SC;Norte;Choque - Defensa, barreira ou "submarino";2;2;;;;;1
19/04/2017;15:52:00;370;com vítima;61,001;BR-101/SC;Norte;Colisão Lateral;1;1;1;;;;1
19/04/2017;15:58:00;372;sem vítima;207,001;BR-101/SC;Sul;Colisão Traseira;1;2;;;;;1
19/04/2017;18:47:00;453;sem vítima;216,001;BR-101/SC;Norte;Colisão Traseira;1;2;;;;;1
19/04/2017;23:50:00;543;com vítima;216,001;BR-101/SC;Sul;Colisão Lateral;1;1;1;;;;1
20/04/2017;08:01:00;108;sem vítima;116,621;BR-101/SC;Sul;Colisão Traseira;2;2;;;;;1
20/04/2017;08:12:00;112;sem vítima;116,7;BR-101/SC;Sul;Colisão Traseira;1;2;;;;;1
20/04/2017;08:52:00;138;sem vítima;669,243;BR-376/PR;Sul;Saida de Pista;1;1;;;;;1
20/04/2017;10:27:00;185;sem vítima;27,075;BR-101/SC;Sul;Colisão Traseira;1;2;;;;;1
20/04/2017;16:59:00;403;sem vítima;671,7;BR-376/PR;Sul;Saida de Pista;1;1;;;;;1
20/04/2017;19:58:00;475;sem vítima;211,001;BR-101/SC;Sul;Colisão Lateral;1;3;;;;;1
21/04/2017;00:23:00;10;sem vítima;617,8;BR-376/PR;Sul;Colisão Lateral;1;2;;;;;1
21/04/2017;01:41:00;25;sem vítima;243,001;BR-101/SC;Sul;Colisão Traseira;1;2;;;;;1
21/04/2017;04:03:00;57;com vítima;656,904;BR-376/PR;Norte;Colisão Traseira;2;2;;;;1;3
21/04/2017;05:59:00;73;sem vítima;93,117;BR-116/PR;Sul;Colisão Lateral;1;2;;;;;1
22/04/2017;18:35:00;451;sem vítima;635,4;BR-376/PR;Norte;Colisão Traseira;1;2;;;;;1
23/04/2017;18:31:00;445;sem vítima;80,061;BR-116/PR;Norte;Colisão Traseira;1;2;;;;;1
23/04/2017;18:44:00;451;sem vítima;633,3;BR-376/PR;Norte;Colisão Traseira;2;2;;;;;1
23/04/2017;20:35:00;484;sem vítima;132,8;BR-101/SC;Sul;Colisão Lateral;1;2;;;;;1
24/04/2017;07:32:00;114;sem vítima;17,067;BR-101/SC;Sul;Saida de Pista;1;1;;;;;1
24/04/2017;14:10:00;305;sem vítima;203,001;BR-101/SC;Sul;Colisão Traseira;1;3;;;;;1
24/04/2017;15:48:00;362;sem vítima;1,35;BR-101/SC;Sul;Choque - Suporte de Sinalização;1;1;;;;;1
24/04/2017;17:43:00;419;sem vítima;107,5;BR-116/PR;Sul;Colisão Traseira;1;4;;;;;1
24/04/2017;18:46:00;446;sem vítima;120,001;BR-101/SC;Sul;Colisão Traseira;2;2;;;;;1
24/04/2017;19:57:00;462;com vítima;211,693;BR-101/SC;Sul;Colisão Traseira;1;1;1;1;;;2
25/04/2017;06:15:00;111;sem vítima;243,001;BR-101/SC;Sul;Colisão Traseira;1;2;;;;;1
25/04/2017;10:42:00;235;sem vítima;118,897;BR-101/SC;Norte;Colisão Traseira;2;2;;;;;1
25/04/2017;18:26:00;446;sem vítima;43,001;BR-101/SC;Sul;Colisão Transversal;1;3;;;;;1
25/04/2017;18:38:00;450;com vítima;193,001;BR-101/SC;Norte;Colisão Lateral;1;1;1;;;;1
26/04/2017;05:12:00;129;sem vítima;232,7;BR-101/SC;Sul;Saida de Pista;1;1;;;;;1
26/04/2017;05:42:00;132;sem vítima;216,003;BR-101/SC;Norte;Choque - Defensa, barreira ou "submarino";1;1;;;;;1
26/04/2017;09:25:00;213;sem vítima;100,93;BR-101/SC;Sul;Engavetamento;3;3;;;;;1
26/04/2017;09:32:00;218;sem vítima;4,3;BR-101/SC;Norte;Saida de Pista;1;1;;;;;1
26/04/2017;10:04:00;232;sem vítima;101,001;BR-116/PR;Norte;Colisão Traseira;1;1;;;;;1
26/04/2017;11:44:00;277;sem vítima;175,001;BR-101/SC;Norte;Tombamento;1;1;;;;;1
26/04/2017;22:46:00;578;sem vítima;56,525;BR-101/SC;Norte;Colisão Traseira;2;2;;;;;1
27/04/2017;03:03:00;87;com vítima;26,7;BR-101/SC;Sul;Tombamento;1;0;;1;;;2
27/04/2017;05:05:00;106;sem vítima;83,001;BR-116/PR;Sul;Saida de Pista;1;1;;;;;1
27/04/2017;09:14:00;200;sem vítima;621,563;BR-376/PR;Norte;Choque - Defensa, barreira ou "submarino";1;2;;;;;1
27/04/2017;12:35:00;277;com vítima;665,5;BR-376/PR;Sul;Saida de Pista;1;0;1;;;;1
27/04/2017;13:37:00;308;sem vítima;661,22;BR-376/PR;Sul;Saida de Pista;1;1;;;;;1
27/04/2017;14:19:00;321;sem vítima;199,4;BR-101/SC;Sul;Colisão Traseira;1;5;;;;;1
27/04/2017;15:30:00;355;sem vítima;131,826;BR-101/SC;Sul;Choque - Poste;1;2;;;;;1
27/04/2017;20:00:00;483;sem vítima;206,4;BR-101/SC;Sul;Colisão Traseira;1;2;;;;;1
28/04/2017;08:33:00;159;com vítima;209,001;BR-101/SC;Norte;Colisão Lateral;1;1;1;;;;1
28/04/2017;15:56:00;373;com vítima;140,6;BR-101/SC;Norte;Colisão Lateral;1;1;1;;;;1
28/04/2017;18:53:00;469;com vítima;671,5;BR-376/PR;Norte;Colisão Traseira;1;1;2;;;;1
28/04/2017;19:48:00;492;sem vítima;669,5;BR-376/PR;Sul;Colisão Traseira;2;2;;;;;1
28/04/2017;20:25:00;509;sem vítima;157,4;BR-101/SC;Norte;Colisão Traseira;1;2;;;;;1
29/04/2017;04:48:00;82;sem vítima;208,001;BR-101/SC;Norte;Colisão Traseira;1;2;;;;;1
29/04/2017;08:36:00;152;sem vítima;4,159;BR-101/SC;Sul;Colisão Traseira;2;2;;;;;1
29/04/2017;11:57:00;281;sem vítima;130,265;BR-101/SC;Sul;Saida de Pista;1;1;;;;;1
29/04/2017;15:21:00;369;sem vítima;111,001;BR-116/PR;Norte;Saida de Pista;1;1;;;;;1
29/04/2017;17:48:00;468;sem vítima;139,001;BR-101/SC;Sul;Colisão Lateral;1;3;;;;;1
30/04/2017;07:57:00;139;sem vítima;193,697;BR-101/SC;Norte;Choque - Defensa, barreira ou "submarino";1;1;;;;;1
01/05/2017;02:59:00;70;com vítima;136,235;BR-101/SC;Norte;Tombamento;1;1;1;;;;1
01/05/2017;12:14:00;264;sem vítima;7,483;BR-101/SC;Norte;Colisão Lateral;1;2;;;;;1
01/05/2017;19:27:00;480;com vítima;34,001;BR-101/SC;Norte;Queda de Moto;1;1;;;;1;3
01/05/2017;20:21:00;498;sem vítima;79,011;BR-101/SC;Norte;Colisão Lateral;1;2;;;;;1
02/05/2017;14:38:00;330;sem vítima;115,724;BR-101/SC;Norte;Colisão Traseira;2;2;;;;;1
02/05/2017;14:41:00;332;sem vítima;140,714;BR-101/SC;Sul;Saida de Pista;1;1;;;;;1
02/05/2017;15:45:00;358;com vítima;53,35;BR-101/SC;Norte;Colisão Traseira;3;2;1;;;;1
02/05/2017;23:19:00;539;sem vítima;117,4;BR-101/SC;Sul;Colisão Traseira;1;2;;;;;1
03/05/2017;07:47:00;131;sem vítima;666,7;BR-376/PR;Sul;Colisão Traseira;2;2;;;;;1
03/05/2017;10:09:00;210;sem vítima;671,3;BR-376/PR;Norte;Colisão Traseira;1;2;;;;;1
03/05/2017;13:29:00;292;sem vítima;193,001;BR-101/SC;Sul;Colisão Traseira;1;2;;;;;1
03/05/2017;15:18:00;338;sem vítima;111,001;BR-116/PR;Norte;Colisão Traseira;1;3;;;;;1
03/05/2017;21:34:00;493;sem vítima;19,001;BR-101/SC;Norte;Colisão Traseira;1;2;;;;;1
04/05/2017;02:58:00;85;sem vítima;183,965;BR-101/SC;Norte;Colisão Lateral;2;2;;;;;1
04/05/2017;06:53:00;137;sem vítima;114,75;BR-116/PR;Norte;Colisão Lateral;1;15;;;;;1
04/05/2017;06:56:00;138;sem vítima;117,4;BR-101/SC;Norte;Colisão Lateral;1;2;;;;;1
04/05/2017;07:15:00;153;sem vítima;232,458;BR-101/SC;Norte;Choque - Defensa, barreira ou "submarino";1;1;;;;;1
04/05/2017;08:15:00;180;sem vítima;167,001;BR-101/SC;Norte;Choque - Defensa, barreira ou "submarino";1;1;;;;;1
04/05/2017;09:52:00;241;sem vítima;219,8;BR-101/SC;Sul;Colisão Traseira;1;2;;;;;1
04/05/2017;16:10:00;411;sem vítima;666,8;BR-376/PR;Sul;Colisão Traseira;3;3;;;;;1
04/05/2017;18:14:00;481;sem vítima;668,4;BR-376/PR;Norte;Saida de Pista;1;1;;;;;1
04/05/2017;20:40:00;545;sem vítima;96,001;BR-116/PR;Norte;Colisão Traseira;1;2;;;;;1
04/05/2017;21:14:00;556;sem vítima;179,4;BR-101/SC;Sul;Colisão Traseira;1;3;;;;;1
04/05/2017;22:16:00;564;sem vítima;96,001;BR-101/SC;Norte;Colisão Traseira;1;2;;;;;1
05/05/2017;00:07:00;3;sem vítima;209,001;BR-101/SC;Norte;Choque - Defensa, barreira ou "submarino";1;1;;;;;1
05/05/2017;05:06:00;80;com vítima;104,001;BR-101/SC;Norte;Queda de Moto;1;1;;;;1;3
05/05/2017;09:37:00;212;sem vítima;117,2;BR-101/SC;Norte;Tombamento;1;2;;;;;1
05/05/2017;13:48:00;328;sem vítima;137,2;BR-101/SC;Norte;Colisão Traseira;1;2;;;;;1
05/05/2017;15:32:00;401;sem vítima;208,05;BR-101/SC;Norte;Colisão Traseira;1;2;;;;;1
05/05/2017;18:38:00;511;sem vítima;137,6;BR-101/SC;Sul;Engavetamento;1;3;;;;;1
05/05/2017;19:39:00;537;sem vítima;15,5;BR-101/SC;Sul;Tombamento;1;1;;;;;1
06/05/2017;11:19:00;244;sem vítima;157,35;BR-101/SC;Sul;Colisão Traseira;2;2;;;;;1
07/05/2017;06:50:00;126;com vítima;208,5;BR-101/SC;Norte;Colisão Lateral;1;1;3;;;;1
07/05/2017;08:26:00;179;sem vítima;234,7;BR-101/SC;Norte;Colisão Lateral;1;2;;;;;1
07/05/2017;15:44:00;347;sem vítima;627,401;BR-376/PR;Sul;Colisão Traseira;2;2;;;;;1
07/05/2017;17:44:00;407;sem vítima;137,3;BR-101/SC;Norte;Colisão Traseira;1;2;;;;;1
07/05/2017;18:00:00;412;sem vítima;155,001;BR-101/SC;Norte;Colisão Lateral;1;3;;;;;1
07/05/2017;18:44:00;425;sem vítima;209,4;BR-101/SC;Norte;Engavetamento;1;4;;;;;1
08/05/2017;07:27:00;112;sem vítima;635,1;BR-376/PR;Sul;Choque - Outros;1;1;;;;;1
08/05/2017;07:45:00;117;sem vítima;210,5;BR-101/SC;Sul;Colisão Lateral;1;2;;;;;1
08/05/2017;08:31:00;165;com vítima;113,693;BR-116/PR;Sul;Colisão Traseira;1;2;1;;;;1