data;horario;n_da_ocorrencia;tipo_de_ocorrencia;km;trecho;sentido;tipo_de_acidente;caminhao;ilesos;levemente_feridos;moderadamente_feridos;gravemente_feridos;mortos;3
08/05/2017;08:53:00;173;sem vítima;672,831;BR-376/PR;Sul;Saida de Pista;1;1;;;;;1
08/05/2017;12:00:00;274;com vítima;93,043;BR-116/PR;Sul;Tombamento;1;0;1;;;;1
08/05/2017;15:59:00;374;sem vítima;101,001;BR-116/PR;Norte;Colisão Traseira;1;2;;;;;1
08/05/2017;16:01:00;375;sem vítima;215,6;BR-101/SC;Sul;Colisão Lateral;1;2;;;;;1
09/05/2017;16:39:00;372;com vítima;91,945;BR-116/PR;Sul;Colisão Frontal;2;3;2;;1;;2
09/05/2017;17:32:00;411;sem vítima;628,106;BR-376/PR;Sul;Saida de Pista;1;1;;;;;1
09/05/2017;17:36:00;413;sem vítima;46,9;BR-101/SC;Norte;Colisão Lateral;1;2;;;;;1
09/05/2017;18:15:00;438;sem vítima;212,6;BR-101/SC;Norte;Colisão Traseira;1;2;;;;;1
09/05/2017;18:53:00;451;com vítima;93,498;BR-116/PR;Norte;Colisão Traseira;1;1;1;;;;1
10/05/2017;05:59:00;121;sem vítima;668,001;BR-376/PR;Sul;Colisão Traseira;2;2;;;;;1
10/05/2017;08:12:00;183;sem vítima;215,672;BR-101/SC;Norte;Colisão Lateral;1;2;;;;;1
10/05/2017;08:39:00;203;sem vítima;666,001;BR-376/PR;Sul;Colisão Lateral;1;2;;;;;1
10/05/2017;10:20:00;253;sem vítima;623,001;BR-376/PR;Norte;Choque - Outros;1;1;;;;;1
10/05/2017;13:17:00;332;sem vítima;14,311;BR-101/SC;Norte;Colisão Traseira;2;2;;;;;1
10/05/2017;15:33:00;381;sem vítima;666,451;BR-376/PR;Norte;Colisão Traseira;2;2;;;;;1
11/05/2017;01:07:00;22;sem vítima;179,97;BR-101/SC;Norte;Engavetamento;3;3;;;;;1
11/05/2017;15:20:00;320;sem vítima;635,3;BR-376/PR;Norte;Colisão Traseira;1;1;;;;;1
12/05/2017;00:52:00;22;sem vítima;165,5;BR-101/SC;Norte;Saida de Pista;1;1;;;;;1
12/05/2017;10:57:00;234;sem vítima;63,95;BR-101/SC;Norte;Colisão Traseira;1;2;;;;;1
12/05/2017;17:44:00;417;sem vítima;114,5;BR-116/PR;Norte;Colisão Traseira;1;2;;;;;1
12/05/2017;18:12:00;427;sem vítima;161,464;BR-101/SC;Norte;Colisão Lateral;1;2;;;;;1
12/05/2017;22:03:00;550;sem vítima;223,8;BR-101/SC;Sul;Colisão Lateral;1;2;;;;;1
13/05/2017;05:30:00;102;sem vítima;211,9;BR-101/SC;Sul;Engavetamento;1;5;;;;;1
13/05/2017;08:29:00;154;sem vítima;665,62;BR-376/PR;Sul;Choque - Talude;1;1;;;;;1
13/05/2017;13:08:00;274;sem vítima;96,001;BR-116/PR;Sul;Colisão Lateral;1;2;;;;;1
14/05/2017;01:15:00;29;com vítima;190,076;BR-101/SC;Norte;Colisão Traseira;1;4;;;1;;2
14/05/2017;06:07:00;79;sem vítima;194,733;BR-101/SC;Sul;Colisão Traseira;1;2;;;;;1
15/05/2017;02:17:00;57;sem vítima;123,828;BR-101/SC;Norte;Saida de Pista;1;1;;;;;1
15/05/2017;06:38:00;101;sem vítima;81,669;BR-116/PR;Sul;Tombamento;1;1;;;;;1
15/05/2017;11:12:00;222;com vítima;206,001;BR-101/SC;Norte;Colisão Traseira;1;1;1;;;;1
15/05/2017;11:33:00;232;sem vítima;123,199;BR-101/SC;Sul;Colisão Transversal;1;2;;;;;1
15/05/2017;14:51:00;319;sem vítima;122,001;BR-101/SC;Sul;Colisão Traseira;2;2;;;;;1
15/05/2017;16:34:00;373;sem vítima;107,001;BR-116/PR;Norte;Colisão Traseira;2;2;;;;;1
15/05/2017;19:44:00;447;sem vítima;1,35;BR-101/SC;Sul;Choque - Defensa, barreira ou "submarino";1;1;;;;;1
15/05/2017;21:50:00;492;sem vítima;671,7;BR-376/PR;Sul;Saida de Pista;1;1;;;;;1
16/05/2017;17:45:00;454;sem vítima;107,269;BR-116/PR;Sul;Colisão Traseira;1;2;;;;;1
17/05/2017;07:16:00;121;com vítima;43,361;BR-101/SC;Norte;Colisão Traseira;1;1;1;;;;1
17/05/2017;08:35:00;169;sem vítima;213,594;BR-101/SC;Sul;Colisão Lateral;1;2;;;;;1
17/05/2017;08:50:00;189;sem vítima;679,502;BR-376/PR;Sul;Tombamento;1;1;;;;;1
17/05/2017;10:43:00;268;sem vítima;615,001;BR-376/PR;Sul;Colisão Lateral;1;2;;;;;1
17/05/2017;16:14:00;402;sem vítima;155,15;BR-101/SC;Sul;Colisão Traseira;2;3;;;;;1
17/05/2017;23:09:00;545;com vítima;194,2;BR-101/SC;Sul;Colisão Lateral;1;1;1;;;;1
18/05/2017;03:36:00;41;sem vítima;664,632;BR-376/PR;Sul;Tombamento;1;1;;;;;1
18/05/2017;05:37:00;62;sem vítima;184,392;BR-101/SC;Norte;Engavetamento;4;4;;;;;1
18/05/2017;14:17:00;255;sem vítima;667,001;BR-376/PR;Norte;Colisão Traseira;1;2;;;;;1
18/05/2017;15:16:00;281;sem vítima;94,2;BR-116/PR;Sul;Saida de Pista;1;1;;;;;1
18/05/2017;20:09:00;392;com vítima;215,059;BR-101/SC;Norte;Colisão Lateral;1;1;1;;;;1
18/05/2017;20:11:00;393;sem vítima;242,304;BR-101/SC;Sul;Tombamento;1;1;;;;;1
18/05/2017;23:08:00;451;sem vítima;629,8;BR-376/PR;Norte;Tombamento;1;1;;;;;1
19/05/2017;03:50:00;56;sem vítima;216,65;BR-101/SC;Norte;Colisão Traseira;1;2;;;;;1
19/05/2017;06:43:00;79;sem vítima;108,774;BR-116/PR;Norte;Saida de Pista;1;1;;;;;1
19/05/2017;07:35:00;93;sem vítima;98,001;BR-101/SC;Norte;Choque - Talude;1;1;;;;;1
19/05/2017;07:50:00;102;sem vítima;209,885;BR-101/SC;Sul;Engavetamento;2;4;;;;;1
19/05/2017;08:57:00;132;sem vítima;100,08;BR-116/PR;Sul;Saida de Pista;1;1;;;;;1
19/05/2017;09:10:00;144;sem vítima;209,8;BR-101/SC;Sul;Colisão Traseira;1;2;;;;;1
19/05/2017;11:32:00;201;sem vítima;110,5;BR-101/SC;Norte;Colisão Lateral;1;2;;;;;1
19/05/2017;11:46:00;211;sem vítima;75,5;BR-101/SC;Sul;Colisão Lateral;1;2;;;;;1
19/05/2017;13:12:00;252;com vítima;190,001;BR-101/SC;Norte;Saida de Pista;1;4;1;;;;1
19/05/2017;13:48:00;261;sem vítima;214,001;BR-101/SC;Norte;Colisão Traseira;1;2;;;;;1
19/05/2017;13:56:00;269;sem vítima;40,458;BR-101/SC;Norte;Colisão Lateral;1;2;;;;;1
19/05/2017;13:55:00;289;sem vítima;191,9;BR-101/SC;Sul;Saida de Pista;1;1;;;;;1
19/05/2017;13:39:00;292;sem vítima;190,9;BR-101/SC;Norte;Colisão Lateral;1;2;;;;;1
19/05/2017;17:05:00;346;com vítima;121,7;BR-101/SC;Norte;Colisão Traseira;1;2;2;;;;1
19/05/2017;17:12:00;353;sem vítima;129,9;BR-101/SC;Norte;Choque - Defensa, barreira ou "submarino";1;2;;;;;1
19/05/2017;18:24:00;390;sem vítima;46,8;BR-101/SC;Sul;Engavetamento;1;4;;;;;1
19/05/2017;19:10:00;415;sem vítima;41,001;BR-101/SC;Sul;Colisão Traseira;1;2;;;;;1
19/05/2017;23:29:00;483;sem vítima;29,9;BR-101/SC;Sul;Colisão Traseira;1;2;;;;;1
20/05/2017;01:34:00;22;com vítima;234,001;BR-101/SC;Sul;Engavetamento;1;2;1;;;;1
20/05/2017;11:32:00;208;sem vítima;163,382;BR-101/SC;Norte;Colisão Lateral;1;2;;;;;1
21/05/2017;23:39:00;463;com vítima;53,3;BR-101/SC;Norte;Tombamento;1;0;1;;;;1
22/05/2017;10:43:00;215;sem vítima;206,001;BR-101/SC;Sul;Outros;1;2;;;;;1
22/05/2017;11:17:00;234;com vítima;206,097;BR-101/SC;Norte;Colisão Traseira;3;4;3;;;;1
22/05/2017;11:40:00;240;sem vítima;11,011;BR-101/SC;Norte;Colisão Lateral;1;2;;;;;1
22/05/2017;11:45:00;243;sem vítima;120,601;BR-101/SC;Norte;Colisão Traseira;1;2;;;;;1
22/05/2017;12:35:00;276;sem vítima;107,3;BR-101/SC;Sul;Colisão Traseira;2;2;;;;;1
22/05/2017;18:08:00;410;sem vítima;117,001;BR-101/SC;Sul;Colisão Traseira;1;2;;;;;1
22/05/2017;19:11:00;438;sem vítima;65,001;BR-101/SC;Norte;Colisão Traseira;1;2;;;;;1
22/05/2017;19:47:00;444;sem vítima;667,633;BR-376/PR;Sul;Tombamento;1;1;;;;;1
23/05/2017;14:10:00;319;sem vítima;193,001;BR-101/SC;Norte;Colisão Lateral;1;2;;;;;1
23/05/2017;15:54:00;365;sem vítima;106,001;BR-116/PR;Sul;Saida de Pista;1;1;;;;;1
23/05/2017;16:16:00;375;sem vítima;671,001;BR-376/PR;Sul;Saida de Pista;1;1;;;;;1
24/05/2017;00:36:00;7;com vítima;663,9;BR-376/PR;Sul;Colisão Traseira;2;1;;1;;;2
24/05/2017;06:17:00;85;sem vítima;175,036;BR-101/SC;Norte;Choque - Talude;1;1;;;;;1
24/05/2017;07:08:00;100;com vítima;44,522;BR-101/SC;Norte;Colisão Traseira;2;1;2;;;;1
24/05/2017;09:09:00;149;sem vítima;614,001;BR-376/PR;Norte;Colisão Traseira;1;2;;;;;1
24/05/2017;12:14:00;252;sem vítima;667,742;BR-376/PR;Sul;Choque - Defensa, barreira ou "submarino";1;1;;;;;1
24/05/2017;15:50:00;316;sem vítima;209,8;BR-101/SC;Norte;Colisão Traseira;1;2;;;;;1
24/05/2017;18:46:00;418;sem vítima;117,001;BR-101/SC;Norte;Colisão Traseira;1;2;;;;;1
24/05/2017;21:58:00;472;sem vítima;25,9;BR-101/SC;Sul;Colisão Lateral;1;2;;;;;1
25/05/2017;02:48:00;52;sem vítima;146,5;BR-101/SC;Sul;Colisão Transversal;1;2;;;;;1
25/05/2017;03:48:00;85;sem vítima;91,699;BR-116/PR;Sul;Tombamento;1;1;;;;;1
25/05/2017;14:33:00;356;sem vítima;635,001;BR-376/PR;Norte;Colisão Traseira;1;2;;;;;1
25/05/2017;20:59:00;518;sem vítima;1,35;BR-101/SC;Sul;Colisão Traseira;1;2;;;;;1
26/05/2017;05:27:00;99;sem vítima;5,429;BR-101/SC;Norte;Colisão Traseira;1;2;;;;;1
26/05/2017;06:42:00;146;sem vítima;168,9;BR-101/SC;Sul;Colisão Lateral;1;2;;;;;1
26/05/2017;09:00:00;230;sem vítima;114,8;BR-116/PR;Norte;Colisão Lateral;1;2;;;;;1
26/05/2017;10:03:00;244;com vítima;102,6;BR-101/SC;Norte;Colisão Lateral;1;0;2;;;;1
26/05/2017;12:05:00;303;sem vítima;635,4;BR-376/PR;Norte;Colisão Traseira;1;2;;;;;1
26/05/2017;19:17:00;557;sem vítima;144,001;BR-101/SC;Norte;Colisão Lateral;1;2;;;;;1
26/05/2017;21:17:00;604;sem vítima;235,001;BR-101/SC;Sul;Choque - Defensa, barreira ou "submarino";1;1;;;;;1
27/05/2017;06:27:00;115;com vítima;113,75;BR-101/SC;Sul;Saida de Pista;1;0;;1;;;2
27/05/2017;13:15:00;306;sem vítima;667,6;BR-376/PR;Sul;Saida de Pista;1;1;;;;;1
27/05/2017;20:29:00;467;sem vítima;233,001;BR-101/SC;Norte;Choque - Defensa, barreira ou "submarino";1;2;;;;;1
28/05/2017;16:09:00;288;sem vítima;137,01;BR-101/SC;Norte;Colisão Traseira;1;2;;;;;1
28/05/2017;20:33:00;417;sem vítima;667,001;BR-376/PR;Norte;Saida de Pista;1;3;;;;;1
28/05/2017;21:31:00;428;sem vítima;91,805;BR-101/SC;Sul;Colisão Traseira;1;3;;;;;1
29/05/2017;07:27:00;84;sem vítima;103,2;BR-116/PR;Norte;Colisão Lateral;1;2;;;;;1
29/05/2017;09:30:00;150;sem vítima;665,001;BR-376/PR;Norte;Choque - Objeto não identificado;1;1;;;;;1
29/05/2017;11:07:00;189;sem vítima;19,134;BR-101/SC;Norte;Choque - Objeto sobre a pista;2;3;;;;;1
29/05/2017;12:39:00;248;com vítima;195,601;BR-101/SC;Norte;Colisão Lateral;1;1;1;;;;1
29/05/2017;20:53:00;469;sem vítima;46,828;BR-101/SC;Norte;Saida de Pista;1;1;;;;;1
30/05/2017;00:53:00;20;sem vítima;640,544;BR-376/PR;Norte;Saida de Pista;1;1;;;;;1
30/05/2017;10:18:00;178;sem vítima;93,495;BR-116/PR;Sul;Colisão Lateral;1;2;;;;;1
30/05/2017;11:28:00;199;sem vítima;14,7;BR-101/SC;Norte;Saida de Pista;1;1;;;;;1
30/05/2017;12:30:00;236;sem vítima;123,3;BR-101/SC;Norte;Colisão Traseira;1;2;;;;;1
30/05/2017;16:43:00;335;com vítima;175,048;BR-101/SC;Norte;Engavetamento;1;5;1;;;;1
30/05/2017;18:06:00;379;sem vítima;113,5;BR-116/PR;Norte;Colisão Lateral;1;2;;;;;1
31/05/2017;12:28:00;255;com vítima;141,665;BR-101/SC;Norte;Engavetamento;1;2;;;;2;3
31/05/2017;14:27:00;314;sem vítima;112,1;BR-101/SC;Norte;Choque - Defensa, barreira ou "submarino";1;1;;;;;1
31/05/2017;17:20:00;398;sem vítima;46,3;BR-101/SC;Norte;Saida de Pista;1;1;;;;;1
31/05/2017;19:31:00;417;sem vítima;53,001;BR-101/SC;Sul;Saida de Pista;1;1;;;;;1
31/05/2017;18:00:00;419;sem vítima;179,6;BR-101/SC;Norte;Colisão Lateral;1;2;;;;;1
31/05/2017;18:25:00;430;sem vítima;45,8;BR-101/SC;Sul;Saida de Pista;1;1;;;;;1
31/05/2017;18:44:00;435;sem vítima;102,9;BR-116/PR;Sul;Colisão Lateral;1;2;;;;;1
31/05/2017;19:41:00;450;sem vítima;97,027;BR-116/PR;Sul;Colisão Traseira;2;2;;;;;1
31/05/2017;21:06:00;477;sem vítima;79,4;BR-101/SC;Norte;Colisão Traseira;1;2;;;;;1
01/06/2017;03:50:00;93;sem vítima;675,001;BR-376/PR;Norte;Colisão Lateral;1;2;;;;;1
01/06/2017;06:25:00;119;sem vítima;155,9;BR-101/SC;Sul;Choque - Objeto sobre a pista;2;2;;;;;1
01/06/2017;10:01:00;233;sem vítima;175,104;BR-101/SC;Norte;Choque - Defensa, barreira ou "submarino";1;1;;;;;1
01/06/2017;10:06:00;236;sem vítima;93,571;BR-116/PR;Sul;Colisão Lateral;1;2;;;;;1
01/06/2017;10:28:00;252;sem vítima;648,001;BR-376/PR;Norte;Colisão Traseira;1;2;;;;;1
01/06/2017;11:05:00;273;sem vítima;122,424;BR-101/SC;Sul;Choque - Defensa, barreira ou "submarino";1;1;;;;;1
01/06/2017;11:57:00;316;sem vítima;121,015;BR-101/SC;Sul;Colisão Traseira;2;2;;;;;1
01/06/2017;17:54:00;515;sem vítima;44,3;BR-101/SC;Norte;Colisão Traseira;1;2;;;;;1
01/06/2017;19:44:00;573;sem vítima;30,001;BR-101/SC;Norte;Choque - Objeto sobre a pista;1;2;;;;;1
02/06/2017;01:04:00;24;sem vítima;236,6;BR-101/SC;Sul;Tombamento;1;1;;;;;1
02/06/2017;10:18:00;237;sem vítima;172,001;BR-101/SC;Sul;Colisão Traseira;2;2;;;;;1
02/06/2017;13:44:00;341;sem vítima;125,099;BR-101/SC;Sul;Colisão Traseira;1;2;;;;;1
02/06/2017;14:28:00;360;sem vítima;125,001;BR-101/SC;Sul;Colisão Traseira;1;3;;;;;1
02/06/2017;14:56:00;368;sem vítima;106,333;BR-116/PR;Sul;Tombamento;1;1;;;;;1
02/06/2017;20:08:00;522;sem vítima;205,557;BR-101/SC;Norte;Colisão Lateral;1;2;;;;;1
03/06/2017;05:16:00;95;sem vítima;69,8;BR-101/SC;Norte;Colisão Traseira;1;2;;;;;1
03/06/2017;16:30:00;360;com vítima;88,1;BR-101/SC;Sul;Colisão Lateral;1;3;1;;;;1
03/06/2017;17:51:00;422;sem vítima;666,5;BR-376/PR;Sul;Saida de Pista;1;1;;;;;1
04/06/2017;17:11:00;414;sem vítima;70,001;BR-101/SC;Norte;Choque - Objeto sobre a pista;1;2;;;;;1
04/06/2017;18:25:00;448;sem vítima;673,637;BR-376/PR;Sul;Colisão Traseira;2;2;;;;;1
04/06/2017;21:37:00;515;sem vítima;125,4;BR-101/SC;Norte;Colisão Traseira;1;4;;;;;1
05/06/2017;06:51:00;93;sem vítima;214,8;BR-101/SC;Norte;Colisão Lateral;1;2;;;;;1
05/06/2017;08:30:00;142;sem vítima;30,726;BR-101/SC;Sul;Choque - Defensa, barreira ou "submarino";1;2;;;;;1
05/06/2017;19:43:00;475;sem vítima;123,85;BR-101/SC;Sul;Soterramento;1;1;;;;;1
05/06/2017;19:43:00;476;sem vítima;132,001;BR-101/SC;Norte;Colisão Lateral;1;2;;;;;1
06/06/2017;12:31:00;212;sem vítima;660,498;BR-376/PR;Sul;Saida de Pista;1;1;;;;;1
06/06/2017;13:03:00;219;sem vítima;672,049;BR-376/PR;Sul;Choque - Defensa, barreira ou "submarino";1;3;;;;;1
06/06/2017;22:04:00;409;sem vítima;632,2;BR-376/PR;Norte;Saida de Pista;1;1;;;;;1
07/06/2017;06:08:00;109;sem vítima;232,641;BR-101/SC;Norte;Colisão Lateral;1;2;;;;;1
07/06/2017;11:49:00;283;sem vítima;4,337;BR-101/SC;Sul;Saida de Pista;2;4;;;;;1
07/06/2017;12:46:00;314;sem vítima;106,923;BR-116/PR;Norte;Colisão Traseira;2;2;;;;;1
07/06/2017;14:07:00;351;sem vítima;113,97;BR-116/PR;Norte;Colisão Traseira;3;3;;;;;1
07/06/2017;20:34:00;557;com vítima;213,001;BR-101/SC;Norte;Colisão Traseira;2;1;1;;;;1
08/06/2017;00:45:00;20;sem vítima;124,6;BR-101/SC;Sul;Saida de Pista;1;1;;;;;1
08/06/2017;06:16:00;91;sem vítima;210,516;BR-101/SC;Norte;Colisão Lateral;1;2;;;;;1
08/06/2017;07:47:00;127;sem vítima;665,9;BR-376/PR;Sul;Colisão Traseira;2;2;;;;;1
08/06/2017;11:26:00;252;sem vítima;81,192;BR-101/SC;Norte;Colisão Traseira;2;2;;;;;1
08/06/2017;16:44:00;388;sem vítima;670,001;BR-376/PR;Norte;Colisão Traseira;2;2;;;;;1
08/06/2017;18:10:00;432;sem vítima;73,8;BR-101/SC;Sul;Colisão Traseira;1;2;;;;;1
08/06/2017;19:22:00;457;sem vítima;88,001;BR-101/SC;Sul;Colisão Traseira;1;2;;;;;1
08/06/2017;20:34:00;483;sem vítima;34,1;BR-101/SC;Sul;Colisão Traseira;2;3;;;;;1
08/06/2017;21:26:00;500;sem vítima;16,5;BR-101/SC;Sul;Colisão Traseira;1;2;;;;;1
08/06/2017;23:18:00;535;sem vítima;73,5;BR-101/SC;Sul;Saida de Pista;1;1;;;;;1
09/06/2017;05:39:00;97;sem vítima;667,513;BR-376/PR;Sul;Engavetamento;3;3;;;;;1
09/06/2017;06:30:00;121;com vítima;119,16;BR-101/SC;Sul;Colisão Traseira;1;1;2;;;;1
09/06/2017;07:33:00;132;com vítima;616,829;BR-376/PR;Norte;Choque - Defensa, barreira ou "submarino";1;0;1;;;;1
09/06/2017;09:58:00;244;sem vítima;151,1;BR-101/SC;Sul;Choque - Outros;1;1;;;;;1
09/06/2017;12:27:00;333;sem vítima;125,8;BR-101/SC;Sul;Colisão Lateral;1;2;;;;;1
09/06/2017;14:28:00;379;sem vítima;97,394;BR-116/PR;Norte;Colisão Traseira;1;2;;;;;1
09/06/2017;15:15:00;406;sem vítima;105,1;BR-101/SC;Sul;Colisão Traseira;1;2;;;;;1
09/06/2017;15:51:00;421;com vítima;112,001;BR-101/SC;Norte;Queda de Moto;1;1;;;1;;2
09/06/2017;18:30:00;518;sem vítima;205,4;BR-101/SC;Sul;Colisão Lateral;1;2;;;;;1
10/06/2017;07:02:00;119;sem vítima;627,478;BR-376/PR;Norte;Choque - Defensa, barreira ou "submarino";1;1;;;;;1
10/06/2017;20:50:00;523;sem vítima;7,6;BR-101/SC;Sul;Choque - Objeto sobre a pista;1;3;;;;;1
11/06/2017;06:59:00;103;sem vítima;211,889;BR-101/SC;Sul;Colisão Traseira;1;2;;;;;1
11/06/2017;12:51:00;262;sem vítima;116,9;BR-101/SC;Norte;Colisão Traseira;2;2;;;;;1
12/06/2017;04:19:00;107;sem vítima;191,15;BR-101/SC;Sul;Saida de Pista;1;1;;;;;1
12/06/2017;08:03:00;159;sem vítima;671,7;BR-376/PR;Sul;Saida de Pista;1;1;;;;;1
12/06/2017;08:41:00;184;com vítima;100,05;BR-101/SC;Sul;Colisão Frontal;1;1;;;1;;2
12/06/2017;12:22:00;293;com vítima;33,075;BR-101/SC;Norte;Colisão Lateral;1;1;1;;;;1
12/06/2017;13:00:00;316;sem vítima;653,911;BR-376/PR;Sul;Colisão Lateral;2;2;;;;;1
12/06/2017;14:37:00;352;sem vítima;88,1;BR-116/PR;Norte;Tombamento;1;1;;;;;1
12/06/2017;15:03:00;360;sem vítima;61,001;BR-101/SC;Sul;Colisão Lateral;1;2;;;;;1
12/06/2017;15:11:00;362;sem vítima;204,768;BR-101/SC;Norte;Colisão Lateral;1;2;;;;;1
12/06/2017;15:49:00;383;sem vítima;41,001;BR-101/SC;Norte;Colisão Traseira;2;3;;;;;1
12/06/2017;17:52:00;439;sem vítima;202,4;BR-101/SC;Sul;Colisão Lateral;1;2;;;;;1
12/06/2017;23:57:00;577;sem vítima;79,2;BR-116/PR;Sul;Choque - Arvore;1;1;;;;;1
13/06/2017;06:39:00;120;com vítima;155,896;BR-101/SC;Norte;Atropelamento - Ciclista;1;1;1;;;;1
13/06/2017;06:46:00;124;com vítima;91,597;BR-116/PR;Sul;Colisão Traseira;1;1;2;;;;1
13/06/2017;09:42:00;208;sem vítima;671,7;BR-376/PR;Sul;Saida de Pista;1;2;;;;;1
13/06/2017;10:53:00;252;sem vítima;182,222;BR-101/SC;Sul;Colisão Traseira;2;2;;;;;1
13/06/2017;17:22:00;443;sem vítima;617,149;BR-376/PR;Norte;Colisão Lateral;1;2;;;;;1
14/06/2017;04:45:00;84;sem vítima;83,021;BR-116/PR;Norte;Saida de Pista;1;1;;;;;1
14/06/2017;13:18:00;283;sem vítima;52,066;BR-101/SC;Sul;Tombamento;2;3;;;;;1
14/06/2017;15:35:00;350;com vítima;64,687;BR-101/SC;Norte;Choque - Defensa, barreira ou "submarino";1;0;1;;;;1
15/06/2017;10:23:00;210;sem vítima;138,4;BR-101/SC;Sul;Engavetamento;1;4;;;;;1
15/06/2017;15:37:00;369;com vítima;206,35;BR-101/SC;Norte;Engavetamento;1;4;2;;;;1
15/06/2017;21:56:00;525;sem vítima;140,001;BR-101/SC;Sul;Saida de Pista;1;1;;;;;1
16/06/2017;00:08:00;4;sem vítima;41,809;BR-101/SC;Sul;Colisão Traseira;1;5;;;;;1
16/06/2017;07:13:00;119;sem vítima;118,4;BR-101/SC;Sul;Colisão Lateral;1;2;;;;;1
16/06/2017;11:50:00;238;sem vítima;98,721;BR-101/SC;Sul;Tombamento;1;1;;;;;1
16/06/2017;12:31:00;252;sem vítima;41,751;BR-101/SC;Sul;Colisão Lateral;1;4;;;;;1
16/06/2017;18:19:00;443;sem vítima;203,9;BR-101/SC;Sul;Colisão Lateral;1;2;;;;;1
16/06/2017;19:50:00;471;sem vítima;74,199;BR-101/SC;Norte;Colisão Lateral;1;2;;;;;1
16/06/2017;22:21:00;513;sem vítima;216,001;BR-101/SC;Sul;Colisão Lateral;1;2;;;;;1
17/06/2017;07:57:00;130;com vítima;6,203;BR-101/SC;Sul;Tombamento;1;0;1;;;;1
17/06/2017;18:54:00;448;sem vítima;635,4;BR-376/PR;Sul;Colisão Traseira;1;2;;;;;1
18/06/2017;09:44:00;189;sem vítima;110,89;BR-101/SC;Sul;Choque - Defensa, barreira ou "submarino";1;1;;;;;1
18/06/2017;17:06:00;430;sem vítima;671,7;BR-376/PR;Sul;Saida de Pista;1;1;;;;;1
18/06/2017;22:19:00;548;sem vítima;193,001;BR-101/SC;Sul;Tombamento;1;1;;;;;1
19/06/2017;05:38:00;77;sem vítima;679,162;BR-376/PR;Norte;Choque - Defensa, barreira ou "submarino";1;2;;;;;1
19/06/2017;08:23:00;123;sem vítima;98,347;BR-116/PR;Norte;Colisão Lateral;1;2;;;;;1
19/06/2017;12:08:00;238;com vítima;652,509;BR-376/PR;Norte;Engavetamento;1;7;2;2;;;2
19/06/2017;14:15:00;280;com vítima;94,001;BR-116/PR;Sul;Colisão Traseira;1;1;1;;;;1
19/06/2017;15:26:00;305;sem vítima;112,001;BR-116/PR;Sul;Colisão Traseira;1;1;;;;;1
19/06/2017;15:58:00;313;sem vítima;103,1;BR-116/PR;Sul;Choque - Defensa, barreira ou "submarino";1;1;;;;;1
19/06/2017;16:32:00;325;sem vítima;66,2;BR-101/SC;Sul;Outros;1;1;;;;;1
19/06/2017;17:42:00;352;sem vítima;618,9;BR-376/PR;Norte;Choque - Defensa, barreira ou "submarino";1;1;;;;;1
19/06/2017;18:39:00;369;sem vítima;155,01;BR-101/SC;Sul;Colisão Traseira;1;2;;;;;1
19/06/2017;20:05:00;386;com vítima;628,001;BR-376/PR;Norte;Tombamento;1;0;1;;;;1
19/06/2017;20:22:00;390;sem vítima;108,6;BR-116/PR;Sul;Saida de Pista;1;1;;;;;1
20/06/2017;05:08:00;81;com vítima;189,85;BR-101/SC;Norte;Colisão Traseira;2;1;1;;;;1
20/06/2017;07:16:00;106;sem vítima;54,538;BR-101/SC;Sul;Engavetamento;1;3;;;;;1
20/06/2017;08:57:00;158;sem vítima;132,1;BR-101/SC;Sul;Colisão Lateral;1;2;;;;;1
20/06/2017;21:10:00;478;sem vítima;117,5;BR-101/SC;Sul;Saida de Pista;1;1;;;;;1
21/06/2017;08:33:00;177;sem vítima;95,3;BR-116/PR;Sul;Colisão Traseira;2;2;;;;;1
21/06/2017;14:50:00;339;sem vítima;664,59;BR-376/PR;Norte;Choque - Defensa, barreira ou "submarino";1;1;;;;;1
21/06/2017;15:01:00;345;sem vítima;655,653;BR-376/PR;Norte;Choque - Defensa, barreira ou "submarino";1;1;;;;;1
21/06/2017;16:45:00;390;sem vítima;204,65;BR-101/SC;Norte;Choque - Defensa, barreira ou "submarino";1;1;;;;;1
21/06/2017;18:40:00;463;sem vítima;207,12;BR-101/SC;Sul;Colisão Lateral;1;2;;;;;1
21/06/2017;20:56:00;492;sem vítima;208,5;BR-101/SC;Norte;Colisão Lateral;1;2;;;;;1
21/06/2017;21:19:00;501;sem vítima;27,795;BR-101/SC;Sul;Colisão Lateral;2;2;;;;;1
22/06/2017;01:50:00;46;sem vítima;90,8;BR-116/PR;Sul;Colisão Traseira;2;2;;;;;1
22/06/2017;05:14:00;93;sem vítima;110,8;BR-116/PR;Norte;Colisão Traseira;2;2;;;;;1
22/06/2017;07:34:00;127;sem vítima;39,084;BR-101/SC;Norte;Colisão Lateral;1;4;;;;;1
22/06/2017;10:28:00;221;com vítima;234,354;BR-101/SC;Norte;Colisão Transversal;1;1;1;;;;1
22/06/2017;18:41:00;465;sem vítima;138,446;BR-101/SC;Sul;Colisão Lateral;1;2;;;;;1
23/06/2017;05:20:00;93;com vítima;676,617;BR-376/PR;Norte;Tombamento;1;0;1;;;;1
23/06/2017;09:12:00;179;com vítima;216,568;BR-101/SC;Sul;Colisão Transversal;1;1;;;1;;2
23/06/2017;10:20:00;212;sem vítima;617,132;BR-376/PR;Norte;Colisão Lateral;1;2;;;;;1
23/06/2017;12:54:00;298;sem vítima;114,295;BR-116/PR;Norte;Saida de Pista;1;4;;;;;1