data;horario;n_da_ocorrencia;tipo_de_ocorrencia;km;trecho;sentido;tipo_de_acidente;caminhao;ilesos;levemente_feridos;moderadamente_feridos;gravemente_feridos;mortos;3
23/06/2017;14:06:00;323;sem vítima;132,7;BR-101/SC;Sul;Colisão Traseira;1;2;;;;;1
23/06/2017;21:58:00;547;com vítima;665,589;BR-376/PR;Sul;Choque - Talude;1;0;;;;2;3
24/06/2017;10:41:00;229;com vítima;668,549;BR-376/PR;Sul;Tombamento;1;0;1;;;;1
24/06/2017;12:26:00;274;sem vítima;620,001;BR-376/PR;Sul;Colisão Traseira;1;2;;;;;1
24/06/2017;13:37:00;302;sem vítima;85,101;BR-101/SC;Sul;Colisão Lateral;1;2;;;;;1
24/06/2017;14:18:00;333;com vítima;122,5;BR-101/SC;Norte;Colisão Traseira;1;1;1;;;;1
24/06/2017;23:05:00;552;com vítima;93,75;BR-116/PR;Norte;Colisão Traseira;1;3;;2;;;2
25/06/2017;04:59:00;94;sem vítima;206,001;BR-101/SC;Sul;Colisão Lateral;1;2;;;;;1
25/06/2017;07:20:00;133;sem vítima;243,001;BR-101/SC;Norte;Choque - Defensa, barreira ou "submarino";1;1;;;;;1
25/06/2017;10:02:00;241;com vítima;673,896;BR-376/PR;Sul;Engavetamento;1;5;2;;;;1
26/06/2017;08:32:00;159;sem vítima;216,5;BR-101/SC;Norte;Engavetamento;1;3;;;;;1
26/06/2017;10:17:00;213;sem vítima;214,001;BR-101/SC;Norte;Colisão Traseira;1;2;;;;;1
26/06/2017;12:10:00;287;com vítima;145,9;BR-101/SC;Sul;Engavetamento;1;3;1;;;;1
26/06/2017;13:04:00;309;sem vítima;234,001;BR-101/SC;Sul;Colisão Lateral;1;2;;;;;1
26/06/2017;15:43:00;369;com vítima;204,8;BR-101/SC;Sul;Colisão Traseira;1;1;1;;;;1
27/06/2017;05:34:00;103;com vítima;645,375;BR-376/PR;Sul;Atropelamento - Morador;1;1;;;;1;3
27/06/2017;06:46:00;120;com vítima;121,89;BR-101/SC;Sul;Colisão Traseira;2;2;;;1;1;3
27/06/2017;13:20:00;294;com vítima;9,823;BR-101/SC;Sul;Colisão Traseira;1;1;;1;;;2
27/06/2017;13:53:00;308;sem vítima;202,7;BR-101/SC;Sul;Engavetamento;1;4;;;;;1
27/06/2017;15:14:00;332;sem vítima;110,9;BR-101/SC;Norte;Colisão Lateral;1;3;;;;;1
27/06/2017;18:07:00;412;sem vítima;654,001;BR-376/PR;Norte;Saida de Pista;1;1;;;;;1
28/06/2017;06:05:00;130;com vítima;638,05;BR-376/PR;Norte;Tombamento;1;1;;;;1;3
28/06/2017;07:20:00;144;sem vítima;49,001;BR-101/SC;Norte;Choque - Defensa, barreira ou "submarino";1;2;;;;;1
28/06/2017;08:03:00;166;sem vítima;93,5;BR-101/SC;Sul;Colisão Traseira;1;2;;;;;1
28/06/2017;08:46:00;193;sem vítima;212,831;BR-101/SC;Norte;Colisão Traseira;2;2;;;;;1
28/06/2017;08:58:00;196;com vítima;215,572;BR-101/SC;Norte;Colisão Lateral;1;1;1;;;;1
28/06/2017;11:18:00;271;sem vítima;114,043;BR-101/SC;Sul;Tombamento;1;2;;;;;1
28/06/2017;14:43:00;367;sem vítima;112,001;BR-116/PR;Norte;Engavetamento;2;4;;;;;1
28/06/2017;17:17:00;446;sem vítima;635,001;BR-376/PR;Sul;Colisão Traseira;1;2;;;;;1
28/06/2017;17:50:00;465;sem vítima;635,001;BR-376/PR;Sul;Colisão Traseira;2;2;;;;;1
29/06/2017;13:48:00;341;sem vítima;157,4;BR-101/SC;Norte;Colisão Traseira;2;2;;;;;1
29/06/2017;14:48:00;365;com vítima;32,636;BR-101/SC;Sul;Colisão Lateral;1;1;1;;;;1
29/06/2017;17:59:00;506;sem vítima;128,522;BR-101/SC;Sul;Saida de Pista;1;1;;;;;1
29/06/2017;18:56:00;534;sem vítima;120,7;BR-101/SC;Sul;Engavetamento;3;4;;;;;1
30/06/2017;01:23:00;38;sem vítima;677,6;BR-376/PR;Sul;Colisão Traseira;2;2;;;;;1
30/06/2017;08:00:00;150;com vítima;109,78;BR-101/SC;Sul;Engavetamento;2;2;;;;3;3
30/06/2017;11:42:00;269;sem vítima;652,001;BR-376/PR;Norte;Choque - Objeto sobre a pista;1;3;;;;;1
30/06/2017;13:00:00;313;com vítima;139,442;BR-101/SC;Sul;Colisão Traseira;2;2;1;;;;1
30/06/2017;14:27:00;341;sem vítima;218,777;BR-101/SC;Sul;Colisão Traseira;1;2;;;;;1
30/06/2017;18:00:00;471;sem vítima;216,001;BR-101/SC;Norte;Colisão Traseira;1;2;;;;;1
30/06/2017;18:31:00;483;sem vítima;133,001;BR-101/SC;Sul;Colisão Traseira;1;2;;;;;1
01/07/2017;04:37:00;106;sem vítima;79,4;BR-101/SC;Sul;Choque - Defensa, barreira ou "submarino";1;1;;;;;1
01/07/2017;14:10:49;343;sem vítima;21,277;BR-101/SC;Sul;Colisão Lateral;2;2;;;;;1
01/07/2017;19:20:00;484;sem vítima;669,9;BR-376/PR;Sul;Colisão Lateral;1;2;;;;;1
02/07/2017;03:17:00;68;com vítima;664,992;BR-376/PR;Norte;Saida de Pista;1;1;1;;;;1
02/07/2017;15:31:00;327;sem vítima;670,001;BR-376/PR;Norte;Colisão Traseira;2;3;;;;;1
02/07/2017;16:39:00;364;sem vítima;76,778;BR-101/SC;Sul;Colisão Lateral;1;5;;;;;1
02/07/2017;17:05:00;398;sem vítima;137,398;BR-101/SC;Norte;Colisão Transversal;1;2;;;;;1
02/07/2017;18:51:00;449;sem vítima;213,001;BR-101/SC;Norte;Colisão Traseira;1;2;;;;;1
02/07/2017;18:53:00;450;sem vítima;99,3;BR-116/PR;Norte;Saida de Pista;1;1;;;;;1
02/07/2017;20:54:00;477;sem vítima;234,5;BR-101/SC;Norte;Choque - Defensa, barreira ou "submarino";1;2;;;;;1
03/07/2017;10:51:00;291;sem vítima;119,783;BR-101/SC;Norte;Colisão Traseira;2;2;;;;;1
03/07/2017;15:27:00;427;sem vítima;141,6;BR-101/SC;Sul;Colisão Traseira;2;2;;;;;1
03/07/2017;18:00:00;525;sem vítima;108,617;BR-116/PR;Sul;Engavetamento;1;4;;;;;1
03/07/2017;20:19:00;579;sem vítima;132,001;BR-101/SC;Norte;Choque - Defensa, barreira ou "submarino";1;2;;;;;1
03/07/2017;21:40:00;595;sem vítima;40,673;BR-101/SC;Norte;Choque - Defensa, barreira ou "submarino";1;1;;;;;1
04/07/2017;08:38:00;146;sem vítima;120,609;BR-101/SC;Norte;Colisão Traseira;1;2;;;;;1
04/07/2017;10:35:00;225;sem vítima;81,871;BR-116/PR;Norte;Colisão Lateral;1;2;;;;;1
04/07/2017;10:35:00;226;sem vítima;8,415;BR-101/SC;Sul;Colisão Traseira;3;3;;;;;1
04/07/2017;11:57:00;276;sem vítima;657,52;BR-376/PR;Sul;Colisão Lateral;2;2;;;;;1
04/07/2017;13:20:00;304;sem vítima;652,8;BR-376/PR;Norte;Colisão Lateral;3;3;;;;;1
04/07/2017;13:53:00;322;sem vítima;652,2;BR-376/PR;Norte;Colisão Traseira;3;3;;;;;1
04/07/2017;14:19:00;333;sem vítima;13,3;BR-101/SC;Sul;Colisão Traseira;1;2;;;;;1
04/07/2017;20:12:00;493;com vítima;148,11;BR-101/SC;Sul;Atropelamento - Morador;2;2;;;;1;3
05/07/2017;04:03:00;94;sem vítima;77,5;BR-101/SC;Sul;Tombamento;1;1;;;;;1
05/07/2017;08:15:00;160;sem vítima;679,5;BR-376/PR;Norte;Colisão Traseira;1;3;;;;;1
05/07/2017;14:38:00;347;com vítima;208,1;BR-101/SC;Norte;Capotamento;1;1;1;;;;1
05/07/2017;16:19:00;392;sem vítima;204,8;BR-101/SC;Norte;Colisão Lateral;1;2;;;;;1
05/07/2017;18:47:00;484;sem vítima;117,327;BR-101/SC;Norte;Colisão Lateral;1;2;;;;;1
06/07/2017;07:43:00;139;com vítima;96,001;BR-116/PR;Norte;Colisão Traseira;1;1;1;;;;1
06/07/2017;16:52:00;456;sem vítima;665,05;BR-376/PR;Sul;Saida de Pista;1;1;;;;;1
06/07/2017;18:16:00;507;sem vítima;121,741;BR-101/SC;Norte;Colisão Traseira;2;2;;;;;1
06/07/2017;19:13:00;524;sem vítima;122,001;BR-101/SC;Norte;Colisão Traseira;1;3;;;;;1
06/07/2017;21:18:00;560;com vítima;117,5;BR-101/SC;Sul;Colisão Lateral;1;1;1;;;;1
07/07/2017;06:29:00;142;sem vítima;238,893;BR-101/SC;Sul;Colisão Traseira;2;2;;;;;1
07/07/2017;12:18:00;333;sem vítima;672,001;BR-376/PR;Norte;Colisão Lateral;1;2;;;;;1
07/07/2017;14:59:00;426;sem vítima;26,4;BR-101/SC;Norte;Colisão Lateral;1;2;;;;;1
07/07/2017;17:53:00;520;sem vítima;123,5;BR-101/SC;Norte;Colisão Lateral;2;2;;;;;1
07/07/2017;19:21:00;557;sem vítima;212,001;BR-101/SC;Norte;Choque - Defensa, barreira ou "submarino";1;2;;;;;1
07/07/2017;21:36:00;602;sem vítima;114,001;BR-101/SC;Norte;Colisão Lateral;1;2;;;;;1
07/07/2017;23:40:00;652;sem vítima;232,5;BR-101/SC;Sul;Choque - Defensa, barreira ou "submarino";1;1;;;;;1
08/07/2017;06:40:00;113;sem vítima;208,908;BR-101/SC;Norte;Colisão Lateral;1;2;;;;;1
08/07/2017;07:28:00;124;sem vítima;628,001;BR-376/PR;Norte;Colisão Lateral;1;2;;;;;1
08/07/2017;08:01:00;141;sem vítima;24,001;BR-101/SC;Sul;Colisão Traseira;1;3;;;;;1
08/07/2017;10:35:00;195;sem vítima;206,8;BR-101/SC;Sul;Engavetamento;1;4;;;;;1
08/07/2017;11:29:00;244;sem vítima;123,9;BR-101/SC;Norte;Engavetamento;1;3;;;;;1
08/07/2017;11:34:00;245;com vítima;134,001;BR-101/SC;Sul;Colisão Transversal;1;1;1;1;;;2
08/07/2017;12:21:00;267;sem vítima;52,001;BR-101/SC;Norte;Colisão Lateral;1;2;;;;;1
08/07/2017;12:20:00;268;sem vítima;41,9;BR-101/SC;Norte;Colisão Lateral;1;2;;;;;1
08/07/2017;16:25:00;373;com vítima;210,9;BR-101/SC;Norte;Colisão Lateral;1;2;1;;;;1
08/07/2017;17:33:00;418;sem vítima;93,2;BR-116/PR;Norte;Colisão Lateral;1;2;;;;;1
09/07/2017;05:07:00;84;sem vítima;39,8;BR-101/SC;Sul;Saida de Pista;1;1;;;;;1
09/07/2017;11:19:00;239;com vítima;668,503;BR-376/PR;Sul;Tombamento;1;0;1;;;;1
09/07/2017;11:41:00;250;com vítima;15,793;BR-101/SC;Norte;Colisão Traseira;1;1;;1;1;;2
09/07/2017;16:06:59;337;sem vítima;111,2;BR-101/SC;Norte;Colisão Traseira;1;2;;;;;1
09/07/2017;16:44:00;351;sem vítima;623,56;BR-376/PR;Norte;Colisão Traseira;2;2;;;;;1
09/07/2017;17:24:00;398;sem vítima;128,001;BR-101/SC;Norte;Colisão Traseira;1;3;;;;;1
10/07/2017;02:54:00;93;sem vítima;98,7;BR-116/PR;Norte;Tombamento;1;1;;;;;1
10/07/2017;09:21:00;230;sem vítima;212,222;BR-101/SC;Norte;Colisão Traseira;1;2;;;;;1
10/07/2017;11:17:00;280;sem vítima;616,001;BR-376/PR;Norte;Colisão Lateral;1;2;;;;;1
10/07/2017;14:36:00;356;sem vítima;79,4;BR-101/SC;Sul;Choque - Defensa, barreira ou "submarino";1;1;;;;;1
10/07/2017;17:50:00;504;sem vítima;667,8;BR-376/PR;Sul;Saida de Pista;1;1;;;;;1
10/07/2017;18:16:00;519;sem vítima;131,3;BR-101/SC;Norte;Colisão Lateral;1;2;;;;;1
11/07/2017;00:03:00;3;sem vítima;207,001;BR-101/SC;Sul;Choque - Defensa, barreira ou "submarino";1;2;;;;;1
11/07/2017;03:24:00;93;sem vítima;110,8;BR-101/SC;Sul;Colisão Traseira;2;2;;;;;1
11/07/2017;06:25:00;130;sem vítima;157,4;BR-101/SC;Sul;Choque - Outros;1;1;;;;;1
11/07/2017;08:23:00;187;sem vítima;213,532;BR-101/SC;Norte;Colisão Traseira;1;2;;;;;1
11/07/2017;11:20:00;306;sem vítima;652,001;BR-376/PR;Norte;Colisão Lateral;1;2;;;;;1
11/07/2017;11:45:00;316;com vítima;126,284;BR-101/SC;Sul;Engavetamento;1;6;2;;;;1
11/07/2017;12:17:00;334;sem vítima;47,3;BR-101/SC;Sul;Colisão Traseira;1;2;;;;;1
11/07/2017;12:46:00;337;sem vítima;121,2;BR-101/SC;Sul;Engavetamento;1;4;;;;;1
11/07/2017;15:50:00;448;sem vítima;1,01;BR-101/SC;Norte;Colisão Lateral;2;2;;;;;1
11/07/2017;16:35:00;472;sem vítima;44,001;BR-101/SC;Sul;Engavetamento;2;4;;;;;1
11/07/2017;16:49:00;479;sem vítima;150,9;BR-101/SC;Norte;Colisão Traseira;1;2;;;;;1
11/07/2017;18:25:00;528;sem vítima;79,4;BR-101/SC;Norte;Colisão Traseira;2;2;;;;;1
12/07/2017;06:23:00;113;sem vítima;622,6;BR-376/PR;Norte;Colisão Traseira;1;2;;;;;1
12/07/2017;08:26:00;191;sem vítima;211,534;BR-101/SC;Norte;Colisão Lateral;1;2;;;;;1
12/07/2017;14:01:00;351;sem vítima;202,002;BR-101/SC;Sul;Outros;1;1;;;;;1
12/07/2017;21:30:00;546;sem vítima;211,001;BR-101/SC;Norte;Colisão Traseira;1;2;;;;;1
12/07/2017;21:31:00;548;sem vítima;205,9;BR-101/SC;Sul;Colisão Lateral;1;2;;;;;1
13/07/2017;06:19:00;122;com vítima;667,713;BR-376/PR;Sul;Tombamento;2;1;1;;;;1
13/07/2017;08:10:00;164;sem vítima;213,511;BR-101/SC;Norte;Colisão Traseira;1;2;;;;;1
13/07/2017;12:29:00;313;sem vítima;659,3;BR-376/PR;Sul;Engavetamento;3;4;;;;;1
13/07/2017;18:41:00;492;com vítima;57,001;BR-101/SC;Sul;Capotamento;1;2;1;;;;1
13/07/2017;18:56:00;494;com vítima;12,5;BR-101/SC;Sul;Colisão Traseira;2;1;;;;1;3
14/07/2017;07:56:00;147;sem vítima;102,9;BR-116/PR;Sul;Colisão Traseira;2;2;;;;;1
14/07/2017;08:01:00;154;sem vítima;132,94;BR-101/SC;Norte;Colisão Traseira;1;2;;;;;1
14/07/2017;09:20:00;220;sem vítima;79,35;BR-101/SC;Sul;Engavetamento;2;3;;;;;1
14/07/2017;17:05:00;473;sem vítima;125,001;BR-101/SC;Sul;Colisão Traseira;1;4;;;;;1
14/07/2017;18:58:00;551;sem vítima;134,001;BR-101/SC;Sul;Colisão Traseira;1;5;;;;;1
14/07/2017;22:24:00;621;sem vítima;89,961;BR-116/PR;Sul;Colisão Traseira;2;2;;;;;1
15/07/2017;15:04:00;346;com vítima;653,001;BR-376/PR;Norte;Colisão Traseira;1;1;1;;;;1
16/07/2017;12:29:00;265;sem vítima;113,5;BR-116/PR;Sul;Saida de Pista;1;1;;;;;1
16/07/2017;13:59:00;311;sem vítima;42,054;BR-101/SC;Norte;Colisão Lateral;1;7;;;;;1
17/07/2017;11:02:00;228;sem vítima;201,001;BR-101/SC;Sul;Colisão Lateral;1;2;;;;;1
17/07/2017;17:41:00;447;sem vítima;214,001;BR-101/SC;Norte;Colisão Traseira;1;4;;;;;1
17/07/2017;21:28:00;515;sem vítima;671,7;BR-376/PR;Sul;Saida de Pista;1;1;;;;;1
18/07/2017;02:31:00;58;sem vítima;634,1;BR-376/PR;Sul;Colisão Traseira;1;2;;;;;1
18/07/2017;14:32:00;343;sem vítima;213,5;BR-101/SC;Norte;Colisão Lateral;1;3;;;;;1
18/07/2017;14:42:00;346;sem vítima;635,4;BR-376/PR;Sul;Colisão Traseira;2;2;;;;;1
18/07/2017;23:01:00;587;sem vítima;658,001;BR-376/PR;Norte;Saida de Pista;1;1;;;;;1
19/07/2017;04:20:00;73;sem vítima;631,3;BR-376/PR;Sul;Colisão Traseira;2;3;;;;;1
19/07/2017;05:06:00;107;sem vítima;79,001;BR-101/SC;Norte;Colisão Lateral;1;2;;;;;1
19/07/2017;08:29:00;177;sem vítima;204,001;BR-101/SC;Sul;Colisão Lateral;1;2;;;;;1
19/07/2017;12:12:00;296;sem vítima;619,977;BR-376/PR;Norte;Choque - Defensa, barreira ou "submarino";1;1;;;;;1
19/07/2017;12:41:00;321;sem vítima;182,918;BR-101/SC;Sul;Colisão Traseira;1;2;;;;;1
19/07/2017;17:12:00;469;sem vítima;88,001;BR-101/SC;Sul;Engavetamento;3;5;;;;;1
19/07/2017;17:36:00;482;sem vítima;210,001;BR-101/SC;Norte;Colisão Lateral;1;2;;;;;1
19/07/2017;17:57:00;488;sem vítima;39,001;BR-101/SC;Sul;Engavetamento;2;6;;;;;1
19/07/2017;17:21:00;507;sem vítima;87,8;BR-101/SC;Sul;Colisão Lateral;1;2;;;;;1
19/07/2017;23:03:00;621;sem vítima;79,4;BR-101/SC;Sul;Choque - Cancela de Pedagio;1;1;;;;;1
20/07/2017;01:42:00;38;com vítima;85,3;BR-101/SC;Sul;Colisão Traseira;1;0;2;;;;1
20/07/2017;07:51:56;134;com vítima;212,967;BR-101/SC;Norte;Colisão Traseira;1;1;;1;;;2
20/07/2017;15:45:00;427;sem vítima;221,2;BR-101/SC;Norte;Colisão Traseira;2;3;;;;;1
20/07/2017;16:00:12;434;sem vítima;674,313;BR-376/PR;Sul;Tombamento;1;2;;;;;1
20/07/2017;18:41:00;526;sem vítima;118,001;BR-101/SC;Norte;Colisão Lateral;1;2;;;;;1
20/07/2017;18:48:00;528;com vítima;111,001;BR-101/SC;Norte;Colisão Traseira;1;1;1;;;;1
20/07/2017;19:17:00;533;sem vítima;220,2;BR-101/SC;Norte;Colisão Transversal;1;2;;;;;1
21/07/2017;03:40:00;77;sem vítima;219,24;BR-101/SC;Norte;Atropelamento de Animal;1;1;;;;;1
21/07/2017;11:07:00;254;sem vítima;133,469;BR-101/SC;Sul;Choque - Defensa, barreira ou "submarino";1;2;;;;;1
21/07/2017;15:38:00;393;sem vítima;206,9;BR-101/SC;Sul;Engavetamento;1;3;;;;;1
21/07/2017;15:56:00;410;sem vítima;84,5;BR-116/PR;Sul;Choque - Defensa, barreira ou "submarino";1;1;;;;;1
21/07/2017;16:25:00;427;sem vítima;202,95;BR-101/SC;Norte;Colisão Traseira;1;2;;;;;1
21/07/2017;16:39:00;433;sem vítima;55,4;BR-101/SC;Norte;Saida de Pista;1;1;;;;;1
21/07/2017;17:14:00;450;sem vítima;635,4;BR-376/PR;Norte;Colisão Traseira;1;5;;;;;1
21/07/2017;17:56:00;494;sem vítima;110,3;BR-116/PR;Sul;Colisão Lateral;1;2;;;;;1
21/07/2017;19:05:00;516;sem vítima;131,1;BR-101/SC;Sul;Colisão Frontal;1;2;;;;;1
21/07/2017;19:10:00;519;sem vítima;122,4;BR-101/SC;Sul;Colisão Traseira;1;3;;;;;1
22/07/2017;06:28:00;114;sem vítima;1,4;BR-101/SC;Sul;Colisão Traseira;1;2;;;;;1
22/07/2017;11:00:00;232;sem vítima;73,404;BR-101/SC;Sul;Colisão Transversal;1;3;;;;;1
22/07/2017;11:28:00;250;sem vítima;243,001;BR-101/SC;Norte;Choque - Defensa, barreira ou "submarino";1;1;;;;;1
22/07/2017;13:37:00;328;com vítima;113,001;BR-116/PR;Norte;Colisão Traseira;1;2;1;;;;1
22/07/2017;14:31:00;356;sem vítima;677,8;BR-376/PR;Norte;Colisão Traseira;1;2;;;;;1
22/07/2017;15:02:00;362;sem vítima;209,001;BR-101/SC;Norte;Colisão Lateral;1;2;;;;;1
23/07/2017;07:40:00;110;sem vítima;628,3;BR-376/PR;Sul;Colisão Lateral;1;2;;;;;1
23/07/2017;16:46:00;388;sem vítima;2,1;BR-101/SC;Norte;Colisão Lateral;1;2;;;;;1
23/07/2017;19:26:00;491;com vítima;216,001;BR-101/SC;Norte;Colisão Traseira;1;3;1;;;;1
24/07/2017;05:29:00;86;sem vítima;244,094;BR-101/SC;Sul;Colisão Traseira;1;2;;;;;1
24/07/2017;06:55:00;99;sem vítima;124,2;BR-101/SC;Sul;Colisão Lateral;1;3;;;;;1
24/07/2017;20:15:00;522;sem vítima;212,001;BR-101/SC;Norte;Colisão Lateral;1;2;;;;;1
24/07/2017;20:52:00;535;sem vítima;220,6;BR-101/SC;Sul;Colisão Lateral;2;2;;;;;1
25/07/2017;04:21:00;43;com vítima;212,001;BR-101/SC;Sul;Colisão Traseira;1;1;1;;;;1
25/07/2017;03:56:00;54;com vítima;14,8;BR-101/SC;Norte;Colisão Traseira;1;1;;1;;;2
25/07/2017;06:27:00;77;sem vítima;115,296;BR-101/SC;Norte;Colisão Lateral;1;2;;;;;1
25/07/2017;14:21:00;321;sem vítima;113,001;BR-116/PR;Sul;Colisão Traseira;1;2;;;;;1
25/07/2017;18:57:00;490;com vítima;208,001;BR-101/SC;Sul;Colisão Lateral;1;2;2;;;;1
26/07/2017;00:12:00;4;sem vítima;668,4;BR-376/PR;Sul;Saida de Pista;1;1;;;;;1
26/07/2017;01:32:00;26;sem vítima;107,001;BR-116/PR;Norte;Saida de Pista;1;1;;;;;1
26/07/2017;07:49:00;143;sem vítima;212,294;BR-101/SC;Norte;Colisão Traseira;1;2;;;;;1
26/07/2017;08:19:00;166;sem vítima;107,252;BR-116/PR;Sul;Engavetamento;3;3;;;;;1
26/07/2017;08:26:00;171;sem vítima;33,331;BR-101/SC;Sul;Saida de Pista;1;1;;;;;1
26/07/2017;17:29:00;471;sem vítima;38,5;BR-101/SC;Sul;Colisão Lateral;1;2;;;;;1
27/07/2017;08:15:00;170;sem vítima;98,882;BR-101/SC;Sul;Colisão Traseira;1;3;;;;;1
27/07/2017;10:23:00;282;com vítima;181,443;BR-101/SC;Sul;Colisão Traseira;2;1;;;;1;3
27/07/2017;12:13:00;337;sem vítima;6,781;BR-101/SC;Sul;Choque - Defensa, barreira ou "submarino";1;1;;;;;1
27/07/2017;16:19:00;483;sem vítima;103,7;BR-116/PR;Norte;Colisão Traseira;2;2;;;;;1
27/07/2017;16:27:00;485;sem vítima;42,6;BR-101/SC;Sul;Colisão Lateral;2;2;;;;;1
27/07/2017;18:11:00;566;sem vítima;199,001;BR-101/SC;Sul;Colisão Traseira;1;2;;;;;1
27/07/2017;18:41:00;573;com vítima;121,9;BR-101/SC;Norte;Colisão Traseira;1;2;1;;;;1
27/07/2017;18:45:00;577;sem vítima;9,888;BR-101/SC;Sul;Tombamento;1;1;;;;;1
27/07/2017;18:41:00;616;com vítima;121,9;BR-101/SC;Norte;Engavetamento;1;3;2;;;;1
28/07/2017;11:06:00;312;sem vítima;113,5;BR-101/SC;Norte;Colisão Lateral;2;2;;;;;1
28/07/2017;14:28:00;417;sem vítima;157,45;BR-101/SC;Norte;Colisão Traseira;1;3;;;;;1
28/07/2017;14:56:00;430;sem vítima;204,001;BR-101/SC;Sul;Colisão Traseira;1;2;;;;;1
28/07/2017;16:47:00;512;sem vítima;117,4;BR-101/SC;Sul;Colisão Traseira;1;2;;;;;1
29/07/2017;09:53:00;222;sem vítima;618,288;BR-376/PR;Norte;Choque - Defensa, barreira ou "submarino";1;1;;;;;1
29/07/2017;11:28:00;259;com vítima;134,5;BR-101/SC;Sul;Colisão Lateral;1;1;1;;;;1
29/07/2017;12:41:00;287;sem vítima;212,2;BR-101/SC;Norte;Colisão Lateral;1;2;;;;;1
29/07/2017;16:33:00;407;sem vítima;208,001;BR-101/SC;Norte;Colisão Traseira;1;2;;;;;1
29/07/2017;18:58:00;491;sem vítima;138,001;BR-101/SC;Norte;Colisão Traseira;1;2;;;;;1
30/07/2017;06:04:00;109;sem vítima;677,8;BR-376/PR;Norte;Colisão Lateral;2;2;;;;;1
30/07/2017;16:35:00;365;sem vítima;132,065;BR-101/SC;Norte;Engavetamento;1;3;;;;;1
31/07/2017;06:50:00;97;sem vítima;211,15;BR-101/SC;Sul;Colisão Lateral;1;3;;;;;1
31/07/2017;10:03:00;197;sem vítima;232,3;BR-101/SC;Sul;Colisão Lateral;1;2;;;;;1
31/07/2017;11:31:00;252;sem vítima;103,104;BR-116/PR;Sul;Colisão Traseira;1;2;;;;;1
31/07/2017;16:37:00;449;sem vítima;210,001;BR-101/SC;Sul;Colisão Lateral;1;2;;;;;1
31/07/2017;22:33:00;586;sem vítima;635,4;BR-376/PR;Sul;Colisão Traseira;2;2;;;;;1
01/08/2017;12:13:00;298;sem vítima;79,4;BR-101/SC;Norte;Choque - Cancela de Pedagio;1;1;;;;;1
01/08/2017;16:07:00;405;sem vítima;111,001;BR-116/PR;Norte;Colisão Lateral;1;2;;;;;1
01/08/2017;17:06:00;453;sem vítima;638,8;BR-376/PR;Sul;Saida de Pista;1;1;;;;;1
01/08/2017;20:33:00;526;sem vítima;234,001;BR-101/SC;Norte;Colisão Lateral;2;2;;;;;1
02/08/2017;08:13:00;160;sem vítima;207,082;BR-101/SC;Sul;Engavetamento;1;5;;;;;1
02/08/2017;11:10:00;281;sem vítima;207,5;BR-101/SC;Sul;Colisão Lateral;1;2;;;;;1
02/08/2017;12:11:00;300;com vítima;38,945;BR-101/SC;Sul;Choque - Defensa, barreira ou "submarino";1;1;1;;;;1
02/08/2017;14:14:00;353;sem vítima;131,045;BR-101/SC;Norte;Colisão Lateral;2;3;;;;;1
02/08/2017;14:32:00;360;sem vítima;242,001;BR-101/SC;Norte;Choque - Veiculo parado no acostamento;1;2;;;;;1
02/08/2017;14:41:00;366;sem vítima;636,001;BR-376/PR;Norte;Colisão Traseira;1;2;;;;;1
02/08/2017;14:48:00;369;com vítima;134,5;BR-101/SC;Norte;Colisão Traseira;2;1;;1;;;2
02/08/2017;22:27:17;583;sem vítima;616,95;BR-376/PR;Sul;Saida de Pista;1;1;;;;;1
03/08/2017;04:55:00;74;sem vítima;114,4;BR-101/SC;Norte;Saida de Pista;1;1;;;;;1
03/08/2017;05:20:00;78;sem vítima;616,963;BR-376/PR;Norte;Colisão Lateral;1;4;;;;;1
03/08/2017;07:55:00;114;sem vítima;79,4;BR-101/SC;Norte;Choque - Defensa, barreira ou "submarino";1;2;;;;;1
03/08/2017;09:05:00;153;sem vítima;186,329;BR-101/SC;Sul;Colisão Traseira;1;2;;;;;1
03/08/2017;16:14:00;405;sem vítima;58,5;BR-101/SC;Norte;Colisão Traseira;2;2;;;;;1
03/08/2017;16:33:00;424;com vítima;210,001;BR-101/SC;Sul;Colisão Lateral;1;1;1;;;;1
03/08/2017;19:32:00;507;sem vítima;123,001;BR-101/SC;Sul;Colisão Traseira;1;8;;;;;1
03/08/2017;22:25:00;550;sem vítima;128,001;BR-101/SC;Sul;Colisão Lateral;1;2;;;;;1
04/08/2017;06:14:00;107;sem vítima;184,433;BR-101/SC;Norte;Colisão Traseira;2;2;;;;;1
04/08/2017;14:07:00;359;sem vítima;635,4;BR-376/PR;Sul;Colisão Traseira;2;2;;;;;1
04/08/2017;20:18:00;524;sem vítima;205,6;BR-101/SC;Sul;Colisão Lateral;1;2;;;;;1
04/08/2017;22:24:00;572;sem vítima;671,896;BR-376/PR;Sul;Colisão Traseira;2;2;;;;;1
05/08/2017;02:49:00;70;sem vítima;84,001;BR-116/PR;Sul;Saida de Pista;1;1;;;;;1
05/08/2017;03:31:00;83;sem vítima;196,9;BR-101/SC;Norte;Colisão Lateral;1;2;;;;;1
05/08/2017;09:14:00;207;com vítima;232,881;BR-101/SC;Sul;Colisão Traseira;1;3;2;;;;1
05/08/2017;09:49:00;230;sem vítima;103,628;BR-116/PR;Norte;Colisão Lateral;1;2;;;;;1
05/08/2017;10:40:00;248;com vítima;72,475;BR-116/PR;Norte;Saida de Pista;1;2;2;;;;1
05/08/2017;11:20:00;279;sem vítima;654,877;BR-376/PR;Norte;Tombamento;1;1;;;;;1