data;horario;n_da_ocorrencia;tipo_de_ocorrencia;km;trecho;sentido;tipo_de_acidente;caminhao;ilesos;levemente_feridos;moderadamente_feridos;gravemente_feridos;mortos;3
05/08/2017;16:03:00;412;sem vítima;671,2;BR-376/PR;Sul;Saida de Pista;1;2;;;;;1
05/08/2017;17:04:00;443;sem vítima;153,001;BR-101/SC;Norte;Tombamento;1;2;;;;;1
05/08/2017;18:04:00;477;com vítima;118,001;BR-101/SC;Sul;Colisão Lateral;1;1;1;;;;1
05/08/2017;18:42:00;489;com vítima;70,001;BR-101/SC;Norte;Colisão Lateral;1;1;1;;;;1
06/08/2017;00:02:00;1;com vítima;126,5;BR-101/SC;Norte;Colisão Traseira;1;4;1;;;;1
06/08/2017;00:58:00;23;com vítima;644,573;BR-376/PR;Norte;Atropelamento - Sem Informação;1;1;;;;1;3
06/08/2017;01:36:00;36;sem vítima;79,8;BR-116/PR;Norte;Saida de Pista;1;1;;;;;1
06/08/2017;11:45:46;239;sem vítima;20,897;BR-101/SC;Norte;Colisão Lateral;1;3;;;;;1
06/08/2017;18:15:00;425;com vítima;226,1;BR-101/SC;Sul;Colisão Lateral;1;2;1;;;;1
06/08/2017;23:29:00;533;com vítima;8,589;BR-101/SC;Sul;Colisão Traseira;1;1;;1;;1;3
07/08/2017;10:34:00;206;sem vítima;112,066;BR-101/SC;Sul;Colisão Lateral;1;2;;;;;1
07/08/2017;13:49:00;300;com vítima;138,084;BR-101/SC;Norte;Colisão Lateral;1;3;1;;;;1
07/08/2017;17:25:04;413;sem vítima;38,815;BR-101/SC;Sul;Colisão Traseira;1;2;;;;;1
07/08/2017;21:58:00;509;sem vítima;127,95;BR-101/SC;Norte;Colisão Traseira;2;2;;;;;1
07/08/2017;22:28:00;523;sem vítima;31,1;BR-101/SC;Sul;Colisão Traseira;1;2;;;;;1
08/08/2017;06:14:00;94;com vítima;112,001;BR-101/SC;Norte;Colisão Traseira;1;1;1;;;;1
08/08/2017;09:14:00;174;sem vítima;628,538;BR-376/PR;Sul;Colisão Lateral;1;2;;;;;1
08/08/2017;10:39:00;226;sem vítima;1,35;BR-101/SC;Sul;Outros;1;1;;;;;1
08/08/2017;12:42:00;302;sem vítima;165,571;BR-101/SC;Sul;Tombamento;1;1;;;;;1
09/08/2017;16:41:00;455;sem vítima;181,4;BR-101/SC;Sul;Colisão Lateral;2;3;;;;;1
09/08/2017;23:44:00;651;sem vítima;146,416;BR-101/SC;Sul;Colisão Traseira;1;2;;;;;1
10/08/2017;11:40:00;353;sem vítima;12,565;BR-101/SC;Sul;Colisão Traseira;2;2;;;;;1
10/08/2017;15:26:00;486;sem vítima;207,29;BR-101/SC;Norte;Colisão Transversal;1;2;;;;;1
10/08/2017;17:04:00;530;sem vítima;665,8;BR-376/PR;Sul;Saida de Pista;1;2;;;;;1
10/08/2017;22:57:00;674;com vítima;629,101;BR-376/PR;Sul;Capotamento;1;2;;;1;;2
11/08/2017;03:46:00;71;sem vítima;184,7;BR-101/SC;Norte;Tombamento;1;1;;;;;1
11/08/2017;08:50:00;162;sem vítima;122,636;BR-101/SC;Sul;Colisão Traseira;3;3;;;;;1
11/08/2017;07:18:00;194;sem vítima;216,5;BR-101/SC;Sul;Colisão Traseira;1;2;;;;;1
11/08/2017;14:08:00;293;sem vítima;215,7;BR-101/SC;Norte;Colisão Traseira;1;2;;;;;1
11/08/2017;16:34:00;362;sem vítima;99,7;BR-101/SC;Sul;Colisão Lateral;1;2;;;;;1
11/08/2017;17:04:21;375;sem vítima;119,785;BR-101/SC;Norte;Colisão Lateral;1;2;;;;;1
12/08/2017;00:13:00;2;sem vítima;111,001;BR-101/SC;Norte;Choque - Defensa, barreira ou "submarino";1;1;;;;;1
12/08/2017;00:24:00;7;sem vítima;21,2;BR-101/SC;Sul;Colisão Lateral;1;2;;;;;1
12/08/2017;04:30:00;65;sem vítima;132,6;BR-101/SC;Sul;Colisão Lateral;1;2;;;;;1
12/08/2017;08:36:00;142;sem vítima;17,001;BR-101/SC;Sul;Colisão Traseira;1;2;;;;;1
12/08/2017;09:11:00;160;sem vítima;114,781;BR-116/PR;Norte;Tombamento;1;1;;;;;1
12/08/2017;18:58:00;433;sem vítima;185,121;BR-101/SC;Sul;Colisão Traseira;1;2;;;;;1
13/08/2017;18:51:00;478;sem vítima;57,5;BR-101/SC;Norte;Colisão Traseira;1;2;;;;;1
13/08/2017;19:22:00;491;sem vítima;615,001;BR-376/PR;Norte;Choque - Defensa, barreira ou "submarino";1;5;;;;;1
13/08/2017;20:13:00;506;sem vítima;4,5;BR-101/SC;Norte;Colisão Lateral;1;2;;;;;1
13/08/2017;20:52:00;515;sem vítima;207,9;BR-101/SC;Norte;Colisão Traseira;1;3;;;;;1
14/08/2017;07:23:00;95;com vítima;617,502;BR-376/PR;Norte;Colisão Lateral;1;1;2;;;;1
14/08/2017;11:00:00;200;sem vítima;27,447;BR-101/SC;Norte;Colisão Traseira;1;2;;;;;1
14/08/2017;10:59:00;205;sem vítima;140,424;BR-101/SC;Sul;Colisão Lateral;1;2;;;;;1
14/08/2017;16:38:00;380;sem vítima;199,001;BR-101/SC;Norte;Colisão Traseira;1;2;;;;;1
14/08/2017;22:16:00;516;sem vítima;27,2;BR-101/SC;Sul;Colisão Lateral;1;2;;;;;1
15/08/2017;03:13:00;85;sem vítima;75,85;BR-116/PR;Sul;Saida de Pista;1;1;;;;;1
15/08/2017;08:27:00;161;sem vítima;673,685;BR-376/PR;Sul;Colisão Traseira;2;2;;;;;1
15/08/2017;09:44:00;209;sem vítima;58,502;BR-101/SC;Sul;Colisão Traseira;1;2;;;;;1
15/08/2017;09:50:00;211;sem vítima;671,9;BR-376/PR;Sul;Colisão Traseira;2;2;;;;;1
15/08/2017;10:41:00;247;sem vítima;193,5;BR-101/SC;Sul;Colisão Lateral;1;2;;;;;1
15/08/2017;12:08:00;276;sem vítima;120,581;BR-101/SC;Sul;Colisão Lateral;1;2;;;;;1
15/08/2017;13:00:00;308;sem vítima;1,35;BR-101/SC;Sul;Choque - Defensa, barreira ou "submarino";1;1;;;;;1
15/08/2017;14:21:00;341;sem vítima;80,001;BR-116/PR;Sul;Tombamento;1;2;;;;;1
15/08/2017;16:09:00;399;sem vítima;79,45;BR-101/SC;Sul;Colisão Traseira;1;2;;;;;1
15/08/2017;16:19:00;401;sem vítima;209,001;BR-101/SC;Norte;Engavetamento;1;2;;;;;1
16/08/2017;00:50:00;19;sem vítima;79,35;BR-101/SC;Sul;Choque - Defensa, barreira ou "submarino";1;1;;;;;1
16/08/2017;04:11:00;100;sem vítima;101,8;BR-101/SC;Norte;Colisão Traseira;2;3;;;;;1
16/08/2017;06:20:00;126;com vítima;630,728;BR-376/PR;Norte;Atropelamento - Andarilho;1;1;;;1;;2
16/08/2017;18:03:00;498;sem vítima;107,001;BR-116/PR;Sul;Saida de Pista;1;1;;;;;1
16/08/2017;20:02:42;544;sem vítima;204,808;BR-101/SC;Norte;Colisão Lateral;1;2;;;;;1
17/08/2017;00:29:00;7;sem vítima;162,287;BR-101/SC;Norte;Tombamento;1;1;;;;;1
17/08/2017;08:05:00;148;com vítima;109,35;BR-116/PR;Norte;Tombamento;1;1;;1;;;2
17/08/2017;08:41:00;177;sem vítima;213,001;BR-101/SC;Norte;Colisão Traseira;2;2;;;;;1
17/08/2017;10:55:00;262;sem vítima;117,372;BR-101/SC;Norte;Colisão Traseira;1;3;;;;;1
17/08/2017;13:48:00;335;sem vítima;663,781;BR-376/PR;Sul;Outros;1;1;;;;;1
17/08/2017;17:45:00;451;sem vítima;202,001;BR-101/SC;Norte;Colisão Traseira;1;2;;;;;1
18/08/2017;02:58:00;71;com vítima;113,667;BR-101/SC;Norte;Colisão Traseira;1;1;;;1;;2
18/08/2017;04:51:00;89;sem vítima;105,001;BR-101/SC;Norte;Colisão Traseira;1;2;;;;;1
18/08/2017;08:38:00;166;sem vítima;182,213;BR-101/SC;Sul;Colisão Traseira;1;2;;;;;1
18/08/2017;09:55:00;218;sem vítima;79,001;BR-116/PR;Sul;Colisão Traseira;2;2;;;;;1
18/08/2017;10:27:00;235;sem vítima;119,841;BR-101/SC;Sul;Choque - Defensa, barreira ou "submarino";1;1;;;;;1
18/08/2017;14:11:00;313;com vítima;5,342;BR-101/SC;Norte;Atropelamento - Ambulante;1;1;;;;1;3
18/08/2017;16:27:00;372;sem vítima;106,001;BR-116/PR;Sul;Colisão Traseira;1;2;;;;;1
19/08/2017;13:03:00;294;sem vítima;101,7;BR-116/PR;Sul;Colisão Lateral;1;2;;;;;1
20/08/2017;00:09:00;5;sem vítima;671,7;BR-376/PR;Sul;Saida de Pista;1;1;;;;;1
20/08/2017;10:53:00;222;sem vítima;190,001;BR-101/SC;Sul;Engavetamento;1;4;;;;;1
20/08/2017;11:47:00;234;sem vítima;668,2;BR-376/PR;Norte;Colisão Traseira;1;4;;;;;1
20/08/2017;11:33:00;235;com vítima;119,409;BR-101/SC;Norte;Engavetamento;1;3;1;;;;1
20/08/2017;16:07:00;345;sem vítima;671,6;BR-376/PR;Sul;Saida de Pista;1;1;;;;;1
20/08/2017;17:18:00;373;sem vítima;673,8;BR-376/PR;Sul;Choque - Outros;1;1;;;;;1
20/08/2017;19:24:00;415;sem vítima;101,394;BR-116/PR;Sul;Colisão Traseira;1;3;;;;;1
20/08/2017;19:29:00;420;sem vítima;101,2;BR-116/PR;Sul;Colisão Traseira;1;3;;;;;1
20/08/2017;19:57:00;430;sem vítima;114,689;BR-116/PR;Sul;Colisão Lateral;1;2;;;;;1
20/08/2017;19:29:00;454;sem vítima;101,4;BR-116/PR;Sul;Colisão Traseira;1;2;;;;;1
21/08/2017;01:54:00;62;sem vítima;665,1;BR-376/PR;Sul;Outros;1;1;;;;;1
21/08/2017;05:47:00;112;com vítima;656,175;BR-376/PR;Norte;Tombamento;1;0;1;;;;1
21/08/2017;06:37:00;131;sem vítima;79,35;BR-101/SC;Norte;Colisão Traseira;1;2;;;;;1
21/08/2017;09:22:00;226;sem vítima;207,4;BR-101/SC;Sul;Colisão Lateral;1;2;;;;;1
21/08/2017;11:39:00;308;sem vítima;135,408;BR-101/SC;Sul;Choque - Outros;1;1;;;;;1
21/08/2017;19:53:00;538;sem vítima;196,001;BR-101/SC;Norte;Choque - Objeto sobre a pista;1;2;;;;;1
22/08/2017;00:30:00;6;sem vítima;74,5;BR-116/PR;Sul;Saida de Pista;1;2;;;;;1
22/08/2017;07:11:00;121;sem vítima;99,051;BR-116/PR;Sul;Colisão Transversal;1;4;;;;;1
22/08/2017;09:14:38;207;sem vítima;209,94;BR-101/SC;Norte;Colisão Lateral;1;2;;;;;1
22/08/2017;09:14:00;209;sem vítima;647,255;BR-376/PR;Norte;Colisão Traseira;2;2;;;;;1
22/08/2017;10:07:00;237;sem vítima;89,404;BR-101/SC;Norte;Colisão Lateral;1;2;;;;;1
22/08/2017;12:57:00;297;sem vítima;193,4;BR-101/SC;Sul;Colisão Traseira;1;3;;;;;1
22/08/2017;15:45:00;375;sem vítima;196,001;BR-101/SC;Sul;Colisão Traseira;1;2;;;;;1
22/08/2017;15:51:00;377;sem vítima;670,5;BR-376/PR;Sul;Colisão Lateral;3;3;;;;;1
23/08/2017;07:50:00;142;sem vítima;668,703;BR-376/PR;Sul;Tombamento;1;1;;;;;1
23/08/2017;08:17:00;179;sem vítima;668,719;BR-376/PR;Sul;Choque - Talude;1;1;;;;;1
23/08/2017;09:35:00;230;sem vítima;114,964;BR-116/PR;Sul;Colisão Lateral;1;2;;;;;1
23/08/2017;18:50:00;501;sem vítima;208,3;BR-101/SC;Norte;Engavetamento;1;3;;;;;1
24/08/2017;08:59:00;213;com vítima;129,9;BR-101/SC;Norte;Colisão Lateral;1;1;1;;;;1
24/08/2017;09:26:00;234;com vítima;218,622;BR-101/SC;Norte;Choque - Defensa, barreira ou "submarino";1;0;;;;1;3
24/08/2017;10:47:00;276;sem vítima;201,724;BR-101/SC;Sul;Engavetamento;1;4;;;;;1
24/08/2017;13:54:00;367;sem vítima;88,326;BR-101/SC;Sul;Capotamento;1;2;;;;;1
24/08/2017;16:18:00;445;sem vítima;108,3;BR-116/PR;Norte;Colisão Traseira;2;2;;;;;1
24/08/2017;18:41:00;535;sem vítima;213,001;BR-101/SC;Sul;Colisão Lateral;1;2;;;;;1
24/08/2017;22:37:00;610;com vítima;57,042;BR-101/SC;Norte;Colisão Traseira;1;2;;1;;;2
25/08/2017;07:08:00;108;sem vítima;98,476;BR-116/PR;Sul;Engavetamento;1;3;;;;;1
25/08/2017;13:32:00;300;com vítima;120,268;BR-101/SC;Sul;Colisão Traseira;2;5;1;;;;1
25/08/2017;14:54:00;338;sem vítima;110,001;BR-101/SC;Sul;Colisão Traseira;2;2;;;;;1
25/08/2017;19:51:00;482;sem vítima;667,001;BR-376/PR;Sul;Colisão Traseira;2;2;;;;;1
26/08/2017;04:33:00;77;sem vítima;72,717;BR-101/SC;Sul;Capotamento;1;3;;;;;1
26/08/2017;12:36:00;327;sem vítima;102,8;BR-101/SC;Sul;Colisão Lateral;1;2;;;;;1
26/08/2017;20:10:00;548;sem vítima;33,001;BR-101/SC;Sul;Colisão Traseira;1;2;;;;;1
27/08/2017;04:32:00;90;sem vítima;137,1;BR-101/SC;Sul;Colisão Traseira;1;2;;;;;1
27/08/2017;10:38:00;252;sem vítima;156,001;BR-101/SC;Norte;Colisão Traseira;1;2;;;;;1
27/08/2017;14:06:00;358;sem vítima;142,304;BR-101/SC;Norte;Colisão Lateral;1;2;;;;;1
27/08/2017;16:33:00;457;sem vítima;635,001;BR-376/PR;Norte;Colisão Traseira;2;2;;;;;1
27/08/2017;17:39:00;476;sem vítima;136,001;BR-101/SC;Norte;Colisão Traseira;2;2;;;;;1
28/08/2017;07:35:00;135;sem vítima;81,202;BR-116/PR;Norte;Saida de Pista;1;1;;;;;1
28/08/2017;08:20:00;172;sem vítima;668,024;BR-376/PR;Sul;Tombamento;1;1;;;;;1
28/08/2017;15:50:00;415;sem vítima;114,2;BR-101/SC;Norte;Colisão Lateral;1;2;;;;;1
28/08/2017;16:46:00;440;sem vítima;63,331;BR-101/SC;Sul;Colisão Traseira;2;2;;;;;1
28/08/2017;18:43:00;503;sem vítima;119,5;BR-101/SC;Norte;Colisão Lateral;1;2;;;;;1
29/08/2017;03:48:00;92;sem vítima;116,23;BR-101/SC;Sul;Tombamento;1;1;;;;;1
29/08/2017;05:39:00;122;sem vítima;623,923;BR-376/PR;Sul;Colisão Lateral;1;2;;;;;1
29/08/2017;06:50:00;141;sem vítima;48,812;BR-101/SC;Norte;Colisão Traseira;3;6;;;;;1
29/08/2017;07:52:00;174;com vítima;106,682;BR-116/PR;Norte;Colisão Lateral;2;2;1;;;;1
29/08/2017;08:20:00;193;sem vítima;79,35;BR-101/SC;Norte;Colisão Traseira;1;2;;;;;1
29/08/2017;09:16:00;233;sem vítima;212,8;BR-101/SC;Norte;Colisão Lateral;1;2;;;;;1
29/08/2017;10:20:00;286;sem vítima;72,758;BR-101/SC;Sul;Colisão Traseira;1;3;;;;;1
29/08/2017;14:04:00;381;sem vítima;210,853;BR-101/SC;Norte;Colisão Lateral;1;2;;;;;1
29/08/2017;14:51:00;406;com vítima;80,2;BR-101/SC;Sul;Atropelamento - Ciclista;1;1;1;;;;1
29/08/2017;15:38:00;432;sem vítima;148,707;BR-101/SC;Sul;Colisão Lateral;2;2;;;;;1
29/08/2017;18:43:00;534;com vítima;214,03;BR-101/SC;Norte;Colisão Traseira;1;1;1;;;;1
30/08/2017;09:33:00;232;sem vítima;215,216;BR-101/SC;Norte;Colisão Lateral;1;2;;;;;1
30/08/2017;10:01:00;245;sem vítima;215,003;BR-101/SC;Norte;Colisão Lateral;1;2;;;;;1
30/08/2017;14:29:00;381;sem vítima;110,5;BR-116/PR;Sul;Colisão Lateral;1;2;;;;;1
30/08/2017;15:03:00;392;sem vítima;78,3;BR-116/PR;Norte;Colisão Traseira;2;3;;;;;1
30/08/2017;15:32:00;410;sem vítima;205,9;BR-101/SC;Norte;Colisão Lateral;1;2;;;;;1
30/08/2017;19:17:00;630;sem vítima;640,329;BR-376/PR;Norte;Colisão Lateral;1;3;;;;;1
30/08/2017;22:49:00;636;sem vítima;103,9;BR-116/PR;Norte;Engavetamento;1;3;;;;;1
31/08/2017;08:11:00;163;sem vítima;138,5;BR-101/SC;Norte;Colisão Lateral;1;2;;;;;1
31/08/2017;13:59:00;330;sem vítima;209,001;BR-101/SC;Sul;Colisão Traseira;1;3;;;;;1
31/08/2017;21:16:00;547;com vítima;83,3;BR-116/PR;Norte;Colisão Traseira;2;1;1;;1;;2
01/09/2017;08:47:00;160;sem vítima;666,001;BR-376/PR;Sul;Choque - Defensa, barreira ou "submarino";1;2;;;;;1
01/09/2017;10:03:00;219;com vítima;204,109;BR-101/SC;Norte;Engavetamento;1;2;1;;;;1
01/09/2017;11:53:00;274;com vítima;673,95;BR-376/PR;Sul;Colisão Frontal;2;1;;;1;;2
01/09/2017;14:24:00;333;sem vítima;215,5;BR-101/SC;Norte;Colisão Lateral;1;2;;;;;1
01/09/2017;16:31:00;421;sem vítima;210,774;BR-101/SC;Norte;Colisão Traseira;1;3;;;;;1
01/09/2017;17:12:00;451;com vítima;206,001;BR-101/SC;Norte;Colisão Traseira;1;1;1;;;;1
01/09/2017;18:47:00;491;sem vítima;48,8;BR-101/SC;Sul;Colisão Traseira;1;3;;;;;1
01/09/2017;19:43:00;509;sem vítima;79,4;BR-101/SC;Norte;Colisão Traseira;1;2;;;;;1
02/09/2017;06:52:00;124;sem vítima;163,951;BR-101/SC;Sul;Tombamento;1;3;;;;;1
02/09/2017;12:12:00;298;sem vítima;671,7;BR-376/PR;Sul;Saida de Pista;1;1;;;;;1
02/09/2017;12:46:00;309;sem vítima;48,83;BR-101/SC;Sul;Colisão Lateral;1;2;;;;;1
02/09/2017;12:56:00;312;sem vítima;209,831;BR-101/SC;Sul;Colisão Traseira;1;2;;;;;1
02/09/2017;12:57:00;314;sem vítima;209,954;BR-101/SC;Norte;Colisão Lateral;1;2;;;;;1
02/09/2017;14:20:00;346;sem vítima;635,4;BR-376/PR;Sul;Colisão Traseira;1;2;;;;;1
03/09/2017;12:20:00;272;sem vítima;136,047;BR-101/SC;Sul;Colisão Lateral;1;2;;;;;1
03/09/2017;13:48:00;309;sem vítima;232,5;BR-101/SC;Sul;Colisão Lateral;1;2;;;;;1
03/09/2017;18:10:00;457;sem vítima;635,001;BR-376/PR;Norte;Capotamento;1;6;;;;;1
04/09/2017;02:50:00;62;com vítima;45,7;BR-101/SC;Norte;Colisão Frontal;1;2;1;;;;1
04/09/2017;10:52:00;261;sem vítima;12,032;BR-101/SC;Norte;Colisão Traseira;1;2;;;;;1
04/09/2017;13:41:00;311;sem vítima;23,1;BR-101/SC;Sul;Engavetamento;1;6;;;;;1
04/09/2017;13:55:00;314;sem vítima;1,3;BR-101/SC;Sul;Choque - Defensa, barreira ou "submarino";1;1;;;;;1
04/09/2017;15:27:00;368;sem vítima;1,3;BR-101/SC;Norte;Choque - Defensa, barreira ou "submarino";1;1;;;;;1
04/09/2017;16:31:00;422;com vítima;123,7;BR-101/SC;Norte;Colisão Traseira;1;1;1;;;;1
04/09/2017;21:22:00;541;sem vítima;112,3;BR-101/SC;Sul;Colisão Lateral;1;2;;;;;1
05/09/2017;08:20:00;197;sem vítima;671,7;BR-376/PR;Sul;Saida de Pista;1;1;;;;;1
05/09/2017;12:03:00;333;sem vítima;43,5;BR-101/SC;Sul;Colisão Lateral;1;3;;;;;1
05/09/2017;15:47:00;464;sem vítima;206,4;BR-101/SC;Sul;Outros;1;3;;;;;1
05/09/2017;17:30:00;538;sem vítima;114,1;BR-116/PR;Norte;Colisão Lateral;1;3;;;;;1
05/09/2017;20:53:00;617;sem vítima;630,176;BR-376/PR;Norte;Tombamento;1;1;;;;;1
05/09/2017;21:06:00;623;sem vítima;209,8;BR-101/SC;Norte;Colisão Traseira;1;2;;;;;1
06/09/2017;08:05:00;209;sem vítima;65,143;BR-101/SC;Sul;Colisão Traseira;1;2;;;;;1
06/09/2017;12:12:00;350;sem vítima;94,931;BR-116/PR;Sul;Colisão Traseira;2;2;;;;;1
06/09/2017;13:20:00;364;com vítima;199,325;BR-101/SC;Norte;Colisão Traseira;1;1;1;;;;1
06/09/2017;16:16:00;469;sem vítima;108,826;BR-116/PR;Norte;Colisão Lateral;2;2;;;;;1
06/09/2017;17:24:00;515;sem vítima;114,1;BR-116/PR;Norte;Engavetamento;2;3;;;;;1
06/09/2017;18:57:00;560;sem vítima;123,3;BR-101/SC;Norte;Colisão Traseira;1;2;;;;;1
06/09/2017;20:04:00;585;com vítima;670,001;BR-376/PR;Norte;Atropelamento - Andarilho;1;1;1;;;;1
07/09/2017;05:01:00;90;com vítima;206,8;BR-101/SC;Sul;Colisão Traseira;1;2;1;;;;1
07/09/2017;08:00:00;142;sem vítima;103,841;BR-116/PR;Norte;Colisão Traseira;1;2;;;;;1
07/09/2017;08:35:00;155;com vítima;107,331;BR-116/PR;Norte;Colisão Lateral;1;3;2;;;;1
07/09/2017;09:35:00;204;sem vítima;108,645;BR-116/PR;Norte;Colisão Traseira;1;2;;;;;1
07/09/2017;10:08:00;218;sem vítima;95,333;BR-116/PR;Sul;Colisão Traseira;2;2;;;;;1
07/09/2017;11:17:00;248;sem vítima;1,7;BR-101/SC;Sul;Colisão Lateral;1;2;;;;;1
07/09/2017;10:22:00;255;sem vítima;5,5;BR-101/SC;Sul;Colisão Traseira;1;2;;;;;1
07/09/2017;12:03:00;274;sem vítima;91,382;BR-116/PR;Sul;Choque - Defensa, barreira ou "submarino";1;1;;;;;1
07/09/2017;15:16:00;366;com vítima;24,001;BR-101/SC;Sul;Colisão Lateral;1;1;2;;;;1
07/09/2017;18:58:00;483;sem vítima;623,001;BR-376/PR;Norte;Colisão Traseira;1;5;;;;;1
07/09/2017;23:59:00;605;sem vítima;112,9;BR-116/PR;Sul;Colisão Lateral;1;2;;;;;1
08/09/2017;06:29:00;96;com vítima;120,431;BR-101/SC;Norte;Capotamento;1;3;1;;;;1
08/09/2017;11:49:00;254;sem vítima;159,3;BR-101/SC;Sul;Saida de Pista;1;1;;;;;1
08/09/2017;14:25:00;300;sem vítima;197,001;BR-101/SC;Sul;Colisão Traseira;1;2;;;;;1
08/09/2017;15:13:00;332;sem vítima;66,5;BR-101/SC;Sul;Colisão Lateral;1;2;;;;;1
08/09/2017;17:20:00;430;sem vítima;109,886;BR-101/SC;Norte;Colisão Lateral;1;2;;;;;1
08/09/2017;22:14:00;544;sem vítima;635,4;BR-376/PR;Sul;Colisão Lateral;1;2;;;;;1
09/09/2017;07:19:00;110;sem vítima;10,95;BR-101/SC;Norte;Colisão Traseira;1;2;;;;;1
09/09/2017;12:39:00;262;sem vítima;667,6;BR-376/PR;Sul;Tombamento;1;3;;;;;1
09/09/2017;13:46:00;285;com vítima;660,001;BR-376/PR;Sul;Colisão Traseira;3;12;3;1;1;;2
09/09/2017;14:30:00;294;sem vítima;85,001;BR-116/PR;Norte;Colisão Traseira;1;2;;;;;1
09/09/2017;14:54:00;316;sem vítima;107,2;BR-101/SC;Norte;Colisão Traseira;1;3;;;;;1
10/09/2017;16:28:00;445;sem vítima;132,8;BR-101/SC;Norte;Colisão Lateral;1;5;;;;;1
10/09/2017;16:59:00;469;sem vítima;13,001;BR-101/SC;Norte;Colisão Traseira;2;3;;;;;1
11/09/2017;23:30:00;639;sem vítima;99,31;BR-101/SC;Sul;Colisão Traseira;1;3;;;;;1
12/09/2017;01:12:00;40;sem vítima;193,2;BR-101/SC;Norte;Colisão Traseira;1;2;;;;;1
12/09/2017;07:34:00;157;sem vítima;119,35;BR-101/SC;Sul;Colisão Traseira;1;4;;;;;1
12/09/2017;14:18:00;357;sem vítima;128,01;BR-101/SC;Norte;Colisão Traseira;1;3;;;;;1
14/09/2017;09:21:00;258;sem vítima;1,35;BR-101/SC;Sul;Colisão Lateral;1;2;;;;;1
14/09/2017;14:16:00;419;sem vítima;124,001;BR-101/SC;Sul;Colisão Traseira;1;2;;;;;1
14/09/2017;15:19:00;457;sem vítima;41,83;BR-101/SC;Sul;Colisão Lateral;1;2;;;;;1
14/09/2017;16:58:00;507;sem vítima;114,9;BR-116/PR;Norte;Colisão Traseira;2;2;;;;;1
14/09/2017;16:58:00;508;com vítima;667,8;BR-376/PR;Sul;Tombamento;1;1;1;;;;1
14/09/2017;17:34:00;520;sem vítima;207,1;BR-101/SC;Sul;Colisão Traseira;2;4;;;;;1
14/09/2017;18:15:00;540;sem vítima;46,554;BR-101/SC;Norte;Outros;1;1;;;;;1
14/09/2017;22:42:00;635;sem vítima;170,26;BR-101/SC;Norte;Saida de Pista;1;2;;;;;1
15/09/2017;01:35:00;42;sem vítima;232,6;BR-101/SC;Sul;Tombamento;1;1;;;;;1
15/09/2017;06:49:00;137;com vítima;213,883;BR-101/SC;Sul;Colisão Lateral;1;4;1;;;;1
15/09/2017;07:51:00;183;sem vítima;202,5;BR-101/SC;Sul;Colisão Frontal;1;2;;;;;1
15/09/2017;10:51:00;277;sem vítima;88,224;BR-101/SC;Sul;Colisão Traseira;1;6;;;;;1
15/09/2017;18:27:00;516;sem vítima;119,001;BR-101/SC;Sul;Colisão Traseira;1;2;;;;;1
15/09/2017;19:48:00;554;com vítima;71,797;BR-101/SC;Norte;Atropelamento - Morador;1;1;;;;1;3
16/09/2017;03:59:00;81;sem vítima;1,05;BR-101/SC;Sul;Colisão Traseira;1;6;;;;;1
16/09/2017;06:43:00;121;sem vítima;79,101;BR-116/PR;Sul;Choque - Defensa, barreira ou "submarino";1;1;;;;;1
16/09/2017;12:44:00;286;sem vítima;95,001;BR-116/PR;Sul;Saida de Pista;1;1;;;;;1
16/09/2017;14:53:00;339;sem vítima;215,5;BR-101/SC;Norte;Colisão Traseira;1;2;;;;;1
16/09/2017;16:46:00;416;sem vítima;92,539;BR-116/PR;Sul;Tombamento;2;2;;;;;1
16/09/2017;17:13:00;428;sem vítima;242,985;BR-101/SC;Sul;Choque - Defensa, barreira ou "submarino";1;1;;;;;1
17/09/2017;01:00:00;17;sem vítima;83,974;BR-116/PR;Sul;Colisão Traseira;1;3;;;;;1
17/09/2017;16:30:00;353;sem vítima;650,86;BR-376/PR;Sul;Tombamento;1;1;;;;;1
17/09/2017;17:09:00;373;sem vítima;215,001;BR-101/SC;Norte;Colisão Traseira;1;2;;;;;1
18/09/2017;10:24:00;204;sem vítima;114,333;BR-116/PR;Sul;Colisão Lateral;1;2;;;;;1
18/09/2017;17:08:00;407;com vítima;127,181;BR-101/SC;Norte;Colisão Traseira;1;1;;1;;;2
18/09/2017;19:59:00;466;sem vítima;212,001;BR-101/SC;Sul;Colisão Traseira;1;2;;;;;1
19/09/2017;05:45:00;93;sem vítima;209,725;BR-101/SC;Norte;Colisão Traseira;1;2;;;;;1
19/09/2017;08:00:00;174;sem vítima;86,5;BR-116/PR;Sul;Colisão Lateral;1;2;;;;;1
19/09/2017;19:56:00;528;sem vítima;617,001;BR-376/PR;Norte;Saida de Pista;1;2;;;;;1
20/09/2017;10:54:00;256;sem vítima;213,8;BR-101/SC;Norte;Colisão Traseira;1;2;;;;;1
20/09/2017;11:01:00;262;sem vítima;643,411;BR-376/PR;Sul;Saida de Pista;1;1;;;;;1
20/09/2017;14:11:00;336;sem vítima;213,5;BR-101/SC;Norte;Colisão Lateral;1;2;;;;;1
20/09/2017;17:19:00;455;sem vítima;213,5;BR-101/SC;Norte;Colisão Traseira;1;2;;;;;1
21/09/2017;06:19:00;131;sem vítima;628,101;BR-376/PR;Norte;Colisão Traseira;1;3;;;;;1
21/09/2017;07:40:00;194;sem vítima;108,6;BR-116/PR;Norte;Colisão Traseira;2;2;;;;;1
21/09/2017;09:22:00;289;sem vítima;48,972;BR-101/SC;Sul;Colisão Lateral;1;2;;;;;1
21/09/2017;12:47:00;398;sem vítima;99,5;BR-116/PR;Norte;Colisão Traseira;1;2;;;;;1