data;horario;n_da_ocorrencia;tipo_de_ocorrencia;km;trecho;sentido;tipo_de_acidente;caminhao;ilesos;levemente_feridos;moderadamente_feridos;gravemente_feridos;mortos;3
21/09/2017;14:55:00;480;sem vítima;112,066;BR-101/SC;Norte;Colisão Traseira;2;2;;;;;1
21/09/2017;17:43:00;580;sem vítima;216,001;BR-101/SC;Sul;Colisão Traseira;1;2;;;;;1
22/09/2017;04:10:00;75;com vítima;135,31;BR-101/SC;Sul;Colisão Traseira;1;1;1;;;;1
22/09/2017;07:24:00;134;com vítima;43,628;BR-101/SC;Sul;Colisão Lateral;1;1;1;;;;1
22/09/2017;07:44:00;144;sem vítima;672,949;BR-376/PR;Sul;Colisão Traseira;2;2;;;;;1
22/09/2017;08:15:00;170;sem vítima;673,001;BR-376/PR;Sul;Saida de Pista;1;1;;;;;1
22/09/2017;08:10:00;183;sem vítima;207,683;BR-101/SC;Norte;Colisão Traseira;1;2;;;;;1
22/09/2017;09:38:00;229;sem vítima;212,235;BR-101/SC;Sul;Colisão Traseira;1;2;;;;;1
22/09/2017;11:07:00;286;sem vítima;203,215;BR-101/SC;Sul;Colisão Lateral;1;2;;;;;1
22/09/2017;13:21:00;333;sem vítima;674,019;BR-376/PR;Norte;Colisão Traseira;1;3;;;;;1
22/09/2017;13:19:00;343;sem vítima;635,097;BR-376/PR;Norte;Colisão Lateral;1;2;;;;;1
22/09/2017;14:44:00;379;sem vítima;124,109;BR-101/SC;Sul;Tombamento;1;1;;;;;1
22/09/2017;16:00:00;431;sem vítima;111,8;BR-116/PR;Sul;Saida de Pista;1;1;;;;;1
22/09/2017;18:45:00;542;sem vítima;215,2;BR-101/SC;Norte;Colisão Traseira;1;2;;;;;1
22/09/2017;18:57:00;546;com vítima;200,955;BR-101/SC;Sul;Colisão Lateral;1;1;1;;;;1
22/09/2017;22:25:00;618;com vítima;109,629;BR-116/PR;Sul;Colisão Traseira;1;1;;1;;;2
23/09/2017;05:10:00;87;sem vítima;208,188;BR-101/SC;Sul;Colisão Lateral;1;3;;;;;1
23/09/2017;08:06:00;151;sem vítima;665,3;BR-376/PR;Sul;Colisão Lateral;1;2;;;;;1
23/09/2017;11:18:00;242;sem vítima;106,2;BR-116/PR;Sul;Colisão Traseira;1;4;;;;;1
23/09/2017;11:33:00;251;sem vítima;665,855;BR-376/PR;Sul;Colisão Traseira;1;4;;;;;1
23/09/2017;16:25:00;387;sem vítima;108,05;BR-116/PR;Norte;Choque - Outros;1;1;;;;;1
24/09/2017;04:48:00;73;sem vítima;140,818;BR-101/SC;Sul;Colisão Traseira;1;2;;;;;1
25/09/2017;00:28:00;8;sem vítima;209,186;BR-101/SC;Sul;Colisão Traseira;2;2;;;;;1
25/09/2017;01:27:00;31;sem vítima;209,2;BR-101/SC;Norte;Colisão Traseira;1;2;;;;;1
25/09/2017;05:39:00;67;sem vítima;75,339;BR-116/PR;Sul;Choque - Defensa, barreira ou "submarino";1;1;;;;;1
25/09/2017;06:42:00;73;sem vítima;30,001;BR-101/SC;Sul;Choque - Defensa, barreira ou "submarino";1;3;;;;;1
25/09/2017;07:47:00;101;sem vítima;635,1;BR-376/PR;Norte;Colisão Traseira;1;2;;;;;1
25/09/2017;07:48:57;102;sem vítima;200,698;BR-101/SC;Sul;Engavetamento;1;3;;;;;1
25/09/2017;09:32:00;158;sem vítima;209,414;BR-101/SC;Norte;Colisão Traseira;1;2;;;;;1
25/09/2017;13:43:00;274;sem vítima;37,279;BR-101/SC;Sul;Tombamento;1;2;;;;;1
25/09/2017;22:58:00;495;sem vítima;74,15;BR-116/PR;Sul;Colisão Traseira;2;2;;;;;1
26/09/2017;05:11:00;102;sem vítima;668,49;BR-376/PR;Sul;Tombamento;1;1;;;;;1
26/09/2017;06:02:00;113;sem vítima;236,637;BR-101/SC;Norte;Colisão Traseira;1;2;;;;;1
26/09/2017;09:54:00;214;sem vítima;19,7;BR-101/SC;Sul;Choque - Defensa, barreira ou "submarino";1;1;;;;;1
26/09/2017;10:19:00;227;sem vítima;664,373;BR-376/PR;Sul;Choque - Talude;1;1;;;;;1
26/09/2017;10:34:00;234;sem vítima;664,077;BR-376/PR;Sul;Colisão Lateral;3;4;;;;;1
26/09/2017;19:29:00;490;sem vítima;211,6;BR-101/SC;Norte;Colisão Lateral;1;2;;;;;1
27/09/2017;04:53:00;96;sem vítima;672,162;BR-376/PR;Sul;Colisão Traseira;3;4;;;;;1
27/09/2017;16:41:00;445;sem vítima;200,786;BR-101/SC;Sul;Colisão Lateral;1;2;;;;;1
27/09/2017;18:28:00;519;sem vítima;204,5;BR-101/SC;Sul;Colisão Traseira;1;2;;;;;1
27/09/2017;20:09:00;554;sem vítima;5,001;BR-101/SC;Norte;Colisão Traseira;2;2;;;;;1
28/09/2017;14:13:00;317;com vítima;164,051;BR-101/SC;Sul;Colisão Traseira;1;1;1;;;;1
28/09/2017;15:22:00;353;sem vítima;91,448;BR-101/SC;Norte;Choque - Defensa, barreira ou "submarino";1;1;;;;;1
28/09/2017;16:05:00;375;com vítima;92,028;BR-101/SC;Norte;Engavetamento;2;3;1;;;;1
28/09/2017;18:24:00;455;sem vítima;52,522;BR-101/SC;Norte;Tombamento;1;1;;;;;1
28/09/2017;19:08:00;475;sem vítima;136,038;BR-101/SC;Norte;Choque - Defensa, barreira ou "submarino";1;1;;;;;1
28/09/2017;23:52:00;555;sem vítima;622,2;BR-376/PR;Norte;Colisão Traseira;2;3;;;;;1
29/09/2017;10:56:00;246;sem vítima;41,001;BR-101/SC;Norte;Colisão Lateral;1;2;;;;;1
29/09/2017;15:24:00;378;sem vítima;213,1;BR-101/SC;Norte;Colisão Traseira;1;2;;;;;1
29/09/2017;15:29:00;383;sem vítima;665,624;BR-376/PR;Sul;Colisão Lateral;1;6;;;;;1
29/09/2017;16:13:00;400;com vítima;619,098;BR-376/PR;Norte;Colisão Traseira;1;5;1;;1;1;3
29/09/2017;17:53:00;464;sem vítima;104,657;BR-116/PR;Norte;Colisão Traseira;2;2;;;;;1
29/09/2017;19:44:00;503;sem vítima;79,4;BR-101/SC;Norte;Colisão Traseira;1;2;;;;;1
29/09/2017;20:08:00;519;sem vítima;235,001;BR-101/SC;Norte;Colisão Traseira;2;2;;;;;1
29/09/2017;22:21:00;547;sem vítima;112,1;BR-101/SC;Norte;Saida de Pista;1;1;;;;;1
30/09/2017;01:07:00;12;sem vítima;70,9;BR-101/SC;Sul;Saida de Pista;1;1;;;;;1
30/09/2017;05:08:00;48;sem vítima;145,468;BR-101/SC;Norte;Colisão Lateral;1;2;;;;;1
30/09/2017;09:07:00;133;sem vítima;149,951;BR-101/SC;Norte;Colisão Lateral;1;2;;;;;1
30/09/2017;10:50:00;179;sem vítima;117,945;BR-101/SC;Sul;Colisão Traseira;2;2;;;;;1
30/09/2017;12:08:00;204;sem vítima;668,597;BR-376/PR;Sul;Tombamento;1;1;;;;;1
01/10/2017;19:07:00;520;sem vítima;49,862;BR-101/SC;Norte;Colisão Traseira;1;2;;;;;1
02/10/2017;01:59:00;34;com vítima;667,761;BR-376/PR;Norte;Colisão Traseira;2;1;1;;;;1
02/10/2017;07:55:00;137;sem vítima;215,396;BR-101/SC;Norte;Colisão Lateral;1;2;;;;;1
02/10/2017;17:43:00;437;sem vítima;203,5;BR-101/SC;Norte;Engavetamento;2;3;;;;;1
03/10/2017;04:12:00;58;sem vítima;665,441;BR-376/PR;Norte;Choque - Defensa, barreira ou "submarino";1;1;;;;;1
03/10/2017;06:10:00;79;sem vítima;212,694;BR-101/SC;Norte;Engavetamento;2;6;;;;;1
03/10/2017;07:00:00;91;sem vítima;213,547;BR-101/SC;Norte;Colisão Lateral;1;2;;;;;1
03/10/2017;07:19:00;105;sem vítima;79,4;BR-101/SC;Sul;Colisão Traseira;1;4;;;;;1
03/10/2017;08:37:00;162;sem vítima;211,722;BR-101/SC;Norte;Colisão Lateral;1;2;;;;;1
03/10/2017;10:05:00;219;com vítima;115,237;BR-101/SC;Sul;Choque - Outros;1;1;1;;;;1
03/10/2017;16:39:00;437;com vítima;204,935;BR-101/SC;Norte;Colisão Lateral;1;1;1;;;;1
03/10/2017;17:21:00;463;sem vítima;243,001;BR-101/SC;Norte;Colisão Traseira;2;2;;;;;1
03/10/2017;17:55:00;493;com vítima;84,182;BR-116/PR;Norte;Atropelamento - Andarilho;1;2;;1;;;2
03/10/2017;18:11:00;503;sem vítima;215,001;BR-101/SC;Norte;Colisão Traseira;1;2;;;;;1
04/10/2017;08:24:00;171;sem vítima;112,3;BR-116/PR;Sul;Colisão Lateral;1;2;;;;;1
04/10/2017;12:31:00;275;sem vítima;116,4;BR-101/SC;Sul;Colisão Lateral;1;2;;;;;1
04/10/2017;16:44:00;441;sem vítima;204,001;BR-101/SC;Norte;Colisão Traseira;1;3;;;;;1
04/10/2017;23:37:00;624;sem vítima;663,95;BR-376/PR;Sul;Colisão Traseira;2;2;;;;;1
05/10/2017;08:09:00;179;sem vítima;187,955;BR-101/SC;Norte;Colisão Traseira;1;3;;;;;1
05/10/2017;09:58:00;247;sem vítima;165,2;BR-101/SC;Norte;Saida de Pista;1;1;;;;;1
05/10/2017;10:31:00;268;sem vítima;214,6;BR-101/SC;Sul;Colisão Lateral;1;2;;;;;1
05/10/2017;11:41:00;308;sem vítima;103,621;BR-116/PR;Sul;Colisão Lateral;1;2;;;;;1
05/10/2017;22:20:00;658;com vítima;111,001;BR-101/SC;Norte;Queda de Moto;1;1;1;;;;1
05/10/2017;22:40:00;670;sem vítima;79,35;BR-101/SC;Sul;Colisão Lateral;1;7;;;;;1
06/10/2017;04:05:00;70;sem vítima;1,8;BR-101/SC;Sul;Saida de Pista;1;1;;;;;1
06/10/2017;04:36:00;76;sem vítima;241,142;BR-101/SC;Sul;Saida de Pista;1;1;;;;;1
06/10/2017;05:09:00;82;sem vítima;189,2;BR-101/SC;Sul;Choque - Defensa, barreira ou "submarino";1;1;;;;;1
06/10/2017;07:57:00;162;sem vítima;618,001;BR-376/PR;Norte;Colisão Traseira;1;2;;;;;1
06/10/2017;16:39:00;465;sem vítima;48,001;BR-101/SC;Sul;Submersão;1;1;;;;;1
06/10/2017;16:45:00;468;com vítima;59,981;BR-101/SC;Sul;Saida de Pista;1;0;;;1;;2
06/10/2017;17:16:00;485;sem vítima;175,001;BR-101/SC;Norte;Saida de Pista;1;1;;;;;1
06/10/2017;20:08:00;574;sem vítima;103,2;BR-116/PR;Norte;Colisão Traseira;1;3;;;;;1
07/10/2017;01:00:00;26;sem vítima;50,7;BR-101/SC;Sul;Atropelamento de Animal;1;1;;;;;1
07/10/2017;05:42:00;88;com vítima;1,701;BR-101/SC;Sul;Colisão Traseira;1;2;2;;;;1
07/10/2017;16:49:00;418;com vítima;234,247;BR-101/SC;Sul;Saida de Pista;1;0;;1;;;2
08/10/2017;02:18:00;39;com vítima;160,628;BR-101/SC;Norte;Colisão Traseira;1;2;1;;;;1
08/10/2017;06:37:00;88;sem vítima;147,876;BR-101/SC;Norte;Colisão Lateral;1;3;;;;;1
08/10/2017;06:49:00;94;sem vítima;95,091;BR-116/PR;Norte;Saida de Pista;1;1;;;;;1
08/10/2017;07:36:00;111;sem vítima;660,479;BR-376/PR;Norte;Choque - Defensa, barreira ou "submarino";1;1;;;;;1
08/10/2017;08:35:00;136;sem vítima;79,46;BR-101/SC;Norte;Choque - Defensa, barreira ou "submarino";1;1;;;;;1
08/10/2017;12:10:00;230;com vítima;212,808;BR-101/SC;Norte;Colisão Traseira;1;2;1;;;;1
08/10/2017;12:24:00;250;sem vítima;191,001;BR-101/SC;Sul;Colisão Traseira;1;2;;;;;1
08/10/2017;13:05:00;259;com vítima;41,09;BR-101/SC;Sul;Colisão Transversal;1;2;1;;;;1
09/10/2017;06:51:00;103;sem vítima;99,452;BR-101/SC;Sul;Saida de Pista;1;2;;;;;1
09/10/2017;08:54:00;178;com vítima;106,424;BR-101/SC;Sul;Colisão Traseira;1;1;1;;;;1
09/10/2017;11:55:00;270;sem vítima;191,327;BR-101/SC;Norte;Colisão Lateral;1;2;;;;;1
09/10/2017;12:05:00;274;com vítima;209,818;BR-101/SC;Norte;Engavetamento;1;4;1;;;;1
09/10/2017;13:22:00;312;sem vítima;157,249;BR-101/SC;Norte;Colisão Lateral;1;3;;;;;1
09/10/2017;15:20:00;366;sem vítima;164,001;BR-101/SC;Norte;Colisão Lateral;1;2;;;;;1
10/10/2017;00:51:00;20;sem vítima;74,99;BR-116/PR;Sul;Colisão Traseira;2;2;;;;;1
10/10/2017;05:26:00;87;sem vítima;99,817;BR-116/PR;Sul;Colisão Traseira;2;5;;;;;1
10/10/2017;06:52:00;104;sem vítima;623,09;BR-376/PR;Norte;Colisão Traseira;2;3;;;;;1
10/10/2017;09:43:00;201;sem vítima;661,112;BR-376/PR;Sul;Colisão Traseira;2;2;;;;;1
10/10/2017;10:14:00;211;sem vítima;105,8;BR-101/SC;Norte;Colisão Traseira;2;2;;;;;1
10/10/2017;11:04:00;235;sem vítima;669,281;BR-376/PR;Sul;Colisão Traseira;2;2;;;;;1
10/10/2017;11:57:00;258;sem vítima;3,534;BR-101/SC;Norte;Colisão Traseira;1;2;;;;;1
10/10/2017;13:12:00;281;sem vítima;213,5;BR-101/SC;Norte;Colisão Lateral;1;2;;;;;1
10/10/2017;13:57:00;308;sem vítima;46,5;BR-101/SC;Norte;Colisão Lateral;1;5;;;;;1
10/10/2017;14:02:00;313;sem vítima;669,24;BR-376/PR;Sul;Colisão Traseira;1;2;;;;;1
10/10/2017;14:42:00;327;com vítima;212,8;BR-101/SC;Norte;Colisão Traseira;1;2;1;;;;1
10/10/2017;16:40:00;410;sem vítima;665,5;BR-376/PR;Sul;Saida de Pista;1;1;;;;;1
10/10/2017;16:57:00;417;sem vítima;158,049;BR-101/SC;Sul;Colisão Traseira;2;3;;;;;1
11/10/2017;07:41:00;183;com vítima;113,483;BR-116/PR;Sul;Colisão Traseira;1;1;;1;;;2
11/10/2017;07:59:00;198;sem vítima;200,834;BR-101/SC;Sul;Colisão Traseira;1;2;;;;;1
11/10/2017;08:14:00;213;sem vítima;111,5;BR-101/SC;Sul;Colisão Lateral;1;2;;;;;1
11/10/2017;09:34:00;255;sem vítima;193,1;BR-101/SC;Norte;Colisão Transversal;1;2;;;;;1
11/10/2017;13:37:00;415;com vítima;122,85;BR-101/SC;Sul;Saida de Pista;1;0;1;;;;1
11/10/2017;16:14:00;524;sem vítima;214,001;BR-101/SC;Sul;Colisão Lateral;1;2;;;;;1
11/10/2017;18:23:00;614;sem vítima;102,4;BR-116/PR;Sul;Saida de Pista;1;1;;;;;1
11/10/2017;18:45:00;642;com vítima;665,137;BR-376/PR;Sul;Colisão Lateral;1;1;1;;;;1
11/10/2017;18:51:00;645;sem vítima;35,001;BR-101/SC;Sul;Choque - Defensa, barreira ou "submarino";1;1;;;;;1
11/10/2017;21:34:00;724;com vítima;666,2;BR-376/PR;Sul;Tombamento;2;1;2;;;;1
12/10/2017;06:03:00;107;sem vítima;92,77;BR-116/PR;Sul;Colisão Traseira;1;2;;;;;1
12/10/2017;08:33:00;165;sem vítima;666,25;BR-376/PR;Sul;Colisão Traseira;2;2;;;;;1
12/10/2017;16:13:00;391;com vítima;87,5;BR-101/SC;Norte;Colisão Lateral;1;1;1;;;;1
12/10/2017;17:53:00;453;sem vítima;642,001;BR-376/PR;Sul;Colisão Traseira;1;2;;;;;1
12/10/2017;18:18:00;468;sem vítima;615,198;BR-376/PR;Sul;Colisão Lateral;1;2;;;;;1
13/10/2017;00:05:00;3;sem vítima;175,112;BR-101/SC;Norte;Saida de Pista;1;1;;;;;1
13/10/2017;00:09:00;5;sem vítima;121,366;BR-101/SC;Sul;Tombamento;1;2;;;;;1
13/10/2017;08:05:00;139;sem vítima;668,603;BR-376/PR;Sul;Tombamento;1;1;;;;;1
13/10/2017;14:17:00;330;sem vítima;35,8;BR-101/SC;Norte;Colisão Traseira;1;2;;;;;1
13/10/2017;17:49:00;498;sem vítima;131,304;BR-101/SC;Sul;Choque - Defensa, barreira ou "submarino";1;2;;;;;1
13/10/2017;18:28:00;527;sem vítima;109,9;BR-116/PR;Sul;Colisão Traseira;1;3;;;;;1
13/10/2017;20:08:00;563;sem vítima;99,241;BR-116/PR;Sul;Choque - Defensa, barreira ou "submarino";1;1;;;;;1
13/10/2017;23:19:00;628;com vítima;116,001;BR-101/SC;Norte;Colisão Traseira;1;2;1;;;;1
14/10/2017;12:09:00;287;com vítima;209,958;BR-101/SC;Sul;Engavetamento;2;4;1;;;;1
14/10/2017;18:28:00;484;sem vítima;105,457;BR-116/PR;Sul;Saida de Pista;1;2;;;;;1
15/10/2017;07:58:00;123;sem vítima;670,602;BR-376/PR;Norte;Saida de Pista;1;1;;;;;1
15/10/2017;11:42:00;242;com vítima;20,958;BR-101/SC;Norte;Saida de Pista;1;0;2;;;;1
15/10/2017;23:18:00;605;sem vítima;641,5;BR-376/PR;Norte;Colisão Traseira;1;2;;;;;1
16/10/2017;00:29:00;10;sem vítima;214,45;BR-101/SC;Norte;Choque - Defensa, barreira ou "submarino";1;1;;;;;1
16/10/2017;06:32:00;124;sem vítima;675,632;BR-376/PR;Norte;Colisão Traseira;1;2;;;;;1
16/10/2017;09:07:00;222;com vítima;214,059;BR-101/SC;Sul;Colisão Lateral;1;1;1;;;;1
16/10/2017;11:16:00;323;sem vítima;107,838;BR-116/PR;Sul;Colisão Lateral;1;2;;;;;1
16/10/2017;16:33:00;515;sem vítima;41,398;BR-101/SC;Sul;Colisão Lateral;1;2;;;;;1
16/10/2017;17:13:00;540;sem vítima;204,001;BR-101/SC;Norte;Colisão Traseira;1;2;;;;;1
17/10/2017;00:20:00;8;sem vítima;655,113;BR-376/PR;Norte;Tombamento;1;1;;;;;1
17/10/2017;01:03:00;33;sem vítima;228,3;BR-101/SC;Sul;Tombamento;1;1;;;;;1
17/10/2017;04:33:00;69;com vítima;674,573;BR-376/PR;Norte;Colisão Traseira;2;1;1;1;;;2
17/10/2017;07:41:00;124;sem vítima;113,761;BR-101/SC;Sul;Colisão Lateral;1;2;;;;;1
17/10/2017;08:47:00;176;sem vítima;1,3;BR-101/SC;Norte;Colisão Traseira;2;2;;;;;1
17/10/2017;09:18:00;196;sem vítima;193,001;BR-101/SC;Norte;Colisão Lateral;1;2;;;;;1
17/10/2017;09:40:00;207;com vítima;204,789;BR-101/SC;Sul;Colisão Traseira;1;2;1;;;;1
17/10/2017;12:14:00;280;sem vítima;114,551;BR-116/PR;Sul;Saida de Pista;1;1;;;;;1
17/10/2017;17:50:00;450;sem vítima;122,8;BR-101/SC;Sul;Colisão Lateral;1;2;;;;;1
18/10/2017;07:00:00;154;sem vítima;62,471;BR-101/SC;Sul;Colisão Lateral;1;3;;;;;1
18/10/2017;07:20:54;172;sem vítima;206,673;BR-101/SC;Sul;Colisão Traseira;1;2;;;;;1
18/10/2017;09:16:00;262;sem vítima;207,103;BR-101/SC;Sul;Colisão Traseira;1;2;;;;;1
18/10/2017;15:26:00;437;sem vítima;144,4;BR-101/SC;Sul;Saida de Pista;1;2;;;;;1
18/10/2017;16:29:00;452;sem vítima;157,45;BR-101/SC;Sul;Colisão Traseira;1;2;;;;;1
18/10/2017;15:57:00;466;sem vítima;112,001;BR-101/SC;Norte;Colisão Traseira;1;3;;;;;1
18/10/2017;17:47:00;526;sem vítima;638,4;BR-376/PR;Norte;Colisão Traseira;1;2;;;;;1
18/10/2017;17:57:00;531;sem vítima;123,001;BR-101/SC;Sul;Colisão Traseira;2;2;;;;;1
19/10/2017;07:52:00;169;com vítima;119,235;BR-101/SC;Sul;Colisão Traseira;2;1;;;1;;2
19/10/2017;19:15:00;565;sem vítima;190,2;BR-101/SC;Norte;Colisão Lateral;1;2;;;;;1
20/10/2017;04:44:00;74;sem vítima;90,9;BR-116/PR;Sul;Colisão Traseira;2;2;;;;;1
20/10/2017;04:50:00;77;com vítima;3,731;BR-101/SC;Norte;Tombamento;2;2;;1;;;2
20/10/2017;12:48:00;269;sem vítima;628,329;BR-376/PR;Norte;Colisão Lateral;1;2;;;;;1
20/10/2017;14:11:00;312;sem vítima;127,8;BR-101/SC;Norte;Colisão Traseira;2;3;;;;;1
20/10/2017;18:04:00;477;sem vítima;139,8;BR-101/SC;Sul;Colisão Lateral;1;2;;;;;1
21/10/2017;09:50:00;221;sem vítima;136,944;BR-101/SC;Norte;Colisão Lateral;1;2;;;;;1
21/10/2017;12:00:00;283;com vítima;120,964;BR-101/SC;Norte;Saida de Pista;1;0;;1;;;2
21/10/2017;20:25:00;579;com vítima;206,8;BR-101/SC;Sul;Colisão Traseira;1;2;;;;1;3
22/10/2017;14:00:00;346;sem vítima;671,7;BR-376/PR;Sul;Saida de Pista;1;1;;;;;1
22/10/2017;16:08:00;429;sem vítima;132,001;BR-101/SC;Sul;Colisão Lateral;1;2;;;;;1
23/10/2017;09:47:00;247;sem vítima;204,045;BR-101/SC;Norte;Colisão Lateral;1;2;;;;;1
23/10/2017;11:30:00;304;sem vítima;88,424;BR-116/PR;Sul;Saida de Pista;1;1;;;;;1
23/10/2017;18:26:00;533;sem vítima;107,509;BR-116/PR;Norte;Saida de Pista;1;2;;;;;1
23/10/2017;18:43:00;540;sem vítima;675,01;BR-376/PR;Sul;Colisão Traseira;1;2;;;;;1
24/10/2017;00:00:00;20;sem vítima;160,945;BR-101/SC;Norte;Choque - Defensa, barreira ou "submarino";1;1;;;;;1
24/10/2017;08:29:00;203;sem vítima;212,709;BR-101/SC;Norte;Colisão Traseira;1;2;;;;;1
24/10/2017;08:42:00;218;sem vítima;668,566;BR-376/PR;Sul;Colisão Lateral;2;2;;;;;1
24/10/2017;14:45:00;359;sem vítima;111,99;BR-116/PR;Sul;Colisão Traseira;2;2;;;;;1
24/10/2017;14:53:00;361;sem vítima;77,249;BR-101/SC;Norte;Saida de Pista;1;1;;;;;1
24/10/2017;17:39:00;468;com vítima;668,42;BR-376/PR;Sul;Tombamento;2;2;;;1;;2
24/10/2017;21:13:00;569;sem vítima;167,558;BR-101/SC;Norte;Choque - Objeto sobre a pista;1;2;;;;;1
25/10/2017;11:16:00;275;sem vítima;174,968;BR-101/SC;Norte;Colisão Traseira;1;2;;;;;1
25/10/2017;13:24:00;320;sem vítima;673,2;BR-376/PR;Sul;Saida de Pista;1;2;;;;;1
25/10/2017;13:42:00;326;sem vítima;189,849;BR-101/SC;Norte;Saida de Pista;1;1;;;;;1
25/10/2017;13:55:00;332;sem vítima;189,849;BR-101/SC;Sul;Saida de Pista;1;1;;;;;1
25/10/2017;14:43:00;349;sem vítima;136,001;BR-101/SC;Sul;Colisão Lateral;1;2;;;;;1
25/10/2017;16:23:00;400;sem vítima;652,289;BR-376/PR;Sul;Colisão Traseira;2;2;;;;;1
25/10/2017;18:35:00;456;sem vítima;18,135;BR-101/SC;Sul;Colisão Traseira;1;2;;;;;1
25/10/2017;18:40:00;458;sem vítima;192,7;BR-101/SC;Norte;Engavetamento;1;4;;;;;1
26/10/2017;04:40:00;64;sem vítima;98,97;BR-116/PR;Sul;Choque - Elemento de Drenagem;1;2;;;;;1
26/10/2017;09:24:00;195;sem vítima;44,9;BR-101/SC;Norte;Colisão Lateral;1;2;;;;;1
26/10/2017;10:58:00;253;sem vítima;671,7;BR-376/PR;Sul;Saida de Pista;1;1;;;;;1
26/10/2017;11:58:00;285;sem vítima;671,75;BR-376/PR;Sul;Saida de Pista;1;1;;;;;1
26/10/2017;14:55:00;379;sem vítima;151,001;BR-101/SC;Sul;Tombamento;1;1;;;;;1
26/10/2017;22:36:00;608;sem vítima;185,2;BR-101/SC;Norte;Colisão Lateral;1;2;;;;;1
27/10/2017;00:05:00;5;com vítima;208,97;BR-101/SC;Norte;Colisão Lateral;1;3;2;;;;1
27/10/2017;05:09:00;92;sem vítima;151,5;BR-101/SC;Sul;Choque - Defensa, barreira ou "submarino";1;1;;;;;1
27/10/2017;07:49:00;142;sem vítima;659,75;BR-376/PR;Sul;Saida de Pista;1;1;;;;;1
27/10/2017;08:43:00;182;sem vítima;79,46;BR-101/SC;Norte;Colisão Traseira;2;2;;;;;1
27/10/2017;09:23:00;213;sem vítima;68,315;BR-101/SC;Sul;Saida de Pista;1;1;;;;;1
27/10/2017;10:19:00;250;com vítima;49,233;BR-101/SC;Sul;Colisão Traseira;1;1;;1;;;2
27/10/2017;12:15:00;319;sem vítima;668,562;BR-376/PR;Sul;Choque - Defensa, barreira ou "submarino";1;2;;;;;1
27/10/2017;13:20:00;352;sem vítima;212,5;BR-101/SC;Norte;Colisão Lateral;1;2;;;;;1
27/10/2017;14:59:00;397;com vítima;214,001;BR-101/SC;Sul;Colisão Traseira;1;1;1;;;;1
27/10/2017;17:20:00;505;sem vítima;84,3;BR-101/SC;Sul;Colisão Traseira;1;2;;;;;1
27/10/2017;19:01:00;557;com vítima;201,588;BR-101/SC;Sul;Engavetamento;1;2;;1;2;;2
27/10/2017;19:45:00;577;com vítima;155,4;BR-101/SC;Norte;Colisão Frontal;1;1;;1;;;2
27/10/2017;20:09:00;587;sem vítima;123,451;BR-101/SC;Sul;Colisão Traseira;1;2;;;;;1
27/10/2017;20:30:00;592;sem vítima;635,001;BR-376/PR;Sul;Colisão Lateral;1;2;;;;;1
27/10/2017;20:48:00;597;sem vítima;33,4;BR-101/SC;Norte;Choque - Poste;1;1;;;;;1
28/10/2017;08:58:00;234;sem vítima;114,6;BR-116/PR;Sul;Saida de Pista;1;1;;;;;1
28/10/2017;12:29:00;326;sem vítima;94,101;BR-116/PR;Norte;Capotamento;1;2;;;;;1
28/10/2017;12:53:00;333;sem vítima;112,148;BR-101/SC;Norte;Colisão Lateral;1;2;;;;;1
28/10/2017;14:20:00;369;sem vítima;111,001;BR-101/SC;Norte;Colisão Lateral;1;2;;;;;1
28/10/2017;17:28:00;520;com vítima;122,026;BR-101/SC;Norte;Colisão Traseira;1;2;;1;;;2
28/10/2017;21:17:00;628;com vítima;104,9;BR-101/SC;Norte;Colisão Traseira;2;1;;;;1;3
28/10/2017;23:27:00;675;sem vítima;157,001;BR-101/SC;Norte;Colisão Lateral;1;2;;;;;1
29/10/2017;01:15:00;34;sem vítima;104,5;BR-101/SC;Norte;Colisão Traseira;2;3;;;;;1
29/10/2017;22:01:00;592;sem vítima;643,8;BR-376/PR;Norte;Saida de Pista;1;1;;;;;1
29/10/2017;23:33:00;615;com vítima;100,65;BR-116/PR;Norte;Atropelamento - Morador;1;1;;1;;;2
30/10/2017;13:18:00;293;com vítima;164,415;BR-101/SC;Norte;Colisão Lateral;1;2;1;;;;1
30/10/2017;18:02:00;486;sem vítima;157,001;BR-101/SC;Sul;Colisão Traseira;1;2;;;;;1
31/10/2017;02:33:00;79;com vítima;172,001;BR-101/SC;Sul;Atropelamento - Funcionário;1;1;1;;;;1
31/10/2017;07:12:00;151;sem vítima;226,037;BR-101/SC;Norte;Colisão Traseira;1;2;;;;;1
31/10/2017;07:26:00;163;sem vítima;109,727;BR-116/PR;Norte;Colisão Traseira;1;2;;;;;1
31/10/2017;08:23:00;202;sem vítima;79,388;BR-101/SC;Sul;Engavetamento;2;3;;;;;1
31/10/2017;09:54:00;256;sem vítima;672,001;BR-376/PR;Sul;Colisão Lateral;1;2;;;;;1
31/10/2017;11:09:00;312;sem vítima;77,357;BR-101/SC;Sul;Colisão Traseira;2;2;;;;;1
31/10/2017;11:26:00;324;sem vítima;209,389;BR-101/SC;Sul;Choque - Objeto sobre a pista;1;2;;;;;1
31/10/2017;13:08:00;378;sem vítima;1,25;BR-101/SC;Sul;Colisão Lateral;1;2;;;;;1
31/10/2017;16:03:00;489;sem vítima;677,1;BR-376/PR;Sul;Saida de Pista;1;2;;;;;1
31/10/2017;16:50:00;519;sem vítima;149,001;BR-101/SC;Norte;Colisão Lateral;1;2;;;;;1
31/10/2017;20:13:00;624;sem vítima;162,307;BR-101/SC;Sul;Tombamento;1;1;;;;;1