data;horario;n_da_ocorrencia;tipo_de_ocorrencia;km;trecho;sentido;tipo_de_acidente;caminhao;ilesos;levemente_feridos;moderadamente_feridos;gravemente_feridos;mortos;3
01/11/2017;07:27:00;154;com vítima;671,7;BR-376/PR;Sul;Saida de Pista;1;0;1;;;;1
01/11/2017;08:13:00;189;sem vítima;112,357;BR-116/PR;Norte;Saida de Pista;1;1;;;;;1
01/11/2017;09:05:00;218;sem vítima;111,776;BR-116/PR;Norte;Colisão Transversal;1;2;;;;;1
01/11/2017;09:09:00;222;sem vítima;111,776;BR-116/PR;Sul;Colisão Traseira;1;2;;;;;1
01/11/2017;09:41:00;240;com vítima;127,491;BR-101/SC;Sul;Colisão Lateral;1;1;;1;;;2
01/11/2017;11:08:00;276;sem vítima;132,989;BR-101/SC;Sul;Colisão Traseira;1;2;;;;;1
01/11/2017;12:19:00;303;sem vítima;203,163;BR-101/SC;Norte;Colisão Lateral;1;2;;;;;1
01/11/2017;15:37:00;397;sem vítima;107,001;BR-116/PR;Sul;Saida de Pista;1;1;;;;;1
01/11/2017;18:37:00;520;sem vítima;93,001;BR-116/PR;Norte;Colisão Lateral;1;2;;;;;1
01/11/2017;20:26:00;553;sem vítima;207,965;BR-101/SC;Norte;Colisão Lateral;1;2;;;;;1
01/11/2017;21:23:00;560;sem vítima;233,001;BR-101/SC;Norte;Colisão Traseira;1;2;;;;;1
01/11/2017;22:29:00;599;sem vítima;635,5;BR-376/PR;Sul;Colisão Lateral;1;2;;;;;1
02/11/2017;00:51:04;19;sem vítima;112,389;BR-101/SC;Norte;Saida de Pista;1;2;;;;;1
02/11/2017;09:13:00;210;sem vítima;669,492;BR-376/PR;Sul;Colisão Lateral;1;2;;;;;1
02/11/2017;18:21:00;504;sem vítima;101,1;BR-101/SC;Sul;Colisão Lateral;1;2;;;;;1
02/11/2017;20:28:00;580;sem vítima;56,314;BR-101/SC;Norte;Saida de Pista;1;2;;;;;1
03/11/2017;06:23:00;120;sem vítima;89,749;BR-116/PR;Norte;Colisão Lateral;1;2;;;;;1
03/11/2017;06:48:00;136;com vítima;621,804;BR-376/PR;Norte;Tombamento;1;0;1;;;;1
03/11/2017;10:02:00;204;sem vítima;206,249;BR-101/SC;Norte;Colisão Traseira;1;2;;;;;1
03/11/2017;11:33:00;263;com vítima;242,985;BR-101/SC;Sul;Colisão Traseira;2;1;;1;;;2
03/11/2017;15:43:00;374;sem vítima;186,001;BR-101/SC;Norte;Colisão Lateral;1;2;;;;;1
03/11/2017;17:33:00;421;sem vítima;131,447;BR-101/SC;Sul;Colisão Lateral;1;2;;;;;1
03/11/2017;17:38:00;426;sem vítima;102,001;BR-116/PR;Sul;Saida de Pista;1;2;;;;;1
03/11/2017;20:18:00;485;sem vítima;199,001;BR-101/SC;Sul;Colisão Lateral;1;3;;;;;1
04/11/2017;05:21:00;90;sem vítima;671,7;BR-376/PR;Sul;Saida de Pista;1;1;;;;;1
04/11/2017;13:43:00;300;sem vítima;33,191;BR-101/SC;Sul;Tombamento;1;1;;;;;1
04/11/2017;13:48:42;301;sem vítima;119,575;BR-101/SC;Norte;Colisão Lateral;1;2;;;;;1
04/11/2017;14:51:00;323;sem vítima;655,367;BR-376/PR;Norte;Colisão Lateral;1;2;;;;;1
04/11/2017;15:15:00;332;sem vítima;137,223;BR-101/SC;Norte;Colisão Traseira;1;2;;;;;1
05/11/2017;17:13:00;423;sem vítima;672,001;BR-376/PR;Sul;Colisão Traseira;2;3;;;;;1
05/11/2017;22:37:00;552;sem vítima;12,979;BR-101/SC;Norte;Engavetamento;2;3;;;;;1
06/11/2017;10:38:00;214;sem vítima;204,463;BR-101/SC;Sul;Colisão Traseira;1;2;;;;;1
07/11/2017;02:08:00;20;sem vítima;93,988;BR-116/PR;Sul;Saida de Pista;1;1;;;;;1
07/11/2017;06:30:00;123;sem vítima;73,883;BR-116/PR;Norte;Choque - Objeto sobre a pista;1;1;;;;;1
07/11/2017;09:36:00;245;sem vítima;651,269;BR-376/PR;Sul;Colisão Traseira;1;2;;;;;1
07/11/2017;10:16:00;273;sem vítima;25,38;BR-101/SC;Norte;Saida de Pista;1;1;;;;;1
07/11/2017;12:18:00;308;sem vítima;64,096;BR-101/SC;Norte;Colisão Lateral;1;2;;;;;1
07/11/2017;16:07:00;448;sem vítima;665,583;BR-376/PR;Sul;Engavetamento;1;3;;;;;1
07/11/2017;18:16:00;516;sem vítima;112,357;BR-101/SC;Norte;Colisão Traseira;3;3;;;;;1
07/11/2017;19:56:00;566;sem vítima;46,249;BR-101/SC;Norte;Colisão Lateral;1;2;;;;;1
07/11/2017;20:46:00;575;com vítima;624,945;BR-376/PR;Norte;Colisão Traseira;1;1;;;1;;2
08/11/2017;02:34:00;68;sem vítima;665,64;BR-376/PR;Norte;Colisão Traseira;1;2;;;;;1
08/11/2017;05:53:00;107;sem vítima;616,272;BR-376/PR;Norte;Tombamento;1;1;;;;;1
08/11/2017;07:30:00;152;sem vítima;218,35;BR-101/SC;Sul;Choque - Outros;1;1;;;;;1
08/11/2017;08:22:00;189;sem vítima;92,001;BR-116/PR;Sul;Colisão Traseira;2;2;;;;;1
08/11/2017;13:09:00;334;sem vítima;242,979;BR-101/SC;Norte;Colisão Traseira;1;2;;;;;1
08/11/2017;13:35:00;345;sem vítima;674,753;BR-376/PR;Sul;Colisão Frontal;2;2;;;;;1
08/11/2017;18:06:00;531;sem vítima;101,574;BR-101/SC;Norte;Tombamento;1;1;;;;;1
08/11/2017;19:21:00;567;sem vítima;208,877;BR-101/SC;Norte;Colisão Traseira;1;2;;;;;1
09/11/2017;05:57:00;102;com vítima;616,101;BR-376/PR;Sul;Colisão Lateral;1;1;1;;;;1
09/11/2017;08:04:00;153;sem vítima;670,001;BR-376/PR;Norte;Colisão Traseira;2;2;;;;;1
09/11/2017;09:58:00;233;com vítima;31,466;BR-101/SC;Sul;Atropelamento - Ciclista;1;1;;1;;;2
09/11/2017;14:19:00;346;sem vítima;209,5;BR-101/SC;Norte;Colisão Lateral;1;2;;;;;1
09/11/2017;17:46:00;485;sem vítima;206,5;BR-101/SC;Norte;Colisão Traseira;1;3;;;;;1
09/11/2017;19:38:00;532;sem vítima;101,275;BR-116/PR;Sul;Engavetamento;5;6;;;;;1
09/11/2017;21:20:00;561;sem vítima;660,5;BR-376/PR;Norte;Colisão Frontal;1;2;;;;;1
10/11/2017;06:26:00;88;sem vítima;124,001;BR-101/SC;Norte;Atropelamento de Animal;1;1;;;;;1
10/11/2017;10:10:00;262;sem vítima;107,46;BR-116/PR;Sul;Saida de Pista;1;1;;;;;1
10/11/2017;11:07:00;292;sem vítima;101,351;BR-116/PR;Sul;Colisão Traseira;1;2;;;;;1
10/11/2017;12:17:00;330;sem vítima;14,001;BR-101/SC;Norte;Colisão Traseira;2;2;;;;;1
10/11/2017;12:41:00;342;sem vítima;212,61;BR-101/SC;Norte;Colisão Lateral;1;2;;;;;1
10/11/2017;15:23:00;407;sem vítima;646,169;BR-376/PR;Sul;Saida de Pista;1;1;;;;;1
10/11/2017;16:31:00;446;sem vítima;112,8;BR-116/PR;Sul;Tombamento;1;1;;;;;1
10/11/2017;17:53:00;480;sem vítima;103,8;BR-101/SC;Sul;Colisão Traseira;1;2;;;;;1
10/11/2017;17:29:00;491;sem vítima;614,6;BR-376/PR;Sul;Saida de Pista;1;1;;;;;1
10/11/2017;17:49:00;505;sem vítima;39,001;BR-101/SC;Sul;Colisão Lateral;1;2;;;;;1
10/11/2017;18:57:00;536;sem vítima;668,001;BR-376/PR;Norte;Colisão Lateral;1;2;;;;;1
10/11/2017;19:22:00;549;sem vítima;207,5;BR-101/SC;Norte;Colisão Traseira;1;2;;;;;1
10/11/2017;20:47:00;568;sem vítima;109,6;BR-116/PR;Norte;Choque - Objeto sobre a pista;1;1;;;;;1
11/11/2017;02:38:00;59;sem vítima;13,001;BR-101/SC;Norte;Colisão Traseira;1;2;;;;;1
11/11/2017;08:33:00;160;sem vítima;671,7;BR-376/PR;Sul;Saida de Pista;1;1;;;;;1
11/11/2017;14:19:00;319;com vítima;116,001;BR-101/SC;Sul;Queda de Moto;1;2;1;;;;1
11/11/2017;17:49:00;467;sem vítima;667,001;BR-376/PR;Sul;Saida de Pista;1;1;;;;;1
11/11/2017;17:59:00;473;sem vítima;635,475;BR-376/PR;Norte;Colisão Traseira;1;3;;;;;1
12/11/2017;00:43:00;11;com vítima;85,001;BR-101/SC;Sul;Colisão Traseira;1;5;;1;;;2
12/11/2017;02:41:00;50;sem vítima;214,001;BR-101/SC;Sul;Colisão Lateral;1;2;;;;;1
12/11/2017;03:53:00;67;com vítima;201,784;BR-101/SC;Norte;Colisão Transversal;1;2;1;;;;1
12/11/2017;12:09:00;261;sem vítima;79,35;BR-101/SC;Sul;Colisão Traseira;1;2;;;;;1
13/11/2017;08:08:00;134;sem vítima;106,8;BR-116/PR;Norte;Engavetamento;1;4;;;;;1
13/11/2017;13:53:00;322;sem vítima;113,095;BR-116/PR;Sul;Colisão Lateral;2;2;;;;;1
13/11/2017;15:12:00;349;sem vítima;671,685;BR-376/PR;Sul;Saida de Pista;1;1;;;;;1
13/11/2017;19:21:00;511;sem vítima;115,001;BR-116/PR;Sul;Tombamento;1;2;;;;;1
13/11/2017;19:44:00;523;sem vítima;616,9;BR-376/PR;Norte;Colisão Traseira;1;3;;;;;1
13/11/2017;23:52:00;609;sem vítima;634,457;BR-376/PR;Norte;Saida de Pista;1;1;;;;;1
14/11/2017;03:20:00;69;com vítima;119,5;BR-101/SC;Sul;Atropelamento - Usuário;1;1;;;;1;3
14/11/2017;08:02:00;148;com vítima;115,089;BR-116/PR;Sul;Colisão Traseira;2;1;1;;;;1
14/11/2017;09:14:00;188;com vítima;107,969;BR-116/PR;Sul;Colisão Traseira;1;1;1;;;;1
14/11/2017;15:01:00;380;com vítima;617,251;BR-376/PR;Norte;Colisão Lateral;1;3;;1;;;2
14/11/2017;22:59:00;632;sem vítima;4,5;BR-101/SC;Sul;Choque - Defensa, barreira ou "submarino";1;1;;;;;1
15/11/2017;11:39:00;319;com vítima;196,191;BR-101/SC;Norte;Engavetamento;1;3;1;;;;1
15/11/2017;13:05:00;354;sem vítima;624,118;BR-376/PR;Norte;Saida de Pista;1;1;;;;;1
15/11/2017;15:15:00;435;sem vítima;212,001;BR-101/SC;Sul;Colisão Traseira;1;2;;;;;1
15/11/2017;19:27:00;596;sem vítima;236,12;BR-101/SC;Norte;Colisão Traseira;2;3;;;;;1
16/11/2017;07:20:00;154;sem vítima;215,001;BR-101/SC;Norte;Colisão Lateral;1;2;;;;;1
16/11/2017;08:50:00;202;sem vítima;47,629;BR-101/SC;Norte;Colisão Lateral;2;2;;;;;1
16/11/2017;09:55:00;251;sem vítima;163,258;BR-101/SC;Norte;Saida de Pista;1;1;;;;;1
16/11/2017;10:37:00;277;com vítima;668,168;BR-376/PR;Sul;Colisão Traseira;1;3;1;;;;1
16/11/2017;11:11:00;296;sem vítima;204,2;BR-101/SC;Norte;Colisão Transversal;1;2;;;;;1
16/11/2017;13:29:00;360;sem vítima;647,554;BR-376/PR;Norte;Colisão Traseira;2;2;;;;;1
16/11/2017;18:09:00;541;sem vítima;214,001;BR-101/SC;Norte;Colisão Traseira;1;3;;;;;1
16/11/2017;19:22:00;580;sem vítima;157,4;BR-101/SC;Sul;Colisão Traseira;1;2;;;;;1
17/11/2017;01:45:00;58;sem vítima;83,116;BR-116/PR;Sul;Saida de Pista;1;1;;;;;1
17/11/2017;06:09:00;120;com vítima;206,001;BR-101/SC;Norte;Engavetamento;2;3;2;;;;1
17/11/2017;21:14:00;569;sem vítima;104,001;BR-101/SC;Sul;Colisão Lateral;1;2;;;;;1
18/11/2017;04:33:00;103;com vítima;209,48;BR-101/SC;Norte;Choque - Defensa, barreira ou "submarino";1;0;1;;;;1
18/11/2017;06:14:00;123;com vítima;652,547;BR-376/PR;Norte;Tombamento;1;0;;1;;;2
18/11/2017;08:35:00;182;sem vítima;205,619;BR-101/SC;Sul;Colisão Traseira;2;2;;;;;1
18/11/2017;09:46:00;211;sem vítima;77,8;BR-101/SC;Sul;Saida de Pista;1;1;;;;;1
18/11/2017;10:32:00;226;sem vítima;635,797;BR-376/PR;Norte;Colisão Traseira;1;2;;;;;1
18/11/2017;10:36:00;229;sem vítima;204,001;BR-101/SC;Norte;Choque - Defensa, barreira ou "submarino";1;1;;;;;1
18/11/2017;13:19:00;297;sem vítima;679,309;BR-376/PR;Norte;Colisão Lateral;1;2;;;;;1
19/11/2017;08:25:00;170;sem vítima;635,676;BR-376/PR;Norte;Colisão Traseira;1;2;;;;;1
19/11/2017;10:50:00;282;sem vítima;66,108;BR-101/SC;Norte;Colisão Lateral;1;2;;;;;1
19/11/2017;14:51:00;388;com vítima;652,056;BR-376/PR;Sul;Engavetamento;1;3;3;;;;1
19/11/2017;20:51:00;542;sem vítima;117,01;BR-101/SC;Norte;Colisão Lateral;1;2;;;;;1
19/11/2017;23:15:00;593;sem vítima;74,173;BR-116/PR;Sul;Colisão Traseira;2;2;;;;;1
20/11/2017;15:05:00;371;sem vítima;79,001;BR-101/SC;Norte;Colisão Lateral;1;2;;;;;1
20/11/2017;16:52:00;461;sem vítima;44,34;BR-101/SC;Norte;Colisão Traseira;1;2;;;;;1
21/11/2017;06:45:00;120;com vítima;244,201;BR-101/SC;Sul;Colisão Traseira;2;1;1;;;;1
21/11/2017;09:49:00;250;com vítima;217,64;BR-101/SC;Sul;Colisão Lateral;1;1;1;;;;1
21/11/2017;14:39:00;396;sem vítima;664,8;BR-376/PR;Sul;Saida de Pista;1;1;;;;;1
21/11/2017;15:17:00;426;sem vítima;204,009;BR-101/SC;Norte;Colisão Traseira;1;3;;;;;1
21/11/2017;15:48:00;452;sem vítima;671,7;BR-376/PR;Sul;Saida de Pista;1;1;;;;;1
21/11/2017;17:22:00;507;sem vítima;157,4;BR-101/SC;Sul;Colisão Traseira;1;2;;;;;1
21/11/2017;19:12:00;563;sem vítima;650,9;BR-376/PR;Sul;Colisão Lateral;1;2;;;;;1
22/11/2017;04:18:00;111;com vítima;157,001;BR-101/SC;Sul;Colisão Traseira;1;1;1;;;;1
22/11/2017;14:54:00;379;sem vítima;157,4;BR-101/SC;Norte;Colisão Traseira;1;2;;;;;1
22/11/2017;18:09:00;523;sem vítima;674,1;BR-376/PR;Norte;Saida de Pista;1;2;;;;;1
23/11/2017;07:09:00;150;sem vítima;209,909;BR-101/SC;Norte;Colisão Lateral;1;2;;;;;1
23/11/2017;13:06:00;339;sem vítima;123,137;BR-101/SC;Norte;Colisão Transversal;1;2;;;;;1
23/11/2017;14:50:00;383;sem vítima;157,4;BR-101/SC;Norte;Colisão Traseira;1;2;;;;;1
23/11/2017;15:15:00;401;com vítima;155,3;BR-101/SC;Norte;Atropelamento - Ambulante;1;2;;;1;;2
23/11/2017;15:43:00;429;sem vítima;202,609;BR-101/SC;Sul;Colisão Lateral;1;2;;;;;1
23/11/2017;17:28:48;504;sem vítima;127,908;BR-101/SC;Sul;Colisão Traseira;1;2;;;;;1
23/11/2017;18:10:00;525;sem vítima;675,179;BR-376/PR;Norte;Saida de Pista;1;1;;;;;1
23/11/2017;22:40:00;630;sem vítima;646,472;BR-376/PR;Sul;Choque - Elemento de Drenagem;1;1;;;;;1
24/11/2017;05:03:00;108;sem vítima;243,001;BR-101/SC;Norte;Choque - Defensa, barreira ou "submarino";1;1;;;;;1
24/11/2017;07:07:00;171;sem vítima;128,867;BR-101/SC;Norte;Colisão Traseira;1;2;;;;;1
24/11/2017;07:15:00;179;sem vítima;215,654;BR-101/SC;Norte;Colisão Traseira;1;2;;;;;1
24/11/2017;08:19:00;226;sem vítima;210,139;BR-101/SC;Norte;Colisão Traseira;1;2;;;;;1
24/11/2017;08:34:00;239;sem vítima;127,356;BR-101/SC;Sul;Colisão Lateral;1;2;;;;;1
24/11/2017;14:24:00;426;com vítima;208,9;BR-101/SC;Sul;Engavetamento;1;3;1;;;;1
24/11/2017;15:55:00;517;sem vítima;209,8;BR-101/SC;Sul;Colisão Lateral;1;2;;;;;1
24/11/2017;17:44:00;599;com vítima;31,591;BR-101/SC;Sul;Colisão Traseira;1;2;1;;;;1
24/11/2017;17:58:00;607;sem vítima;114,72;BR-101/SC;Norte;Colisão Traseira;1;3;;;;;1
24/11/2017;19:03:00;642;sem vítima;115,959;BR-101/SC;Sul;Colisão Traseira;2;2;;;;;1
24/11/2017;20:17:00;676;sem vítima;209,8;BR-101/SC;Sul;Colisão Traseira;1;2;;;;;1
25/11/2017;09:02:00;202;sem vítima;675,9;BR-376/PR;Sul;Saida de Pista;1;1;;;;;1
25/11/2017;09:42:00;227;sem vítima;102,17;BR-116/PR;Sul;Saida de Pista;1;1;;;;;1
25/11/2017;10:49:00;263;sem vítima;151,001;BR-101/SC;Sul;Choque - Poste;1;1;;;;;1
25/11/2017;11:45:00;283;sem vítima;243,01;BR-101/SC;Norte;Choque - Defensa, barreira ou "submarino";1;2;;;;;1
25/11/2017;14:25:00;358;com vítima;204,971;BR-101/SC;Sul;Colisão Lateral;1;1;;;1;1;3
25/11/2017;17:51:00;504;sem vítima;216,001;BR-101/SC;Sul;Colisão Traseira;1;2;;;;;1
26/11/2017;00:23:00;9;sem vítima;84,517;BR-101/SC;Norte;Colisão Traseira;1;2;;;;;1
26/11/2017;07:24:00;110;sem vítima;668,545;BR-376/PR;Sul;Tombamento;1;1;;;;;1
26/11/2017;10:14:00;230;sem vítima;666,8;BR-376/PR;Sul;Engavetamento;2;3;;;;;1
27/11/2017;07:23:00;143;com vítima;114,434;BR-101/SC;Sul;Colisão Lateral;1;1;;;1;;2
27/11/2017;09:18:00;216;sem vítima;131,043;BR-101/SC;Norte;Colisão Traseira;1;2;;;;;1
27/11/2017;10:13:00;255;sem vítima;620,932;BR-376/PR;Norte;Colisão Traseira;1;2;;;;;1
27/11/2017;15:06:00;356;sem vítima;93,364;BR-101/SC;Sul;Colisão Lateral;1;4;;;;;1
27/11/2017;15:54:00;379;sem vítima;673,721;BR-376/PR;Sul;Saida de Pista;1;1;;;;;1
28/11/2017;10:58:00;303;sem vítima;48,854;BR-101/SC;Sul;Colisão Traseira;2;2;;;;;1
28/11/2017;12:45:00;345;sem vítima;215,211;BR-101/SC;Norte;Colisão Traseira;1;2;;;;;1
28/11/2017;14:07:00;391;sem vítima;664,532;BR-376/PR;Sul;Saida de Pista;1;1;;;;;1
28/11/2017;14:38:00;408;com vítima;191,094;BR-101/SC;Norte;Tombamento;1;0;;1;;;2
28/11/2017;20:52:00;633;sem vítima;192,87;BR-101/SC;Norte;Colisão Lateral;1;2;;;;;1
29/11/2017;06:55:00;97;com vítima;663,942;BR-376/PR;Sul;Colisão Traseira;2;1;1;;;;1
29/11/2017;07:15:00;104;sem vítima;201,497;BR-101/SC;Sul;Colisão Traseira;1;2;;;;;1
29/11/2017;07:50:00;124;sem vítima;108,422;BR-116/PR;Sul;Colisão Traseira;2;2;;;;;1
29/11/2017;07:52:00;125;sem vítima;108,7;BR-116/PR;Norte;Saida de Pista;1;2;;;;;1
29/11/2017;15:00:00;402;sem vítima;199,4;BR-101/SC;Sul;Capotamento;1;2;;;;;1
29/11/2017;15:19:00;419;sem vítima;635,001;BR-376/PR;Sul;Colisão Lateral;1;2;;;;;1
30/11/2017;01:52:00;30;sem vítima;56,095;BR-101/SC;Norte;Colisão Traseira;1;2;;;;;1
30/11/2017;09:32:00;204;sem vítima;111,001;BR-101/SC;Sul;Colisão Traseira;1;2;;;;;1
30/11/2017;09:51:00;223;sem vítima;204,466;BR-101/SC;Sul;Colisão Traseira;2;2;;;;;1
30/11/2017;18:21:00;492;sem vítima;102,446;BR-101/SC;Norte;Colisão Traseira;1;2;;;;;1
30/11/2017;18:32:00;495;sem vítima;92,601;BR-116/PR;Norte;Colisão Traseira;1;2;;;;;1
30/11/2017;18:34:00;496;sem vítima;213,3;BR-101/SC;Norte;Colisão Lateral;1;2;;;;;1
30/11/2017;19:08:00;507;com vítima;104,3;BR-116/PR;Norte;Saida de Pista;1;0;1;;;;1
01/12/2017;01:48:00;47;sem vítima;13,188;BR-101/SC;Sul;Colisão Traseira;1;2;;;;;1
01/12/2017;07:04:00;139;sem vítima;118,3;BR-101/SC;Norte;Colisão Traseira;1;3;;;;;1
01/12/2017;11:24:00;306;sem vítima;192,404;BR-101/SC;Norte;Colisão Lateral;1;2;;;;;1
01/12/2017;16:50:00;478;sem vítima;142,481;BR-101/SC;Sul;Engavetamento;1;7;;;;;1
01/12/2017;21:35:00;613;sem vítima;113,001;BR-101/SC;Norte;Colisão Traseira;1;3;;;;;1
01/12/2017;22:56:00;654;com vítima;661,85;BR-376/PR;Norte;Colisão Traseira;2;1;;;;1;3
02/12/2017;09:03:00;203;sem vítima;648,001;BR-376/PR;Norte;Colisão Lateral;1;2;;;;;1
02/12/2017;09:21:00;219;sem vítima;157,636;BR-101/SC;Norte;Colisão Traseira;1;2;;;;;1
02/12/2017;11:53:00;311;sem vítima;209,844;BR-101/SC;Norte;Colisão Traseira;1;2;;;;;1
03/12/2017;08:51:00;198;sem vítima;52,229;BR-101/SC;Sul;Saida de Pista;1;1;;;;;1
03/12/2017;14:10:00;337;sem vítima;97,3;BR-116/PR;Sul;Saida de Pista;1;1;;;;;1
03/12/2017;15:17:00;395;com vítima;197,8;BR-101/SC;Sul;Colisão Lateral;1;1;1;;;;1
03/12/2017;16:22:00;450;sem vítima;55,1;BR-101/SC;Norte;Colisão Lateral;1;2;;;;;1
03/12/2017;20:56:00;598;sem vítima;243,075;BR-101/SC;Norte;Colisão Lateral;1;2;;;;;1
03/12/2017;21:23:00;615;com vítima;671,7;BR-376/PR;Sul;Colisão Traseira;2;3;;;2;1;3
04/12/2017;01:02:00;18;sem vítima;671,7;BR-376/PR;Sul;Saida de Pista;1;1;;;;;1
04/12/2017;07:56:00;157;com vítima;117,351;BR-101/SC;Sul;Colisão Traseira;2;1;1;;;;1
04/12/2017;08:51:00;199;sem vítima;113,8;BR-116/PR;Norte;Engavetamento;2;6;;;;;1
04/12/2017;09:28:00;233;sem vítima;1,35;BR-101/SC;Sul;Colisão Traseira;1;2;;;;;1
04/12/2017;09:46:00;246;sem vítima;201,919;BR-101/SC;Sul;Colisão Lateral;1;2;;;;;1
04/12/2017;11:52:00;316;com vítima;77,799;BR-101/SC;Sul;Capotamento;1;1;1;;;;1
04/12/2017;14:39:00;395;sem vítima;211,001;BR-101/SC;Norte;Colisão Traseira;1;2;;;;;1
04/12/2017;15:13:00;421;sem vítima;232,423;BR-101/SC;Norte;Colisão Traseira;1;2;;;;;1
04/12/2017;16:26:00;462;com vítima;145,969;BR-101/SC;Sul;Colisão Lateral;1;1;1;;;;1
04/12/2017;18:31:00;556;com vítima;21,122;BR-101/SC;Sul;Tombamento;1;0;1;;;;1
04/12/2017;19:06:00;580;sem vítima;13,4;BR-101/SC;Norte;Saida de Pista;1;1;;;;;1
04/12/2017;23:34:00;672;sem vítima;236,533;BR-101/SC;Norte;Atropelamento - Outros;1;1;;;;;1
05/12/2017;03:46:00;63;com vítima;105,882;BR-101/SC;Sul;Colisão Frontal;1;0;;;1;1;3
05/12/2017;06:11:00;96;sem vítima;33,984;BR-101/SC;Sul;Colisão Traseira;2;2;;;;;1
05/12/2017;06:26:00;105;com vítima;111,461;BR-101/SC;Norte;Tombamento;1;0;1;;;;1
05/12/2017;08:17:00;156;sem vítima;216,421;BR-101/SC;Norte;Colisão Traseira;2;2;;;;;1
05/12/2017;10:03:00;232;com vítima;146,242;BR-101/SC;Norte;Colisão Traseira;1;1;2;;;;1
05/12/2017;14:30:00;347;sem vítima;209,3;BR-101/SC;Norte;Colisão Traseira;1;2;;;;;1
05/12/2017;15:41:00;396;sem vítima;91,2;BR-101/SC;Norte;Choque - Defensa, barreira ou "submarino";1;1;;;;;1
05/12/2017;18:12:00;492;sem vítima;211,9;BR-101/SC;Norte;Colisão Lateral;1;2;;;;;1
05/12/2017;18:29:00;500;sem vítima;665,01;BR-376/PR;Sul;Saida de Pista;1;1;;;;;1
06/12/2017;05:05:00;107;sem vítima;158,413;BR-101/SC;Norte;Colisão Traseira;1;4;;;;;1
06/12/2017;05:42:00;122;sem vítima;635,5;BR-376/PR;Norte;Saida de Pista;1;1;;;;;1
06/12/2017;06:05:00;125;com vítima;121,489;BR-101/SC;Sul;Saida de Pista;1;1;1;;;;1
06/12/2017;08:35:00;211;sem vítima;635,18;BR-376/PR;Norte;Colisão Traseira;2;2;;;;;1
06/12/2017;11:07:00;309;sem vítima;106,001;BR-116/PR;Sul;Colisão Traseira;2;2;;;;;1
06/12/2017;10:11:00;336;sem vítima;91,357;BR-101/SC;Sul;Colisão Lateral;1;2;;;;;1
06/12/2017;15:03:00;421;com vítima;213,7;BR-101/SC;Norte;Colisão Traseira;1;1;1;;;;1
06/12/2017;15:33:00;448;sem vítima;122,2;BR-101/SC;Norte;Saida de Pista;1;1;;;;;1
06/12/2017;16:42:00;498;sem vítima;220,001;BR-101/SC;Sul;Colisão Traseira;1;2;;;;;1
06/12/2017;17:11:00;521;sem vítima;145,5;BR-101/SC;Norte;Colisão Lateral;1;2;;;;;1
06/12/2017;17:18:00;525;com vítima;126,104;BR-101/SC;Norte;Colisão Traseira;3;4;1;;;;1
06/12/2017;19:03:00;581;sem vítima;659,001;BR-376/PR;Norte;Outros;1;1;;;;;1
06/12/2017;19:18:00;590;sem vítima;145,001;BR-101/SC;Norte;Colisão Traseira;1;3;;;;;1
07/12/2017;02:05:00;46;sem vítima;679,979;BR-376/PR;Sul;Saida de Pista;1;1;;;;;1
07/12/2017;04:18:00;83;com vítima;7,4;BR-101/SC;Sul;Colisão Traseira;1;1;1;;;;1
07/12/2017;06:18:00;103;sem vítima;667,736;BR-376/PR;Sul;Choque - Defensa, barreira ou "submarino";1;1;;;;;1
07/12/2017;10:25:00;248;sem vítima;9,054;BR-101/SC;Sul;Colisão Traseira;1;2;;;;;1
07/12/2017;20:04:00;610;sem vítima;12,8;BR-101/SC;Norte;Colisão Lateral;1;2;;;;;1
07/12/2017;21:33:00;641;sem vítima;203,085;BR-101/SC;Norte;Colisão Traseira;1;2;;;;;1
07/12/2017;23:27:00;687;sem vítima;667,001;BR-376/PR;Sul;Colisão Traseira;1;2;;;;;1
08/12/2017;13:16:00;301;sem vítima;71,1;BR-116/PR;Norte;Choque - Defensa, barreira ou "submarino";1;1;;;;;1
08/12/2017;14:16:00;325;sem vítima;133,452;BR-101/SC;Sul;Colisão Traseira;1;2;;;;;1
08/12/2017;17:30:00;488;sem vítima;209,8;BR-101/SC;Norte;Colisão Traseira;1;2;;;;;1
08/12/2017;17:42:00;501;sem vítima;111,8;BR-101/SC;Sul;Engavetamento;1;3;;;;;1
09/12/2017;05:10:00;85;sem vítima;672,753;BR-376/PR;Sul;Colisão Traseira;2;2;;;;;1
09/12/2017;05:33:00;89;com vítima;218,268;BR-101/SC;Sul;Choque - Defensa, barreira ou "submarino";1;1;;;1;;2
09/12/2017;06:00:00;94;sem vítima;207,64;BR-101/SC;Sul;Choque - Defensa, barreira ou "submarino";1;2;;;;;1
09/12/2017;07:41:00;136;sem vítima;221,002;BR-101/SC;Sul;Colisão Lateral;1;2;;;;;1
10/12/2017;02:52:00;56;sem vítima;136,2;BR-101/SC;Norte;Colisão Traseira;1;3;;;;;1
10/12/2017;07:18:00;118;sem vítima;619,032;BR-376/PR;Sul;Tombamento;1;1;;;;;1
10/12/2017;16:55:00;459;sem vítima;40,996;BR-101/SC;Sul;Colisão Traseira;1;2;;;;;1
11/12/2017;02:10:00;55;sem vítima;3,512;BR-101/SC;Norte;Tombamento;1;1;;;;;1
11/12/2017;12:15:00;339;com vítima;138,597;BR-101/SC;Sul;Colisão Traseira;1;1;2;;;;1