data;horario;n_da_ocorrencia;tipo_de_ocorrencia;km;trecho;sentido;tipo_de_acidente;caminhao;ilesos;levemente_feridos;moderadamente_feridos;gravemente_feridos;mortos;3
11/12/2017;18:20:00;568;sem vítima;157,4;BR-101/SC;Sul;Colisão Traseira;1;2;;;;;1
11/12/2017;21:17:00;619;sem vítima;667,031;BR-376/PR;Sul;Colisão Traseira;2;2;;;;;1
12/12/2017;01:51:00;59;sem vítima;230,824;BR-101/SC;Sul;Colisão Traseira;2;2;;;;;1
12/12/2017;08:55:00;198;sem vítima;628,065;BR-376/PR;Norte;Colisão Lateral;1;4;;;;;1
12/12/2017;11:12:00;290;com vítima;24,019;BR-101/SC;Sul;Atropelamento - Funcionário;1;1;1;;;;1
12/12/2017;12:21:00;338;com vítima;207,113;BR-101/SC;Norte;Colisão Lateral;1;2;1;;;;1
12/12/2017;13:30:44;372;sem vítima;617,766;BR-376/PR;Sul;Choque - Defensa, barreira ou "submarino";1;1;;;;;1
12/12/2017;15:51:00;438;sem vítima;24,289;BR-101/SC;Sul;Colisão Traseira;2;2;;;;;1
12/12/2017;17:09:00;471;sem vítima;201,2;BR-101/SC;Sul;Colisão Traseira;1;2;;;;;1
12/12/2017;17:42:00;486;sem vítima;668,448;BR-376/PR;Sul;Saida de Pista;1;2;;;;;1
13/12/2017;07:27:00;131;sem vítima;676,63;BR-376/PR;Sul;Tombamento;1;3;;;;;1
13/12/2017;09:53:35;253;sem vítima;68,807;BR-101/SC;Sul;Colisão Traseira;1;2;;;;;1
13/12/2017;10:41:00;288;com vítima;208,899;BR-101/SC;Norte;Colisão Lateral;1;2;1;;;;1
13/12/2017;11:49:00;319;sem vítima;83,621;BR-101/SC;Norte;Saida de Pista;1;1;;;;;1
13/12/2017;13:29:00;360;com vítima;40,974;BR-101/SC;Sul;Colisão Lateral;1;1;2;;;;1
13/12/2017;14:38:00;390;sem vítima;197,001;BR-101/SC;Sul;Colisão Lateral;1;3;;;;;1
13/12/2017;15:47:00;433;sem vítima;202,001;BR-101/SC;Norte;Engavetamento;2;4;;;;;1
13/12/2017;16:28:00;449;sem vítima;40,774;BR-101/SC;Norte;Colisão Lateral;1;2;;;;;1
13/12/2017;18:31:00;531;com vítima;127,458;BR-101/SC;Sul;Engavetamento;1;3;1;;;;1
14/12/2017;06:35:00;125;sem vítima;61,001;BR-101/SC;Norte;Submersão;1;1;;;;;1
14/12/2017;06:53:00;137;com vítima;137,007;BR-101/SC;Sul;Colisão Lateral;1;1;1;;;;1
14/12/2017;07:38:00;165;sem vítima;668,438;BR-376/PR;Sul;Colisão Traseira;1;2;;;;;1
14/12/2017;10:17:00;302;sem vítima;1,35;BR-101/SC;Sul;Colisão Traseira;1;3;;;;;1
14/12/2017;13:25:00;393;sem vítima;125,786;BR-101/SC;Sul;Tombamento;1;1;;;;;1
14/12/2017;18:01:00;586;sem vítima;158,001;BR-101/SC;Sul;Colisão Traseira;1;3;;;;;1
15/12/2017;06:59:00;142;sem vítima;617,379;BR-376/PR;Sul;Tombamento;1;1;;;;;1
15/12/2017;07:27:00;156;sem vítima;616,85;BR-376/PR;Sul;Tombamento;1;1;;;;;1
15/12/2017;08:18:00;199;com vítima;39,543;BR-101/SC;Norte;Colisão Traseira;1;2;1;;;;1
15/12/2017;11:57:00;336;sem vítima;234,188;BR-101/SC;Sul;Engavetamento;2;5;;;;;1
15/12/2017;14:58:00;434;sem vítima;204,001;BR-101/SC;Sul;Colisão Frontal;1;2;;;;;1
15/12/2017;18:52:00;606;sem vítima;637,273;BR-376/PR;Sul;Colisão Traseira;1;2;;;;;1
15/12/2017;22:49:00;691;com vítima;87,001;BR-101/SC;Norte;Colisão Traseira;1;1;1;;;;1
16/12/2017;06:44:00;111;sem vítima;8,5;BR-101/SC;Sul;Choque - Defensa, barreira ou "submarino";1;1;;;;;1
16/12/2017;14:23:00;378;sem vítima;208,986;BR-101/SC;Norte;Colisão Lateral;1;2;;;;;1
16/12/2017;18:34:00;587;sem vítima;210,96;BR-101/SC;Norte;Engavetamento;1;3;;;;;1
17/12/2017;02:01:00;56;sem vítima;179,776;BR-101/SC;Sul;Tombamento;1;1;;;;;1
17/12/2017;03:17:00;78;sem vítima;157,73;BR-101/SC;Sul;Colisão Traseira;1;2;;;;;1
17/12/2017;09:48:00;227;sem vítima;79,35;BR-101/SC;Norte;Choque - Defensa, barreira ou "submarino";1;1;;;;;1
17/12/2017;15:57:00;422;sem vítima;1,35;BR-101/SC;Norte;Colisão Traseira;1;2;;;;;1
18/12/2017;00:42:00;14;sem vítima;669,9;BR-376/PR;Sul;Colisão Traseira;2;2;;;;;1
18/12/2017;11:07:00;288;sem vítima;135,6;BR-101/SC;Sul;Colisão Traseira;1;2;;;;;1
18/12/2017;11:46:00;308;sem vítima;157,73;BR-101/SC;Sul;Colisão Lateral;1;2;;;;;1
18/12/2017;12:35:00;330;sem vítima;211,001;BR-101/SC;Norte;Colisão Lateral;1;2;;;;;1
18/12/2017;13:35:00;359;sem vítima;130,763;BR-101/SC;Norte;Colisão Lateral;1;2;;;;;1
18/12/2017;16:17:00;438;sem vítima;50,091;BR-101/SC;Sul;Colisão Lateral;1;2;;;;;1
18/12/2017;19:28:00;568;com vítima;213,77;BR-101/SC;Norte;Colisão Traseira;1;1;1;;;;1
19/12/2017;01:14:00;32;sem vítima;92,4;BR-101/SC;Norte;Choque - Defensa, barreira ou "submarino";1;1;;;;;1
19/12/2017;05:19:00;83;sem vítima;200,043;BR-101/SC;Norte;Colisão Traseira;2;2;;;;;1
19/12/2017;06:13:00;96;sem vítima;83,837;BR-101/SC;Norte;Colisão Traseira;2;2;;;;;1
19/12/2017;08:26:00;176;sem vítima;200,234;BR-101/SC;Norte;Colisão Lateral;1;2;;;;;1
19/12/2017;09:52:00;235;sem vítima;21,152;BR-101/SC;Sul;Colisão Traseira;1;2;;;;;1
19/12/2017;10:26:00;258;com vítima;109,15;BR-116/PR;Sul;Tombamento;1;0;1;;;;1
19/12/2017;11:58:00;300;sem vítima;212,85;BR-101/SC;Norte;Engavetamento;1;3;;;;;1
19/12/2017;12:26:00;309;sem vítima;40,087;BR-101/SC;Norte;Colisão Lateral;1;2;;;;;1
19/12/2017;14:10:00;350;com vítima;211,937;BR-101/SC;Norte;Queda de Moto;1;1;1;;;;1
19/12/2017;14:23:00;353;sem vítima;616,5;BR-376/PR;Norte;Colisão Traseira;3;3;;;;;1
19/12/2017;16:13:00;417;sem vítima;206,019;BR-101/SC;Norte;Colisão Traseira;1;2;;;;;1
20/12/2017;05:23:00;106;com vítima;68,884;BR-101/SC;Sul;Colisão Traseira;1;1;;1;;;2
20/12/2017;05:28:00;108;sem vítima;34,6;BR-101/SC;Sul;Colisão Lateral;1;2;;;;;1
20/12/2017;11:44:00;307;sem vítima;640,542;BR-376/PR;Norte;Saida de Pista;1;1;;;;;1
20/12/2017;18:22:00;551;sem vítima;617,129;BR-376/PR;Sul;Engavetamento;1;8;;;;;1
20/12/2017;20:41:00;600;sem vítima;214,001;BR-101/SC;Norte;Colisão Lateral;1;2;;;;;1
20/12/2017;20:59:00;606;sem vítima;51,078;BR-101/SC;Norte;Colisão Lateral;1;2;;;;;1
21/12/2017;08:25:00;146;sem vítima;652,498;BR-376/PR;Sul;Choque - Talude;1;1;;;;;1
21/12/2017;09:41:00;180;sem vítima;115,259;BR-101/SC;Sul;Choque - Defensa, barreira ou "submarino";1;1;;;;;1
21/12/2017;10:40:00;217;com vítima;200,49;BR-101/SC;Sul;Colisão Traseira;1;1;2;;;;1
21/12/2017;12:05:00;267;sem vítima;143,201;BR-101/SC;Sul;Engavetamento;1;3;;;;;1
21/12/2017;14:07:00;314;sem vítima;216,8;BR-101/SC;Norte;Colisão Traseira;1;2;;;;;1
21/12/2017;14:39:00;327;sem vítima;204,834;BR-101/SC;Sul;Colisão Traseira;1;2;;;;;1
21/12/2017;14:47:00;334;sem vítima;1,25;BR-101/SC;Sul;Colisão Traseira;1;2;;;;;1
21/12/2017;15:53:00;388;sem vítima;638,031;BR-376/PR;Norte;Saida de Pista;2;2;;;;;1
21/12/2017;16:55:00;432;sem vítima;72,5;BR-101/SC;Sul;Colisão Lateral;1;4;;;;;1
21/12/2017;17:28:00;454;sem vítima;71,577;BR-101/SC;Sul;Engavetamento;1;6;;;;;1
21/12/2017;18:33:00;503;sem vítima;119,001;BR-101/SC;Sul;Colisão Lateral;1;2;;;;;1
21/12/2017;18:49:00;514;sem vítima;100,2;BR-116/PR;Sul;Colisão Traseira;2;3;;;;;1
22/12/2017;07:17:00;132;sem vítima;665,062;BR-376/PR;Sul;Saida de Pista;1;1;;;;;1
22/12/2017;09:53:00;218;sem vítima;152,497;BR-101/SC;Sul;Engavetamento;1;2;;;;;1
22/12/2017;10:10:00;233;com vítima;666,197;BR-376/PR;Norte;Colisão Traseira;1;1;;;1;;2
22/12/2017;11:06:00;273;sem vítima;671,6;BR-376/PR;Sul;Engavetamento;2;9;;;;;1
22/12/2017;13:45:00;352;sem vítima;135,021;BR-101/SC;Sul;Saida de Pista;1;2;;;;;1
22/12/2017;13:56:00;356;sem vítima;135,001;BR-101/SC;Sul;Colisão Traseira;1;2;;;;;1
22/12/2017;14:55:00;394;com vítima;103,365;BR-116/PR;Sul;Colisão Lateral;1;1;1;;;;1
22/12/2017;15:37:00;434;sem vítima;144,173;BR-101/SC;Norte;Colisão Traseira;1;2;;;;;1
22/12/2017;15:55:00;451;sem vítima;102,001;BR-116/PR;Sul;Colisão Traseira;1;3;;;;;1
22/12/2017;17:02:00;509;sem vítima;134,35;BR-101/SC;Sul;Colisão Traseira;2;2;;;;;1
22/12/2017;18:36:00;579;sem vítima;665,128;BR-376/PR;Sul;Saida de Pista;1;1;;;;;1
23/12/2017;08:23:00;203;sem vítima;78,5;BR-101/SC;Sul;Colisão Traseira;1;4;;;;;1
23/12/2017;12:30:00;351;sem vítima;74,046;BR-101/SC;Sul;Engavetamento;1;6;;;;;1
23/12/2017;13:50:00;400;sem vítima;671,7;BR-376/PR;Sul;Saida de Pista;1;1;;;;;1
23/12/2017;17:42:00;553;sem vítima;119,2;BR-101/SC;Sul;Colisão Lateral;1;2;;;;;1
23/12/2017;17:47:00;558;sem vítima;660,001;BR-376/PR;Norte;Colisão Lateral;1;2;;;;;1
23/12/2017;23:35:00;685;com vítima;11,208;BR-101/SC;Sul;Atropelamento - Andarilho;1;1;;;1;;2
24/12/2017;02:05:00;38;sem vítima;217,1;BR-101/SC;Sul;Tombamento;1;1;;;;;1
24/12/2017;11:33:00;250;sem vítima;666,527;BR-376/PR;Norte;Colisão Traseira;1;2;;;;;1
25/12/2017;16:00:00;346;sem vítima;665,001;BR-376/PR;Sul;Colisão Lateral;1;2;;;;;1
26/12/2017;07:23:00;159;com vítima;207,277;BR-101/SC;Sul;Colisão Traseira;1;2;1;;;;1
26/12/2017;11:32:00;308;sem vítima;119,277;BR-101/SC;Norte;Colisão Traseira;1;2;;;;;1
26/12/2017;13:56:00;360;sem vítima;678,001;BR-376/PR;Sul;Colisão Lateral;1;2;;;;;1
26/12/2017;16:28:00;447;sem vítima;79,4;BR-101/SC;Sul;Colisão Traseira;1;3;;;;;1
26/12/2017;19:36:00;553;com vítima;15,965;BR-101/SC;Norte;Colisão Lateral;1;2;;1;;;2
26/12/2017;23:19:00;633;com vítima;10,538;BR-101/SC;Norte;Saida de Pista;1;0;;1;;;2
27/12/2017;01:30:00;36;sem vítima;668,348;BR-376/PR;Sul;Choque - Defensa, barreira ou "submarino";1;1;;;;;1
27/12/2017;03:24:00;75;sem vítima;166,384;BR-101/SC;Sul;Tombamento;1;1;;;;;1
27/12/2017;13:37:00;382;sem vítima;3,962;BR-101/SC;Sul;Colisão Traseira;1;2;;;;;1
27/12/2017;13:49:00;391;sem vítima;615,517;BR-376/PR;Norte;Colisão Traseira;1;2;;;;;1
27/12/2017;15:21:00;444;sem vítima;137,56;BR-101/SC;Sul;Colisão Lateral;1;2;;;;;1
27/12/2017;15:43:00;454;sem vítima;38,512;BR-101/SC;Sul;Choque - Defensa, barreira ou "submarino";1;1;;;;;1
27/12/2017;16:02:00;466;sem vítima;665,183;BR-376/PR;Sul;Colisão Lateral;1;2;;;;;1
27/12/2017;18:20:00;551;sem vítima;102,7;BR-101/SC;Sul;Colisão Traseira;1;2;;;;;1
27/12/2017;20:01:00;604;sem vítima;206,8;BR-101/SC;Sul;Engavetamento;1;3;;;;;1
28/12/2017;15:10:00;421;sem vítima;122,599;BR-101/SC;Sul;Colisão Traseira;2;2;;;;;1
28/12/2017;15:56:00;439;sem vítima;114,1;BR-101/SC;Sul;Colisão Traseira;1;2;;;;;1
28/12/2017;16:30:00;463;sem vítima;111,431;BR-101/SC;Sul;Colisão Transversal;1;2;;;;;1
29/12/2017;01:28:00;37;sem vítima;101,925;BR-116/PR;Sul;Tombamento;1;1;;;;;1
29/12/2017;05:38:00;93;sem vítima;138,433;BR-101/SC;Norte;Colisão Traseira;1;2;;;;;1
29/12/2017;05:50:00;106;sem vítima;660,481;BR-376/PR;Norte;Choque - Defensa, barreira ou "submarino";1;1;;;;;1
29/12/2017;09:07:00;194;sem vítima;135,229;BR-101/SC;Sul;Colisão Traseira;1;5;;;;;1
29/12/2017;09:15:00;201;sem vítima;659,714;BR-376/PR;Sul;Saida de Pista;1;1;;;;;1
29/12/2017;12:33:00;293;com vítima;95,202;BR-101/SC;Norte;Colisão Lateral;1;2;1;;;;1
29/12/2017;15:34:00;370;sem vítima;38,786;BR-101/SC;Norte;Engavetamento;1;4;;;;;1
29/12/2017;15:59:00;383;sem vítima;54,458;BR-101/SC;Sul;Engavetamento;1;4;;;;;1
30/12/2017;05:09:00;109;sem vítima;195,139;BR-101/SC;Sul;Saida de Pista;1;3;;;;;1
30/12/2017;06:15:00;112;sem vítima;195,3;BR-101/SC;Sul;Colisão Traseira;1;2;;;;;1
30/12/2017;10:34:00;250;sem vítima;111,8;BR-101/SC;Sul;Colisão Traseira;1;2;;;;;1
30/12/2017;12:31:00;303;com vítima;145,23;BR-101/SC;Norte;Colisão Traseira;1;1;2;;;;1
31/12/2017;07:21:00;121;sem vítima;116,6;BR-101/SC;Norte;Colisão Traseira;1;2;;;;;1
01/01/2018;18:26:00;518;sem vítima;81,001;BR-101/SC;Norte;Colisão Traseira;1;2;;;;;1
02/01/2018;04:54:00;110;sem vítima;173,8;BR-101/SC;Norte;Colisão Traseira;1;3;;;;;1
02/01/2018;08:08:00;193;com vítima;35,363;BR-101/SC;Sul;Atropelamento - Outros;1;1;;1;;;2
02/01/2018;08:36:00;233;sem vítima;35,363;BR-101/SC;Sul;Colisão Traseira;2;2;;;;;1
02/01/2018;09:08:00;238;sem vítima;667,745;BR-376/PR;Sul;Colisão Traseira;2;2;;;;;1
02/01/2018;12:17:00;363;sem vítima;44,927;BR-101/SC;Norte;Colisão Traseira;2;2;;;;;1
02/01/2018;12:15:00;376;sem vítima;212,3;BR-101/SC;Sul;Colisão Traseira;1;2;;;;;1
02/01/2018;16:22:00;564;sem vítima;93,001;BR-101/SC;Sul;Colisão Traseira;1;2;;;;;1
02/01/2018;18:54:00;687;sem vítima;122,7;BR-101/SC;Norte;Colisão Lateral;1;2;;;;;1
02/01/2018;21:13:00;768;sem vítima;657,2;BR-376/PR;Norte;Engavetamento;2;5;;;;;1
02/01/2018;21:43:00;787;sem vítima;157,001;BR-101/SC;Norte;Colisão Lateral;1;2;;;;;1
03/01/2018;08:03:00;183;sem vítima;637,598;BR-376/PR;Norte;Engavetamento;2;5;;;;;1
03/01/2018;08:24:00;200;sem vítima;119,6;BR-101/SC;Norte;Colisão Lateral;1;2;;;;;1
03/01/2018;10:23:00;281;sem vítima;132,001;BR-101/SC;Norte;Colisão Lateral;1;2;;;;;1
03/01/2018;15:42:00;488;sem vítima;663,325;BR-376/PR;Norte;Colisão Traseira;2;2;;;;;1
03/01/2018;15:43:00;490;sem vítima;215,668;BR-101/SC;Norte;Colisão Traseira;1;2;;;;;1
03/01/2018;16:20:00;516;sem vítima;83,001;BR-101/SC;Norte;Colisão Lateral;1;2;;;;;1
03/01/2018;16:27:00;522;sem vítima;17,001;BR-101/SC;Norte;Engavetamento;2;3;;;;;1
03/01/2018;16:36:00;553;sem vítima;151,399;BR-101/SC;Norte;Colisão Lateral;1;2;;;;;1
04/01/2018;10:42:00;307;sem vítima;55,105;BR-101/SC;Norte;Colisão Traseira;1;2;;;;;1
04/01/2018;11:18:00;334;sem vítima;243,001;BR-101/SC;Sul;Colisão Traseira;1;2;;;;;1
04/01/2018;15:34:00;494;sem vítima;203,98;BR-101/SC;Norte;Colisão Traseira;1;2;;;;;1
04/01/2018;19:50:00;682;sem vítima;127,35;BR-101/SC;Sul;Colisão Lateral;1;2;;;;;1
04/01/2018;21:31:00;712;sem vítima;128,97;BR-101/SC;Sul;Atropelamento de Animal;1;1;;;;;1
05/01/2018;00:22:00;7;sem vítima;82,587;BR-116/PR;Sul;Tombamento;1;1;;;;;1
05/01/2018;01:36:00;50;sem vítima;94,6;BR-116/PR;Sul;Colisão Traseira;1;2;;;;;1
05/01/2018;07:59:00;153;sem vítima;114,532;BR-116/PR;Norte;Saida de Pista;1;2;;;;;1
05/01/2018;10:07:00;240;sem vítima;618,356;BR-376/PR;Sul;Colisão Traseira;1;7;;;;;1
05/01/2018;10:24:00;247;sem vítima;205,4;BR-101/SC;Sul;Colisão Transversal;1;2;;;;;1
05/01/2018;12:14:00;293;sem vítima;671,7;BR-376/PR;Sul;Saida de Pista;1;1;;;;;1
06/01/2018;04:20:00;91;sem vítima;219,001;BR-101/SC;Norte;Colisão Traseira;1;3;;;;;1
06/01/2018;09:46:00;242;sem vítima;212,8;BR-101/SC;Norte;Colisão Traseira;1;2;;;;;1
06/01/2018;10:25:00;264;sem vítima;30,35;BR-101/SC;Norte;Colisão Traseira;1;3;;;;;1
06/01/2018;14:55:00;403;com vítima;109,32;BR-101/SC;Sul;Tombamento;1;1;1;;;;1
06/01/2018;17:06:00;504;sem vítima;193,687;BR-101/SC;Norte;Colisão Lateral;1;2;;;;;1
06/01/2018;18:46:00;571;sem vítima;196,219;BR-101/SC;Sul;Colisão Traseira;1;2;;;;;1
06/01/2018;22:11:00;656;sem vítima;51,5;BR-101/SC;Norte;Engavetamento;1;3;;;;;1
07/01/2018;16:19:00;416;sem vítima;642,8;BR-376/PR;Norte;Colisão Traseira;1;2;;;;;1
07/01/2018;17:05:00;440;sem vítima;229,195;BR-101/SC;Norte;Colisão Lateral;1;2;;;;;1
07/01/2018;20:00:00;518;sem vítima;109,88;BR-116/PR;Norte;Saida de Pista;1;1;;;;;1
08/01/2018;12:16:00;337;sem vítima;209,707;BR-101/SC;Norte;Colisão Traseira;1;3;;;;;1
08/01/2018;15:34:00;446;com vítima;40,2;BR-101/SC;Norte;Colisão Traseira;1;4;4;;;;1
09/01/2018;07:33:00;124;com vítima;193,061;BR-101/SC;Sul;Tombamento;1;0;1;;;;1
09/01/2018;09:40:00;212;sem vítima;145,192;BR-101/SC;Norte;Colisão Traseira;1;2;;;;;1
09/01/2018;12:35:00;286;com vítima;616,253;BR-376/PR;Norte;Colisão Lateral;1;1;2;;;;1
09/01/2018;14:23:00;335;sem vítima;79,4;BR-101/SC;Sul;Colisão Traseira;2;2;;;;;1
09/01/2018;18:13:00;468;sem vítima;672,001;BR-376/PR;Sul;Colisão Lateral;1;2;;;;;1
09/01/2018;18:22:00;473;com vítima;667,479;BR-376/PR;Sul;Colisão Lateral;2;1;3;;;;1
09/01/2018;18:42:00;481;sem vítima;215,766;BR-101/SC;Norte;Colisão Traseira;1;2;;;;;1
10/01/2018;07:02:00;108;sem vítima;682,1;BR-376/PR;Norte;Colisão Traseira;2;2;;;;;1
10/01/2018;06:52:00;117;sem vítima;43,18;BR-101/SC;Norte;Colisão Lateral;1;2;;;;;1
10/01/2018;07:06:00;120;sem vítima;116,5;BR-101/SC;Norte;Engavetamento;1;5;;;;;1
10/01/2018;11:52:00;285;sem vítima;671,7;BR-376/PR;Sul;Colisão Traseira;2;2;;;;;1
10/01/2018;13:35:00;344;sem vítima;58,1;BR-101/SC;Norte;Choque - Defensa, barreira ou "submarino";1;1;;;;;1
10/01/2018;15:54:00;401;sem vítima;133,415;BR-101/SC;Sul;Choque - Defensa, barreira ou "submarino";1;1;;;;;1
10/01/2018;15:54:00;402;sem vítima;110,5;BR-116/PR;Norte;Saida de Pista;1;1;;;;;1
10/01/2018;16:06:00;405;sem vítima;98,001;BR-116/PR;Sul;Colisão Traseira;2;2;;;;;1
10/01/2018;22:37:00;569;sem vítima;86,001;BR-101/SC;Sul;Colisão Traseira;1;2;;;;;1
11/01/2018;04:38:00;100;sem vítima;95,1;BR-116/PR;Sul;Saida de Pista;1;2;;;;;1
11/01/2018;07:06:00;140;sem vítima;136,937;BR-101/SC;Sul;Colisão Lateral;1;2;;;;;1
11/01/2018;09:18:00;222;sem vítima;242,985;BR-101/SC;Norte;Colisão Traseira;2;3;;;;;1
11/01/2018;10:15:00;257;sem vítima;681,533;BR-376/PR;Sul;Colisão Lateral;1;3;;;;;1
11/01/2018;11:20:00;285;sem vítima;121,745;BR-101/SC;Norte;Colisão Traseira;2;2;;;;;1
11/01/2018;11:42:00;300;sem vítima;674,485;BR-376/PR;Norte;Colisão Traseira;1;2;;;;;1
11/01/2018;11:48:00;302;sem vítima;103,076;BR-116/PR;Norte;Saida de Pista;1;1;;;;;1
11/01/2018;15:52:00;425;sem vítima;635,001;BR-376/PR;Norte;Colisão Lateral;1;2;;;;;1
11/01/2018;19:06:00;523;sem vítima;211,449;BR-101/SC;Norte;Choque - Defensa, barreira ou "submarino";1;1;;;;;1
11/01/2018;21:35:00;582;sem vítima;150,356;BR-101/SC;Norte;Colisão Lateral;1;2;;;;;1
11/01/2018;21:52:00;586;sem vítima;157,45;BR-101/SC;Sul;Colisão Traseira;1;2;;;;;1
12/01/2018;09:41:00;243;sem vítima;157,73;BR-101/SC;Sul;Engavetamento;2;3;;;;;1
12/01/2018;12:29:00;326;sem vítima;213,558;BR-101/SC;Norte;Saida de Pista;1;2;;;;;1
12/01/2018;14:05:00;371;sem vítima;201,85;BR-101/SC;Sul;Colisão Traseira;1;2;;;;;1
12/01/2018;15:48:00;426;sem vítima;228,8;BR-101/SC;Norte;Colisão Traseira;1;2;;;;;1
12/01/2018;17:57:00;498;sem vítima;213,001;BR-101/SC;Norte;Colisão Traseira;1;2;;;;;1
13/01/2018;01:43:00;51;sem vítima;45,85;BR-101/SC;Norte;Saida de Pista;1;1;;;;;1
13/01/2018;12:40:00;333;sem vítima;1,35;BR-101/SC;Sul;Colisão Traseira;1;2;;;;;1
13/01/2018;16:29:00;458;sem vítima;83,692;BR-116/PR;Sul;Colisão Lateral;1;2;;;;;1
13/01/2018;17:26:00;493;sem vítima;102,001;BR-116/PR;Norte;Saida de Pista;1;1;;;;;1
13/01/2018;21:50:00;591;sem vítima;666,001;BR-376/PR;Sul;Colisão Traseira;2;2;;;;;1
13/01/2018;22:40:00;603;com vítima;172,1;BR-101/SC;Norte;Colisão Traseira;1;1;1;;;;1
14/01/2018;01:39:00;32;com vítima;43,5;BR-101/SC;Norte;Colisão Traseira;1;1;1;;;;1
14/01/2018;16:32:00;384;sem vítima;1,397;BR-101/SC;Sul;Colisão Traseira;1;2;;;;;1
14/01/2018;21:55:00;525;sem vítima;193,044;BR-101/SC;Norte;Engavetamento;2;3;;;;;1
14/01/2018;23:58:00;567;sem vítima;141,519;BR-101/SC;Sul;Colisão Traseira;1;2;;;;;1
15/01/2018;08:28:00;154;sem vítima;242,985;BR-101/SC;Norte;Colisão Traseira;1;2;;;;;1
15/01/2018;12:14:00;280;sem vítima;112,5;BR-101/SC;Sul;Colisão Traseira;1;2;;;;;1
15/01/2018;14:50:00;379;com vítima;106,334;BR-101/SC;Sul;Colisão Traseira;1;3;1;;;;1
16/01/2018;08:45:00;159;sem vítima;84,524;BR-101/SC;Sul;Colisão Lateral;1;2;;;;;1
16/01/2018;09:02:00;172;sem vítima;149,186;BR-101/SC;Sul;Engavetamento;1;4;;;;;1
16/01/2018;10:57:00;230;sem vítima;127,001;BR-101/SC;Sul;Colisão Lateral;1;2;;;;;1
16/01/2018;11:11:00;246;com vítima;53,761;BR-101/SC;Sul;Colisão Traseira;2;1;;;1;;2
16/01/2018;12:01:00;273;sem vítima;93,076;BR-101/SC;Norte;Colisão Lateral;1;3;;;;;1
16/01/2018;12:45:00;284;sem vítima;54,001;BR-101/SC;Norte;Colisão Traseira;1;2;;;;;1
16/01/2018;14:03:00;310;com vítima;217,001;BR-101/SC;Norte;Colisão Traseira;1;1;1;;;;1
16/01/2018;15:17:00;357;sem vítima;200,3;BR-101/SC;Norte;Colisão Lateral;1;2;;;;;1
16/01/2018;22:10:00;568;sem vítima;113,461;BR-101/SC;Sul;Choque - Defensa, barreira ou "submarino";1;1;;;;;1
16/01/2018;22:13:00;569;sem vítima;192,001;BR-101/SC;Norte;Engavetamento;2;3;;;;;1
17/01/2018;04:29:00;72;sem vítima;2,6;BR-101/SC;Sul;Choque - Defensa, barreira ou "submarino";1;1;;;;;1
17/01/2018;14:19:00;381;sem vítima;99,4;BR-116/PR;Sul;Colisão Traseira;2;2;;;;;1
17/01/2018;15:40:00;446;com vítima;172,961;BR-101/SC;Norte;Colisão Traseira;1;1;1;;;;1
17/01/2018;16:11:00;457;sem vítima;50,777;BR-101/SC;Sul;Choque - Defensa, barreira ou "submarino";1;1;;;;;1
17/01/2018;18:04:00;520;sem vítima;52,1;BR-101/SC;Norte;Saida de Pista;1;1;;;;;1
17/01/2018;18:33:00;537;sem vítima;203,082;BR-101/SC;Norte;Colisão Traseira;1;2;;;;;1
17/01/2018;23:29:00;647;sem vítima;243,001;BR-101/SC;Norte;Outros;1;1;;;;;1
17/01/2018;23:35:00;649;sem vítima;155,19;BR-101/SC;Norte;Tombamento;1;1;;;;;1
18/01/2018;06:21:00;72;sem vítima;87,463;BR-116/PR;Sul;Tombamento;1;1;;;;;1
18/01/2018;06:51:00;76;sem vítima;668,001;BR-376/PR;Norte;Saida de Pista;1;1;;;;;1
18/01/2018;09:36:00;188;sem vítima;102,499;BR-101/SC;Sul;Saida de Pista;1;1;;;;;1
18/01/2018;16:44:00;465;sem vítima;120,2;BR-101/SC;Norte;Colisão Lateral;1;2;;;;;1
18/01/2018;20:38:00;597;sem vítima;203,255;BR-101/SC;Norte;Engavetamento;1;9;;;;;1
18/01/2018;23:49:00;669;sem vítima;213,1;BR-101/SC;Sul;Colisão Traseira;2;2;;;;;1
19/01/2018;10:34:00;309;sem vítima;157,73;BR-101/SC;Sul;Colisão Traseira;1;2;;;;;1
19/01/2018;13:26:00;370;sem vítima;1,278;BR-101/SC;Sul;Choque - Defensa, barreira ou "submarino";1;1;;;;;1
19/01/2018;15:37:00;432;sem vítima;13,001;BR-101/SC;Norte;Colisão Traseira;1;2;;;;;1
19/01/2018;16:14:00;454;sem vítima;43,001;BR-101/SC;Norte;Colisão Traseira;1;2;;;;;1
19/01/2018;17:27:00;492;sem vítima;653,494;BR-376/PR;Norte;Saida de Pista;1;1;;;;;1
19/01/2018;18:07:00;511;com vítima;114,933;BR-116/PR;Sul;Colisão Traseira;2;4;1;;;;1
19/01/2018;18:11:00;514;sem vítima;124,001;BR-101/SC;Sul;Colisão Traseira;1;3;;;;;1
19/01/2018;18:23:00;522;sem vítima;163,2;BR-101/SC;Sul;Colisão Lateral;1;3;;;;;1
19/01/2018;18:57:00;530;sem vítima;30,001;BR-101/SC;Norte;;1;1;;;;;1
19/01/2018;19:41:00;553;sem vítima;665,538;BR-376/PR;Sul;Colisão Traseira;1;2;;;;;1
19/01/2018;20:14:00;565;com vítima;90,972;BR-101/SC;Norte;Capotamento;1;1;1;;;;1
19/01/2018;22:50:00;616;com vítima;93,9;BR-116/PR;Norte;Colisão Traseira;1;1;1;;;;1