data;horario;n_da_ocorrencia;tipo_de_ocorrencia;km;trecho;sentido;tipo_de_acidente;caminhao;ilesos;levemente_feridos;moderadamente_feridos;gravemente_feridos;mortos;3
20/01/2018;08:39:00;133;sem vítima;638,85;BR-376/PR;Norte;Colisão Lateral;1;3;;;;;1
20/01/2018;09:44:00;168;sem vítima;1,3;BR-101/SC;Sul;Choque - Defensa, barreira ou "submarino";1;1;;;;;1
20/01/2018;10:02:00;178;sem vítima;79,4;BR-101/SC;Sul;Colisão Traseira;1;2;;;;;1
20/01/2018;10:35:00;195;sem vítima;652,83;BR-376/PR;Sul;Colisão Traseira;1;2;;;;;1
20/01/2018;14:05:00;286;sem vítima;204,048;BR-101/SC;Sul;Colisão Traseira;1;2;;;;;1
20/01/2018;15:53:00;347;sem vítima;663,779;BR-376/PR;Sul;Colisão Lateral;1;2;;;;;1
20/01/2018;22:11:00;509;sem vítima;150,304;BR-101/SC;Norte;Objeto lançado contra veículo;1;3;;;;;1
21/01/2018;01:28:00;28;sem vítima;41,7;BR-101/SC;Norte;Colisão Traseira;1;2;;;;;1
21/01/2018;03:00:00;54;sem vítima;83,04;BR-116/PR;Sul;Saida de Pista;1;2;;;;;1
21/01/2018;09:00:00;125;sem vítima;641,137;BR-376/PR;Sul;Colisão Traseira;1;2;;;;;1
21/01/2018;14:56:00;261;sem vítima;663,895;BR-376/PR;Norte;Tombamento;1;1;;;;;1
21/01/2018;17:41:00;352;sem vítima;138,202;BR-101/SC;Norte;Engavetamento;1;3;;;;;1
21/01/2018;21:28:00;435;sem vítima;213,001;BR-101/SC;Sul;Colisão Traseira;1;2;;;;;1
22/01/2018;01:14:00;17;com vítima;667,7;BR-376/PR;Sul;Tombamento;1;0;;1;;;2
22/01/2018;09:02:00;130;sem vítima;614,873;BR-376/PR;Norte;Colisão Traseira;1;5;;;;;1
22/01/2018;16:55:00;383;sem vítima;39,925;BR-101/SC;Sul;Outros;1;1;;;;;1
22/01/2018;17:06:00;389;sem vítima;39,555;BR-101/SC;Sul;Colisão Traseira;2;2;;;;;1
22/01/2018;17:51:00;413;sem vítima;216,388;BR-101/SC;Norte;Engavetamento;1;9;;;;;1
22/01/2018;19:38:00;456;sem vítima;10,927;BR-101/SC;Sul;Choque - Defensa, barreira ou "submarino";1;1;;;;;1
22/01/2018;22:48:00;517;sem vítima;666,7;BR-376/PR;Sul;Saida de Pista;1;1;;;;;1
23/01/2018;00:27:00;10;sem vítima;635,001;BR-376/PR;Norte;Engavetamento;1;3;;;;;1
23/01/2018;06:30:00;87;sem vítima;680,821;BR-376/PR;Sul;Colisão Lateral;1;2;;;;;1
23/01/2018;06:32:00;88;sem vítima;212,099;BR-101/SC;Norte;Choque - Defensa, barreira ou "submarino";1;2;;;;;1
23/01/2018;10:24:00;240;sem vítima;121,838;BR-101/SC;Norte;Engavetamento;1;3;;;;;1
23/01/2018;15:51:00;405;sem vítima;163,322;BR-101/SC;Sul;Colisão Traseira;1;2;;;;;1
23/01/2018;16:32:00;450;sem vítima;108,021;BR-116/PR;Norte;Colisão Lateral;2;4;;;;;1
23/01/2018;23:06:00;644;sem vítima;4,35;BR-101/SC;Norte;Saida de Pista;1;1;;;;;1
24/01/2018;08:41:00;191;com vítima;235,892;BR-101/SC;Norte;Colisão Lateral;1;1;1;;;;1
24/01/2018;08:44:00;194;sem vítima;107,001;BR-116/PR;Norte;Engavetamento;2;5;;;;;1
24/01/2018;11:21:00;308;sem vítima;204,601;BR-101/SC;Norte;Colisão Lateral;1;3;;;;;1
24/01/2018;11:32:00;317;com vítima;206,17;BR-101/SC;Norte;Colisão Traseira;1;1;1;;;;1
24/01/2018;11:55:00;323;sem vítima;192,636;BR-101/SC;Norte;Colisão Lateral;1;2;;;;;1
24/01/2018;13:17:00;354;sem vítima;210,001;BR-101/SC;Norte;;1;2;;;;;1
24/01/2018;17:32:00;523;sem vítima;121,939;BR-101/SC;Norte;Colisão Traseira;1;2;;;;;1
24/01/2018;19:26:00;576;com vítima;220,166;BR-101/SC;Norte;Choque - Defensa, barreira ou "submarino";1;2;3;;1;;2
24/01/2018;22:31:00;647;com vítima;28,8;BR-101/SC;Norte;Colisão Traseira;1;1;;1;;;2
25/01/2018;04:54:00;96;sem vítima;89,72;BR-116/PR;Sul;Tombamento;1;1;;;;;1
25/01/2018;10:02:00;254;sem vítima;85,061;BR-116/PR;Sul;Colisão Lateral;1;2;;;;;1
25/01/2018;10:52:00;277;sem vítima;56,408;BR-101/SC;Sul;Tombamento;1;1;;;;;1
25/01/2018;12:13:00;309;com vítima;40,981;BR-101/SC;Sul;Atropelamento - Morador;1;1;;;;1;3
25/01/2018;15:51:00;362;sem vítima;217,825;BR-101/SC;Sul;Colisão Lateral;1;2;;;;;1
25/01/2018;17:29:00;456;sem vítima;206,205;BR-101/SC;Norte;Engavetamento;1;3;;;;;1
25/01/2018;17:37:00;459;sem vítima;117,001;BR-101/SC;Norte;Colisão Traseira;1;2;;;;;1
25/01/2018;18:41:00;487;sem vítima;98,464;BR-116/PR;Norte;Colisão Traseira;1;3;;;;;1
25/01/2018;20:45:00;549;com vítima;28,305;BR-101/SC;Sul;Colisão Traseira;2;1;1;;;;1
26/01/2018;00:27:00;9;com vítima;77,726;BR-116/PR;Sul;Colisão Traseira;2;1;1;;;;1
26/01/2018;04:38:00;66;sem vítima;157,4;BR-101/SC;Norte;Colisão Traseira;1;2;;;;;1
26/01/2018;07:37:00;105;sem vítima;216,8;BR-101/SC;Norte;Saida de Pista;1;1;;;;;1
26/01/2018;08:50:00;138;sem vítima;110,592;BR-116/PR;Sul;Engavetamento;1;3;;;;;1
26/01/2018;09:17:00;151;sem vítima;13,026;BR-101/SC;Sul;Saida de Pista;1;1;;;;;1
26/01/2018;09:21:00;155;sem vítima;92,458;BR-116/PR;Sul;Engavetamento;3;3;;;;;1
26/01/2018;11:51:00;238;com vítima;108,001;BR-101/SC;Sul;Colisão Traseira;1;1;;1;;;2
26/01/2018;16:11:00;369;com vítima;620,532;BR-376/PR;Norte;Colisão Traseira;1;1;1;;;;1
26/01/2018;22:21:00;565;sem vítima;65,8;BR-101/SC;Sul;Colisão Traseira;2;2;;;;;1
27/01/2018;00:52:00;27;sem vítima;663,4;BR-376/PR;Norte;Tombamento;1;1;;;;;1
27/01/2018;03:51:00;69;sem vítima;156,283;BR-101/SC;Norte;Colisão Traseira;2;2;;;;;1
27/01/2018;03:52:00;70;sem vítima;112,264;BR-116/PR;Norte;Colisão Traseira;2;2;;;;;1
27/01/2018;05:44:00;90;com vítima;192,231;BR-101/SC;Sul;Atropelamento - Morador;1;1;;;;1;3
27/01/2018;06:05:00;95;sem vítima;662,786;BR-376/PR;Sul;Colisão Traseira;1;2;;;;;1
27/01/2018;06:15:00;99;com vítima;134,271;BR-101/SC;Sul;Colisão Traseira;1;1;;;1;;2
27/01/2018;06:29:00;104;sem vítima;134,088;BR-101/SC;Sul;Colisão Traseira;1;2;;;;;1
27/01/2018;11:22:00;286;sem vítima;45,646;BR-101/SC;Sul;Colisão Lateral;1;2;;;;;1
27/01/2018;15:40:00;431;sem vítima;653,792;BR-376/PR;Norte;Colisão Lateral;2;2;;;;;1
27/01/2018;18:57:00;552;sem vítima;157,434;BR-101/SC;Norte;Colisão Traseira;2;2;;;;;1
27/01/2018;20:15:00;589;sem vítima;167,912;BR-101/SC;Norte;Colisão Traseira;1;2;;;;;1
28/01/2018;00:37:00;9;sem vítima;670,752;BR-376/PR;Norte;Tombamento;1;1;;;;;1
28/01/2018;08:27:00;139;sem vítima;664,665;BR-376/PR;Norte;;1;1;;;;;1
29/01/2018;00:44:00;23;sem vítima;651,3;BR-376/PR;Norte;Choque - Defensa, barreira ou "submarino";1;2;;;;;1
29/01/2018;06:31:00;104;sem vítima;240,513;BR-101/SC;Norte;Saida de Pista;1;1;;;;;1
29/01/2018;07:54:00;146;com vítima;657,227;BR-376/PR;Sul;Tombamento;1;0;2;;;;1
29/01/2018;12:07:00;274;com vítima;121,923;BR-101/SC;Norte;Colisão Lateral;1;1;;1;;;2
29/01/2018;18:04:00;467;sem vítima;211,001;BR-101/SC;Norte;Engavetamento;1;3;;;;;1
29/01/2018;19:30:00;504;com vítima;146,9;BR-101/SC;Sul;Colisão Lateral;1;1;1;;;;1
29/01/2018;22:51:00;574;com vítima;211,463;BR-101/SC;Sul;Capotamento;1;1;3;;;;1
29/01/2018;23:01:00;578;sem vítima;212,215;BR-101/SC;Sul;Colisão Lateral;1;2;;;;;1
30/01/2018;00:07:00;4;sem vítima;668,792;BR-376/PR;Sul;Saida de Pista;1;1;;;;;1
30/01/2018;08:59:00;179;sem vítima;30,758;BR-101/SC;Sul;Colisão Traseira;1;2;;;;;1
30/01/2018;15:47:00;410;com vítima;624,001;BR-376/PR;Sul;Colisão Traseira;1;2;1;;;;1
30/01/2018;19:20:00;557;sem vítima;648,82;BR-376/PR;Norte;Colisão Traseira;1;2;;;;;1
31/01/2018;01:17:00;31;sem vítima;89,962;BR-116/PR;Sul;Saida de Pista;1;1;;;;;1
31/01/2018;06:52:00;107;com vítima;91,431;BR-116/PR;Norte;Colisão Frontal;1;1;;;;1;3
31/01/2018;07:35:00;129;sem vítima;201,435;BR-101/SC;Sul;Colisão Lateral;1;2;;;;;1
31/01/2018;07:36:00;132;com vítima;117,553;BR-101/SC;Norte;Capotamento;1;1;1;;;;1
31/01/2018;09:49:00;202;sem vítima;157,4;BR-101/SC;Norte;Colisão Traseira;1;2;;;;;1
31/01/2018;11:30:00;261;sem vítima;210,1;BR-101/SC;Norte;Colisão Traseira;1;2;;;;;1
31/01/2018;17:00:00;423;sem vítima;138,681;BR-101/SC;Sul;Colisão Traseira;2;4;;;;;1
31/01/2018;17:01:00;424;sem vítima;212,001;BR-101/SC;Norte;Colisão Traseira;1;3;;;;;1
31/01/2018;17:10:00;432;sem vítima;121,001;BR-101/SC;Sul;Colisão Traseira;1;2;;;;;1
31/01/2018;17:46:00;454;sem vítima;103,001;BR-116/PR;Norte;Colisão Traseira;1;2;;;;;1
31/01/2018;18:48:00;490;sem vítima;55,993;BR-101/SC;Sul;Colisão Traseira;2;2;;;;;1
31/01/2018;20:24:00;534;sem vítima;202,3;BR-101/SC;Sul;Colisão Lateral;1;2;;;;;1
01/02/2018;01:13:00;21;sem vítima;12,5;BR-101/SC;Sul;Engavetamento;3;3;;;;;1
01/02/2018;06:15:00;95;sem vítima;638,216;BR-376/PR;Sul;Colisão Lateral;1;2;;;;;1
01/02/2018;07:22:00;109;sem vítima;53,193;BR-101/SC;Sul;Colisão Lateral;1;2;;;;;1
01/02/2018;07:45:00;119;sem vítima;41,941;BR-101/SC;Norte;Engavetamento;3;7;;;;;1
01/02/2018;10:56:00;237;sem vítima;32,8;BR-101/SC;Sul;Colisão Traseira;1;2;;;;;1
01/02/2018;14:47:00;308;sem vítima;111,027;BR-116/PR;Norte;Colisão Lateral;1;3;;;;;1
01/02/2018;18:19:00;485;sem vítima;93,956;BR-116/PR;Sul;Colisão Traseira;2;2;;;;;1
01/02/2018;18:47:00;496;sem vítima;211,028;BR-101/SC;Sul;Colisão Lateral;1;3;;;;;1
01/02/2018;19:21:00;521;sem vítima;207,001;BR-101/SC;Sul;Colisão Traseira;1;2;;;;;1
01/02/2018;21:18:00;574;sem vítima;216,278;BR-101/SC;Sul;Colisão Traseira;2;2;;;;;1
01/02/2018;21:27:00;578;sem vítima;102,859;BR-101/SC;Sul;Colisão Traseira;4;5;;;;;1
01/02/2018;22:39:00;595;sem vítima;213,8;BR-101/SC;Norte;Saida de Pista;1;1;;;;;1
01/02/2018;23:37:00;624;sem vítima;97,001;BR-116/PR;Sul;Colisão Traseira;1;2;;;;;1
02/02/2018;09:51:00;213;sem vítima;57,552;BR-101/SC;Norte;Tombamento;1;1;;;;;1
02/02/2018;11:09:00;253;com vítima;242,287;BR-101/SC;Norte;Colisão Lateral;1;2;1;;;;1
02/02/2018;17:14:00;491;sem vítima;207,001;BR-101/SC;Norte;Colisão Traseira;1;3;;;;;1
02/02/2018;19:16:00;565;sem vítima;201,3;BR-101/SC;Sul;Colisão Lateral;1;2;;;;;1
02/02/2018;21:13:00;615;sem vítima;227,001;BR-101/SC;Norte;Colisão Lateral;1;2;;;;;1
03/02/2018;07:35:00;135;sem vítima;667,687;BR-376/PR;Sul;Colisão Traseira;2;2;;;;;1
03/02/2018;14:56:00;333;sem vítima;117,001;BR-101/SC;Norte;Colisão Lateral;1;2;;;;;1
04/02/2018;14:55:00;354;sem vítima;145,148;BR-101/SC;Norte;Engavetamento;1;4;;;;;1
05/02/2018;06:09:00;65;sem vítima;213,878;BR-101/SC;Norte;Colisão Lateral;1;2;;;;;1
05/02/2018;06:59:00;91;sem vítima;158,129;BR-101/SC;Norte;Colisão Transversal;1;2;;;;;1
05/02/2018;07:08:00;95;sem vítima;25,75;BR-101/SC;Norte;Colisão Traseira;1;2;;;;;1
05/02/2018;10:07:00;224;sem vítima;59,44;BR-101/SC;Norte;Colisão Lateral;1;2;;;;;1
05/02/2018;11:24:00;264;sem vítima;128,209;BR-101/SC;Sul;Colisão Traseira;1;2;;;;;1
06/02/2018;11:09:00;275;com vítima;111,037;BR-116/PR;Sul;Colisão Traseira;1;3;2;;;;1
06/02/2018;14:05:00;336;sem vítima;210,001;BR-101/SC;Norte;Colisão Traseira;2;2;;;;;1
06/02/2018;15:40:00;402;sem vítima;209,6;BR-101/SC;Norte;Engavetamento;1;3;;;;;1
06/02/2018;16:02:00;418;sem vítima;58,743;BR-101/SC;Norte;Colisão Traseira;1;2;;;;;1
06/02/2018;18:49:00;551;com vítima;134,001;BR-101/SC;Sul;Colisão Traseira;1;4;;1;;;2
07/02/2018;00:26:00;9;sem vítima;74,227;BR-116/PR;Norte;Colisão Frontal;1;3;;;;;1
07/02/2018;06:41:00;126;sem vítima;88,244;BR-101/SC;Norte;Colisão Traseira;1;2;;;;;1
07/02/2018;06:45:00;127;com vítima;210,147;BR-101/SC;Norte;Engavetamento;1;2;1;;;;1
07/02/2018;08:41:00;192;sem vítima;120,7;BR-101/SC;Sul;Colisão Traseira;1;2;;;;;1
07/02/2018;16:24:00;467;com vítima;162,852;BR-101/SC;Sul;Colisão Traseira;1;2;1;;;;1
07/02/2018;16:26:00;472;sem vítima;109,001;BR-101/SC;Sul;Colisão Traseira;1;2;;;;;1
07/02/2018;16:36:00;475;sem vítima;204,3;BR-101/SC;Sul;Engavetamento;1;4;;;;;1
07/02/2018;16:26:00;501;sem vítima;109,001;BR-101/SC;Sul;Colisão Traseira;1;2;;;;;1
07/02/2018;18:31:00;547;sem vítima;215,001;BR-101/SC;Norte;Colisão Traseira;1;3;;;;;1
07/02/2018;19:14:00;567;sem vítima;210,274;BR-101/SC;Norte;Colisão Lateral;1;2;;;;;1
07/02/2018;19:35:00;579;sem vítima;127,1;BR-101/SC;Sul;Colisão Lateral;1;2;;;;;1
07/02/2018;20:44:00;605;sem vítima;212,463;BR-101/SC;Norte;Choque - Defensa, barreira ou "submarino";1;1;;;;;1
08/02/2018;09:30:00;230;sem vítima;34,714;BR-101/SC;Norte;Colisão Traseira;1;2;;;;;1
08/02/2018;15:54:00;481;sem vítima;670,001;BR-376/PR;Sul;Saida de Pista;1;1;;;;;1
08/02/2018;16:43:00;525;sem vítima;667,001;BR-376/PR;Norte;Colisão Traseira;2;3;;;;;1
08/02/2018;17:37:00;559;com vítima;144,001;BR-101/SC;Norte;Colisão Traseira;1;1;1;;;;1
08/02/2018;20:51:00;664;sem vítima;133,317;BR-101/SC;Sul;Colisão Traseira;1;2;;;;;1
09/02/2018;07:22:00;160;sem vítima;95,481;BR-116/PR;Sul;Colisão Traseira;1;2;;;;;1
09/02/2018;09:50:00;283;sem vítima;195,086;BR-101/SC;Norte;Colisão Traseira;1;2;;;;;1
09/02/2018;11:29:00;332;com vítima;650,512;BR-376/PR;Sul;Colisão Traseira;2;1;1;;;;1
09/02/2018;14:36:00;422;sem vítima;100,001;BR-116/PR;Sul;Colisão Traseira;1;2;;;;;1
09/02/2018;15:26:00;474;sem vítima;11,001;BR-101/SC;Sul;Colisão Traseira;2;2;;;;;1
09/02/2018;15:40:00;484;sem vítima;111,3;BR-101/SC;Norte;Saida de Pista;2;2;;;;;1
09/02/2018;15:08:00;503;sem vítima;112,5;BR-116/PR;Norte;Saida de Pista;1;1;;;;;1
09/02/2018;16:48:00;527;sem vítima;672,7;BR-376/PR;Sul;Colisão Traseira;1;2;;;;;1
09/02/2018;17:23:00;547;sem vítima;137,5;BR-101/SC;Norte;Colisão Traseira;1;2;;;;;1
10/02/2018;08:11:00;156;sem vítima;142,348;BR-101/SC;Sul;Colisão Traseira;1;3;;;;;1
10/02/2018;10:27:00;240;com vítima;134,713;BR-101/SC;Sul;Engavetamento;2;4;2;;;;1
10/02/2018;12:35:00;306;com vítima;624,794;BR-376/PR;Sul;Colisão Traseira;1;1;1;;;;1
11/02/2018;03:24:00;51;sem vítima;82,95;BR-101/SC;Norte;Atropelamento de Animal;1;2;;;;;1
11/02/2018;07:52:00;101;sem vítima;211,55;BR-101/SC;Norte;Colisão Lateral;1;2;;;;;1
11/02/2018;11:33:00;205;sem vítima;665,384;BR-376/PR;Sul;Saida de Pista;1;1;;;;;1
12/02/2018;06:11:00;75;com vítima;186,127;BR-101/SC;Sul;Choque - Defensa, barreira ou "submarino";1;2;1;;;;1
12/02/2018;13:18:00;278;sem vítima;54,022;BR-101/SC;Sul;Choque - Defensa, barreira ou "submarino";1;1;;;;;1
12/02/2018;16:38:00;358;com vítima;216,001;BR-101/SC;Sul;Saida de Pista;1;1;1;;;;1
13/02/2018;11:19:00;257;sem vítima;3,556;BR-101/SC;Norte;Saida de Pista;1;1;;;;;1
13/02/2018;17:12:00;436;sem vítima;618,001;BR-376/PR;Norte;Colisão Lateral;1;2;;;;;1
13/02/2018;18:02:00;467;sem vítima;1,001;BR-101/SC;Norte;Colisão Traseira;2;2;;;;;1
13/02/2018;18:38:00;489;sem vítima;84,001;BR-101/SC;Norte;Engavetamento;1;2;;;;;1
14/02/2018;08:08:00;151;com vítima;240,635;BR-101/SC;Norte;Colisão Traseira;2;1;1;;;;1
14/02/2018;09:08:00;189;sem vítima;119,357;BR-101/SC;Norte;Engavetamento;1;3;;;;;1
14/02/2018;17:29:00;465;sem vítima;215,7;BR-101/SC;Norte;Colisão Lateral;1;2;;;;;1
14/02/2018;18:21:00;495;sem vítima;174,7;BR-101/SC;Norte;Colisão Lateral;1;2;;;;;1
14/02/2018;18:26:00;498;sem vítima;112,001;BR-101/SC;Norte;Colisão Lateral;1;2;;;;;1
15/02/2018;07:20:00;108;sem vítima;215,038;BR-101/SC;Norte;Colisão Traseira;1;2;;;;;1
15/02/2018;10:38:00;234;sem vítima;90,57;BR-101/SC;Norte;Colisão Traseira;2;2;;;;;1
15/02/2018;15:26:00;363;sem vítima;202,4;BR-101/SC;Sul;Colisão Traseira;2;3;;;;;1
16/02/2018;00:49:00;17;sem vítima;673,836;BR-376/PR;Sul;Colisão Traseira;1;2;;;;;1
16/02/2018;05:55:00;77;sem vítima;215,259;BR-101/SC;Norte;Colisão Lateral;1;2;;;;;1
16/02/2018;11:42:00;238;sem vítima;635,18;BR-376/PR;Norte;Colisão Traseira;1;3;;;;;1
16/02/2018;13:51:00;284;sem vítima;59,8;BR-101/SC;Sul;Colisão Traseira;1;2;;;;;1
16/02/2018;14:34:00;298;sem vítima;140,593;BR-101/SC;Sul;Colisão Lateral;1;2;;;;;1
16/02/2018;16:34:00;383;sem vítima;206,001;BR-101/SC;Norte;Colisão Traseira;1;6;;;;;1
17/02/2018;00:15:00;8;sem vítima;123,05;BR-101/SC;Norte;Colisão Lateral;1;2;;;;;1
17/02/2018;23:12:00;550;sem vítima;114,3;BR-101/SC;Sul;Colisão Traseira;1;3;;;;;1
18/02/2018;07:21:00;128;sem vítima;651,38;BR-376/PR;Sul;Colisão Lateral;1;2;;;;;1
19/02/2018;00:01:00;2;com vítima;225,4;BR-101/SC;Norte;Choque - Objeto sobre a pista;1;3;1;;;;1
19/02/2018;09:00:00;204;sem vítima;200,914;BR-101/SC;Sul;Colisão Traseira;1;2;;;;;1
19/02/2018;10:23:00;252;sem vítima;115,228;BR-101/SC;Sul;Tombamento;2;2;;;;;1
19/02/2018;18:54:00;512;sem vítima;663,774;BR-376/PR;Sul;Colisão Traseira;1;2;;;;;1
19/02/2018;19:17:00;516;com vítima;40,198;BR-101/SC;Sul;Colisão Transversal;1;1;;1;;;2
20/02/2018;13:18:00;355;sem vítima;667,109;BR-376/PR;Sul;Saida de Pista;1;2;;;;;1
20/02/2018;17:13:00;495;sem vítima;136,5;BR-101/SC;Sul;Colisão Lateral;1;2;;;;;1
20/02/2018;18:17:00;531;sem vítima;51,66;BR-101/SC;Norte;Choque - Defensa, barreira ou "submarino";1;1;;;;;1
20/02/2018;19:45:00;569;sem vítima;38,807;BR-101/SC;Sul;Choque - Defensa, barreira ou "submarino";1;1;;;;;1
20/02/2018;21:26:00;594;sem vítima;635,286;BR-376/PR;Sul;Colisão Lateral;2;2;;;;;1
21/02/2018;09:58:00;314;com vítima;136,565;BR-101/SC;Sul;Engavetamento;1;2;1;;;;1
21/02/2018;11:25:00;360;sem vítima;142,417;BR-101/SC;Sul;Colisão Lateral;1;2;;;;;1
21/02/2018;11:48:00;372;sem vítima;211,852;BR-101/SC;Sul;Colisão Lateral;1;2;;;;;1
21/02/2018;13:02:00;407;sem vítima;107,5;BR-116/PR;Sul;Colisão Traseira;1;2;;;;;1
21/02/2018;13:36:00;426;sem vítima;111,067;BR-116/PR;Norte;Tombamento;1;1;;;;;1
21/02/2018;17:19:00;548;sem vítima;102,596;BR-116/PR;Sul;Colisão Traseira;1;2;;;;;1
22/02/2018;00:06:00;10;sem vítima;81,4;BR-116/PR;Sul;Saida de Pista;1;1;;;;;1
22/02/2018;00:35:00;30;com vítima;635,4;BR-376/PR;Norte;Colisão Traseira;1;1;1;;;;1
22/02/2018;08:37:00;212;sem vítima;666,267;BR-376/PR;Sul;Colisão Traseira;2;2;;;;;1
22/02/2018;15:24:00;416;sem vítima;212,001;BR-101/SC;Norte;Engavetamento;1;3;;;;;1
22/02/2018;16:10:00;443;sem vítima;204,4;BR-101/SC;Norte;Colisão Lateral;1;2;;;;;1
22/02/2018;17:33:00;493;sem vítima;39,3;BR-101/SC;Sul;Colisão Lateral;1;2;;;;;1
22/02/2018;18:38:00;529;sem vítima;114,905;BR-101/SC;Norte;Choque - Defensa, barreira ou "submarino";1;1;;;;;1
22/02/2018;23:40:00;633;sem vítima;673,9;BR-376/PR;Sul;Saida de Pista;1;1;;;;;1
23/02/2018;04:06:00;87;sem vítima;665,637;BR-376/PR;Sul;Tombamento;1;1;;;;;1
23/02/2018;07:35:00;132;com vítima;670,8;BR-376/PR;Norte;Tombamento;1;0;1;;;;1
23/02/2018;07:50:00;143;sem vítima;39,86;BR-101/SC;Sul;Colisão Traseira;1;4;;;;;1
23/02/2018;08:50:00;199;com vítima;95,198;BR-116/PR;Sul;Tombamento;1;0;1;;;;1
23/02/2018;10:42:00;260;sem vítima;188,001;BR-101/SC;Sul;Colisão Traseira;1;2;;;;;1
23/02/2018;10:44:00;286;sem vítima;13,5;BR-101/SC;Norte;Colisão Traseira;1;2;;;;;1
23/02/2018;11:04:00;302;sem vítima;119,26;BR-101/SC;Sul;Colisão Lateral;1;2;;;;;1
23/02/2018;11:27:00;311;sem vítima;112,9;BR-101/SC;Sul;;2;2;;;;;1
23/02/2018;12:24:00;331;sem vítima;1,3;BR-101/SC;Norte;Colisão Traseira;2;2;;;;;1
23/02/2018;17:34:00;479;com vítima;208,847;BR-101/SC;Norte;Colisão Lateral;1;1;2;;;;1
23/02/2018;18:18:00;509;sem vítima;79,001;BR-101/SC;Sul;Colisão Traseira;1;1;;;;;1
23/02/2018;19:50:00;546;sem vítima;209,1;BR-101/SC;Norte;Colisão Lateral;1;2;;;;;1
23/02/2018;21:07:00;580;com vítima;207,7;BR-101/SC;Norte;Capotamento;1;3;1;;;;1
23/02/2018;22:28:00;613;sem vítima;206,001;BR-101/SC;Norte;Colisão Lateral;2;3;;;;;1
24/02/2018;04:19:00;62;com vítima;141,017;BR-101/SC;Norte;Colisão Lateral;1;1;2;;;;1
24/02/2018;13:11:00;292;sem vítima;122,022;BR-101/SC;Sul;Colisão Lateral;1;2;;;;;1
24/02/2018;14:49:00;338;sem vítima;652,541;BR-376/PR;Sul;Tombamento;1;1;;;;;1
24/02/2018;15:13:00;351;com vítima;206,07;BR-101/SC;Sul;Colisão Traseira;1;2;1;;;;1
25/02/2018;11:05:00;232;sem vítima;134,001;BR-101/SC;Sul;Choque - Outros;1;1;;;;;1
25/02/2018;19:08:00;475;sem vítima;242,001;BR-101/SC;Norte;Colisão Lateral;1;2;;;;;1
26/02/2018;10:36:00;232;sem vítima;232,505;BR-101/SC;Norte;Colisão Lateral;1;2;;;;;1
26/02/2018;11:49:00;266;com vítima;27,79;BR-101/SC;Sul;Atropelamento - Morador;1;1;;;1;;2
26/02/2018;12:19:00;281;com vítima;210,85;BR-101/SC;Sul;Colisão Traseira;2;2;1;;;;1
26/02/2018;15:43:00;385;sem vítima;191,001;BR-101/SC;Sul;Choque - Defensa, barreira ou "submarino";1;1;;;;;1
26/02/2018;16:22:00;407;com vítima;668,545;BR-376/PR;Sul;Colisão Traseira;2;1;;;1;;2
27/02/2018;16:41:00;433;sem vítima;617,272;BR-376/PR;Norte;Colisão Traseira;2;3;;;;;1
27/02/2018;18:59:00;515;sem vítima;144,001;BR-101/SC;Norte;Colisão Traseira;1;5;;;;;1
27/02/2018;19:08:00;522;sem vítima;125,748;BR-101/SC;Sul;Engavetamento;1;4;;;;;1
27/02/2018;19:28:00;525;sem vítima;112,906;BR-101/SC;Norte;Queda de Moto;1;2;;;;;1
27/02/2018;21:03:00;554;sem vítima;158,001;BR-101/SC;Sul;Colisão Traseira;1;2;;;;;1
27/02/2018;22:08:00;568;com vítima;130,042;BR-101/SC;Sul;Atropelamento - Usuário;1;0;;;;1;3
28/02/2018;06:47:00;87;sem vítima;79,4;BR-101/SC;Sul;Choque - Defensa, barreira ou "submarino";1;1;;;;;1
28/02/2018;07:20:00;111;sem vítima;213,5;BR-101/SC;Norte;Engavetamento;1;3;;;;;1
28/02/2018;07:44:00;128;com vítima;124,001;BR-101/SC;Norte;Colisão Lateral;1;2;;;1;;2
28/02/2018;08:47:00;184;sem vítima;615,001;BR-376/PR;Norte;Colisão Lateral;2;3;;;;;1
28/02/2018;09:23:00;210;sem vítima;635,18;BR-376/PR;Sul;Colisão Traseira;1;2;;;;;1
28/02/2018;11:41:00;300;sem vítima;137,138;BR-101/SC;Sul;Choque - Defensa, barreira ou "submarino";1;2;;;;;1
28/02/2018;14:41:00;366;sem vítima;41,9;BR-101/SC;Norte;Colisão Traseira;1;2;;;;;1
28/02/2018;14:42:00;367;sem vítima;636,087;BR-376/PR;Norte;Tombamento;1;1;;;;;1
28/02/2018;14:50:00;376;com vítima;667,495;BR-376/PR;Sul;Choque - Defensa, barreira ou "submarino";1;0;;;1;;2
28/02/2018;21:40:00;553;sem vítima;79,8;BR-116/PR;Norte;Tombamento;1;1;;;;;1
28/02/2018;21:50:00;556;sem vítima;50,001;BR-101/SC;Sul;Colisão Lateral;1;2;;;;;1
01/03/2018;01:35:00;37;sem vítima;635,4;BR-376/PR;Norte;Colisão Traseira;1;3;;;;;1
01/03/2018;07:37:00;116;sem vítima;215,005;BR-101/SC;Norte;Colisão Traseira;1;2;;;;;1
01/03/2018;19:12:00;523;sem vítima;202,986;BR-101/SC;Sul;Colisão Traseira;2;3;;;;;1
01/03/2018;19:46:00;543;com vítima;215,001;BR-101/SC;Sul;Capotamento;1;1;1;;;;1