data;horario;n_da_ocorrencia;tipo_de_ocorrencia;km;trecho;sentido;tipo_de_acidente;caminhao;ilesos;levemente_feridos;moderadamente_feridos;gravemente_feridos;mortos;3
01/03/2018;20:27:00;561;sem vítima;111,572;BR-116/PR;Sul;Colisão Traseira;1;1;;;;;1
01/03/2018;22:21:00;587;com vítima;105,104;BR-116/PR;Sul;Colisão Traseira;2;1;;1;;;2
01/03/2018;23:04:00;601;com vítima;616,045;BR-376/PR;Norte;Colisão Frontal;1;2;;;1;;2
02/03/2018;08:06:00;145;sem vítima;137,247;BR-101/SC;Norte;Engavetamento;1;5;;;;;1
02/03/2018;17:42:00;471;sem vítima;25,561;BR-101/SC;Norte;Colisão Lateral;2;2;;;;;1
02/03/2018;19:56:00;534;sem vítima;29,494;BR-101/SC;Sul;Colisão Traseira;1;2;;;;;1
03/03/2018;00:15:00;10;sem vítima;676,46;BR-376/PR;Sul;Saida de Pista;1;1;;;;;1
03/03/2018;09:10:00;184;sem vítima;27,11;BR-101/SC;Norte;Engavetamento;3;4;;;;;1
03/03/2018;09:31:00;193;sem vítima;146,28;BR-101/SC;Sul;Colisão Lateral;1;2;;;;;1
03/03/2018;10:31:00;226;sem vítima;35,682;BR-101/SC;Sul;Colisão Lateral;1;3;;;;;1
03/03/2018;17:11:00;425;sem vítima;14,001;BR-101/SC;Sul;Colisão Traseira;2;2;;;;;1
03/03/2018;17:22:00;433;sem vítima;635,001;BR-376/PR;Sul;Colisão Traseira;1;2;;;;;1
04/03/2018;05:20:00;60;sem vítima;71,711;BR-101/SC;Norte;Colisão Traseira;1;2;;;;;1
04/03/2018;09:42:00;173;sem vítima;119,001;BR-101/SC;Norte;Colisão Lateral;1;2;;;;;1
04/03/2018;19:32:00;430;com vítima;222,544;BR-101/SC;Norte;Colisão Lateral;1;2;1;;;;1
04/03/2018;20:26:00;447;sem vítima;193,001;BR-101/SC;Norte;Choque - Defensa, barreira ou "submarino";1;1;;;;;1
04/03/2018;23:10:00;496;sem vítima;80,93;BR-101/SC;Sul;Tombamento;1;1;;;;;1
05/03/2018;05:27:00;70;sem vítima;30,9;BR-101/SC;Sul;Colisão Lateral;1;2;;;;;1
05/03/2018;17:34:00;464;sem vítima;660,478;BR-376/PR;Norte;Saida de Pista;1;1;;;;;1
05/03/2018;17:40:00;467;com vítima;660,361;BR-376/PR;Norte;Colisão Traseira;1;0;1;;;;1
05/03/2018;23:36:00;600;sem vítima;232,69;BR-101/SC;Norte;Tombamento;1;1;;;;;1
06/03/2018;04:06:00;72;sem vítima;48,001;BR-101/SC;Sul;Atropelamento - Andarilho;1;2;;;;;1
06/03/2018;05:47:00;89;com vítima;103,444;BR-116/PR;Norte;Colisão Traseira;4;4;1;;;;1
06/03/2018;12:42:00;314;sem vítima;212,505;BR-101/SC;Norte;Colisão Lateral;1;2;;;;;1
06/03/2018;18:14:00;511;sem vítima;44,8;BR-101/SC;Norte;Colisão Traseira;2;2;;;;;1
06/03/2018;18:57:00;533;com vítima;100,077;BR-101/SC;Sul;Colisão Traseira;1;1;1;;;;1
07/03/2018;06:03:00;111;sem vítima;664,646;BR-376/PR;Norte;Choque - Defensa, barreira ou "submarino";1;1;;;;;1
07/03/2018;07:09:00;130;sem vítima;650,127;BR-376/PR;Sul;Tombamento;1;1;;;;;1
07/03/2018;07:27:00;140;sem vítima;649,474;BR-376/PR;Sul;Colisão Traseira;2;2;;;;;1
07/03/2018;11:55:00;306;sem vítima;666,278;BR-376/PR;Sul;Colisão Traseira;2;2;;;;;1
07/03/2018;12:29:00;320;sem vítima;76,822;BR-116/PR;Sul;Choque - Defensa, barreira ou "submarino";1;1;;;;;1
07/03/2018;13:25:00;351;sem vítima;660,001;BR-376/PR;Sul;Colisão Traseira;2;2;;;;;1
07/03/2018;16:40:00;462;sem vítima;205,001;BR-101/SC;Sul;Colisão Traseira;2;2;;;;;1
07/03/2018;23:13:00;607;com vítima;232,1;BR-101/SC;Norte;Colisão Traseira;1;1;2;;;;1
08/03/2018;07:55:00;135;sem vítima;672,433;BR-376/PR;Sul;Colisão Traseira;1;2;;;;;1
08/03/2018;08:07:00;154;sem vítima;136,4;BR-101/SC;Norte;Colisão Traseira;1;2;;;;;1
08/03/2018;11:15:00;282;sem vítima;110,683;BR-116/PR;Sul;Colisão Traseira;2;2;;;;;1
08/03/2018;15:17:00;377;sem vítima;29,494;BR-101/SC;Norte;Colisão Traseira;2;2;;;;;1
09/03/2018;03:32:00;60;sem vítima;674,262;BR-376/PR;Sul;Tombamento;1;1;;;;;1
09/03/2018;06:00:00;92;sem vítima;79,46;BR-101/SC;Norte;Choque - Defensa, barreira ou "submarino";1;1;;;;;1
09/03/2018;10:29:00;233;sem vítima;666,588;BR-376/PR;Sul;Engavetamento;3;7;;;;;1
09/03/2018;11:03:00;253;sem vítima;105,2;BR-101/SC;Sul;Colisão Traseira;1;2;;;;;1
09/03/2018;11:22:00;260;sem vítima;664,841;BR-376/PR;Sul;Colisão Traseira;1;3;;;;;1
09/03/2018;11:52:00;268;sem vítima;677,856;BR-376/PR;Norte;Colisão Traseira;2;2;;;;;1
09/03/2018;13:07:00;294;sem vítima;117,08;BR-101/SC;Sul;Colisão Traseira;1;2;;;;;1
09/03/2018;13:23:00;307;sem vítima;117,5;BR-101/SC;Sul;Colisão Traseira;3;3;;;;;1
09/03/2018;14:13:00;327;com vítima;117,666;BR-101/SC;Sul;Engavetamento;1;4;1;;;;1
09/03/2018;16:15:00;393;sem vítima;93,8;BR-101/SC;Norte;Colisão Traseira;1;2;;;;;1
09/03/2018;19:03:00;487;sem vítima;29,688;BR-101/SC;Norte;Engavetamento;2;4;;;;;1
09/03/2018;19:46:00;505;sem vítima;134,001;BR-101/SC;Sul;Colisão Traseira;1;3;;;;;1
10/03/2018;00:14:00;7;com vítima;212,113;BR-101/SC;Sul;Colisão Lateral;1;2;1;;;;1
10/03/2018;02:54:00;58;sem vítima;102,4;BR-101/SC;Norte;Colisão Frontal;1;2;;;;;1
10/03/2018;07:58:00;140;sem vítima;136,915;BR-101/SC;Norte;Colisão Lateral;1;2;;;;;1
10/03/2018;11:51:00;275;sem vítima;207,958;BR-101/SC;Norte;Engavetamento;1;3;;;;;1
10/03/2018;14:15:00;331;sem vítima;46,453;BR-101/SC;Norte;Saida de Pista;1;1;;;;;1
10/03/2018;15:11:00;353;com vítima;92,915;BR-101/SC;Sul;Choque - Defensa, barreira ou "submarino";2;1;1;1;;;2
10/03/2018;21:03:00;498;sem vítima;210,001;BR-101/SC;Norte;Colisão Traseira;1;2;;;;;1
11/03/2018;12:01:00;234;sem vítima;662,029;BR-376/PR;Sul;Colisão Traseira;2;2;;;;;1
11/03/2018;12:13:00;235;sem vítima;44,952;BR-101/SC;Norte;Colisão Traseira;1;2;;;;;1
11/03/2018;15:25:00;315;sem vítima;209,83;BR-101/SC;Norte;Colisão Traseira;2;4;;;;;1
11/03/2018;23:53:00;531;com vítima;84,4;BR-101/SC;Norte;Colisão Traseira;1;2;2;;;;1
12/03/2018;11:03:00;223;sem vítima;149,001;BR-101/SC;Norte;Colisão Lateral;1;2;;;;;1
12/03/2018;13:01:00;268;sem vítima;53,564;BR-101/SC;Sul;Colisão Lateral;1;2;;;;;1
12/03/2018;20:22:00;456;sem vítima;79,4;BR-101/SC;Norte;Choque - Outros;1;1;;;;;1
13/03/2018;05:19:00;71;com vítima;71,596;BR-101/SC;Norte;Engavetamento;3;1;;1;;1;3
13/03/2018;10:32:00;226;sem vítima;103,799;BR-101/SC;Norte;Engavetamento;1;7;;;;;1
13/03/2018;12:42:00;277;sem vítima;154,9;BR-101/SC;Norte;Outros;1;1;;;;;1
13/03/2018;18:08:00;438;sem vítima;115,001;BR-116/PR;Norte;Colisão Traseira;1;2;;;;;1
13/03/2018;18:18:00;445;sem vítima;208,01;BR-101/SC;Norte;Colisão Traseira;1;2;;;;;1
13/03/2018;19:20:00;463;com vítima;665,143;BR-376/PR;Sul;Tombamento;1;2;1;1;;;2
13/03/2018;20:54:00;479;sem vítima;215,001;BR-101/SC;Sul;Colisão Lateral;1;2;;;;;1
14/03/2018;05:17:00;107;com vítima;672,294;BR-376/PR;Sul;Engavetamento;3;1;;1;;1;3
14/03/2018;06:07:00;115;sem vítima;222,752;BR-101/SC;Norte;Tombamento;1;1;;;;;1
14/03/2018;07:00:00;125;sem vítima;157,38;BR-101/SC;Sul;Colisão Traseira;1;2;;;;;1
14/03/2018;08:44:00;178;sem vítima;108,358;BR-116/PR;Sul;Saida de Pista;1;1;;;;;1
14/03/2018;10:12:00;216;sem vítima;660,059;BR-376/PR;Sul;Colisão Traseira;2;2;;;;;1
14/03/2018;11:36:00;255;com vítima;209,001;BR-101/SC;Norte;Colisão Lateral;1;1;2;;;;1
14/03/2018;13:54:00;304;sem vítima;29,05;BR-101/SC;Norte;Colisão Traseira;1;2;;;;;1
14/03/2018;14:02:00;310;sem vítima;125,7;BR-101/SC;Norte;Colisão Lateral;1;2;;;;;1
14/03/2018;14:47:00;325;sem vítima;110,525;BR-116/PR;Norte;Tombamento;1;1;;;;;1
14/03/2018;15:15:00;337;sem vítima;615,583;BR-376/PR;Norte;Tombamento;1;1;;;;;1
14/03/2018;15:25:00;344;sem vítima;615,583;BR-376/PR;Norte;Choque - Defensa, barreira ou "submarino";1;1;;;;;1
14/03/2018;15:59:00;367;sem vítima;98,2;BR-116/PR;Norte;Colisão Lateral;1;4;;;;;1
14/03/2018;16:18:00;378;sem vítima;91,289;BR-101/SC;Sul;Saida de Pista;1;1;;;;;1
14/03/2018;18:04:00;421;sem vítima;103,9;BR-116/PR;Sul;Colisão Traseira;1;1;;;;;1
14/03/2018;23:37:00;525;sem vítima;85,815;BR-101/SC;Norte;Colisão Traseira;2;2;;;;;1
15/03/2018;03:07:00;58;sem vítima;664,4;BR-376/PR;Sul;Saida de Pista;1;1;;;;;1
15/03/2018;06:49:00;90;sem vítima;679,771;BR-376/PR;Sul;Choque - Defensa, barreira ou "submarino";1;1;;;;;1
15/03/2018;11:55:00;266;sem vítima;1,3;BR-101/SC;Sul;Colisão Traseira;1;2;;;;;1
15/03/2018;14:59:00;348;sem vítima;66,292;BR-101/SC;Norte;Tombamento;1;1;;;;;1
15/03/2018;17:30:00;435;sem vítima;122,001;BR-101/SC;Norte;Colisão Traseira;1;2;;;;;1
15/03/2018;19:28:00;493;sem vítima;110,001;BR-116/PR;Sul;Saida de Pista;1;1;;;;;1
15/03/2018;20:03:00;503;sem vítima;1,35;BR-101/SC;Sul;Colisão Traseira;1;3;;;;;1
15/03/2018;21:09:00;522;sem vítima;675,87;BR-376/PR;Sul;Saida de Pista;1;1;;;;;1
15/03/2018;21:38:00;529;sem vítima;139,8;BR-101/SC;Sul;Capotamento;1;2;;;;;1
16/03/2018;07:44:00;167;sem vítima;206,8;BR-101/SC;Sul;Colisão Traseira;1;2;;;;;1
16/03/2018;08:45:00;218;sem vítima;108,428;BR-116/PR;Sul;Saida de Pista;1;1;;;;;1
16/03/2018;09:06:00;235;sem vítima;107,536;BR-116/PR;Sul;Tombamento;1;1;;;;;1
16/03/2018;13:14:00;372;sem vítima;28,001;BR-101/SC;Norte;Colisão Traseira;1;2;;;;;1
16/03/2018;14:49:00;413;sem vítima;100,073;BR-116/PR;Sul;Colisão Traseira;2;2;;;;;1
16/03/2018;16:23:00;472;sem vítima;157,4;BR-101/SC;Sul;Colisão Traseira;1;2;;;;;1
16/03/2018;17:37:00;522;sem vítima;99,001;BR-116/PR;Sul;Colisão Traseira;2;3;;;;;1
16/03/2018;18:03:00;525;sem vítima;100,001;BR-101/SC;Norte;Colisão Traseira;1;2;;;;;1
16/03/2018;22:10:00;625;sem vítima;91,3;BR-101/SC;Sul;Colisão Traseira;1;2;;;;;1
17/03/2018;00:41:00;11;sem vítima;35,2;BR-101/SC;Norte;Colisão Traseira;1;2;;;;;1
17/03/2018;09:31:00;200;sem vítima;157,4;BR-101/SC;Sul;Colisão Traseira;1;2;;;;;1
18/03/2018;16:32:00;303;sem vítima;644,177;BR-376/PR;Norte;Tombamento;1;3;;;;;1
19/03/2018;03:37:00;55;sem vítima;106,001;BR-101/SC;Sul;Choque - Defensa, barreira ou "submarino";1;1;;;;;1
19/03/2018;08:02:00;141;sem vítima;111,8;BR-116/PR;Sul;Colisão Traseira;2;2;;;;;1
19/03/2018;15:23:00;375;sem vítima;206,115;BR-101/SC;Norte;Colisão Traseira;1;2;;;;;1
19/03/2018;21:15:00;540;sem vítima;14,439;BR-101/SC;Norte;Choque - Defensa, barreira ou "submarino";1;1;;;;;1
20/03/2018;03:47:00;66;sem vítima;220,196;BR-101/SC;Sul;Colisão Traseira;2;2;;;;;1
20/03/2018;08:29:00;154;sem vítima;106,3;BR-116/PR;Sul;Colisão Lateral;2;2;;;;;1
20/03/2018;08:54:00;170;com vítima;665,472;BR-376/PR;Sul;Tombamento;1;0;1;;;;1
20/03/2018;12:28:00;257;sem vítima;135,6;BR-101/SC;Sul;Outros;1;1;;;;;1
20/03/2018;13:49:00;282;sem vítima;37,682;BR-101/SC;Norte;Colisão Lateral;1;3;;;;;1
20/03/2018;18:05:00;410;sem vítima;95,872;BR-116/PR;Norte;Saida de Pista;1;2;;;;;1
20/03/2018;18:22:00;414;com vítima;619,001;BR-376/PR;Norte;Colisão Lateral;1;1;1;;;;1
20/03/2018;18:38:00;417;com vítima;114,932;BR-116/PR;Norte;Tombamento;1;0;1;;;;1
20/03/2018;19:37:00;435;sem vítima;213,92;BR-101/SC;Norte;Colisão Traseira;1;3;;;;;1
20/03/2018;22:45:00;489;sem vítima;655,159;BR-376/PR;Norte;Tombamento;1;1;;;;;1
21/03/2018;00:22:00;17;sem vítima;158,5;BR-101/SC;Norte;Choque - Defensa, barreira ou "submarino";1;1;;;;;1
21/03/2018;04:21:00;52;sem vítima;124,001;BR-101/SC;Norte;Choque - Defensa, barreira ou "submarino";1;2;;;;;1
21/03/2018;05:07:00;59;sem vítima;236,956;BR-101/SC;Norte;Atropelamento de Animal;1;1;;;;;1
21/03/2018;17:09:00;365;sem vítima;204,001;BR-101/SC;Norte;Colisão Traseira;1;2;;;;;1
21/03/2018;17:26:00;390;sem vítima;204,001;BR-101/SC;Norte;Colisão Lateral;1;2;;;;;1
21/03/2018;18:41:00;434;sem vítima;119,001;BR-101/SC;Sul;Colisão Lateral;1;2;;;;;1
21/03/2018;22:18:00;490;sem vítima;98,444;BR-116/PR;Norte;Tombamento;1;1;;;;;1
22/03/2018;11:26:00;245;sem vítima;131,457;BR-101/SC;Sul;Saida de Pista;2;2;;;;;1
22/03/2018;11:32:00;248;sem vítima;671,7;BR-376/PR;Sul;Saida de Pista;1;1;;;;;1
22/03/2018;12:13:00;267;sem vítima;671,538;BR-376/PR;Sul;Choque - Talude;1;1;;;;;1
22/03/2018;13:46:00;301;sem vítima;202,724;BR-101/SC;Sul;Colisão Traseira;1;2;;;;;1
22/03/2018;17:21:00;392;com vítima;201,001;BR-101/SC;Norte;Queda de Moto;1;1;1;;;;1
22/03/2018;17:59:00;408;com vítima;668,289;BR-376/PR;Sul;Choque - Defensa, barreira ou "submarino";1;0;1;;;;1
23/03/2018;02:49:00;74;sem vítima;655,172;BR-376/PR;Norte;Tombamento;1;1;;;;;1
23/03/2018;05:17:00;94;com vítima;6,071;BR-101/SC;Sul;Tombamento;1;0;1;;;;1
23/03/2018;06:39:00;110;sem vítima;1,4;BR-101/SC;Sul;Colisão Traseira;1;3;;;;;1
23/03/2018;09:02:00;186;com vítima;85,857;BR-101/SC;Sul;Colisão Traseira;1;2;2;;;;1
23/03/2018;11:01:00;241;sem vítima;119,67;BR-101/SC;Norte;Engavetamento;1;2;;;;;1
23/03/2018;10:40:00;247;sem vítima;27,825;BR-101/SC;Norte;Engavetamento;1;3;;;;;1
23/03/2018;13:55:00;321;sem vítima;27,001;BR-101/SC;Norte;Colisão Lateral;1;2;;;;;1
23/03/2018;17:04:00;451;sem vítima;26,952;BR-101/SC;Norte;Colisão Traseira;1;2;;;;;1
23/03/2018;17:35:00;467;sem vítima;215,631;BR-101/SC;Norte;Colisão Lateral;1;2;;;;;1
23/03/2018;20:22:00;535;sem vítima;209,937;BR-101/SC;Norte;Colisão Lateral;1;2;;;;;1
24/03/2018;01:30:00;44;com vítima;25,08;BR-101/SC;Norte;Colisão Lateral;1;2;1;;;;1
24/03/2018;04:39:00;80;com vítima;191,1;BR-101/SC;Sul;Colisão Traseira;1;1;1;;;;1
24/03/2018;12:04:00;267;sem vítima;111,458;BR-101/SC;Norte;Tombamento;1;1;;;;;1
24/03/2018;14:26:00;316;sem vítima;673,5;BR-376/PR;Sul;Colisão Lateral;1;2;;;;;1
24/03/2018;15:03:00;336;sem vítima;63,674;BR-101/SC;Norte;Colisão Traseira;1;2;;;;;1
24/03/2018;15:21:00;351;com vítima;615,05;BR-376/PR;Sul;Colisão Lateral;1;3;2;;;;1
25/03/2018;03:51:00;52;sem vítima;666,684;BR-376/PR;Norte;Colisão Traseira;2;2;;;;;1
25/03/2018;07:34:00;116;com vítima;85,284;BR-116/PR;Norte;Saida de Pista;1;0;1;;;;1
25/03/2018;10:48:00;193;com vítima;34,616;BR-101/SC;Norte;Colisão Lateral;1;1;1;;;;1
25/03/2018;16:10:00;309;sem vítima;79,35;BR-101/SC;Norte;Colisão Traseira;1;2;;;;;1
25/03/2018;22:41:00;452;sem vítima;615,633;BR-376/PR;Norte;Engavetamento;1;4;;;;;1
26/03/2018;05:20:00;63;sem vítima;117,321;BR-101/SC;Sul;Tombamento;1;1;;;;;1
26/03/2018;08:06:00;109;com vítima;48,976;BR-101/SC;Sul;Choque - Defensa, barreira ou "submarino";1;0;1;;;;1
26/03/2018;08:12:00;118;sem vítima;48,648;BR-101/SC;Sul;Engavetamento;2;6;;;;;1
26/03/2018;09:13:00;150;com vítima;185,1;BR-101/SC;Sul;Choque - Objeto sobre a pista;1;2;1;;;;1
26/03/2018;09:57:00;174;sem vítima;666,439;BR-376/PR;Norte;Colisão Traseira;1;2;;;;;1
26/03/2018;11:08:00;199;sem vítima;660,502;BR-376/PR;Norte;Colisão Traseira;1;1;;;;;1
26/03/2018;11:33:00;216;sem vítima;656,993;BR-376/PR;Sul;Colisão Traseira;1;4;;;;;1
26/03/2018;11:09:00;221;sem vítima;660,495;BR-376/PR;Norte;Choque - Defensa, barreira ou "submarino";1;1;;;;;1
26/03/2018;13:38:00;252;sem vítima;212,001;BR-101/SC;Norte;Colisão Traseira;1;2;;;;;1
26/03/2018;14:05:00;257;com vítima;650,3;BR-376/PR;Norte;Colisão Frontal;1;2;1;;;;1
26/03/2018;22:23:00;425;sem vítima;165,001;BR-101/SC;Norte;Colisão Lateral;1;2;;;;;1
26/03/2018;22:27:00;426;sem vítima;154,648;BR-101/SC;Norte;Tombamento;1;1;;;;;1
27/03/2018;10:22:00;216;com vítima;150,343;BR-101/SC;Norte;Colisão Traseira;1;2;1;;;;1
27/03/2018;13:29:00;296;sem vítima;157,45;BR-101/SC;Sul;Colisão Lateral;1;2;;;;;1
27/03/2018;14:39:00;319;sem vítima;78,893;BR-101/SC;Norte;Colisão Lateral;1;2;;;;;1
27/03/2018;15:32:00;354;sem vítima;195,001;BR-101/SC;Sul;Colisão Lateral;1;2;;;;;1
27/03/2018;20:17:00;478;sem vítima;635,4;BR-376/PR;Sul;Choque - Defensa, barreira ou "submarino";1;1;;;;;1
27/03/2018;21:19:00;493;sem vítima;614,001;BR-376/PR;Norte;Colisão Lateral;1;2;;;;;1
28/03/2018;00:56:00;22;sem vítima;102,511;BR-116/PR;Norte;Colisão Lateral;1;2;;;;;1
28/03/2018;07:35:00;139;com vítima;146,06;BR-101/SC;Sul;Atropelamento - Usuário;1;2;;2;;;2
28/03/2018;09:38:00;194;sem vítima;657,88;BR-376/PR;Sul;Colisão Traseira;1;2;;;;;1
28/03/2018;20:18:00;515;sem vítima;32,05;BR-101/SC;Norte;Colisão Traseira;1;2;;;;;1
28/03/2018;21:11:00;530;sem vítima;635,4;BR-376/PR;Sul;Colisão Traseira;1;2;;;;;1
29/03/2018;08:48:00;187;com vítima;672,45;BR-376/PR;Sul;Colisão Traseira;1;3;2;;;;1
29/03/2018;13:49:00;313;sem vítima;119,046;BR-101/SC;Sul;Saida de Pista;1;1;;;;;1
29/03/2018;14:48:00;345;com vítima;73,259;BR-101/SC;Norte;Colisão Traseira;2;1;1;;;;1
29/03/2018;16:00:00;386;sem vítima;41,5;BR-101/SC;Sul;Choque - Defensa, barreira ou "submarino";1;1;;;;;1
29/03/2018;16:09:00;392;sem vítima;198,1;BR-101/SC;Sul;Choque - Defensa, barreira ou "submarino";1;1;;;;;1
29/03/2018;16:23:00;405;sem vítima;43,001;BR-101/SC;Sul;Colisão Traseira;1;2;;;;;1
29/03/2018;17:09:00;425;com vítima;677,001;BR-376/PR;Sul;Colisão Traseira;1;3;1;;;;1
29/03/2018;19:40:00;485;sem vítima;117,001;BR-101/SC;Sul;Colisão Traseira;1;2;;;;;1
29/03/2018;21:31:00;534;sem vítima;77,414;BR-101/SC;Norte;Colisão Traseira;2;2;;;;;1
29/03/2018;22:10:00;549;sem vítima;210,001;BR-101/SC;Norte;Colisão Traseira;1;2;;;;;1
29/03/2018;23:41:00;584;sem vítima;10,001;BR-101/SC;Norte;Colisão Traseira;1;2;;;;;1
30/03/2018;05:13:00;67;sem vítima;188,001;BR-101/SC;Sul;Colisão Lateral;1;2;;;;;1
30/03/2018;08:00:00;110;sem vítima;8,749;BR-101/SC;Sul;Colisão Traseira;1;2;;;;;1
30/03/2018;08:11:00;116;com vítima;679,683;BR-376/PR;Sul;Tombamento;1;0;;;1;;2
30/03/2018;22:59:00;498;sem vítima;57,4;BR-101/SC;Sul;Colisão Traseira;1;2;;;;;1
31/03/2018;15:02:00;283;sem vítima;79,3;BR-101/SC;Norte;Colisão Traseira;2;3;;;;;1
31/03/2018;19:40:00;396;com vítima;210,847;BR-101/SC;Norte;Colisão Frontal;1;4;2;;;;1
01/04/2018;15:47:00;385;sem vítima;187,574;BR-101/SC;Norte;Choque - Defensa, barreira ou "submarino";1;1;;;;;1
02/04/2018;08:01:00;165;com vítima;667,588;BR-376/PR;Sul;Colisão Lateral;1;2;1;;;;1
02/04/2018;16:36:00;479;sem vítima;192,832;BR-101/SC;Norte;Colisão Lateral;1;2;;;;;1
02/04/2018;18:15:00;531;sem vítima;213,35;BR-101/SC;Norte;Colisão Lateral;1;2;;;;;1
03/04/2018;04:43:00;88;sem vítima;114,122;BR-116/PR;Norte;Tombamento;1;2;;;;;1
03/04/2018;04:51:00;90;com vítima;669,428;BR-376/PR;Sul;Colisão Traseira;2;1;;1;;;2
03/04/2018;08:51:00;189;sem vítima;211,408;BR-101/SC;Norte;Colisão Lateral;1;2;;;;;1
03/04/2018;10:17:00;250;sem vítima;150,728;BR-101/SC;Sul;Colisão Lateral;1;2;;;;;1
03/04/2018;13:19:00;330;sem vítima;72,001;BR-101/SC;Norte;Colisão Traseira;1;2;;;;;1
03/04/2018;21:13:00;548;sem vítima;105,961;BR-101/SC;Sul;Colisão Traseira;1;2;;;;;1
04/04/2018;02:47:00;73;sem vítima;74,111;BR-116/PR;Sul;Tombamento;1;1;;;;;1
04/04/2018;05:04:00;101;com vítima;173,21;BR-101/SC;Sul;Tombamento;1;1;;1;;;2
04/04/2018;08:04:00;166;com vítima;120,163;BR-101/SC;Sul;Colisão Traseira;1;1;1;;;;1
04/04/2018;08:21:00;181;sem vítima;671,7;BR-376/PR;Sul;Saida de Pista;1;1;;;;;1
04/04/2018;10:18:00;243;sem vítima;67,307;BR-101/SC;Norte;Saida de Pista;1;2;;;;;1
04/04/2018;11:13:00;261;sem vítima;640,511;BR-376/PR;Sul;Engavetamento;1;4;;;;;1
04/04/2018;12:10:00;284;sem vítima;1,3;BR-101/SC;Sul;Choque - Defensa, barreira ou "submarino";1;1;;;;;1
04/04/2018;16:50:00;398;sem vítima;203,001;BR-101/SC;Norte;Colisão Lateral;1;2;;;;;1
04/04/2018;19:37:00;473;sem vítima;210,552;BR-101/SC;Sul;Colisão Traseira;1;2;;;;;1
04/04/2018;20:50:00;497;sem vítima;1,35;BR-101/SC;Sul;Choque - Defensa, barreira ou "submarino";1;1;;;;;1
05/04/2018;06:02:00;85;com vítima;244,6;BR-101/SC;Norte;Tombamento;1;0;1;;;;1
05/04/2018;08:09:00;147;sem vítima;123,677;BR-101/SC;Sul;Colisão Lateral;1;2;;;;;1
05/04/2018;11:23:00;247;sem vítima;672,3;BR-376/PR;Sul;Saida de Pista;1;1;;;;;1
05/04/2018;14:26:00;313;sem vítima;34,205;BR-101/SC;Norte;Choque - Defensa, barreira ou "submarino";1;1;;;;;1
05/04/2018;16:18:00;381;sem vítima;37,001;BR-101/SC;Norte;Colisão Traseira;1;2;;;;;1
05/04/2018;19:57:00;497;sem vítima;209,001;BR-101/SC;Norte;Colisão Traseira;1;2;;;;;1
06/04/2018;07:12:00;128;com vítima;675,189;BR-376/PR;Sul;Engavetamento;3;3;;1;;1;3
06/04/2018;14:44:00;324;com vítima;119,864;BR-101/SC;Sul;Colisão Lateral;1;1;1;;;;1
06/04/2018;17:35:00;410;sem vítima;23,543;BR-101/SC;Sul;Colisão Traseira;1;2;;;;;1
06/04/2018;18:03:00;424;com vítima;202,001;BR-101/SC;Sul;Colisão Lateral;1;1;1;;;;1
07/04/2018;05:58:00;102;sem vítima;135,207;BR-101/SC;Norte;Colisão Traseira;2;3;;;;;1
07/04/2018;07:01:00;123;sem vítima;671,7;BR-376/PR;Sul;Saida de Pista;1;1;;;;;1
07/04/2018;14:39:00;312;sem vítima;201,295;BR-101/SC;Norte;Choque - Defensa, barreira ou "submarino";1;1;;;;;1
07/04/2018;15:26:00;332;sem vítima;666,221;BR-376/PR;Sul;Tombamento;1;1;;;;;1
08/04/2018;17:28:00;374;sem vítima;663,8;BR-376/PR;Norte;Colisão Traseira;1;2;;;;;1
08/04/2018;19:01:00;411;sem vítima;215,05;BR-101/SC;Norte;Colisão Traseira;1;2;;;;;1
09/04/2018;07:41:00;146;com vítima;139,6;BR-101/SC;Sul;Colisão Lateral;1;2;1;;;;1
09/04/2018;10:08:00;246;sem vítima;665,607;BR-376/PR;Sul;Colisão Traseira;2;2;;;;;1
09/04/2018;13:43:00;340;com vítima;208,175;BR-101/SC;Sul;Colisão Frontal;1;2;1;;;;1
09/04/2018;21:13:00;545;sem vítima;670,032;BR-376/PR;Norte;Saida de Pista;1;1;;;;;1
09/04/2018;21:39:00;550;sem vítima;49,548;BR-101/SC;Norte;Colisão Lateral;1;2;;;;;1
10/04/2018;01:54:00;46;sem vítima;8,95;BR-101/SC;Norte;Colisão Traseira;1;2;;;;;1
10/04/2018;02:45:00;60;sem vítima;119,2;BR-101/SC;Sul;Colisão Lateral;1;2;;;;;1
10/04/2018;07:54:00;128;com vítima;213,044;BR-101/SC;Norte;Engavetamento;1;3;1;;;;1
10/04/2018;08:34:00;159;sem vítima;669,681;BR-376/PR;Sul;Colisão Traseira;1;2;;;;;1
10/04/2018;16:01:00;374;sem vítima;103,237;BR-116/PR;Norte;Colisão Traseira;2;2;;;;;1
10/04/2018;18:28:00;460;sem vítima;234,227;BR-101/SC;Sul;Colisão Lateral;1;2;;;;;1
10/04/2018;20:08:00;497;sem vítima;635,728;BR-376/PR;Sul;Colisão Lateral;1;2;;;;;1
10/04/2018;22:34:00;537;sem vítima;677,728;BR-376/PR;Norte;Saida de Pista;1;1;;;;;1
11/04/2018;06:48:00;107;sem vítima;660,547;BR-376/PR;Norte;Colisão Lateral;1;2;;;;;1
11/04/2018;13:54:00;313;sem vítima;210,001;BR-101/SC;Norte;Colisão Lateral;1;2;;;;;1
11/04/2018;16:49:00;425;sem vítima;45,001;BR-101/SC;Norte;Colisão Traseira;1;4;;;;;1