data;horario;n_da_ocorrencia;tipo_de_ocorrencia;km;trecho;sentido;tipo_de_acidente;caminhao;ilesos;levemente_feridos;moderadamente_feridos;gravemente_feridos;mortos;3
03/07/2018;06:59:00;67;com vítima;211,211;BR-101/SC;Sul;Colisão Traseira;1;1;;1;;;2
03/07/2018;08:05:00;99;sem vítima;673,3;BR-376/PR;Sul;Choque - Poste;1;1;;;;;1
03/07/2018;11:44:00;205;sem vítima;665,6;BR-376/PR;Sul;Colisão Lateral;1;2;;;;;1
03/07/2018;16:34:00;335;sem vítima;192,95;BR-101/SC;Norte;Colisão Traseira;1;2;;;;;1
03/07/2018;21:07:00;412;sem vítima;5,1;BR-101/SC;Sul;Saida de Pista;2;2;;;;;1
04/07/2018;01:46:00;25;com vítima;48,5;BR-101/SC;Sul;Colisão Traseira;1;1;;2;;;2
04/07/2018;06:48:00;72;sem vítima;37,535;BR-101/SC;Norte;Colisão Traseira;1;3;;;;;1
04/07/2018;11:38:00;197;sem vítima;157,4;BR-101/SC;Sul;Colisão Traseira;1;2;;;;;1
04/07/2018;19:34:00;357;com vítima;16,818;BR-101/SC;Norte;Colisão Traseira;1;3;1;;;;1
05/07/2018;10:14:00;167;sem vítima;33,405;BR-101/SC;Sul;Colisão Traseira;2;2;;;;;1
05/07/2018;12:32:00;227;sem vítima;88,052;BR-101/SC;Norte;Colisão Transversal;1;2;;;;;1
05/07/2018;12:48:00;232;sem vítima;26,634;BR-101/SC;Norte;Saida de Pista;1;2;;;;;1
06/07/2018;06:24:00;74;sem vítima;616,021;BR-376/PR;Norte;Choque - Defensa, barreira ou "submarino";1;1;;;;;1
06/07/2018;08:52:00;149;sem vítima;100,875;BR-101/SC;Norte;Choque - Defensa, barreira ou "submarino";1;2;;;;;1
06/07/2018;10:50:00;211;sem vítima;207,881;BR-101/SC;Norte;Engavetamento;1;3;;;;;1
06/07/2018;16:31:00;349;com vítima;667,746;BR-376/PR;Sul;Colisão Traseira;2;1;1;;;;1
06/07/2018;18:10:00;390;com vítima;113,809;BR-116/PR;Sul;Colisão Lateral;1;1;;;;1;3
06/07/2018;18:46:00;400;sem vítima;113,809;BR-116/PR;Sul;Colisão Lateral;1;2;;;;;1
07/07/2018;03:42:00;68;sem vítima;631,97;BR-376/PR;Norte;Colisão Lateral;2;2;;;;;1
07/07/2018;14:06:00;331;sem vítima;132,633;BR-101/SC;Norte;Colisão Lateral;1;3;;;;;1
08/07/2018;08:00:00;101;sem vítima;157,73;BR-101/SC;Norte;Colisão Traseira;1;3;;;;;1
08/07/2018;20:46:00;392;sem vítima;661,001;BR-376/PR;Norte;Colisão Lateral;1;2;;;;;1
08/07/2018;23:10:00;424;sem vítima;242,956;BR-101/SC;Sul;Choque - Suporte de Sinalização;1;1;;;;;1
09/07/2018;06:22:00;80;sem vítima;668,334;BR-376/PR;Sul;Saida de Pista;1;1;;;;;1
09/07/2018;13:33:00;285;sem vítima;208,7;BR-101/SC;Norte;Colisão Lateral;1;2;;;;;1
09/07/2018;13:48:00;293;sem vítima;211,8;BR-101/SC;Norte;Colisão Traseira;1;2;;;;;1
09/07/2018;14:02:00;296;com vítima;202,242;BR-101/SC;Sul;Colisão Traseira;1;1;1;;;;1
09/07/2018;18:25:00;422;sem vítima;109,152;BR-116/PR;Norte;Colisão Traseira;2;2;;;;;1
09/07/2018;19:05:00;437;sem vítima;207,045;BR-101/SC;Sul;Colisão Traseira;1;2;;;;;1
09/07/2018;19:44:00;448;com vítima;216,854;BR-101/SC;Sul;Colisão Lateral;1;1;1;;;;1
09/07/2018;21:39:00;484;com vítima;24,8;BR-101/SC;Norte;Colisão Frontal;1;1;2;;;;1
10/07/2018;06:01:00;55;sem vítima;159,821;BR-101/SC;Sul;Tombamento;1;1;;;;;1
10/07/2018;10:00:00;156;sem vítima;83,001;BR-101/SC;Norte;Colisão Traseira;1;2;;;;;1
10/07/2018;10:04:00;161;sem vítima;149,275;BR-101/SC;Sul;Engavetamento;1;4;;;;;1
10/07/2018;10:18:00;168;sem vítima;158,104;BR-101/SC;Sul;Colisão Traseira;1;2;;;;;1
10/07/2018;16:53:00;346;com vítima;207,048;BR-101/SC;Sul;Colisão Traseira;2;2;;1;;1;3
10/07/2018;22:11:00;454;com vítima;211,808;BR-101/SC;Sul;Colisão Lateral;1;1;1;;;;1
11/07/2018;04:55:00;82;com vítima;84,5;BR-116/PR;Norte;Saida de Pista;1;0;1;;;;1
11/07/2018;07:20:00;100;sem vítima;192,684;BR-101/SC;Norte;Choque - Defensa, barreira ou "submarino";1;2;;;;;1
11/07/2018;14:10:00;283;sem vítima;27,001;BR-101/SC;Sul;Choque - Objeto sobre a pista;1;2;;;;;1
11/07/2018;16:33:00;355;com vítima;42,971;BR-101/SC;Sul;Colisão Traseira;1;3;1;;;;1
11/07/2018;17:11:00;378;sem vítima;215,568;BR-101/SC;Sul;Colisão Lateral;1;2;;;;;1
12/07/2018;12:50:00;257;sem vítima;681,031;BR-376/PR;Sul;Engavetamento;1;3;;;;;1
12/07/2018;19:41:00;450;com vítima;206,755;BR-101/SC;Sul;Engavetamento;1;2;;1;;;2
13/07/2018;02:06:00;36;sem vítima;138,714;BR-101/SC;Sul;Tombamento;1;1;;;;;1
13/07/2018;11:40:00;225;sem vítima;209,618;BR-101/SC;Sul;Engavetamento;1;3;;;;;1
13/07/2018;14:10:00;291;sem vítima;55,8;BR-101/SC;Norte;Colisão Traseira;1;2;;;;;1
13/07/2018;16:23:00;375;sem vítima;119,5;BR-101/SC;Sul;Colisão Lateral;1;2;;;;;1
13/07/2018;19:22:00;464;sem vítima;204,277;BR-101/SC;Sul;Engavetamento;2;5;;;;;1
13/07/2018;20:54:00;497;com vítima;615,001;BR-376/PR;Norte;Colisão Traseira;1;1;;;1;;2
13/07/2018;21:16:00;498;sem vítima;123,7;BR-101/SC;Sul;Colisão Traseira;1;3;;;;;1
14/07/2018;06:54:00;68;com vítima;65,709;BR-101/SC;Sul;Colisão Lateral;1;4;1;;;;1
14/07/2018;09:50:00;172;com vítima;27,761;BR-101/SC;Norte;Tombamento;1;2;1;;;;1
14/07/2018;12:52:00;242;sem vítima;79,46;BR-101/SC;Sul;Choque - Defensa, barreira ou "submarino";1;1;;;;;1
15/07/2018;18:37:00;385;sem vítima;22,666;BR-101/SC;Sul;Colisão Traseira;1;3;;;;;1
15/07/2018;19:52:00;414;sem vítima;671,7;BR-376/PR;Sul;Saida de Pista;1;1;;;;;1
16/07/2018;06:25:00;70;com vítima;95,833;BR-101/SC;Sul;Colisão Traseira;1;2;;;;1;3
16/07/2018;09:36:00;154;sem vítima;121,158;BR-101/SC;Norte;Colisão Traseira;1;2;;;;;1
16/07/2018;10:25:00;192;sem vítima;221,001;BR-101/SC;Norte;Colisão Lateral;1;2;;;;;1
16/07/2018;11:25:00;221;sem vítima;104,761;BR-116/PR;Norte;Colisão Traseira;2;2;;;;;1
16/07/2018;13:25:00;260;sem vítima;110,947;BR-116/PR;Norte;Colisão Traseira;2;2;;;;;1
17/07/2018;01:39:00;29;sem vítima;79,35;BR-101/SC;Norte;Choque - Defensa, barreira ou "submarino";1;1;;;;;1
17/07/2018;06:49:00;70;sem vítima;1,3;BR-101/SC;Norte;Colisão Traseira;1;3;;;;;1
17/07/2018;07:39:00;98;com vítima;41,261;BR-101/SC;Norte;Colisão Lateral;1;1;;;;1;3
17/07/2018;07:40:00;99;sem vítima;41,258;BR-101/SC;Sul;Colisão Traseira;1;2;;;;;1
17/07/2018;16:14:00;373;sem vítima;635,4;BR-376/PR;Sul;Colisão Lateral;1;2;;;;;1
17/07/2018;16:43:00;392;sem vítima;110,6;BR-116/PR;Sul;Colisão Lateral;1;3;;;;;1
17/07/2018;16:58:00;400;com vítima;107,8;BR-116/PR;Sul;Engavetamento;3;4;1;;;;1
17/07/2018;20:26:00;484;com vítima;105,95;BR-116/PR;Sul;Colisão Traseira;1;1;1;;;;1
17/07/2018;22:31:00;508;sem vítima;79,35;BR-101/SC;Sul;Colisão Traseira;1;2;;;;;1
18/07/2018;09:49:00;228;sem vítima;666,05;BR-376/PR;Sul;Tombamento;1;1;;;;;1
18/07/2018;15:18:00;354;sem vítima;99,001;BR-101/SC;Norte;Saida de Pista;1;1;;;;;1
18/07/2018;16:48:00;417;sem vítima;122,2;BR-101/SC;Sul;Colisão Traseira;1;2;;;;;1
18/07/2018;17:04:00;428;sem vítima;224,989;BR-101/SC;Norte;Saida de Pista;1;1;;;;;1
18/07/2018;17:45:00;451;sem vítima;45,516;BR-101/SC;Norte;Colisão Traseira;1;2;;;;;1
18/07/2018;19:00:00;475;sem vítima;25,3;BR-101/SC;Sul;Colisão Traseira;1;2;;;;;1
19/07/2018;06:48:00;81;com vítima;170,001;BR-101/SC;Norte;Colisão Lateral;1;1;1;;;;1
19/07/2018;08:01:00;118;com vítima;199,8;BR-101/SC;Sul;Colisão Lateral;1;3;2;;;;1
19/07/2018;10:33:00;201;sem vítima;195,8;BR-101/SC;Sul;Colisão Lateral;1;2;;;;;1
19/07/2018;10:41:00;205;sem vítima;668,717;BR-376/PR;Sul;Tombamento;1;1;;;;;1
19/07/2018;12:05:00;241;sem vítima;668,717;BR-376/PR;Sul;Engavetamento;1;4;;;;;1
19/07/2018;13:30:00;283;com vítima;666,513;BR-376/PR;Norte;Colisão Traseira;1;2;1;;;;1
19/07/2018;14:21:00;304;com vítima;663,781;BR-376/PR;Sul;Colisão Traseira;2;3;1;;;;1
19/07/2018;16:17:00;379;sem vítima;93,35;BR-116/PR;Norte;Colisão Traseira;1;2;;;;;1
19/07/2018;18:39:00;440;sem vítima;111,4;BR-101/SC;Sul;Colisão Lateral;1;2;;;;;1
19/07/2018;23:37:00;534;sem vítima;130,001;BR-101/SC;Sul;Colisão Lateral;2;2;;;;;1
20/07/2018;06:03:00;83;com vítima;215,889;BR-101/SC;Norte;Tombamento;1;0;1;;;;1
20/07/2018;12:26:00;263;sem vítima;243,001;BR-101/SC;Norte;Engavetamento;1;3;;;;;1
20/07/2018;19:05:00;430;sem vítima;38,95;BR-101/SC;Sul;Colisão Lateral;1;2;;;;;1
20/07/2018;22:58:00;508;sem vítima;193,35;BR-101/SC;Sul;Colisão Traseira;1;2;;;;;1
21/07/2018;05:40:00;92;com vítima;211,036;BR-101/SC;Norte;Colisão Traseira;1;2;2;;;;1
21/07/2018;09:29:00;205;sem vítima;157,457;BR-101/SC;Sul;Colisão Lateral;1;2;;;;;1
21/07/2018;10:52:00;251;sem vítima;112,187;BR-101/SC;Sul;Colisão Traseira;1;2;;;;;1
21/07/2018;15:32:00;358;sem vítima;232,634;BR-101/SC;Sul;Capotamento;1;2;;;;;1
22/07/2018;11:05:00;213;sem vítima;120,7;BR-101/SC;Norte;Colisão Traseira;1;2;;;;;1
22/07/2018;16:28:00;325;sem vítima;215,001;BR-101/SC;Norte;Colisão Traseira;1;2;;;;;1
22/07/2018;22:25:00;459;sem vítima;96,693;BR-116/PR;Sul;Tombamento;1;1;;;;;1
23/07/2018;06:51:00;93;com vítima;201,672;BR-101/SC;Sul;Colisão Traseira;1;1;1;;;;1
23/07/2018;08:51:00;154;sem vítima;79,46;BR-101/SC;Norte;Colisão Lateral;1;2;;;;;1
23/07/2018;10:43:00;216;sem vítima;21,127;BR-101/SC;Norte;Saida de Pista;1;1;;;;;1
23/07/2018;13:13:00;280;sem vítima;111,001;BR-101/SC;Norte;Colisão Traseira;1;2;;;;;1
23/07/2018;13:29:00;285;sem vítima;79,4;BR-101/SC;Sul;Colisão Traseira;1;2;;;;;1
23/07/2018;14:10:00;293;sem vítima;668,476;BR-376/PR;Sul;Saida de Pista;1;3;;;;;1
23/07/2018;14:16:00;296;com vítima;52,75;BR-101/SC;Norte;Colisão Traseira;1;1;2;;;;1
23/07/2018;15:12:00;314;sem vítima;242,8;BR-101/SC;Sul;Colisão Traseira;2;2;;;;;1
23/07/2018;19:33:00;414;sem vítima;157,437;BR-101/SC;Sul;Colisão Traseira;1;2;;;;;1
23/07/2018;19:54:00;423;sem vítima;635,4;BR-376/PR;Norte;Colisão Traseira;1;2;;;;;1
23/07/2018;22:14:00;464;sem vítima;57,037;BR-101/SC;Norte;Colisão Traseira;1;2;;;;;1
24/07/2018;10:14:00;177;sem vítima;663,753;BR-376/PR;Sul;Tombamento;1;1;;;;;1
24/07/2018;12:55:00;241;sem vítima;157,4;BR-101/SC;Sul;Colisão Traseira;2;2;;;;;1
24/07/2018;13:37:00;256;sem vítima;243,001;BR-101/SC;Norte;Colisão Traseira;1;2;;;;;1
24/07/2018;16:45:00;322;com vítima;131,033;BR-101/SC;Norte;Colisão Lateral;1;1;1;;;;1
24/07/2018;17:37:00;345;sem vítima;204,7;BR-101/SC;Sul;Engavetamento;1;4;;;;;1
25/07/2018;06:44:00;76;sem vítima;635,18;BR-376/PR;Sul;Colisão Traseira;2;2;;;;;1
25/07/2018;07:05:00;86;sem vítima;207,012;BR-101/SC;Sul;Colisão Lateral;1;2;;;;;1
25/07/2018;08:21:00;108;com vítima;668,605;BR-376/PR;Norte;Colisão Traseira;1;2;1;;;;1
25/07/2018;09:08:00;116;com vítima;202,599;BR-101/SC;Sul;Colisão Traseira;1;2;1;;;;1
25/07/2018;09:27:00;130;com vítima;141,466;BR-101/SC;Sul;Colisão Lateral;2;3;1;;;;1
25/07/2018;18:10:00;343;com vítima;90,555;BR-101/SC;Sul;Colisão Frontal;1;2;1;;;;1
25/07/2018;20:04:00;380;sem vítima;215,01;BR-101/SC;Norte;Colisão Lateral;1;2;;;;;1
25/07/2018;20:58:00;395;com vítima;205,001;BR-101/SC;Norte;Colisão Lateral;1;1;1;;;;1
26/07/2018;08:00:00;117;sem vítima;89,979;BR-116/PR;Sul;Colisão Traseira;1;2;;;;;1
26/07/2018;09:14:00;161;sem vítima;674,304;BR-376/PR;Sul;Colisão Traseira;2;2;;;;;1
26/07/2018;15:21:00;335;sem vítima;118,808;BR-101/SC;Sul;Colisão Traseira;1;2;;;;;1
26/07/2018;17:24:00;415;com vítima;88,358;BR-101/SC;Norte;Colisão Lateral;1;2;1;;;;1
26/07/2018;17:52:00;431;sem vítima;88,23;BR-101/SC;Norte;Colisão Traseira;2;2;;;;;1
26/07/2018;19:35:00;466;sem vítima;33,796;BR-101/SC;Sul;Colisão Lateral;1;2;;;;;1
26/07/2018;23:35:00;542;sem vítima;203,8;BR-101/SC;Sul;Colisão Lateral;1;2;;;;;1
27/07/2018;08:37:00;143;sem vítima;628,089;BR-376/PR;Norte;Colisão Lateral;1;2;;;;;1
27/07/2018;18:25:00;422;com vítima;216,4;BR-101/SC;Norte;Colisão Traseira;2;1;1;;;;1
28/07/2018;03:02:00;55;com vítima;75,75;BR-101/SC;Sul;Choque - Defensa, barreira ou "submarino";1;2;1;;;;1
28/07/2018;23:35:00;439;com vítima;668,552;BR-376/PR;Sul;Colisão Traseira;2;1;;;1;;2
29/07/2018;02:51:00;33;sem vítima;233,3;BR-101/SC;Norte;Colisão Lateral;1;2;;;;;1
29/07/2018;11:23:00;196;sem vítima;667,692;BR-376/PR;Sul;;1;1;;;;;1
29/07/2018;13:43:00;232;sem vítima;660,283;BR-376/PR;Norte;Colisão Lateral;1;2;;;;;1
29/07/2018;14:22:00;242;com vítima;41,14;BR-101/SC;Norte;Engavetamento;1;4;2;;;;1
29/07/2018;23:29:00;413;sem vítima;647,563;BR-376/PR;Norte;Colisão Traseira;2;2;;;;;1
30/07/2018;09:43:00;167;sem vítima;668,6;BR-376/PR;Sul;Colisão Traseira;1;2;;;;;1
30/07/2018;09:51:00;176;sem vítima;632,689;BR-376/PR;Sul;Capotamento;1;1;;;;;1
30/07/2018;11:41:00;226;com vítima;196,682;BR-101/SC;Norte;Atropelamento - Usuário;1;1;;;1;;2
30/07/2018;13:03:00;256;sem vítima;666,678;BR-376/PR;Norte;Colisão Lateral;1;2;;;;;1
30/07/2018;13:25:00;267;sem vítima;135,001;BR-101/SC;Sul;Colisão Traseira;1;2;;;;;1
30/07/2018;16:09:00;332;sem vítima;119,001;BR-101/SC;Norte;Colisão Lateral;1;2;;;;;1
31/07/2018;06:08:00;40;sem vítima;679,553;BR-376/PR;Sul;Colisão Traseira;2;2;;;;;1
31/07/2018;06:59:00;47;sem vítima;660,172;BR-376/PR;Sul;Colisão Traseira;2;2;;;;;1
31/07/2018;07:35:00;77;sem vítima;660,1;BR-376/PR;Sul;Colisão Lateral;2;3;;;;;1
31/07/2018;14:30:00;266;sem vítima;207,126;BR-101/SC;Sul;Colisão Traseira;1;2;;;;;1
01/05/2018;04:29:00;44;sem vítima;98,373;BR-101/SC;Sul;Saida de Pista;1;2;;;;;1
01/05/2018;16:34:00;312;sem vítima;135,001;BR-101/SC;Norte;Colisão Traseira;1;2;;;;;1
01/05/2018;18:59:00;379;com vítima;83,4;BR-116/PR;Norte;Tombamento;1;0;1;;;;1
01/05/2018;19:03:00;380;sem vítima;656,001;BR-376/PR;Norte;Colisão Traseira;1;2;;;;;1
01/05/2018;21:20:00;415;sem vítima;24,946;BR-101/SC;Norte;Colisão Traseira;1;2;;;;;1
02/05/2018;01:33:00;26;sem vítima;26,65;BR-101/SC;Sul;Saida de Pista;1;1;;;;;1
02/05/2018;07:14:00;74;sem vítima;27,54;BR-101/SC;Norte;Tombamento;1;1;;;;;1
02/05/2018;14:47:00;273;sem vítima;141,572;BR-101/SC;Sul;Colisão Lateral;1;4;;;;;1
02/05/2018;14:48:00;275;com vítima;47,335;BR-101/SC;Norte;Atropelamento - Andarilho;1;1;;1;;;2
02/05/2018;17:48:00;369;sem vítima;92,8;BR-116/PR;Norte;Colisão Traseira;1;2;;;;;1
02/05/2018;18:57:00;400;sem vítima;660,001;BR-376/PR;Sul;Choque - Defensa, barreira ou "submarino";1;1;;;;;1
02/05/2018;19:38:00;408;sem vítima;188,178;BR-101/SC;Norte;Colisão Lateral;1;2;;;;;1
02/05/2018;20:31:00;418;com vítima;619,001;BR-376/PR;Sul;Colisão Lateral;1;1;2;;;;1
03/05/2018;06:26:00;74;sem vítima;103,001;BR-116/PR;Sul;Colisão Lateral;1;2;;;;;1
03/05/2018;07:43:00;109;sem vítima;107,106;BR-101/SC;Norte;Tombamento;1;1;;;;;1
03/05/2018;11:14:00;231;com vítima;215,124;BR-101/SC;Norte;Queda de Moto;1;1;1;;;;1
03/05/2018;12:03:00;247;sem vítima;144,385;BR-101/SC;Sul;Tombamento;1;1;;;;;1
03/05/2018;12:08:00;249;sem vítima;652,451;BR-376/PR;Norte;Tombamento;1;1;;;;;1
03/05/2018;12:35:00;257;sem vítima;635,001;BR-376/PR;Sul;Colisão Traseira;2;2;;;;;1
03/05/2018;15:13:00;317;sem vítima;196,557;BR-101/SC;Sul;Colisão Lateral;2;2;;;;;1
03/05/2018;17:38:00;403;sem vítima;668,488;BR-376/PR;Sul;Tombamento;2;2;;;;;1
04/05/2018;01:15:00;25;com vítima;232,671;BR-101/SC;Sul;Colisão Traseira;1;1;1;;;;1
04/05/2018;12:04:00;263;sem vítima;673,001;BR-376/PR;Sul;Colisão Traseira;2;2;;;;;1
04/05/2018;15:49:00;354;sem vítima;26,847;BR-101/SC;Norte;Colisão Traseira;1;2;;;;;1
04/05/2018;16:57:00;392;sem vítima;203,8;BR-101/SC;Sul;Colisão Lateral;1;2;;;;;1
05/05/2018;04:40:00;53;com vítima;137,554;BR-101/SC;Norte;Colisão Traseira;1;1;;1;;;2
05/05/2018;11:38:00;247;sem vítima;56,193;BR-101/SC;Norte;Colisão Lateral;1;2;;;;;1
05/05/2018;13:44:00;293;sem vítima;671,7;BR-376/PR;Sul;Saida de Pista;1;1;;;;;1
05/05/2018;17:51:00;394;sem vítima;88,985;BR-101/SC;Sul;Colisão Lateral;2;3;;;;;1
06/05/2018;02:02:00;44;sem vítima;671,7;BR-376/PR;Sul;Saida de Pista;1;1;;;;;1
06/05/2018;10:06:00;175;sem vítima;124,5;BR-101/SC;Sul;Choque - Objeto sobre a pista;1;3;;;;;1
06/05/2018;14:20:00;267;com vítima;110,946;BR-101/SC;Norte;Choque - Defensa, barreira ou "submarino";1;2;1;;;;1
06/05/2018;15:48:00;302;sem vítima;48,933;BR-101/SC;Norte;Tombamento;1;1;;;;;1
06/05/2018;17:39:00;340;sem vítima;157,001;BR-101/SC;Sul;Colisão Traseira;2;3;;;;;1
07/05/2018;02:33:00;34;sem vítima;54,001;BR-101/SC;Norte;Saida de Pista;1;1;;;;;1
07/05/2018;07:03:00;74;sem vítima;41,5;BR-101/SC;Norte;Colisão Lateral;1;3;;;;;1
07/05/2018;07:16:00;82;com vítima;41,116;BR-101/SC;Sul;Engavetamento;2;2;;;;1;3
07/05/2018;08:44:00;120;sem vítima;38,9;BR-101/SC;Sul;Colisão Traseira;2;2;;;;;1
07/05/2018;13:05:00;218;com vítima;665,455;BR-376/PR;Sul;Colisão Lateral;1;1;1;;;;1
07/05/2018;13:42:00;237;sem vítima;195,507;BR-101/SC;Sul;Colisão Traseira;1;2;;;;;1
07/05/2018;17:01:00;334;com vítima;208,001;BR-101/SC;Sul;Queda de Moto;1;1;2;;;;1
07/05/2018;17:16:00;341;sem vítima;664,552;BR-376/PR;Sul;Colisão Traseira;1;2;;;;;1
08/05/2018;02:44:00;51;sem vítima;57,8;BR-101/SC;Norte;Tombamento;1;1;;;;;1
08/05/2018;08:45:00;141;sem vítima;669,6;BR-376/PR;Sul;Saida de Pista;1;1;;;;;1
08/05/2018;10:22:00;183;com vítima;96,8;BR-101/SC;Sul;Colisão Traseira;2;1;1;;;;1
08/05/2018;10:29:00;188;sem vítima;57,26;BR-101/SC;Norte;Colisão Traseira;1;2;;;;;1
08/05/2018;11:15:00;204;sem vítima;102,545;BR-101/SC;Sul;Tombamento;1;1;;;;;1
08/05/2018;11:36:00;213;sem vítima;23,1;BR-101/SC;Sul;Engavetamento;3;4;;;;;1
08/05/2018;19:48:00;378;sem vítima;103,001;BR-101/SC;Norte;Colisão Lateral;2;3;;;;;1
08/05/2018;23:55:00;435;sem vítima;48,8;BR-101/SC;Norte;Colisão Traseira;1;2;;;;;1
09/05/2018;03:08:00;66;sem vítima;675,9;BR-376/PR;Sul;Saida de Pista;1;3;;;;;1
09/05/2018;04:30:00;76;sem vítima;86,626;BR-116/PR;Norte;Tombamento;1;1;;;;;1
09/05/2018;06:28:00;96;sem vítima;11,18;BR-101/SC;Sul;Colisão Traseira;2;2;;;;;1
09/05/2018;08:02:00;131;sem vítima;623,001;BR-376/PR;Norte;Colisão Traseira;1;2;;;;;1
09/05/2018;09:08:00;167;sem vítima;215,277;BR-101/SC;Norte;Colisão Traseira;1;2;;;;;1
09/05/2018;11:31:00;231;sem vítima;158,813;BR-101/SC;Sul;Colisão Traseira;2;2;;;;;1
09/05/2018;11:43:00;233;sem vítima;130,796;BR-101/SC;Norte;Colisão Traseira;2;3;;;;;1
09/05/2018;13:25:00;269;com vítima;214,317;BR-101/SC;Sul;Colisão Lateral;1;1;1;;;;1
09/05/2018;18:01:00;395;sem vítima;202,151;BR-101/SC;Norte;Engavetamento;1;3;;;;;1
10/05/2018;01:26:00;43;com vítima;191,6;BR-101/SC;Norte;Colisão Traseira;1;1;;1;;;2
10/05/2018;06:31:00;103;com vítima;196,7;BR-101/SC;Sul;Atropelamento - Usuário;1;1;;1;;;2
10/05/2018;06:43:00;108;sem vítima;119,3;BR-101/SC;Sul;Choque - Suporte de Sinalização;1;1;;;;;1
10/05/2018;11:40:00;240;sem vítima;91,529;BR-101/SC;Sul;Colisão Traseira;1;2;;;;;1
10/05/2018;13:02:00;264;sem vítima;199,33;BR-101/SC;Sul;Colisão Traseira;1;2;;;;;1
10/05/2018;14:04:00;288;sem vítima;664,154;BR-376/PR;Sul;Tombamento;1;1;;;;;1
10/05/2018;14:22:00;296;sem vítima;200,211;BR-101/SC;Sul;Engavetamento;3;3;;;;;1
10/05/2018;17:56:00;394;sem vítima;212,001;BR-101/SC;Norte;Colisão Lateral;1;2;;;;;1
10/05/2018;20:32:00;442;sem vítima;197,928;BR-101/SC;Norte;Colisão Lateral;1;2;;;;;1
10/05/2018;20:40:00;444;sem vítima;184,614;BR-101/SC;Norte;Saida de Pista;1;1;;;;;1
11/05/2018;12:50:00;288;sem vítima;158,5;BR-101/SC;Norte;Colisão Lateral;1;3;;;;;1
11/05/2018;13:40:00;316;sem vítima;207,2;BR-101/SC;Sul;Colisão Lateral;1;3;;;;;1
11/05/2018;17:43:00;460;sem vítima;106,086;BR-116/PR;Sul;Tombamento;1;2;;;;;1
12/05/2018;01:55:00;43;sem vítima;44,6;BR-101/SC;Sul;Colisão Traseira;1;2;;;;;1
12/05/2018;05:45:00;81;com vítima;110,304;BR-101/SC;Norte;Colisão Traseira;2;1;;1;;;2
12/05/2018;08:48:00;154;sem vítima;37,5;BR-101/SC;Sul;Choque - Objeto sobre a pista;1;2;;;;;1
12/05/2018;11:27:00;214;sem vítima;192,4;BR-101/SC;Norte;Colisão Lateral;1;2;;;;;1
12/05/2018;11:39:00;218;sem vítima;101,249;BR-101/SC;Sul;Colisão Traseira;1;4;;;;;1
12/05/2018;12:44:00;234;sem vítima;114,137;BR-101/SC;Norte;Colisão Traseira;2;3;;;;;1
13/05/2018;16:23:00;306;sem vítima;204,14;BR-101/SC;Sul;Engavetamento;1;3;;;;;1
14/05/2018;15:14:00;305;sem vítima;679,509;BR-376/PR;Norte;Colisão Lateral;2;2;;;;;1
14/05/2018;17:23:00;362;sem vítima;646,7;BR-376/PR;Sul;Colisão Lateral;1;2;;;;;1
14/05/2018;22:45:00;455;sem vítima;130,202;BR-101/SC;Sul;Colisão Traseira;1;2;;;;;1
15/05/2018;07:16:00;93;sem vítima;111,499;BR-101/SC;Sul;Tombamento;1;1;;;;;1
15/05/2018;09:50:00;169;sem vítima;93,666;BR-116/PR;Sul;Choque - Defensa, barreira ou "submarino";1;1;;;;;1
15/05/2018;12:08:00;207;com vítima;113,001;BR-116/PR;Sul;Colisão Traseira;1;1;1;;;;1
15/05/2018;12:55:00;233;com vítima;54,6;BR-101/SC;Norte;Capotamento;1;0;2;;;;1
15/05/2018;13:20:00;241;sem vítima;207,001;BR-101/SC;Sul;Colisão Traseira;1;2;;;;;1
15/05/2018;16:13:00;303;sem vítima;617,001;BR-376/PR;Sul;Colisão Traseira;1;2;;;;;1
15/05/2018;20:47:00;403;sem vítima;663,774;BR-376/PR;Sul;Colisão Traseira;2;2;;;;;1
16/05/2018;09:36:00;204;sem vítima;111,1;BR-116/PR;Sul;Colisão Traseira;1;3;;;;;1
16/05/2018;09:58:00;223;sem vítima;39,505;BR-101/SC;Norte;Colisão Lateral;1;2;;;;;1
16/05/2018;11:19:00;260;sem vítima;44,487;BR-101/SC;Norte;Colisão Lateral;1;2;;;;;1
16/05/2018;12:06:00;282;com vítima;117,982;BR-101/SC;Sul;Colisão Lateral;1;1;1;;;;1
16/05/2018;15:46:00;348;sem vítima;111,274;BR-101/SC;Sul;Colisão Traseira;2;3;;;;;1
17/05/2018;08:27:00;139;sem vítima;668,498;BR-376/PR;Sul;Choque - Defensa, barreira ou "submarino";1;1;;;;;1
17/05/2018;08:57:00;157;sem vítima;664,509;BR-376/PR;Norte;Saida de Pista;1;1;;;;;1
17/05/2018;12:17:00;223;sem vítima;621,019;BR-376/PR;Norte;Colisão Traseira;2;2;;;;;1
17/05/2018;14:23:00;258;com vítima;625,592;BR-376/PR;Sul;Colisão Lateral;1;1;1;;;;1
17/05/2018;15:48:00;302;sem vítima;197,001;BR-101/SC;Sul;Colisão Traseira;2;2;;;;;1
17/05/2018;16:20:00;319;sem vítima;55,1;BR-101/SC;Norte;Choque - Defensa, barreira ou "submarino";1;1;;;;;1
17/05/2018;17:05:00;348;sem vítima;200,944;BR-101/SC;Sul;Choque - Defensa, barreira ou "submarino";1;1;;;;;1
17/05/2018;19:49:00;389;sem vítima;120,001;BR-101/SC;Sul;Colisão Traseira;1;2;;;;;1