data;horario;n_da_ocorrencia;tipo_de_ocorrencia;km;trecho;sentido;tipo_de_acidente;caminhao;ilesos;levemente_feridos;moderadamente_feridos;gravemente_feridos;mortos;3
17/05/2018;21:30:00;413;sem vítima;136,8;BR-101/SC;Norte;Colisão Lateral;1;2;;;;;1
18/05/2018;07:58:00;125;sem vítima;664,398;BR-376/PR;Sul;Choque - Defensa, barreira ou "submarino";1;1;;;;;1
18/05/2018;09:48:00;193;sem vítima;243,001;BR-101/SC;Sul;Colisão Traseira;1;2;;;;;1
18/05/2018;10:49:00;227;sem vítima;197,3;BR-101/SC;Sul;Colisão Lateral;1;2;;;;;1
18/05/2018;15:07:00;314;sem vítima;668,525;BR-376/PR;Sul;Tombamento;2;2;;;;;1
18/05/2018;20:19:00;401;sem vítima;210,001;BR-101/SC;Sul;Colisão Lateral;1;2;;;;;1
18/05/2018;19:12:00;422;sem vítima;46,723;BR-101/SC;Norte;Colisão Lateral;1;2;;;;;1
18/05/2018;22:11:00;470;sem vítima;665,05;BR-376/PR;Sul;Colisão Traseira;2;3;;;;;1
19/05/2018;00:04:00;2;sem vítima;635,4;BR-376/PR;Norte;Colisão Traseira;1;2;;;;;1
19/05/2018;01:10:00;22;sem vítima;0,887;BR-101/SC;Sul;Colisão Traseira;1;2;;;;;1
19/05/2018;02:11:00;37;sem vítima;85,8;BR-116/PR;Sul;Colisão Traseira;1;2;;;;;1
19/05/2018;04:36:00;52;sem vítima;138,029;BR-101/SC;Sul;Colisão Traseira;1;2;;;;;1
19/05/2018;15:48:00;339;sem vítima;210,869;BR-101/SC;Norte;Colisão Lateral;1;2;;;;;1
20/05/2018;03:33:00;72;sem vítima;114,6;BR-116/PR;Norte;Saida de Pista;1;1;;;;;1
20/05/2018;16:27:00;310;sem vítima;115,001;BR-116/PR;Norte;Colisão Traseira;1;2;;;;;1
21/05/2018;02:36:00;41;sem vítima;140,231;BR-101/SC;Sul;Colisão Traseira;1;2;;;;;1
21/05/2018;23:28:00;483;com vítima;125,3;BR-101/SC;Norte;Colisão Traseira;1;1;;1;;;2
23/05/2018;10:53:00;203;sem vítima;651,463;BR-376/PR;Norte;Colisão Traseira;1;2;;;;;1
30/05/2018;09:04:00;81;com vítima;175,192;BR-101/SC;Norte;Choque - Talude;1;0;1;;;;1
30/05/2018;15:53:00;169;com vítima;679,41;BR-376/PR;Sul;Tombamento;1;0;1;;;;1
30/05/2018;23:43:00;312;sem vítima;159,416;BR-101/SC;Sul;Atropelamento de Animal;1;1;;;;;1
31/05/2018;12:55:00;170;sem vítima;40,8;BR-101/SC;Norte;Colisão Lateral;1;2;;;;;1
31/05/2018;14:00:00;186;sem vítima;80,001;BR-101/SC;Norte;Colisão Traseira;1;5;;;;;1
01/06/2018;07:34:00;110;com vítima;4,801;BR-101/SC;Norte;Colisão Traseira;1;2;1;;;;1
01/06/2018;08:09:00;123;sem vítima;174,973;BR-101/SC;Sul;Tombamento;1;1;;;;;1
01/06/2018;09:50:00;155;sem vítima;671,7;BR-376/PR;Sul;Saida de Pista;1;1;;;;;1
01/06/2018;14:21:00;236;com vítima;224,5;BR-101/SC;Sul;Colisão Traseira;1;1;;2;;;2
01/06/2018;22:12:00;399;com vítima;666,2;BR-376/PR;Sul;Saida de Pista;1;1;1;;;;1
02/06/2018;01:32:00;37;sem vítima;42,001;BR-101/SC;Sul;Colisão Traseira;1;3;;;;;1
02/06/2018;08:15:00;136;sem vítima;206,878;BR-101/SC;Sul;Colisão Lateral;1;2;;;;;1
02/06/2018;14:04:00;255;sem vítima;16,496;BR-101/SC;Sul;Saida de Pista;1;1;;;;;1
02/06/2018;18:40:00;378;sem vítima;641,645;BR-376/PR;Sul;Saida de Pista;1;1;;;;;1
03/06/2018;08:05:00;92;sem vítima;1,3;BR-101/SC;Norte;Colisão Traseira;1;2;;;;;1
03/06/2018;13:39:00;197;sem vítima;45,1;BR-101/SC;Sul;Colisão Lateral;1;2;;;;;1
03/06/2018;18:19:00;306;com vítima;44,001;BR-101/SC;Norte;Colisão Lateral;1;2;3;;;;1
04/06/2018;03:21:00;50;sem vítima;185,3;BR-101/SC;Norte;Choque - Defensa, barreira ou "submarino";1;1;;;;;1
04/06/2018;07:36:00;103;sem vítima;665,479;BR-376/PR;Sul;Tombamento;1;1;;;;;1
04/06/2018;09:23:00;185;sem vítima;79,47;BR-101/SC;Sul;Colisão Traseira;2;3;;;;;1
04/06/2018;09:59:00;205;com vítima;650,864;BR-376/PR;Sul;Tombamento;1;0;1;1;1;;2
04/06/2018;14:39:00;330;sem vítima;169,048;BR-101/SC;Sul;Saida de Pista;1;1;;;;;1
04/06/2018;15:13:00;352;sem vítima;664,459;BR-376/PR;Norte;Colisão Traseira;1;2;;;;;1
05/06/2018;06:06:00;47;sem vítima;214,535;BR-101/SC;Sul;Engavetamento;1;3;;;;;1
05/06/2018;07:17:00;59;sem vítima;0,551;BR-101/SC;Norte;Saida de Pista;1;1;;;;;1
05/06/2018;12:00:00;220;sem vítima;625,769;BR-376/PR;Norte;Tombamento;1;1;;;;;1
05/06/2018;16:11:00;332;sem vítima;116,718;BR-101/SC;Sul;Colisão Lateral;1;2;;;;;1
05/06/2018;17:40:00;366;sem vítima;44,376;BR-101/SC;Norte;Colisão Lateral;1;2;;;;;1
05/06/2018;20:36:00;419;com vítima;624,001;BR-376/PR;Norte;Colisão Lateral;1;1;;1;;;2
05/06/2018;21:32:00;429;sem vítima;671,7;BR-376/PR;Sul;Saida de Pista;1;1;;;;;1
06/06/2018;07:37:00;137;sem vítima;133,117;BR-101/SC;Norte;Colisão Lateral;1;2;;;;;1
06/06/2018;07:45:00;146;sem vítima;1,3;BR-101/SC;Sul;Choque - Defensa, barreira ou "submarino";1;1;;;;;1
06/06/2018;11:23:00;292;sem vítima;116,6;BR-101/SC;Norte;Colisão Lateral;1;2;;;;;1
06/06/2018;15:06:00;395;sem vítima;201,581;BR-101/SC;Sul;Engavetamento;2;5;;;;;1
06/06/2018;17:36:00;465;sem vítima;666,001;BR-376/PR;Sul;Colisão Lateral;1;2;;;;;1
06/06/2018;18:41:00;482;sem vítima;14,594;BR-101/SC;Norte;Colisão Traseira;2;2;;;;;1
06/06/2018;18:29:00;491;sem vítima;216,001;BR-101/SC;Norte;Colisão Lateral;1;2;;;;;1
06/06/2018;20:00:00;514;com vítima;217,016;BR-101/SC;Norte;Colisão Traseira;1;1;1;;;;1
06/06/2018;20:12:00;520;sem vítima;635,4;BR-376/PR;Norte;Colisão Traseira;2;2;;;;;1
06/06/2018;20:18:00;524;sem vítima;209,001;BR-101/SC;Norte;Colisão Traseira;1;2;;;;;1
07/06/2018;03:02:00;51;sem vítima;107,8;BR-101/SC;Sul;Colisão Traseira;2;2;;;;;1
07/06/2018;05:49:00;67;com vítima;208,98;BR-101/SC;Norte;Choque - Poste;1;1;1;;;;1
07/06/2018;09:51:00;163;sem vítima;23,069;BR-101/SC;Sul;Colisão Traseira;1;3;;;;;1
07/06/2018;11:48:00;212;sem vítima;213,7;BR-101/SC;Norte;Colisão Traseira;1;2;;;;;1
07/06/2018;12:04:00;214;com vítima;665,67;BR-376/PR;Sul;Colisão Traseira;2;0;2;;;1;3
07/06/2018;16:03:00;298;sem vítima;111,001;BR-116/PR;Norte;Saida de Pista;1;1;;;;;1
07/06/2018;16:24:00;337;sem vítima;80,937;BR-101/SC;Norte;Engavetamento;1;4;;;;;1
07/06/2018;16:37:00;340;sem vítima;657,145;BR-376/PR;Sul;Saida de Pista;1;1;;;;;1
07/06/2018;16:58:00;350;com vítima;60,464;BR-101/SC;Norte;Colisão Traseira;2;2;;1;1;;2
07/06/2018;17:10:00;355;sem vítima;111,001;BR-116/PR;Norte;Colisão Lateral;1;2;;;;;1
07/06/2018;20:29:00;418;sem vítima;79,35;BR-101/SC;Sul;Colisão Traseira;2;2;;;;;1
07/06/2018;23:05:00;452;sem vítima;43,298;BR-101/SC;Sul;Colisão Lateral;1;3;;;;;1
08/06/2018;01:21:00;24;com vítima;92,627;BR-116/PR;Sul;Tombamento;1;1;1;;;;1
08/06/2018;08:05:00;106;sem vítima;99,558;BR-101/SC;Sul;Colisão Lateral;2;2;;;;;1
08/06/2018;10:08:00;177;sem vítima;206,031;BR-101/SC;Norte;Colisão Traseira;1;2;;;;;1
08/06/2018;10:19:00;180;sem vítima;109,2;BR-101/SC;Norte;Saida de Pista;1;1;;;;;1
08/06/2018;10:38:00;190;com vítima;27,4;BR-101/SC;Norte;Queda de Moto;1;1;2;;;;1
08/06/2018;13:49:00;251;sem vítima;93,366;BR-101/SC;Sul;Engavetamento;1;3;;;;;1
08/06/2018;19:01:00;396;sem vítima;192,001;BR-101/SC;Sul;Colisão Traseira;1;2;;;;;1
08/06/2018;20:56:00;415;sem vítima;79,35;BR-101/SC;Norte;Choque - Defensa, barreira ou "submarino";1;1;;;;;1
09/06/2018;01:05:00;18;sem vítima;624,5;BR-376/PR;Norte;Colisão Lateral;1;2;;;;;1
09/06/2018;01:29:00;23;sem vítima;72,8;BR-101/SC;Sul;Saida de Pista;1;1;;;;;1
09/06/2018;03:31:00;47;sem vítima;137,5;BR-101/SC;Norte;Colisão Traseira;1;2;;;;;1
09/06/2018;10:32:00;156;com vítima;27,468;BR-101/SC;Norte;Colisão Lateral;1;1;;;;1;3
09/06/2018;15:43:00;266;sem vítima;202,001;BR-101/SC;Norte;Colisão Lateral;1;2;;;;;1
09/06/2018;16:40:00;304;com vítima;88,304;BR-101/SC;Norte;Colisão Traseira;1;2;1;;;;1
09/06/2018;18:26:00;354;sem vítima;158,001;BR-101/SC;Norte;Colisão Traseira;1;2;;;;;1
10/06/2018;15:01:00;252;sem vítima;209,001;BR-101/SC;Norte;Colisão Lateral;1;2;;;;;1
11/06/2018;12:37:00;244;sem vítima;208,416;BR-101/SC;Norte;Engavetamento;3;4;;;;;1
11/06/2018;17:30:00;404;sem vítima;215,001;BR-101/SC;Sul;Colisão Lateral;1;2;;;;;1
11/06/2018;18:07:00;421;sem vítima;112,828;BR-101/SC;Sul;Colisão Lateral;1;2;;;;;1
12/06/2018;07:06:00;90;sem vítima;95,5;BR-116/PR;Norte;Tombamento;1;1;;;;;1
12/06/2018;08:51:00;172;sem vítima;102;BR-116/PR;Norte;Colisão Traseira;1;2;;;;;1
12/06/2018;09:44:00;198;sem vítima;100,8;BR-116/PR;Norte;Saida de Pista;1;1;;;;;1
12/06/2018;13:37:00;303;sem vítima;44,9;BR-101/SC;Norte;Colisão Transversal;1;2;;;;;1
12/06/2018;14:00:00;310;com vítima;202,779;BR-101/SC;Sul;Tombamento;1;0;2;;;;1
12/06/2018;14:36:00;325;sem vítima;644,155;BR-376/PR;Sul;Colisão Lateral;1;2;;;;;1
12/06/2018;16:19:00;369;sem vítima;235,02;BR-101/SC;Norte;Engavetamento;3;4;;;;;1
12/06/2018;19:09:00;442;sem vítima;673,686;BR-376/PR;Norte;Saida de Pista;1;1;;;;;1
12/06/2018;20:41:00;468;com vítima;112,8;BR-101/SC;Norte;Saida de Pista;1;1;1;;;;1
13/06/2018;04:17:00;67;sem vítima;141,001;BR-101/SC;Sul;Saida de Pista;1;1;;;;;1
13/06/2018;06:54:00;108;com vítima;88,998;BR-101/SC;Sul;Colisão Traseira;1;1;;;;1;3
13/06/2018;09:37:00;206;sem vítima;665,607;BR-376/PR;Sul;Colisão Traseira;2;2;;;;;1
13/06/2018;11:52:00;269;com vítima;45,246;BR-101/SC;Norte;Colisão Traseira;2;0;;;2;;2
13/06/2018;15:53:00;367;sem vítima;201,87;BR-101/SC;Sul;Colisão Traseira;1;2;;;;;1
13/06/2018;19:57:00;467;sem vítima;196,1;BR-101/SC;Norte;Colisão Lateral;1;2;;;;;1
14/06/2018;03:11:00;63;com vítima;95,961;BR-101/SC;Sul;Engavetamento;3;2;;1;;;2
14/06/2018;07:42:00;125;com vítima;96,409;BR-116/PR;Norte;Colisão Traseira;2;2;1;;;;1
14/06/2018;15:10:00;316;com vítima;143,27;BR-101/SC;Sul;Choque - Poste;1;0;1;;;;1
14/06/2018;17:02:00;362;sem vítima;24,621;BR-101/SC;Sul;Saida de Pista;1;1;;;;;1
14/06/2018;20:33:00;424;sem vítima;9,001;BR-101/SC;Norte;Capotamento;1;2;;;;;1
14/06/2018;21:27:00;441;com vítima;133,206;BR-101/SC;Sul;Engavetamento;2;2;;;1;1;3
15/06/2018;09:06:00;127;sem vítima;625,627;BR-376/PR;Norte;Saida de Pista;1;1;;;;;1
15/06/2018;09:34:00;143;sem vítima;87,802;BR-101/SC;Norte;Colisão Lateral;1;2;;;;;1
15/06/2018;11:58:00;199;sem vítima;26,978;BR-101/SC;Norte;Colisão Lateral;1;2;;;;;1
15/06/2018;13:02:00;214;sem vítima;26,889;BR-101/SC;Norte;Colisão Lateral;1;2;;;;;1
15/06/2018;13:07:00;215;sem vítima;671,7;BR-376/PR;Sul;Choque - Defensa, barreira ou "submarino";1;1;;;;;1
15/06/2018;16:22:00;303;sem vítima;677,738;BR-376/PR;Norte;Saida de Pista;1;1;;;;;1
16/06/2018;05:36:00;61;sem vítima;681,5;BR-376/PR;Norte;Colisão Lateral;1;2;;;;;1
16/06/2018;09:55:00;131;sem vítima;663,927;BR-376/PR;Sul;Colisão Traseira;1;2;;;;;1
16/06/2018;10:26:00;145;com vítima;141,546;BR-101/SC;Sul;Tombamento;1;0;1;;;;1
16/06/2018;13:10:00;193;sem vítima;118,5;BR-101/SC;Sul;Colisão Traseira;1;2;;;;;1
16/06/2018;15:03:00;219;sem vítima;236,5;BR-101/SC;Sul;Colisão Traseira;2;2;;;;;1
17/06/2018;10:36:00;132;sem vítima;671,7;BR-376/PR;Sul;Saida de Pista;1;1;;;;;1
17/06/2018;15:26:00;223;sem vítima;85,338;BR-116/PR;Norte;Saida de Pista;1;1;;;;;1
17/06/2018;15:33:00;226;sem vítima;1,15;BR-101/SC;Sul;Colisão Traseira;1;2;;;;;1
18/06/2018;06:32:00;60;sem vítima;657,767;BR-376/PR;Norte;Colisão Lateral;1;2;;;;;1
18/06/2018;07:45:00;73;sem vítima;668,504;BR-376/PR;Sul;Tombamento;1;1;;;;;1
18/06/2018;11:54:00;179;sem vítima;121,956;BR-101/SC;Norte;Colisão Traseira;1;2;;;;;1
18/06/2018;14:12:00;231;sem vítima;673,663;BR-376/PR;Sul;Saida de Pista;1;1;;;;;1
18/06/2018;14:44:00;252;com vítima;201,001;BR-101/SC;Sul;Choque - Objeto sobre a pista;1;2;1;;;;1
18/06/2018;16:27:00;325;sem vítima;671,7;BR-376/PR;Sul;Saida de Pista;1;1;;;;;1
18/06/2018;17:41:00;362;com vítima;119,383;BR-101/SC;Norte;Colisão Traseira;1;1;1;;;1;3
19/06/2018;01:14:00;21;sem vítima;116,8;BR-101/SC;Norte;Colisão Lateral;1;2;;;;;1
19/06/2018;07:42:00;83;sem vítima;119,001;BR-101/SC;Sul;Colisão Lateral;1;2;;;;;1
19/06/2018;07:53:00;93;sem vítima;217,3;BR-101/SC;Sul;Colisão Traseira;1;2;;;;;1
19/06/2018;07:59:00;96;sem vítima;106,021;BR-116/PR;Norte;Saida de Pista;1;1;;;;;1
19/06/2018;08:17:00;105;sem vítima;119,501;BR-101/SC;Sul;Colisão Traseira;1;2;;;;;1
19/06/2018;10:41:00;176;sem vítima;235,001;BR-101/SC;Sul;Colisão Lateral;1;2;;;;;1
19/06/2018;18:12:00;356;sem vítima;119,001;BR-101/SC;Sul;Colisão Lateral;1;2;;;;;1
19/06/2018;18:36:00;366;sem vítima;206,433;BR-101/SC;Sul;Engavetamento;1;5;;;;;1
20/06/2018;04:05:00;55;sem vítima;121,95;BR-101/SC;Sul;Colisão Traseira;2;2;;;;;1
20/06/2018;11:10:00;217;sem vítima;48,266;BR-101/SC;Sul;Colisão Traseira;1;2;;;;;1
20/06/2018;12:58:00;252;sem vítima;229,001;BR-101/SC;Sul;Colisão Traseira;1;2;;;;;1
20/06/2018;18:17:00;413;com vítima;39,965;BR-101/SC;Sul;Colisão Traseira;1;1;1;;;;1
21/06/2018;10:17:00;230;sem vítima;216,45;BR-101/SC;Norte;Colisão Lateral;1;2;;;;;1
22/06/2018;10:48:00;189;sem vítima;157,369;BR-101/SC;Norte;Colisão Traseira;1;2;;;;;1
22/06/2018;12:02:00;214;sem vítima;204,669;BR-101/SC;Norte;Engavetamento;1;3;;;;;1
22/06/2018;17:59:00;352;sem vítima;26,4;BR-101/SC;Norte;Colisão Lateral;1;2;;;;;1
22/06/2018;19:17:00;385;sem vítima;103,977;BR-101/SC;Sul;Colisão Traseira;1;2;;;;;1
22/06/2018;20:12:00;405;sem vítima;111,282;BR-101/SC;Sul;Colisão Traseira;1;2;;;;;1
23/06/2018;02:11:00;45;sem vítima;98,975;BR-116/PR;Sul;Choque - Talude;1;2;;;;;1
23/06/2018;09:51:00;146;sem vítima;116,887;BR-101/SC;Norte;Colisão Lateral;1;2;;;;;1
23/06/2018;14:14:00;241;sem vítima;647,418;BR-376/PR;Norte;Saida de Pista;1;2;;;;;1
25/06/2018;08:27:00;112;sem vítima;67,37;BR-101/SC;Sul;Choque - Objeto sobre a pista;1;2;;;;;1
25/06/2018;08:37:00;120;com vítima;207,12;BR-101/SC;Sul;Colisão Lateral;1;1;1;;;;1
25/06/2018;17:34:00;328;sem vítima;111,7;BR-116/PR;Sul;Colisão Traseira;1;2;;;;;1
25/06/2018;19:31:00;375;sem vítima;192,664;BR-101/SC;Norte;Colisão Traseira;1;3;;;;;1
26/06/2018;05:00:00;62;com vítima;673,983;BR-376/PR;Sul;Colisão Traseira;1;1;1;;;;1
26/06/2018;05:49:00;70;sem vítima;1,3;BR-101/SC;Sul;Colisão Traseira;2;2;;;;;1
26/06/2018;07:10:00;83;com vítima;144,981;BR-101/SC;Norte;Colisão Lateral;1;1;2;;;;1
26/06/2018;16:13:00;342;sem vítima;208,191;BR-101/SC;Norte;Colisão Lateral;1;2;;;;;1
26/06/2018;21:20:00;436;sem vítima;190,001;BR-101/SC;Sul;Saida de Pista;1;1;;;;;1
26/06/2018;22:37:00;447;com vítima;88,828;BR-116/PR;Norte;Tombamento;1;2;1;;;;1
27/06/2018;07:48:00;111;sem vítima;89,539;BR-116/PR;Norte;Colisão Traseira;1;2;;;;;1
27/06/2018;09:11:00;139;sem vítima;39,14;BR-101/SC;Sul;Colisão Lateral;1;2;;;;;1
27/06/2018;10:18:00;170;sem vítima;98,617;BR-116/PR;Sul;Choque - Defensa, barreira ou "submarino";1;1;;;;;1
27/06/2018;10:25:00;175;sem vítima;104,37;BR-116/PR;Sul;Colisão Traseira;1;2;;;;;1
27/06/2018;19:39:00;392;sem vítima;614,001;BR-376/PR;Sul;Choque - Defensa, barreira ou "submarino";1;1;;;;;1
27/06/2018;23:24:00;455;com vítima;213,5;BR-101/SC;Sul;Colisão Traseira;1;1;;;;1;3
28/06/2018;01:28:00;28;sem vítima;99,493;BR-116/PR;Sul;Colisão Traseira;2;2;;;;;1
28/06/2018;07:37:00;102;sem vítima;202,1;BR-101/SC;Sul;Colisão Lateral;1;2;;;;;1
29/06/2018;05:05:00;78;com vítima;628,6;BR-376/PR;Sul;Atropelamento de Animal;1;0;;1;;;2
29/06/2018;07:21:00;110;sem vítima;74,8;BR-116/PR;Sul;Saida de Pista;1;1;;;;;1
29/06/2018;09:08:00;175;sem vítima;101,1;BR-116/PR;Sul;Colisão Traseira;1;2;;;;;1
29/06/2018;09:29:00;190;sem vítima;635,001;BR-376/PR;Norte;Colisão Traseira;1;2;;;;;1
29/06/2018;14:53:00;349;sem vítima;198,05;BR-101/SC;Sul;Colisão Traseira;1;2;;;;;1
29/06/2018;18:32:00;448;sem vítima;205,5;BR-101/SC;Norte;Colisão Lateral;1;3;;;;;1
29/06/2018;20:25:00;499;sem vítima;100,3;BR-116/PR;Norte;Colisão Traseira;1;2;;;;;1
29/06/2018;22:14:00;507;sem vítima;667,001;BR-376/PR;Sul;Colisão Traseira;1;2;;;;;1
29/06/2018;23:33:00;529;sem vítima;11,5;BR-101/SC;Norte;Colisão Traseira;2;2;;;;;1
30/06/2018;10:27:00;181;sem vítima;114,142;BR-116/PR;Norte;Colisão Traseira;2;2;;;;;1
30/06/2018;17:33:00;352;sem vítima;635,4;BR-376/PR;Sul;Colisão Traseira;1;2;;;;;1
30/06/2018;19:58:00;400;sem vítima;671,7;BR-376/PR;Sul;Saida de Pista;1;2;;;;;1
01/09/2018;07:12:00;78;sem vítima;660,635;BR-376/PR;Norte;Tombamento;1;3;;;;;1
01/09/2018;08:37:00;119;sem vítima;242,985;BR-101/SC;Norte;Colisão Lateral;1;2;;;;;1
01/09/2018;10:18:00;160;sem vítima;664,317;BR-376/PR;Norte;Colisão Lateral;1;2;;;;;1
02/09/2018;07:20:00;78;sem vítima;98,632;BR-116/PR;Norte;Tombamento;1;1;;;;;1
02/09/2018;23:54:00;358;sem vítima;221,936;BR-101/SC;Sul;Colisão Lateral;1;2;;;;;1
03/09/2018;07:11:00;65;sem vítima;75,725;BR-101/SC;Sul;Colisão Lateral;1;2;;;;;1
03/09/2018;11:26:00;182;sem vítima;112,217;BR-101/SC;Norte;Choque - Defensa, barreira ou "submarino";1;2;;;;;1
03/09/2018;11:38:00;186;sem vítima;202,3;BR-101/SC;Norte;Engavetamento;2;3;;;;;1
03/09/2018;12:06:00;196;sem vítima;108,091;BR-101/SC;Sul;Engavetamento;2;4;;;;;1
03/09/2018;12:44:00;207;sem vítima;206,173;BR-101/SC;Norte;Choque - Defensa, barreira ou "submarino";1;1;;;;;1
03/09/2018;14:31:00;242;sem vítima;115,413;BR-101/SC;Norte;Colisão Lateral;2;2;;;;;1
03/09/2018;16:30:00;288;sem vítima;243,518;BR-101/SC;Norte;Saida de Pista;1;2;;;;;1
03/09/2018;16:49:00;295;sem vítima;157,4;BR-101/SC;Norte;Colisão Traseira;1;2;;;;;1
03/09/2018;19:42:00;353;com vítima;205,28;BR-101/SC;Sul;Engavetamento;1;3;1;;;;1
03/09/2018;23:13:00;402;sem vítima;28,001;BR-101/SC;Sul;Colisão Lateral;1;2;;;;;1
03/09/2018;23:24:00;406;sem vítima;665,3;BR-376/PR;Sul;Colisão Traseira;2;3;;;;;1
04/09/2018;05:20:00;48;sem vítima;667,242;BR-376/PR;Sul;Choque - Talude;1;1;;;;;1
04/09/2018;05:31:00;50;sem vítima;667,311;BR-376/PR;Sul;Choque - Defensa, barreira ou "submarino";1;1;;;;;1
04/09/2018;09:36:00;168;sem vítima;204,2;BR-101/SC;Sul;Colisão Traseira;2;2;;;;;1
04/09/2018;09:45:00;174;com vítima;216,001;BR-101/SC;Norte;Colisão Lateral;1;1;1;;;;1
04/09/2018;17:40:00;403;sem vítima;106,677;BR-116/PR;Sul;Saida de Pista;1;1;;;;;1
05/09/2018;12:59:00;279;sem vítima;79,806;BR-116/PR;Sul;Colisão Traseira;2;2;;;;;1
05/09/2018;13:44:00;295;sem vítima;79,46;BR-101/SC;Sul;Colisão Traseira;1;2;;;;;1
05/09/2018;13:52:00;303;sem vítima;80,9;BR-101/SC;Sul;Colisão Traseira;2;2;;;;;1
05/09/2018;14:33:00;323;com vítima;111,2;BR-101/SC;Sul;Colisão Traseira;1;1;1;;;;1
05/09/2018;16:18:00;392;com vítima;207,09;BR-101/SC;Sul;Colisão Traseira;1;1;1;;;;1
05/09/2018;17:17:00;415;sem vítima;105,399;BR-101/SC;Norte;Colisão Lateral;1;3;;;;;1
05/09/2018;17:27:00;421;sem vítima;93,526;BR-116/PR;Norte;Colisão Traseira;1;2;;;;;1
05/09/2018;18:10:00;439;sem vítima;617,3;BR-376/PR;Sul;Saida de Pista;1;1;;;;;1
05/09/2018;18:32:00;450;sem vítima;118,8;BR-101/SC;Norte;Colisão Lateral;1;2;;;;;1
06/09/2018;02:03:00;31;sem vítima;81,747;BR-101/SC;Norte;Colisão Lateral;2;2;;;;;1
06/09/2018;05:51:00;75;sem vítima;90,129;BR-116/PR;Norte;Saida de Pista;1;1;;;;;1
06/09/2018;07:31:00;105;sem vítima;201,1;BR-101/SC;Sul;Colisão Lateral;1;2;;;;;1
06/09/2018;13:25:00;261;com vítima;46,3;BR-101/SC;Sul;Colisão Transversal;1;2;1;;;;1
06/09/2018;16:03:00;349;sem vítima;142,4;BR-101/SC;Sul;Colisão Traseira;1;2;;;;;1
06/09/2018;19:02:00;438;sem vítima;81,001;BR-101/SC;Sul;Colisão Traseira;1;2;;;;;1
07/09/2018;01:04:00;24;sem vítima;36,7;BR-101/SC;Sul;Colisão Lateral;1;2;;;;;1
07/09/2018;06:27:00;82;sem vítima;615,551;BR-376/PR;Sul;Colisão Lateral;1;2;;;;;1
07/09/2018;12:36:00;247;sem vítima;615,953;BR-376/PR;Norte;Colisão Lateral;1;2;;;;;1
07/09/2018;13:21:00;267;com vítima;186,8;BR-101/SC;Sul;Capotamento;1;2;1;;;;1
07/09/2018;17:34:00;400;sem vítima;114,686;BR-116/PR;Sul;Colisão Traseira;1;2;;;;;1
07/09/2018;23:20:00;491;sem vítima;197,288;BR-101/SC;Sul;Colisão Lateral;1;2;;;;;1
08/09/2018;03:06:00;44;com vítima;82,938;BR-101/SC;Sul;Colisão Traseira;1;1;1;;;;1
08/09/2018;15:50:00;277;sem vítima;121,56;BR-101/SC;Sul;Colisão Traseira;1;3;;;;;1
08/09/2018;17:21:00;326;com vítima;97,65;BR-101/SC;Sul;Colisão Lateral;1;1;1;;;;1
09/09/2018;10:24:00;160;sem vítima;217,4;BR-101/SC;Norte;Engavetamento;3;3;;;;;1
09/09/2018;22:10:00;468;com vítima;73,308;BR-116/PR;Norte;Colisão Traseira;2;1;;;1;;2
10/09/2018;07:27:00;91;sem vítima;5,433;BR-101/SC;Norte;Saida de Pista;1;1;;;;;1
10/09/2018;07:41:00;95;sem vítima;134,408;BR-101/SC;Norte;Engavetamento;1;3;;;;;1
10/09/2018;09:47:00;174;sem vítima;212,3;BR-101/SC;Norte;Colisão Traseira;1;2;;;;;1
11/09/2018;07:46:00;109;com vítima;101,04;BR-116/PR;Norte;Colisão Lateral;1;2;1;;;;1
11/09/2018;09:24:00;169;sem vítima;120,828;BR-101/SC;Sul;Engavetamento;1;3;;;;;1
11/09/2018;09:39:00;178;sem vítima;116,517;BR-101/SC;Sul;Engavetamento;2;3;;;;;1
11/09/2018;16:05:00;334;sem vítima;1,956;BR-101/SC;Norte;Choque - Defensa, barreira ou "submarino";1;1;;;;;1
11/09/2018;20:03:00;416;sem vítima;128,745;BR-101/SC;Sul;Colisão Traseira;1;2;;;;;1
12/09/2018;07:16:00;92;com vítima;206,221;BR-101/SC;Sul;Colisão Lateral;1;1;1;;;;1
12/09/2018;10:36:00;206;sem vítima;680,9;BR-376/PR;Norte;Colisão Lateral;1;2;;;;;1
12/09/2018;10:26:00;215;sem vítima;190,454;BR-101/SC;Sul;Colisão Traseira;2;2;;;;;1
12/09/2018;19:22:00;389;sem vítima;117,44;BR-101/SC;Sul;Engavetamento;2;3;;;;;1
13/09/2018;05:31:00;59;sem vítima;66,753;BR-101/SC;Norte;Choque - Defensa, barreira ou "submarino";1;3;;;;;1
13/09/2018;07:20:00;80;com vítima;200,125;BR-101/SC;Sul;Saida de Pista;1;0;1;;;;1
13/09/2018;16:55:00;331;sem vítima;48,89;BR-101/SC;Sul;Colisão Traseira;1;2;;;;;1
13/09/2018;18:56:00;366;sem vítima;11,3;BR-101/SC;Sul;Tombamento;1;1;;;;;1
13/09/2018;22:23:00;412;com vítima;11,001;BR-101/SC;Sul;Colisão Traseira;1;4;3;;;;1
14/09/2018;07:23:00;97;com vítima;667,535;BR-376/PR;Sul;Tombamento;1;0;;1;;;2
14/09/2018;08:14:00;113;com vítima;616,502;BR-376/PR;Sul;Colisão Traseira;1;1;1;;;;1
14/09/2018;13:10:00;234;sem vítima;49;BR-101/SC;Sul;Colisão Traseira;1;2;;;;;1
14/09/2018;18:23:00;385;sem vítima;7,056;BR-101/SC;Norte;Colisão Lateral;1;2;;;;;1