data;horario;n_da_ocorrencia;tipo_de_ocorrencia;km;trecho;sentido;tipo_de_acidente;caminhao;ilesos;levemente_feridos;moderadamente_feridos;gravemente_feridos;mortos;3
14/09/2018;20:25:00;390;sem vítima;208,404;BR-101/SC;Norte;Colisão Traseira;1;2;;;;;1
14/09/2018;22:04:00;402;sem vítima;211,001;BR-101/SC;Norte;Colisão Traseira;1;2;;;;;1
14/09/2018;23:18:00;429;sem vítima;128,001;BR-101/SC;Norte;Saida de Pista;1;1;;;;;1
15/09/2018;19:32:00;372;com vítima;623,491;BR-376/PR;Norte;Colisão Traseira;1;1;1;;;1;3
15/09/2018;19:40:00;377;sem vítima;668,001;BR-376/PR;Norte;Colisão Lateral;1;3;;;;;1
16/09/2018;11:44:00;183;sem vítima;668,097;BR-376/PR;Norte;Colisão Lateral;1;3;;;;;1
16/09/2018;18:30:00;339;sem vítima;201,4;BR-101/SC;Norte;Colisão Traseira;1;2;;;;;1
16/09/2018;22:30:00;390;com vítima;138,709;BR-101/SC;Norte;Colisão Traseira;1;1;1;;2;;2
17/09/2018;05:11:00;67;sem vítima;211,058;BR-101/SC;Norte;Colisão Lateral;1;2;;;;;1
17/09/2018;12:08:00;236;sem vítima;117,913;BR-101/SC;Sul;Engavetamento;1;3;;;;;1
17/09/2018;12:29:00;250;sem vítima;105,5;BR-116/PR;Norte;Colisão Lateral;1;2;;;;;1
17/09/2018;13:37:00;266;sem vítima;69,45;BR-101/SC;Norte;Choque - Defensa, barreira ou "submarino";1;2;;;;;1
17/09/2018;13:43:00;269;sem vítima;79,4;BR-101/SC;Norte;Colisão Traseira;1;2;;;;;1
18/09/2018;00:45:00;16;sem vítima;97,97;BR-101/SC;Norte;Tombamento;1;1;;;;;1
18/09/2018;06:27:00;76;sem vítima;635,18;BR-376/PR;Sul;Colisão Traseira;2;2;;;;;1
18/09/2018;06:56:00;86;com vítima;98,656;BR-101/SC;Norte;Colisão Traseira;1;1;;1;;;2
18/09/2018;07:43:00;114;sem vítima;644,938;BR-376/PR;Norte;Saida de Pista;1;1;;;;;1
18/09/2018;14:29:00;285;sem vítima;132,638;BR-101/SC;Sul;Colisão Lateral;1;2;;;;;1
18/09/2018;15:23:00;318;sem vítima;49,761;BR-101/SC;Sul;Colisão Traseira;1;3;;;;;1
18/09/2018;15:28:00;321;sem vítima;113,471;BR-101/SC;Sul;Choque - Defensa, barreira ou "submarino";1;1;;;;;1
19/09/2018;01:06:00;25;com vítima;105,9;BR-116/PR;Norte;Tombamento;1;0;1;;;;1
19/09/2018;05:50:00;81;sem vítima;79,4;BR-101/SC;Norte;Colisão Traseira;1;2;;;;;1
19/09/2018;07:55:00;132;sem vítima;210,621;BR-101/SC;Sul;;1;2;;;;;1
19/09/2018;09:38:00;187;sem vítima;174,271;BR-101/SC;Sul;Colisão Traseira;1;2;;;;;1
19/09/2018;17:34:00;358;sem vítima;151,183;BR-101/SC;Sul;Colisão Lateral;1;2;;;;;1
20/09/2018;04:49:00;77;sem vítima;57,7;BR-101/SC;Sul;Colisão Traseira;1;2;;;;;1
20/09/2018;13:54:00;312;sem vítima;33,001;BR-101/SC;Norte;Choque - Defensa, barreira ou "submarino";1;1;;;;;1
20/09/2018;15:39:00;365;sem vítima;105,001;BR-116/PR;Sul;Colisão Traseira;1;2;;;;;1
20/09/2018;16:31:00;387;sem vítima;102,001;BR-116/PR;Sul;Engavetamento;1;3;;;;;1
20/09/2018;17:17:00;410;com vítima;220,83;BR-101/SC;Norte;Engavetamento;2;1;3;;;;1
20/09/2018;17:46:00;429;sem vítima;98,349;BR-116/PR;Sul;Colisão Traseira;1;2;;;;;1
20/09/2018;18:36:00;435;sem vítima;665,9;BR-376/PR;Sul;Colisão Traseira;1;2;;;;;1
21/09/2018;02:57:00;39;sem vítima;182,241;BR-101/SC;Norte;Colisão Traseira;1;2;;;;;1
21/09/2018;07:50:00;109;sem vítima;47,001;BR-101/SC;Sul;;2;2;;;;;1
21/09/2018;10:47:00;214;sem vítima;205,793;BR-101/SC;Sul;Colisão Traseira;1;2;;;;;1
21/09/2018;11:00:00;217;sem vítima;6,382;BR-101/SC;Sul;Colisão Traseira;3;3;;;;;1
21/09/2018;17:18:00;392;sem vítima;54,8;BR-101/SC;Norte;Saida de Pista;1;1;;;;;1
21/09/2018;19:02:00;437;sem vítima;213,3;BR-101/SC;Norte;Colisão Traseira;1;2;;;;;1
22/09/2018;07:08:00;91;com vítima;236,034;BR-101/SC;Sul;Colisão Lateral;1;0;;1;;;2
22/09/2018;12:39:00;234;sem vítima;218,5;BR-101/SC;Sul;Colisão Lateral;1;3;;;;;1
22/09/2018;19:08:00;392;sem vítima;103,038;BR-116/PR;Sul;Colisão Lateral;1;2;;;;;1
22/09/2018;20:48:00;423;com vítima;229,001;BR-101/SC;Norte;Colisão Traseira;1;2;2;;;;1
22/09/2018;22:53:00;455;sem vítima;674,001;BR-376/PR;Sul;Colisão Lateral;1;2;;;;;1
23/09/2018;02:54:00;61;com vítima;196,001;BR-101/SC;Sul;Colisão Traseira;1;1;;;1;;2
23/09/2018;03:03:00;65;sem vítima;136,602;BR-101/SC;Sul;Capotamento;1;2;;;;;1
23/09/2018;10:36:00;178;sem vítima;79,715;BR-101/SC;Sul;Colisão Lateral;1;5;;;;;1
23/09/2018;19:20:00;410;sem vítima;619,226;BR-376/PR;Sul;;1;2;;;;;1
24/09/2018;07:28:00;111;sem vítima;119,288;BR-101/SC;Norte;Colisão Traseira;1;2;;;;;1
24/09/2018;08:58:00;165;com vítima;208,971;BR-101/SC;Norte;Colisão Lateral;1;2;;;;1;3
24/09/2018;10:15:00;200;sem vítima;680,46;BR-376/PR;Norte;Colisão Lateral;2;2;;;;;1
24/09/2018;11:58:00;247;sem vítima;209,2;BR-101/SC;Norte;Engavetamento;2;3;;;;;1
24/09/2018;13:36:00;292;sem vítima;96,711;BR-116/PR;Norte;Saida de Pista;1;1;;;;;1
24/09/2018;14:03:00;309;sem vítima;121,737;BR-101/SC;Sul;Colisão Lateral;1;2;;;;;1
25/09/2018;02:30:00;49;sem vítima;655,211;BR-376/PR;Sul;Saida de Pista;1;1;;;;;1
25/09/2018;05:21:00;73;com vítima;171,324;BR-101/SC;Sul;Colisão Traseira;2;2;1;;;;1
25/09/2018;06:39:00;94;sem vítima;139,25;BR-101/SC;Sul;Colisão Lateral;1;2;;;;;1
25/09/2018;09:22:00;177;com vítima;668,494;BR-376/PR;Sul;Tombamento;1;1;1;1;;;2
25/09/2018;10:20:00;178;sem vítima;635,005;BR-376/PR;Sul;Colisão Traseira;1;2;;;;;1
25/09/2018;18:32:00;433;sem vítima;105,79;BR-101/SC;Sul;Colisão Lateral;1;2;;;;;1
25/09/2018;18:58:00;439;sem vítima;114,7;BR-101/SC;Norte;Colisão Lateral;1;2;;;;;1
26/09/2018;01:38:00;42;sem vítima;635,3;BR-376/PR;Norte;Colisão Lateral;2;2;;;;;1
26/09/2018;08:11:00;167;com vítima;124,375;BR-101/SC;Sul;Colisão Lateral;1;1;1;;;;1
26/09/2018;10:34:00;261;sem vítima;41,567;BR-101/SC;Sul;Colisão Traseira;1;2;;;;;1
26/09/2018;10:37:00;263;sem vítima;1,3;BR-101/SC;Norte;Colisão Lateral;1;2;;;;;1
26/09/2018;15:15:00;368;sem vítima;204,8;BR-101/SC;Sul;Engavetamento;1;3;;;;;1
26/09/2018;17:53:00;442;com vítima;668,06;BR-376/PR;Norte;Choque - Defensa, barreira ou "submarino";1;2;1;;;;1
26/09/2018;19:06:00;461;sem vítima;98,08;BR-116/PR;Sul;Saida de Pista;1;1;;;;;1
26/09/2018;22:54:00;535;sem vítima;86,6;BR-116/PR;Norte;Saida de Pista;1;1;;;;;1
26/09/2018;23:43:00;560;com vítima;121,001;BR-101/SC;Norte;Colisão Traseira;1;1;4;;;;1
27/09/2018;01:07:00;21;sem vítima;86,5;BR-116/PR;Sul;Colisão Traseira;1;2;;;;;1
27/09/2018;08:30:00;142;sem vítima;46,337;BR-101/SC;Sul;Colisão Traseira;1;2;;;;;1
27/09/2018;09:40:00;194;sem vítima;206,001;BR-101/SC;Norte;Colisão Lateral;1;2;;;;;1
27/09/2018;11:26:00;241;sem vítima;100,001;BR-116/PR;Sul;Colisão Traseira;2;2;;;;;1
27/09/2018;17:45:00;384;com vítima;141,001;BR-101/SC;Norte;Colisão Traseira;1;1;1;;;;1
28/09/2018;06:37:00;70;sem vítima;204,5;BR-101/SC;Sul;Colisão Traseira;1;3;;;;;1
28/09/2018;08:10:00;121;com vítima;213,968;BR-101/SC;Sul;Colisão Traseira;1;2;1;;;;1
28/09/2018;09:14:00;163;sem vítima;110,1;BR-116/PR;Sul;Colisão Lateral;1;2;;;;;1
28/09/2018;12:45:00;249;sem vítima;207,001;BR-101/SC;Norte;Colisão Lateral;1;2;;;;;1
28/09/2018;14:00:00;280;sem vítima;75,931;BR-101/SC;Sul;Engavetamento;3;3;;;;;1
28/09/2018;15:33:00;324;sem vítima;620,887;BR-376/PR;Norte;Saida de Pista;1;1;;;;;1
28/09/2018;18:57:00;438;sem vítima;117,267;BR-101/SC;Norte;Tombamento;1;1;;;;;1
29/09/2018;00:43:00;17;sem vítima;182,01;BR-101/SC;Sul;Outros;2;3;;;;;1
29/09/2018;10:36:00;187;sem vítima;157,35;BR-101/SC;Sul;Colisão Lateral;1;2;;;;;1
29/09/2018;14:56:00;276;sem vítima;96,8;BR-116/PR;Sul;Colisão Traseira;1;2;;;;;1
30/09/2018;17:24:00;334;sem vítima;635,4;BR-376/PR;Norte;Colisão Traseira;2;2;;;;;1
01/10/2018;02:36:00;55;com vítima;110,943;BR-101/SC;Sul;Colisão Traseira;1;1;1;;;;1
01/10/2018;12:48:00;267;sem vítima;33,7;BR-101/SC;Norte;Tombamento;1;1;;;;;1
02/10/2018;00:23:00;5;sem vítima;660,001;BR-376/PR;Sul;Colisão Traseira;1;2;;;;;1
02/10/2018;06:43:00;94;sem vítima;202,714;BR-101/SC;Sul;Colisão Lateral;1;2;;;;;1
02/10/2018;07:15:00;107;sem vítima;651,117;BR-376/PR;Norte;Saida de Pista;1;1;;;;;1
02/10/2018;14:45:00;339;sem vítima;200,918;BR-101/SC;Sul;Colisão Traseira;2;2;;;;;1
03/10/2018;04:54:00;65;sem vítima;670,282;BR-376/PR;Sul;Colisão Traseira;2;3;;;;;1
03/10/2018;15:20:00;324;sem vítima;103,412;BR-116/PR;Sul;Colisão Lateral;1;2;;;;;1
03/10/2018;15:42:00;341;sem vítima;617,46;BR-376/PR;Sul;Tombamento;1;1;;;;;1
03/10/2018;20:44:00;455;sem vítima;192,94;BR-101/SC;Norte;Choque - Defensa, barreira ou "submarino";1;1;;;;;1
03/10/2018;23:41:00;482;sem vítima;192,94;BR-101/SC;Norte;Outros;2;3;;;;;1
04/10/2018;08:04:00;146;com vítima;26,936;BR-101/SC;Sul;Saida de Pista;1;1;;1;;;2
04/10/2018;13:18:00;317;sem vítima;200,631;BR-101/SC;Sul;Colisão Traseira;1;2;;;;;1
04/10/2018;17:14:00;417;com vítima;666,8;BR-376/PR;Sul;Engavetamento;2;2;4;2;;;2
04/10/2018;21:55:00;499;com vítima;136,8;BR-101/SC;Norte;Atropelamento - Andarilho;1;3;;1;;;2
04/10/2018;22:09:00;502;sem vítima;649,124;BR-376/PR;Sul;Engavetamento;4;4;;;;;1
05/10/2018;00:01:00;1;sem vítima;1,76;BR-101/SC;Sul;Colisão Traseira;1;2;;;;;1
05/10/2018;06:22:00;102;sem vítima;667,564;BR-376/PR;Sul;Colisão Traseira;2;2;;;;;1
05/10/2018;10:58:00;256;com vítima;196,22;BR-101/SC;Norte;Colisão Lateral;1;1;;1;;;2
05/10/2018;13:40:00;314;sem vítima;211,2;BR-101/SC;Sul;Colisão Lateral;1;2;;;;;1
05/10/2018;14:48:00;338;sem vítima;46,193;BR-101/SC;Sul;Colisão Traseira;1;6;;;;;1
05/10/2018;19:03:00;444;sem vítima;120,318;BR-101/SC;Sul;Colisão Lateral;1;3;;;;;1
05/10/2018;20:52:00;472;sem vítima;157,4;BR-101/SC;Norte;Colisão Traseira;1;2;;;;;1
06/10/2018;07:50:00;120;sem vítima;111,277;BR-101/SC;Norte;Colisão Lateral;1;2;;;;;1
07/10/2018;01:50:00;27;com vítima;108,251;BR-101/SC;Sul;Colisão Frontal;1;0;1;;;1;3
07/10/2018;04:30:00;55;com vítima;122,553;BR-101/SC;Sul;Submersão;1;0;1;;;;1
07/10/2018;09:07:00;124;com vítima;116,001;BR-101/SC;Norte;Colisão Traseira;1;2;1;;;;1
07/10/2018;16:48:00;288;sem vítima;632,51;BR-376/PR;Norte;Colisão Traseira;1;3;;;;;1
08/10/2018;03:04:00;36;sem vítima;91,7;BR-116/PR;Norte;Saida de Pista;1;1;;;;;1
08/10/2018;10:58:00;208;sem vítima;116,241;BR-101/SC;Sul;Engavetamento;1;3;;;;;1
08/10/2018;11:25:00;222;sem vítima;28,177;BR-101/SC;Sul;Engavetamento;2;3;;;;;1
08/10/2018;11:32:00;223;sem vítima;664,706;BR-376/PR;Sul;Colisão Lateral;2;2;;;;;1
08/10/2018;14:57:00;261;sem vítima;160,73;BR-101/SC;Norte;Tombamento;1;1;;;;;1
08/10/2018;18:22:00;325;sem vítima;157,4;BR-101/SC;Sul;Choque - Defensa, barreira ou "submarino";1;1;;;;;1
09/10/2018;07:51:00;127;sem vítima;103,514;BR-116/PR;Norte;Colisão Traseira;1;2;;;;;1
09/10/2018;09:50:00;191;com vítima;616,242;BR-376/PR;Norte;Colisão Traseira;1;1;1;;;;1
09/10/2018;10:02:00;198;sem vítima;1,3;BR-101/SC;Norte;Colisão Traseira;1;2;;;;;1
09/10/2018;10:52:00;220;sem vítima;204,004;BR-101/SC;Sul;Colisão Lateral;1;3;;;;;1
09/10/2018;13:09:00;266;sem vítima;111,159;BR-116/PR;Norte;Colisão Frontal;1;2;;;;;1
09/10/2018;13:30:00;275;com vítima;204,85;BR-101/SC;Sul;Colisão Lateral;1;1;1;;;;1
09/10/2018;17:19:00;386;sem vítima;211,1;BR-101/SC;Norte;Colisão Traseira;1;2;;;;;1
09/10/2018;20:46:00;454;sem vítima;128,328;BR-101/SC;Sul;Colisão Lateral;1;2;;;;;1
10/10/2018;04:52:00;76;com vítima;668,611;BR-376/PR;Sul;Tombamento;1;0;1;;;;1
10/10/2018;12:14:00;273;com vítima;112,874;BR-101/SC;Norte;Colisão Lateral;1;1;2;;;;1
10/10/2018;14:00:00;322;com vítima;98,2;BR-116/PR;Norte;Colisão Traseira;1;1;1;;;;1
10/10/2018;18:35:00;438;sem vítima;79,35;BR-101/SC;Sul;Colisão Traseira;2;2;;;;;1
10/10/2018;18:53:00;443;sem vítima;98,5;BR-116/PR;Sul;Saida de Pista;1;1;;;;;1
10/10/2018;19:34:00;456;sem vítima;111,26;BR-101/SC;Sul;Colisão Lateral;1;2;;;;;1
10/10/2018;19:55:00;464;sem vítima;27,157;BR-101/SC;Sul;Colisão Traseira;1;2;;;;;1
10/10/2018;23:29:00;515;sem vítima;79,006;BR-101/SC;Sul;Colisão Traseira;1;2;;;;;1
11/10/2018;04:31:00;51;sem vítima;59,523;BR-101/SC;Sul;Tombamento;1;1;;;;;1
11/10/2018;08:57:00;141;sem vítima;105,14;BR-116/PR;Sul;Saida de Pista;1;1;;;;;1
11/10/2018;09:02:00;151;sem vítima;107,429;BR-116/PR;Sul;Saida de Pista;1;1;;;;;1
11/10/2018;09:14:00;160;sem vítima;105,914;BR-116/PR;Sul;Tombamento;1;1;;;;;1
11/10/2018;09:27:00;165;sem vítima;112,268;BR-101/SC;Sul;Colisão Traseira;1;2;;;;;1
11/10/2018;09:44:00;170;com vítima;103,462;BR-116/PR;Sul;Saida de Pista;1;0;1;;;;1
11/10/2018;09:37:00;218;sem vítima;105,911;BR-116/PR;Sul;Colisão Traseira;2;2;;;;;1
11/10/2018;11:49:00;226;sem vítima;3,337;BR-101/SC;Sul;Saida de Pista;1;1;;;;;1
11/10/2018;15:06:00;312;sem vítima;38,417;BR-101/SC;Sul;Saida de Pista;1;1;;;;;1
11/10/2018;17:10:00;383;sem vítima;38,377;BR-101/SC;Sul;Colisão Traseira;1;4;;;;;1
11/10/2018;17:42:00;392;sem vítima;216,423;BR-101/SC;Norte;Colisão Lateral;1;2;;;;;1
11/10/2018;21:21:00;489;sem vítima;206,104;BR-101/SC;Sul;Engavetamento;1;3;;;;;1
12/10/2018;03:44:00;45;sem vítima;643,3;BR-376/PR;Sul;Colisão Lateral;1;2;;;;;1
12/10/2018;05:15:00;57;sem vítima;630,7;BR-376/PR;Sul;Colisão Lateral;1;2;;;;;1
12/10/2018;06:01:00;71;com vítima;201,001;BR-101/SC;Sul;Atropelamento - Morador;1;1;1;;;;1
12/10/2018;07:31:00;117;sem vítima;1,3;BR-101/SC;Norte;Colisão Traseira;1;2;;;;;1
12/10/2018;07:33:00;118;sem vítima;76,021;BR-101/SC;Sul;Capotamento;1;2;;;;;1
12/10/2018;08:01:00;131;sem vítima;123,108;BR-101/SC;Sul;Colisão Traseira;1;2;;;;;1
12/10/2018;15:33:00;314;sem vítima;660,217;BR-376/PR;Sul;Colisão Traseira;2;2;;;;;1
12/10/2018;21:50:00;429;com vítima;672,23;BR-376/PR;Sul;Capotamento;1;2;1;;;;1
13/10/2018;09:22:00;159;com vítima;113,363;BR-101/SC;Sul;Colisão Lateral;1;1;1;;;;1
13/10/2018;15:32:00;285;sem vítima;84,786;BR-116/PR;Norte;Colisão Traseira;2;2;;;;;1
13/10/2018;16:36:00;313;sem vítima;89,058;BR-116/PR;Norte;Saida de Pista;1;1;;;;;1
14/10/2018;08:37:00;125;sem vítima;213,75;BR-101/SC;Norte;Colisão Traseira;2;2;;;;;1
14/10/2018;09:51:00;164;sem vítima;129,93;BR-101/SC;Norte;Colisão Lateral;1;2;;;;;1
14/10/2018;16:31:00;291;sem vítima;149,5;BR-101/SC;Norte;Colisão Lateral;1;2;;;;;1
15/10/2018;07:22:00;94;sem vítima;209,889;BR-101/SC;Sul;Queda de Moto;1;3;;;;;1
15/10/2018;07:43:00;106;sem vítima;48,008;BR-101/SC;Norte;Colisão Lateral;1;2;;;;;1
15/10/2018;07:54:00;111;sem vítima;49,001;BR-101/SC;Norte;Colisão Traseira;2;2;;;;;1
15/10/2018;08:34:00;123;sem vítima;667,756;BR-376/PR;Norte;Choque - Defensa, barreira ou "submarino";1;2;;;;;1
15/10/2018;10:13:00;174;sem vítima;158,536;BR-101/SC;Sul;Colisão Lateral;1;2;;;;;1
15/10/2018;13:52:00;247;sem vítima;210,249;BR-101/SC;Sul;Colisão Traseira;1;2;;;;;1
15/10/2018;17:40:00;357;sem vítima;674,49;BR-376/PR;Sul;Colisão Lateral;1;2;;;;;1
15/10/2018;17:59:00;370;sem vítima;100,454;BR-116/PR;Sul;Colisão Traseira;1;2;;;;;1
16/10/2018;02:30:00;48;sem vítima;651,216;BR-376/PR;Norte;Colisão Lateral;1;2;;;;;1
16/10/2018;09:47:00;202;sem vítima;666,001;BR-376/PR;Sul;Colisão Frontal;1;2;;;;;1
16/10/2018;12:50:00;311;sem vítima;620,259;BR-376/PR;Sul;Colisão Traseira;1;2;;;;;1
16/10/2018;14:28:00;340;sem vítima;210,5;BR-101/SC;Sul;Colisão Traseira;1;2;;;;;1
16/10/2018;15:49:00;367;sem vítima;618,8;BR-376/PR;Sul;Colisão Lateral;2;2;;;;;1
16/10/2018;15:52:00;370;sem vítima;57,459;BR-101/SC;Norte;Choque - Defensa, barreira ou "submarino";1;2;;;;;1
16/10/2018;20:45:00;468;com vítima;68,526;BR-101/SC;Sul;Colisão Traseira;1;2;1;;;;1
17/10/2018;10:51:00;189;com vítima;220,199;BR-101/SC;Sul;Atropelamento - Morador;1;2;;1;;;2
17/10/2018;13:12:00;235;sem vítima;220,843;BR-101/SC;Sul;Tombamento;1;3;;;;;1
17/10/2018;17:42:00;327;sem vítima;14,001;BR-101/SC;Norte;Colisão Traseira;2;2;;;;;1
17/10/2018;19:00:00;358;sem vítima;109,001;BR-101/SC;Norte;Saida de Pista;1;2;;;;;1
17/10/2018;20:18:00;375;com vítima;193,195;BR-101/SC;Norte;Colisão Traseira;2;3;1;;;;1
17/10/2018;23:38:00;412;com vítima;220,474;BR-101/SC;Norte;Colisão Traseira;1;1;1;;;;1
18/10/2018;07:01:00;92;sem vítima;673,717;BR-376/PR;Sul;Colisão Traseira;2;2;;;;;1
18/10/2018;07:37:00;103;sem vítima;12,909;BR-101/SC;Norte;Colisão Lateral;1;3;;;;;1
18/10/2018;10:45:00;216;sem vítima;659,15;BR-376/PR;Norte;Colisão Lateral;1;2;;;;;1
18/10/2018;14:56:00;298;sem vítima;107,7;BR-101/SC;Sul;Colisão Traseira;2;2;;;;;1
19/10/2018;14:46:00;308;sem vítima;77,17;BR-101/SC;Norte;Colisão Traseira;1;2;;;;;1
19/10/2018;18:09:00;409;sem vítima;111,96;BR-101/SC;Norte;Colisão Lateral;2;2;;;;;1
20/10/2018;06:25:00;80;sem vítima;660,388;BR-376/PR;Norte;Tombamento;1;1;;;;;1
20/10/2018;14:34:00;322;com vítima;57,5;BR-101/SC;Norte;Colisão Lateral;1;1;1;;;;1
20/10/2018;15:40:00;353;sem vítima;207,001;BR-101/SC;Norte;Engavetamento;1;4;;;;;1
20/10/2018;19:17:00;439;sem vítima;650,24;BR-376/PR;Norte;Saida de Pista;1;1;;;;;1
21/10/2018;04:58:00;48;sem vítima;109,416;BR-116/PR;Norte;Saida de Pista;1;1;;;;;1
21/10/2018;07:03:00;64;sem vítima;241,568;BR-101/SC;Sul;Tombamento;1;1;;;;;1
21/10/2018;08:20:00;110;sem vítima;665,5;BR-376/PR;Norte;Colisão Traseira;1;2;;;;;1
21/10/2018;23:18:00;398;sem vítima;98,666;BR-116/PR;Norte;Colisão Lateral;1;2;;;;;1
22/10/2018;13:50:00;285;com vítima;101,513;BR-101/SC;Norte;Colisão Traseira;2;1;;1;;;2
22/10/2018;14:14:00;292;com vítima;149,028;BR-101/SC;Norte;Colisão Traseira;1;1;1;;;;1
22/10/2018;15:22:00;324;sem vítima;107,514;BR-116/PR;Norte;Saida de Pista;1;1;;;;;1
22/10/2018;16:42:00;357;com vítima;204,645;BR-101/SC;Norte;Engavetamento;1;3;1;;;;1
22/10/2018;18:17:00;399;com vítima;665,51;BR-376/PR;Sul;Tombamento;1;0;;;;2;3
23/10/2018;14:39:00;304;sem vítima;243,001;BR-101/SC;Norte;Choque - Defensa, barreira ou "submarino";1;2;;;;;1
23/10/2018;15:52:00;345;sem vítima;14,05;BR-101/SC;Norte;Colisão Traseira;2;2;;;;;1
23/10/2018;18:06:00;424;sem vítima;201,8;BR-101/SC;Sul;Colisão Lateral;1;3;;;;;1
23/10/2018;19:01:00;451;com vítima;206,256;BR-101/SC;Sul;Colisão Traseira;1;2;;;;1;3
23/10/2018;20:03:00;468;sem vítima;25,789;BR-101/SC;Norte;Saida de Pista;1;1;;;;;1
24/10/2018;10:19:00;163;sem vítima;653,908;BR-376/PR;Norte;Saida de Pista;1;1;;;;;1
24/10/2018;10:48:00;174;sem vítima;225,649;BR-101/SC;Norte;Colisão Traseira;1;2;;;;;1
24/10/2018;14:39:00;244;com vítima;15,182;BR-101/SC;Norte;Colisão Traseira;2;4;2;;;;1
24/10/2018;15:45:00;257;com vítima;118,535;BR-101/SC;Norte;Saida de Pista;1;0;1;;;;1
24/10/2018;18:38:00;321;com vítima;214,009;BR-101/SC;Sul;Engavetamento;1;2;1;;;;1
24/10/2018;20:59:00;356;sem vítima;119,69;BR-101/SC;Norte;Colisão Lateral;1;2;;;;;1
25/10/2018;03:49:00;34;sem vítima;241,98;BR-101/SC;Norte;Tombamento;1;1;;;;;1
25/10/2018;07:21:00;69;sem vítima;660,451;BR-376/PR;Norte;Saida de Pista;1;1;;;;;1
25/10/2018;07:23:00;70;sem vítima;138,5;BR-101/SC;Norte;Choque - Defensa, barreira ou "submarino";1;2;;;;;1
25/10/2018;07:31:00;75;com vítima;40,021;BR-101/SC;Sul;Tombamento;1;0;1;;;;1
25/10/2018;08:27:00;92;sem vítima;112,402;BR-101/SC;Sul;;1;1;;;;;1
25/10/2018;10:28:00;134;sem vítima;674,017;BR-376/PR;Sul;Colisão Traseira;2;2;;;;;1
25/10/2018;11:44:00;157;sem vítima;31,001;BR-101/SC;Norte;Colisão Traseira;1;4;;;;;1
25/10/2018;12:41:00;172;com vítima;681,211;BR-376/PR;Sul;Tombamento;1;0;1;;;;1
25/10/2018;16:49:00;247;sem vítima;235,171;BR-101/SC;Norte;Colisão Lateral;1;2;;;;;1
25/10/2018;17:16:00;258;sem vítima;206,06;BR-101/SC;Norte;Colisão Traseira;1;3;;;;;1
25/10/2018;23:20:00;364;sem vítima;79,35;BR-101/SC;Norte;Colisão Traseira;1;5;;;;;1
26/10/2018;07:13:00;84;sem vítima;673,229;BR-376/PR;Sul;Colisão Traseira;2;3;;;;;1
26/10/2018;08:23:00;111;sem vítima;147,011;BR-101/SC;Norte;Engavetamento;1;5;;;;;1
26/10/2018;09:23:00;145;com vítima;117,361;BR-101/SC;Sul;Engavetamento;4;5;7;1;1;;2
26/10/2018;09:28:00;149;sem vítima;653,951;BR-376/PR;Sul;Colisão Traseira;2;2;;;;;1
26/10/2018;11:40:00;212;sem vítima;124,7;BR-101/SC;Norte;Colisão Traseira;2;2;;;;;1
26/10/2018;11:53:00;220;sem vítima;32,8;BR-101/SC;Sul;Saida de Pista;1;1;;;;;1
26/10/2018;12:46:00;233;com vítima;665,864;BR-376/PR;Sul;Tombamento;1;0;1;;;;1
26/10/2018;14:28:00;268;sem vítima;137,3;BR-101/SC;Norte;Choque - Objeto sobre a pista;1;2;;;;;1
26/10/2018;18:52:00;377;sem vítima;103,421;BR-116/PR;Sul;Colisão Traseira;3;3;;;;;1
26/10/2018;21:16:00;431;sem vítima;124,147;BR-101/SC;Sul;Saida de Pista;1;1;;;;;1
26/10/2018;21:37:00;436;com vítima;133,7;BR-101/SC;Norte;Engavetamento;2;1;1;;1;;2
26/10/2018;23:46:00;484;sem vítima;671,689;BR-376/PR;Sul;Saida de Pista;1;1;;;;;1
27/10/2018;00:13:00;3;com vítima;659,001;BR-376/PR;Sul;Colisão Lateral;1;6;;;1;;2
27/10/2018;06:23:00;91;com vítima;139,472;BR-101/SC;Sul;Colisão Traseira;1;1;;;;1;3
27/10/2018;07:37:00;125;sem vítima;79,46;BR-101/SC;Sul;Colisão Traseira;1;2;;;;;1
27/10/2018;07:44:00;131;sem vítima;615,927;BR-376/PR;Norte;Colisão Lateral;1;2;;;;;1
27/10/2018;09:39:00;204;sem vítima;624,9;BR-376/PR;Sul;Colisão Lateral;1;2;;;;;1
27/10/2018;11:09:00;242;sem vítima;49,703;BR-101/SC;Sul;Colisão Traseira;1;2;;;;;1
27/10/2018;14:39:00;317;sem vítima;111,4;BR-101/SC;Norte;Saida de Pista;1;1;;;;;1
27/10/2018;15:49:00;356;sem vítima;1,35;BR-101/SC;Sul;Choque - Outros;1;1;;;;;1
27/10/2018;19:39:00;445;sem vítima;206,4;BR-101/SC;Sul;Colisão Traseira;1;2;;;;;1
27/10/2018;23:33:00;526;sem vítima;72,9;BR-116/PR;Sul;Choque - Suporte de Sinalização;1;1;;;;;1
28/10/2018;06:00:00;88;sem vítima;667,739;BR-376/PR;Sul;Saida de Pista;1;1;;;;;1
29/10/2018;00:27:00;7;com vítima;112,941;BR-101/SC;Norte;Colisão Lateral;1;2;1;;;;1
29/10/2018;02:10:00;40;com vítima;105,904;BR-116/PR;Sul;Colisão Traseira;1;1;1;;;;1
29/10/2018;10:38:00;210;sem vítima;111,2;BR-101/SC;Norte;Colisão Traseira;2;2;;;;;1
29/10/2018;18:16:00;376;sem vítima;633,6;BR-376/PR;Sul;Saida de Pista;1;1;;;;;1
29/10/2018;23:09:00;450;sem vítima;232,001;BR-101/SC;Sul;Colisão Traseira;1;2;;;;;1