data;horario;n_da_ocorrencia;tipo_de_ocorrencia;km;trecho;sentido;tipo_de_acidente;caminhao;ilesos;levemente_feridos;moderadamente_feridos;gravemente_feridos;mortos;3
08/12/2018;12:12:00;246;sem vítima;126,7;BR-101/SC;Sul;Colisão Traseira;2;2;;;;;1
08/12/2018;17:02:00;351;sem vítima;134,001;BR-101/SC;Norte;Colisão Lateral;1;2;;;;;1
09/12/2018;00:41:00;16;sem vítima;209,001;BR-101/SC;Norte;Colisão Lateral;1;2;;;;;1
09/12/2018;16:49:00;366;sem vítima;243,001;BR-101/SC;Sul;Colisão Traseira;1;2;;;;;1
09/12/2018;19:05:00;441;sem vítima;235,001;BR-101/SC;Norte;Colisão Traseira;1;2;;;;;1
09/12/2018;21:42:00;504;sem vítima;624,078;BR-376/PR;Sul;Colisão Lateral;1;4;;;;;1
10/12/2018;11:59:00;253;sem vítima;1,35;BR-101/SC;Norte;Colisão Traseira;1;2;;;;;1
10/12/2018;14:32:00;312;sem vítima;43,01;BR-101/SC;Norte;Colisão Lateral;1;2;;;;;1
10/12/2018;19:14:00;442;sem vítima;201,18;BR-101/SC;Sul;Engavetamento;3;3;;;;;1
11/12/2018;05:38:00;63;sem vítima;668,472;BR-376/PR;Sul;Colisão Traseira;2;3;;;;;1
11/12/2018;11:00:00;195;com vítima;655,178;BR-376/PR;Norte;Tombamento;1;1;2;;;;1
11/12/2018;11:53:00;217;sem vítima;641,59;BR-376/PR;Sul;Tombamento;1;1;;;;;1
11/12/2018;12:23:00;228;sem vítima;668,5;BR-376/PR;Sul;Engavetamento;1;3;;;;;1
11/12/2018;14:15:00;262;sem vítima;672,96;BR-376/PR;Norte;Saida de Pista;1;2;;;;;1
11/12/2018;15:05:00;291;sem vítima;216,4;BR-101/SC;Norte;Colisão Transversal;1;2;;;;;1
11/12/2018;16:14:00;327;sem vítima;212,3;BR-101/SC;Norte;Colisão Traseira;1;2;;;;;1
11/12/2018;17:01:00;365;sem vítima;671,558;BR-376/PR;Norte;Colisão Traseira;2;2;;;;;1
12/12/2018;01:11:00;29;sem vítima;666,1;BR-376/PR;Sul;Colisão Traseira;1;2;;;;;1
12/12/2018;05:17:00;83;com vítima;675,124;BR-376/PR;Sul;Colisão Traseira;1;32;2;;;;1
12/12/2018;05:20:00;86;sem vítima;668,499;BR-376/PR;Sul;Choque - Defensa, barreira ou "submarino";1;1;;;;;1
12/12/2018;08:02:00;150;sem vítima;85,601;BR-101/SC;Sul;Capotamento;1;3;;;;;1
12/12/2018;09:39:00;208;sem vítima;207,708;BR-101/SC;Norte;Colisão Traseira;1;2;;;;;1
12/12/2018;11:42:00;270;com vítima;130,001;BR-101/SC;Norte;Atropelamento - Ciclista;1;1;1;;;;1
12/12/2018;13:35:00;318;com vítima;115,822;BR-101/SC;Norte;Colisão Lateral;1;1;;1;;;2
12/12/2018;14:13:00;338;com vítima;21,072;BR-101/SC;Sul;Engavetamento;2;3;;1;1;;2
12/12/2018;15:27:00;378;sem vítima;139,2;BR-101/SC;Sul;Colisão Lateral;1;2;;;;;1
12/12/2018;16:15:00;398;sem vítima;206,1;BR-101/SC;Sul;Colisão Lateral;1;2;;;;;1
12/12/2018;17:10:00;429;sem vítima;213,2;BR-101/SC;Norte;Colisão Lateral;1;2;;;;;1
12/12/2018;17:55:00;443;sem vítima;199,696;BR-101/SC;Sul;Colisão Traseira;2;2;;;;;1
12/12/2018;22:29:00;571;com vítima;667,667;BR-376/PR;Sul;Tombamento;2;1;;1;;;2
13/12/2018;07:44:00;135;sem vítima;192,773;BR-101/SC;Norte;Engavetamento;1;3;;;;;1
13/12/2018;08:40:00;165;sem vítima;673,5;BR-376/PR;Sul;Saida de Pista;1;1;;;;;1
13/12/2018;10:53:00;231;com vítima;85,001;BR-116/PR;Sul;Colisão Traseira;1;1;1;1;;;2
13/12/2018;13:34:00;311;sem vítima;667,725;BR-376/PR;Sul;Choque - Defensa, barreira ou "submarino";1;1;;;;;1
13/12/2018;13:44:00;318;com vítima;136,326;BR-101/SC;Norte;Colisão Traseira;1;1;1;;;;1
13/12/2018;15:19:00;351;sem vítima;210,925;BR-101/SC;Norte;Choque - Outros;1;2;;;;;1
13/12/2018;18:05:00;464;sem vítima;202,5;BR-101/SC;Sul;Saida de Pista;1;1;;;;;1
14/12/2018;04:02:00;62;sem vítima;110,4;BR-101/SC;Sul;Colisão Lateral;1;2;;;;;1
14/12/2018;07:47:00;106;sem vítima;24,416;BR-101/SC;Norte;Colisão Traseira;2;2;;;;;1
14/12/2018;13:43:00;278;sem vítima;87,048;BR-116/PR;Norte;Saida de Pista;1;1;;;;;1
14/12/2018;16:06:00;351;sem vítima;5,158;BR-101/SC;Norte;Colisão Lateral;1;2;;;;;1
14/12/2018;16:15:00;360;sem vítima;215,3;BR-101/SC;Norte;Colisão Lateral;1;2;;;;;1
14/12/2018;20:32:00;490;sem vítima;623,55;BR-376/PR;Norte;Saida de Pista;1;1;;;;;1
14/12/2018;21:00:00;505;sem vítima;622,73;BR-376/PR;Norte;Colisão Lateral;1;2;;;;;1
15/12/2018;00:48:00;21;sem vítima;216,7;BR-101/SC;Norte;Colisão Traseira;1;2;;;;;1
15/12/2018;08:33:00;157;sem vítima;151,238;BR-101/SC;Sul;Colisão Traseira;1;4;;;;;1
15/12/2018;14:29:00;331;sem vítima;108,8;BR-101/SC;Sul;Colisão Lateral;1;2;;;;;1
15/12/2018;14:41:00;339;sem vítima;673,301;BR-376/PR;Sul;Colisão Traseira;2;2;;;;;1
15/12/2018;19:56:00;510;sem vítima;215,7;BR-101/SC;Sul;Colisão Lateral;1;2;;;;;1
16/12/2018;07:58:00;122;sem vítima;192,698;BR-101/SC;Norte;Colisão Traseira;1;2;;;;;1
16/12/2018;11:08:00;208;com vítima;210,476;BR-101/SC;Sul;Capotamento;1;1;1;;;;1
16/12/2018;16:23:00;351;sem vítima;640,001;BR-376/PR;Sul;Colisão Lateral;1;3;;;;;1
16/12/2018;16:57:00;372;sem vítima;615,716;BR-376/PR;Norte;Tombamento;1;1;;;;;1
17/12/2018;01:07:00;17;sem vítima;652,195;BR-376/PR;Norte;Colisão Traseira;2;2;;;;;1
17/12/2018;10:57:00;233;sem vítima;660,5;BR-376/PR;Sul;Colisão Traseira;3;4;;;;;1
17/12/2018;13:25:00;296;sem vítima;27,588;BR-101/SC;Norte;Saida de Pista;1;2;;;;;1
17/12/2018;13:54:00;305;sem vítima;27,276;BR-101/SC;Sul;Colisão Lateral;2;2;;;;;1
17/12/2018;15:40:00;350;sem vítima;109,09;BR-116/PR;Sul;Saida de Pista;1;1;;;;;1
17/12/2018;23:06:00;530;com vítima;88,109;BR-101/SC;Sul;Colisão Lateral;1;1;;1;;;2
18/12/2018;05:31:00;76;sem vítima;201,687;BR-101/SC;Norte;Colisão Traseira;1;2;;;;;1
18/12/2018;08:31:00;144;sem vítima;210,049;BR-101/SC;Sul;Colisão Lateral;1;2;;;;;1
18/12/2018;09:54:00;194;sem vítima;7,001;BR-101/SC;Norte;;1;2;;;;;1
18/12/2018;10:43:00;222;sem vítima;666,001;BR-376/PR;Sul;Colisão Traseira;1;2;;;;;1
18/12/2018;12:12:00;254;com vítima;215,553;BR-101/SC;Norte;Engavetamento;1;2;1;;;;1
18/12/2018;16:34:00;394;sem vítima;24,943;BR-101/SC;Norte;Colisão Lateral;1;2;;;;;1
18/12/2018;19:05:00;461;sem vítima;215,2;BR-101/SC;Norte;Colisão Lateral;1;2;;;;;1
18/12/2018;20:56:00;502;sem vítima;204,001;BR-101/SC;Norte;Colisão Lateral;1;2;;;;;1
18/12/2018;21:43:00;517;sem vítima;209,001;BR-101/SC;Norte;Saida de Pista;1;1;;;;;1
18/12/2018;21:53:00;520;sem vítima;132,974;BR-101/SC;Sul;Colisão Lateral;1;2;;;;;1
19/12/2018;00:06:00;1;sem vítima;86,001;BR-116/PR;Sul;Colisão Traseira;1;2;;;;;1
19/12/2018;12:29:00;261;com vítima;136,929;BR-101/SC;Sul;Engavetamento;3;4;1;;;;1
19/12/2018;13:36:00;284;sem vítima;137,8;BR-101/SC;Sul;Colisão Traseira;1;2;;;;;1
19/12/2018;15:48:00;354;sem vítima;157,4;BR-101/SC;Sul;Choque - Outros;1;1;;;;;1
19/12/2018;21:43:00;548;sem vítima;635,4;BR-376/PR;Norte;Colisão Traseira;1;2;;;;;1
19/12/2018;23:20:00;577;sem vítima;58,682;BR-101/SC;Sul;Colisão Traseira;1;2;;;;;1
20/12/2018;07:08:00;100;sem vítima;158,269;BR-101/SC;Norte;Colisão Lateral;1;2;;;;;1
20/12/2018;10:29:00;211;sem vítima;114,001;BR-116/PR;Sul;Colisão Lateral;1;2;;;;;1
20/12/2018;22:42:00;596;sem vítima;243,001;BR-101/SC;Norte;Colisão Traseira;1;2;;;;;1
21/12/2018;01:05:00;26;sem vítima;65,147;BR-101/SC;Norte;Colisão Lateral;1;2;;;;;1
21/12/2018;07:08:00;106;sem vítima;74,5;BR-101/SC;Sul;Colisão Lateral;1;2;;;;;1
21/12/2018;08:12:00;130;sem vítima;671,7;BR-376/PR;Sul;Outros;1;1;;;;;1
21/12/2018;09:18:00;166;sem vítima;204,052;BR-101/SC;Sul;Colisão Lateral;1;2;;;;;1
21/12/2018;10:16:00;187;sem vítima;672,6;BR-376/PR;Sul;Saida de Pista;1;1;;;;;1
21/12/2018;11:01:00;206;sem vítima;207,97;BR-101/SC;Norte;Colisão Traseira;1;2;;;;;1
21/12/2018;11:14:00;215;sem vítima;199,261;BR-101/SC;Sul;Colisão Lateral;1;2;;;;;1
21/12/2018;15:19:00;346;sem vítima;37,001;BR-101/SC;Norte;Colisão Lateral;1;2;;;;;1
21/12/2018;15:40:00;365;sem vítima;199,7;BR-101/SC;Norte;Colisão Lateral;1;2;;;;;1
21/12/2018;18:15:00;451;sem vítima;653,001;BR-376/PR;Sul;Colisão Traseira;1;4;;;;;1
21/12/2018;19:19:00;482;sem vítima;110,459;BR-116/PR;Sul;Colisão Lateral;1;2;;;;;1
21/12/2018;19:22:00;484;sem vítima;616,001;BR-376/PR;Sul;Engavetamento;1;3;;;;;1
21/12/2018;19:56:00;500;sem vítima;214,1;BR-101/SC;Norte;Colisão Traseira;1;3;;;;;1
22/12/2018;02:29:00;53;sem vítima;160,001;BR-101/SC;Sul;Colisão Traseira;1;2;;;;;1
22/12/2018;10:19:00;243;sem vítima;38,461;BR-101/SC;Sul;Colisão Traseira;1;7;;;;;1
22/12/2018;11:22:00;272;sem vítima;620,7;BR-376/PR;Sul;Colisão Traseira;2;2;;;;;1
22/12/2018;11:34:00;280;sem vítima;80,2;BR-101/SC;Sul;Colisão Traseira;1;2;;;;;1
22/12/2018;11:37:00;284;sem vítima;157,73;BR-101/SC;Sul;Colisão Traseira;1;2;;;;;1
22/12/2018;21:23:00;554;com vítima;667,668;BR-376/PR;Sul;Tombamento;1;0;;;;1;3
23/12/2018;01:34:00;30;com vítima;111,575;BR-116/PR;Norte;Atropelamento - Outros;1;1;;;;1;3
23/12/2018;08:23:00;147;sem vítima;663,001;BR-376/PR;Norte;Colisão Lateral;1;2;;;;;1
23/12/2018;10:12:00;216;sem vítima;2,815;BR-101/SC;Sul;Colisão Traseira;1;3;;;;;1
23/12/2018;12:02:00;272;sem vítima;206,056;BR-101/SC;Sul;Colisão Traseira;1;2;;;;;1
24/12/2018;02:22:00;45;sem vítima;183,789;BR-101/SC;Norte;Colisão Traseira;1;2;;;;;1
24/12/2018;02:46:00;52;sem vítima;243,001;BR-101/SC;Sul;Engavetamento;1;3;;;;;1
24/12/2018;05:12:00;72;sem vítima;234,6;BR-101/SC;Norte;Colisão Traseira;1;2;;;;;1
24/12/2018;07:38:00;129;sem vítima;636,368;BR-376/PR;Norte;Colisão Lateral;1;2;;;;;1
25/12/2018;06:48:00;71;sem vítima;677,15;BR-376/PR;Sul;Choque - Defensa, barreira ou "submarino";1;1;;;;;1
26/12/2018;00:08:00;1;sem vítima;125,001;BR-101/SC;Sul;Colisão Lateral;1;2;;;;;1
26/12/2018;05:50:00;46;com vítima;186,232;BR-101/SC;Sul;Colisão Lateral;1;2;2;;;;1
26/12/2018;09:04:00;127;sem vítima;681,5;BR-376/PR;Norte;Colisão Traseira;1;2;;;;;1
26/12/2018;11:19:00;191;sem vítima;635,18;BR-376/PR;Norte;Colisão Lateral;1;2;;;;;1
26/12/2018;15:13:00;284;sem vítima;113,8;BR-116/PR;Sul;Colisão Lateral;1;2;;;;;1
26/12/2018;21:47:00;465;sem vítima;115,867;BR-101/SC;Norte;Tombamento;1;1;;;;;1
26/12/2018;22:57:00;481;sem vítima;158,001;BR-101/SC;Sul;Colisão Traseira;2;2;;;;;1
27/12/2018;05:46:00;64;sem vítima;671,5;BR-376/PR;Sul;Engavetamento;1;6;;;;;1
27/12/2018;08:03:00;114;sem vítima;666,9;BR-376/PR;Sul;Colisão Traseira;1;2;;;;;1
27/12/2018;13:24:00;264;sem vítima;635,4;BR-376/PR;Sul;Colisão Lateral;1;2;;;;;1
27/12/2018;15:59:00;355;sem vítima;130,6;BR-101/SC;Sul;Colisão Traseira;1;2;;;;;1
28/12/2018;07:08:00;106;sem vítima;52,001;BR-101/SC;Norte;;2;2;;;;;1
28/12/2018;07:58:00;147;sem vítima;656,9;BR-376/PR;Sul;Saida de Pista;1;1;;;;;1
28/12/2018;13:37:00;283;com vítima;675,001;BR-376/PR;Sul;Engavetamento;1;2;3;;;;1
28/12/2018;18:56:00;446;com vítima;102,137;BR-101/SC;Sul;Colisão Frontal;1;1;1;;;;1
29/12/2018;07:00:00;121;sem vítima;101,277;BR-116/PR;Sul;Colisão Traseira;1;2;;;;;1
29/12/2018;07:35:00;133;sem vítima;102,813;BR-101/SC;Sul;Colisão Traseira;1;2;;;;;1
29/12/2018;11:08:00;256;com vítima;219,047;BR-101/SC;Sul;Colisão Traseira;1;3;1;;;;1
29/12/2018;13:01:00;307;sem vítima;54,187;BR-101/SC;Sul;Colisão Traseira;1;2;;;;;1
30/12/2018;02:20:00;55;sem vítima;149,845;BR-101/SC;Sul;Colisão Traseira;1;2;;;;;1
30/12/2018;05:22:00;97;sem vítima;33,7;BR-101/SC;Norte;Colisão Traseira;1;2;;;;;1
30/12/2018;07:13:00;126;sem vítima;93,355;BR-116/PR;Norte;Colisão Traseira;1;2;;;;;1
30/12/2018;09:58:00;195;sem vítima;218,008;BR-101/SC;Sul;;1;1;;;;;1
30/12/2018;11:49:00;239;sem vítima;192,925;BR-101/SC;Norte;Colisão Lateral;1;2;;;;;1
30/12/2018;17:18:00;429;sem vítima;103,082;BR-116/PR;Sul;Tombamento;1;1;;;;;1
31/12/2018;07:55:00;116;sem vítima;206,888;BR-101/SC;Sul;Colisão Traseira;1;2;;;;;1
31/12/2018;11:19:00;206;sem vítima;93,98;BR-101/SC;Sul;Colisão Lateral;2;2;;;;;1
31/12/2018;13:19:00;221;sem vítima;104,954;BR-101/SC;Sul;Colisão Lateral;1;2;;;;;1
01/03/2019;00:07:00;2;sem vítima;667,5;BR-376/PR;Sul;Engavetamento;4;29;;;;;1
01/03/2019;10:14:00;189;sem vítima;132,5;BR-101/SC;Sul;Colisão Traseira;1;2;;;;;1
01/03/2019;16:06:00;336;com vítima;664,46;BR-376/PR;Norte;Colisão Traseira;1;1;1;;;;1
01/03/2019;19:43:00;439;com vítima;112,371;BR-101/SC;Sul;Colisão Frontal;1;1;1;;;;1
02/03/2019;05:48:00;89;sem vítima;621,763;BR-376/PR;Sul;Colisão Traseira;1;2;;;;;1
02/03/2019;09:35:00;194;sem vítima;70,65;BR-101/SC;Sul;Engavetamento;1;3;;;;;1
02/03/2019;10:30:00;223;sem vítima;209,001;BR-101/SC;Sul;Colisão Lateral;1;2;;;;;1
02/03/2019;16:15:00;385;sem vítima;42,001;BR-101/SC;Sul;Colisão Traseira;1;2;;;;;1
02/03/2019;18:54:00;445;sem vítima;659,663;BR-376/PR;Sul;Tombamento;1;1;;;;;1
03/03/2019;03:32:00;51;sem vítima;123,9;BR-101/SC;Norte;Colisão Traseira;1;2;;;;;1
03/03/2019;07:52:00;119;com vítima;660,965;BR-376/PR;Sul;Tombamento;1;0;1;;;;1
03/03/2019;13:46:00;261;sem vítima;85,7;BR-116/PR;Norte;Colisão Traseira;1;2;;;;;1
03/03/2019;21:20:00;424;sem vítima;44,3;BR-101/SC;Sul;Objeto lançado contra veículo;1;2;;;;;1
04/03/2019;06:53:00;87;sem vítima;79,4;BR-101/SC;Sul;Choque - Defensa, barreira ou "submarino";1;1;;;;;1
04/03/2019;09:28:00;150;com vítima;36,462;BR-101/SC;Norte;Colisão Traseira;1;2;;;;1;3
04/03/2019;18:25:00;322;sem vítima;108,601;BR-101/SC;Norte;Saida de Pista;1;1;;;;;1
05/03/2019;09:37:00;154;sem vítima;40,556;BR-101/SC;Norte;Colisão Traseira;2;2;;;;;1
05/03/2019;17:38:00;361;com vítima;679,5;BR-376/PR;Norte;Colisão Lateral;1;2;1;;;;1
06/03/2019;10:35:00;202;sem vítima;130,775;BR-101/SC;Sul;Colisão Traseira;1;2;;;;;1
06/03/2019;13:57:00;297;sem vítima;168,311;BR-101/SC;Norte;Colisão Traseira;1;3;;;;;1
06/03/2019;18:51:00;433;com vítima;117,565;BR-101/SC;Sul;Colisão Traseira;1;1;1;;1;;2
07/03/2019;01:41:00;21;sem vítima;165,5;BR-101/SC;Sul;Tombamento;1;2;;;;;1
07/03/2019;05:27:00;59;sem vítima;38,418;BR-101/SC;Norte;Colisão Lateral;1;2;;;;;1
07/03/2019;07:57:00;115;sem vítima;629,009;BR-376/PR;Norte;Colisão Traseira;1;2;;;;;1
07/03/2019;14:34:00;274;sem vítima;34,01;BR-101/SC;Sul;Colisão Traseira;2;2;;;;;1
07/03/2019;21:40:00;441;sem vítima;12,4;BR-101/SC;Sul;Colisão Traseira;2;2;;;;;1
08/03/2019;09:02:00;165;sem vítima;213,012;BR-101/SC;Norte;Colisão Traseira;1;2;;;;;1
08/03/2019;13:42:00;293;com vítima;137,8;BR-101/SC;Norte;Colisão Traseira;1;1;;1;;;2
08/03/2019;16:13:00;382;sem vítima;241,9;BR-101/SC;Norte;Saida de Pista;1;1;;;;;1
08/03/2019;17:37:00;414;sem vítima;143,5;BR-101/SC;Norte;Colisão Traseira;1;2;;;;;1
08/03/2019;18:17:00;433;sem vítima;200,653;BR-101/SC;Sul;Colisão Lateral;1;2;;;;;1
08/03/2019;22:28:00;509;com vítima;668,646;BR-376/PR;Sul;Tombamento;2;2;2;;;;1
09/03/2019;01:06:00;10;sem vítima;1,35;BR-101/SC;Norte;Choque - Defensa, barreira ou "submarino";1;1;;;;;1
09/03/2019;01:11:00;11;com vítima;113,5;BR-101/SC;Sul;Colisão Traseira;1;1;1;;;;1
09/03/2019;01:17:00;13;sem vítima;22,25;BR-101/SC;Norte;Colisão Traseira;1;2;;;;;1
09/03/2019;01:50:00;21;sem vítima;205,1;BR-101/SC;Norte;Colisão Lateral;1;2;;;;;1
09/03/2019;02:26:00;26;sem vítima;660,001;BR-376/PR;Sul;Colisão Traseira;2;2;;;;;1
09/03/2019;03:08:00;34;sem vítima;128,4;BR-101/SC;Sul;Outros;2;5;;;;;1
09/03/2019;09:11:00;132;sem vítima;206,724;BR-101/SC;Sul;Colisão Traseira;2;3;;;;;1
09/03/2019;09:22:00;138;com vítima;635,465;BR-376/PR;Sul;Colisão Lateral;1;3;3;;;;1
09/03/2019;13:15:00;221;com vítima;109,36;BR-116/PR;Sul;Atropelamento - Andarilho;1;1;;1;;;2
09/03/2019;16:37:00;296;com vítima;87,561;BR-101/SC;Sul;Colisão Lateral;1;2;1;;;;1
09/03/2019;18:15:00;353;sem vítima;671,7;BR-376/PR;Sul;Saida de Pista;1;1;;;;;1
10/03/2019;05:49:00;57;com vítima;97,489;BR-116/PR;Norte;Colisão Traseira;2;1;1;;;;1
10/03/2019;06:54:00;68;sem vítima;666,168;BR-376/PR;Sul;Saida de Pista;1;1;;;;;1
10/03/2019;17:26:00;291;sem vítima;55,355;BR-101/SC;Norte;Colisão Lateral;1;2;;;;;1
10/03/2019;22:35:00;368;sem vítima;94,077;BR-116/PR;Sul;Atropelamento de Animal;1;1;;;;;1
10/03/2019;23:54:00;412;com vítima;623,2;BR-376/PR;Norte;Colisão Traseira;1;2;1;;;;1
11/03/2019;06:45:00;70;sem vítima;102,002;BR-101/SC;Sul;Colisão Lateral;2;2;;;;;1
11/03/2019;09:07:00;145;com vítima;88,835;BR-116/PR;Norte;Colisão Traseira;1;2;;1;;;2
11/03/2019;09:14:00;147;sem vítima;213,297;BR-101/SC;Norte;Colisão Traseira;1;3;;;;;1
11/03/2019;20:21:00;395;sem vítima;223,4;BR-101/SC;Sul;Colisão Lateral;1;2;;;;;1
12/03/2019;09:15:00;172;sem vítima;10,588;BR-101/SC;Sul;Saida de Pista;1;1;;;;;1
12/03/2019;13:43:00;267;sem vítima;201,551;BR-101/SC;Sul;Colisão Traseira;2;2;;;;;1
12/03/2019;14:18:00;281;sem vítima;140,841;BR-101/SC;Sul;Colisão Lateral;1;2;;;;;1
12/03/2019;15:05:00;298;sem vítima;198,4;BR-101/SC;Norte;Engavetamento;1;4;;;;;1
12/03/2019;18:02:00;380;sem vítima;112,5;BR-116/PR;Sul;Colisão Lateral;1;2;;;;;1
12/03/2019;19:00:00;393;sem vítima;113,545;BR-101/SC;Norte;Colisão Lateral;1;2;;;;;1
12/03/2019;19:33:00;405;sem vítima;102,001;BR-116/PR;Sul;Colisão Traseira;1;2;;;;;1
13/03/2019;07:52:00;138;sem vítima;106,565;BR-116/PR;Norte;Saida de Pista;1;1;;;;;1
13/03/2019;10:29:00;204;sem vítima;209,196;BR-101/SC;Norte;Colisão Lateral;1;2;;;;;1
13/03/2019;11:13:00;230;com vítima;660,225;BR-376/PR;Sul;Engavetamento;6;8;1;;;;1
13/03/2019;11:26:00;231;com vítima;208,232;BR-101/SC;Norte;Colisão Lateral;1;1;1;;;;1
13/03/2019;12:24:00;248;sem vítima;204,95;BR-101/SC;Sul;Engavetamento;1;3;;;;;1
13/03/2019;15:33:00;318;com vítima;26,95;BR-101/SC;Norte;Colisão Lateral;1;1;;1;;;2
13/03/2019;16:03:00;329;com vítima;75,873;BR-116/PR;Norte;Colisão Traseira;1;2;1;;;;1
13/03/2019;16:07:00;331;sem vítima;39,437;BR-101/SC;Sul;Colisão Lateral;1;2;;;;;1
13/03/2019;16:22:00;336;sem vítima;641,361;BR-376/PR;Norte;Colisão Traseira;1;2;;;;;1
13/03/2019;16:40:00;342;sem vítima;36,7;BR-101/SC;Sul;Colisão Traseira;1;3;;;;;1
13/03/2019;20:05:00;411;sem vítima;197,786;BR-101/SC;Norte;Colisão Traseira;1;2;;;;;1
13/03/2019;20:25:00;412;com vítima;207,915;BR-101/SC;Norte;Queda de Moto;1;3;1;;;;1
13/03/2019;21:23:00;434;sem vítima;194,5;BR-101/SC;Sul;Colisão Traseira;2;2;;;;;1
13/03/2019;21:29:00;437;sem vítima;77,5;BR-101/SC;Sul;Colisão Lateral;1;2;;;;;1
13/03/2019;22:12:00;444;sem vítima;92,902;BR-116/PR;Sul;Queda de Moto;1;2;;;;;1
14/03/2019;07:07:00;88;sem vítima;661,376;BR-376/PR;Sul;Engavetamento;1;4;;;;;1
14/03/2019;07:33:00;109;sem vítima;660,598;BR-376/PR;Sul;Engavetamento;5;10;;;;;1
14/03/2019;08:11:00;130;com vítima;119,125;BR-101/SC;Norte;Engavetamento;1;3;1;;;;1
14/03/2019;08:29:00;135;sem vítima;131,95;BR-101/SC;Norte;Colisão Traseira;2;2;;;;;1
14/03/2019;14:31:00;282;sem vítima;644,54;BR-376/PR;Sul;Colisão Traseira;2;2;;;;;1
14/03/2019;19:57:00;419;com vítima;92,048;BR-101/SC;Sul;Saida de Pista;1;0;;;1;;2
15/03/2019;03:32:00;48;sem vítima;12,5;BR-101/SC;Norte;Colisão Traseira;1;2;;;;;1
15/03/2019;06:53:00;82;sem vítima;80,012;BR-101/SC;Norte;Colisão Traseira;3;3;;;;;1
15/03/2019;08:08:00;116;com vítima;157,73;BR-101/SC;Norte;Engavetamento;2;3;1;;;;1
15/03/2019;15:09:00;265;sem vítima;230,6;BR-101/SC;Sul;Colisão Lateral;1;2;;;;;1
15/03/2019;19:42:00;376;com vítima;25,001;BR-101/SC;Sul;Colisão Traseira;1;1;1;;;;1
15/03/2019;23:22:00;433;sem vítima;46,6;BR-101/SC;Sul;Colisão Lateral;1;2;;;;;1
16/03/2019;07:33:00;112;sem vítima;62,85;BR-101/SC;Sul;Choque - Defensa, barreira ou "submarino";1;2;;;;;1
16/03/2019;11:55:00;227;sem vítima;89,2;BR-116/PR;Sul;Tombamento;1;3;;;;;1
16/03/2019;12:19:00;235;com vítima;133,001;BR-101/SC;Norte;Colisão Traseira;1;1;2;;;;1
16/03/2019;13:14:00;254;com vítima;134,925;BR-101/SC;Norte;Engavetamento;1;2;1;;;;1
16/03/2019;15:20:00;303;com vítima;46,389;BR-101/SC;Norte;Colisão Traseira;2;2;;;2;;2
16/03/2019;15:40:00;311;com vítima;16,768;BR-101/SC;Sul;Atropelamento - Usuário;1;4;1;;;;1
17/03/2019;16:50:00;300;com vítima;668,544;BR-376/PR;Sul;Colisão Traseira;1;1;1;;;;1
17/03/2019;17:01:00;306;sem vítima;668,154;BR-376/PR;Sul;Engavetamento;1;5;;;;;1
17/03/2019;19:15:00;344;sem vítima;3,001;BR-101/SC;Norte;Engavetamento;1;3;;;;;1
18/03/2019;11:54:00;227;com vítima;215,598;BR-101/SC;Sul;Colisão Transversal;1;1;1;;;;1
18/03/2019;13:06:00;246;sem vítima;157,73;BR-101/SC;Norte;Engavetamento;1;3;;;;;1
18/03/2019;13:11:00;250;sem vítima;184,686;BR-101/SC;Norte;Colisão Lateral;1;2;;;;;1
18/03/2019;15:09:00;299;sem vítima;202,227;BR-101/SC;Sul;Colisão Traseira;1;3;;;;;1
18/03/2019;17:34:00;360;sem vítima;123,035;BR-101/SC;Norte;Colisão Traseira;1;3;;;;;1
19/03/2019;16:37:00;386;com vítima;92,731;BR-101/SC;Sul;Colisão Traseira;1;1;1;;;;1
19/03/2019;21:19:00;494;sem vítima;205,49;BR-101/SC;Sul;Colisão Traseira;1;3;;;;;1
20/03/2019;08:06:00;128;sem vítima;92,677;BR-116/PR;Norte;Colisão Lateral;1;2;;;;;1
20/03/2019;15:16:00;298;com vítima;233,696;BR-101/SC;Norte;Engavetamento;2;14;2;;;;1
20/03/2019;23:07:00;431;sem vítima;79,35;BR-101/SC;Sul;Colisão Lateral;1;2;;;;;1
21/03/2019;07:17:00;106;sem vítima;215,525;BR-101/SC;Norte;Colisão Lateral;1;2;;;;;1
21/03/2019;12:16:00;224;com vítima;667,1;BR-376/PR;Sul;Colisão Traseira;2;1;;2;;;2
21/03/2019;13:00:00;237;sem vítima;103,517;BR-116/PR;Norte;Colisão Lateral;1;2;;;;;1
21/03/2019;15:53:00;296;sem vítima;635,2;BR-376/PR;Sul;Choque - Defensa, barreira ou "submarino";1;1;;;;;1
21/03/2019;23:06:00;428;sem vítima;172,3;BR-101/SC;Norte;Colisão Traseira;1;2;;;;;1
22/03/2019;04:53:00;70;sem vítima;672,744;BR-376/PR;Sul;Colisão Lateral;2;2;;;;;1
22/03/2019;05:50:00;83;com vítima;168,235;BR-101/SC;Sul;Saida de Pista;1;0;1;;;;1
22/03/2019;07:34:00;109;sem vítima;157,73;BR-101/SC;Sul;Colisão Traseira;2;2;;;;;1
22/03/2019;10:10:00;176;com vítima;658,133;BR-376/PR;Norte;Colisão Lateral;1;1;2;;;;1
22/03/2019;10:30:00;188;sem vítima;659,3;BR-376/PR;Sul;Saida de Pista;1;2;;;;;1
22/03/2019;11:42:00;214;com vítima;24,282;BR-101/SC;Norte;Colisão Traseira;1;1;1;;;;1
22/03/2019;12:59:00;244;com vítima;131,473;BR-101/SC;Norte;Colisão Traseira;1;1;1;;;;1