data;horario;n_da_ocorrencia;tipo_de_ocorrencia;km;trecho;sentido;tipo_de_acidente;caminhao;ilesos;levemente_feridos;moderadamente_feridos;gravemente_feridos;mortos;3
22/03/2019;16:12:00;310;sem vítima;30,163;BR-101/SC;Sul;Colisão Traseira;1;2;;;;;1
22/03/2019;19:57:00;401;com vítima;655,5;BR-376/PR;Sul;Saida de Pista;1;3;;;2;;2
22/03/2019;20:11:00;410;sem vítima;100,369;BR-101/SC;Norte;Colisão Traseira;1;2;;;;;1
22/03/2019;20:57:00;422;sem vítima;200,228;BR-101/SC;Sul;Colisão Traseira;1;2;;;;;1
23/03/2019;06:20:00;104;com vítima;220,353;BR-101/SC;Sul;Colisão Traseira;1;1;1;;;;1
23/03/2019;07:36:00;122;sem vítima;207,06;BR-101/SC;Sul;Choque - Defensa, barreira ou "submarino";1;2;;;;;1
23/03/2019;10:16:00;188;sem vítima;34,001;BR-101/SC;Sul;Colisão Lateral;1;2;;;;;1
23/03/2019;10:56:00;206;sem vítima;136,799;BR-101/SC;Sul;Colisão Lateral;1;2;;;;;1
23/03/2019;12:02:00;225;sem vítima;43,22;BR-101/SC;Sul;Colisão Traseira;1;2;;;;;1
23/03/2019;17:37:00;351;sem vítima;136,048;BR-101/SC;Norte;Colisão Lateral;1;3;;;;;1
23/03/2019;19:29:00;403;com vítima;92,526;BR-116/PR;Sul;Colisão Traseira;1;2;1;;;;1
23/03/2019;21:52:00;450;sem vítima;119,665;BR-101/SC;Sul;Colisão Lateral;1;2;;;;;1
24/03/2019;16:24:00;305;sem vítima;212,5;BR-101/SC;Sul;Colisão Lateral;1;2;;;;;1
24/03/2019;17:06:00;328;sem vítima;136,001;BR-101/SC;Norte;Colisão Lateral;1;2;;;;;1
24/03/2019;19:37:00;376;sem vítima;623,702;BR-376/PR;Norte;Tombamento;1;1;;;;;1
24/03/2019;22:22:00;439;sem vítima;664,9;BR-376/PR;Norte;Colisão Traseira;1;2;;;;;1
25/03/2019;13:15:00;216;sem vítima;233,7;BR-101/SC;Norte;Colisão Lateral;1;2;;;;;1
25/03/2019;14:37:00;248;sem vítima;32,145;BR-101/SC;Norte;Colisão Traseira;1;2;;;;;1
25/03/2019;15:52:00;298;sem vítima;204,914;BR-101/SC;Norte;;1;2;;;;;1
25/03/2019;18:19:00;367;sem vítima;133,254;BR-101/SC;Norte;Colisão Lateral;1;2;;;;;1
25/03/2019;20:09:00;400;com vítima;106,58;BR-101/SC;Sul;Queda de Moto;1;1;1;;;;1
25/03/2019;20:32:00;406;sem vítima;106,395;BR-101/SC;Sul;Engavetamento;2;4;;;;;1
25/03/2019;23:37:00;446;sem vítima;119,001;BR-101/SC;Norte;Colisão Traseira;2;2;;;;;1
26/03/2019;07:23:00;120;sem vítima;233,197;BR-101/SC;Sul;Choque - Defensa, barreira ou "submarino";1;2;;;;;1
26/03/2019;13:01:00;269;sem vítima;632,863;BR-376/PR;Norte;Colisão Traseira;2;2;;;;;1
26/03/2019;14:36:00;298;sem vítima;616,069;BR-376/PR;Norte;Colisão Lateral;1;2;;;;;1
26/03/2019;16:58:00;360;sem vítima;663,856;BR-376/PR;Sul;Colisão Traseira;1;2;;;;;1
27/03/2019;09:28:00;162;com vítima;120,012;BR-101/SC;Norte;Colisão Lateral;1;1;;1;;;2
27/03/2019;15:30:00;309;com vítima;207,05;BR-101/SC;Sul;Colisão Traseira;1;4;;1;;;2
27/03/2019;18:53:00;382;sem vítima;197,963;BR-101/SC;Sul;Colisão Traseira;2;3;;;;;1
27/03/2019;22:26:00;450;sem vítima;133,9;BR-101/SC;Sul;Colisão Traseira;1;2;;;;;1
28/03/2019;02:05:00;43;sem vítima;79,3;BR-101/SC;Norte;Colisão Traseira;1;2;;;;;1
28/03/2019;03:53:00;57;sem vítima;209,7;BR-101/SC;Sul;Colisão Lateral;1;2;;;;;1
28/03/2019;08:37:00;122;sem vítima;113,8;BR-116/PR;Sul;Engavetamento;2;3;;;;;1
28/03/2019;11:18:00;208;sem vítima;213,92;BR-101/SC;Norte;Colisão Traseira;1;2;;;;;1
28/03/2019;14:57:00;279;sem vítima;616,907;BR-376/PR;Norte;Colisão Lateral;1;2;;;;;1
28/03/2019;15:26:00;289;sem vítima;111,542;BR-101/SC;Sul;Colisão Traseira;2;3;;;;;1
28/03/2019;16:16:00;314;sem vítima;667,277;BR-376/PR;Sul;Saida de Pista;1;1;;;;;1
28/03/2019;17:36:00;345;com vítima;108,308;BR-116/PR;Norte;Colisão Traseira;1;1;1;;;;1
28/03/2019;19:10:00;363;sem vítima;102,374;BR-116/PR;Sul;Colisão Traseira;2;2;;;;;1
29/03/2019;06:16:00;84;sem vítima;119,971;BR-101/SC;Sul;Choque - Defensa, barreira ou "submarino";1;1;;;;;1
29/03/2019;07:43:00;113;sem vítima;119,971;BR-101/SC;Norte;Colisão Traseira;2;2;;;;;1
29/03/2019;10:27:00;174;sem vítima;101,541;BR-116/PR;Sul;Colisão Traseira;2;2;;;;;1
29/03/2019;15:03:00;275;sem vítima;202,948;BR-101/SC;Sul;Colisão Traseira;2;2;;;;;1
29/03/2019;15:59:00;296;sem vítima;57,586;BR-101/SC;Norte;Tombamento;1;1;;;;;1
29/03/2019;16:42:00;321;com vítima;219,587;BR-101/SC;Sul;Colisão Lateral;1;1;1;;;;1
29/03/2019;19:16:00;374;sem vítima;641,725;BR-376/PR;Sul;Saida de Pista;1;1;;;;;1
29/03/2019;19:19:00;375;sem vítima;124,01;BR-101/SC;Norte;Colisão Traseira;1;2;;;;;1
29/03/2019;19:32:00;382;sem vítima;641,7;BR-376/PR;Sul;Colisão Traseira;1;2;;;;;1
29/03/2019;21:28:00;433;sem vítima;0,001;BR-101/SC;Sul;Colisão Traseira;2;2;;;;;1
30/03/2019;11:06:00;218;sem vítima;670,889;BR-376/PR;Sul;Colisão Traseira;2;2;;;;;1
30/03/2019;11:09:00;219;sem vítima;117,411;BR-101/SC;Norte;Colisão Traseira;1;2;;;;;1
30/03/2019;11:23:00;225;sem vítima;104,8;BR-101/SC;Sul;Colisão Traseira;1;2;;;;;1
30/03/2019;14:32:00;241;com vítima;197,53;BR-101/SC;Sul;Engavetamento;1;3;;1;;;2
30/03/2019;12:03:00;255;sem vítima;619,6;BR-376/PR;Sul;Colisão Lateral;2;2;;;;;1
30/03/2019;19:17:00;416;com vítima;177;BR-101/SC;Sul;Colisão Traseira;1;1;1;;;;1
30/03/2019;20:49:00;445;sem vítima;105,215;BR-116/PR;Norte;Colisão Lateral;1;2;;;;;1
01/02/2019;14:14:00;312;com vítima;170,181;BR-101/SC;Norte;Colisão Traseira;1;3;;;;1;3
01/02/2019;16:48:00;395;sem vítima;672,83;BR-376/PR;Sul;Colisão Traseira;1;2;;;;;1
01/02/2019;18:54:00;446;sem vítima;101,602;BR-116/PR;Sul;Colisão Traseira;2;2;;;;;1
01/02/2019;19:36:00;463;sem vítima;89,001;BR-101/SC;Norte;Colisão Lateral;1;2;;;;;1
01/02/2019;21:28:00;546;sem vítima;204,001;BR-101/SC;Sul;Colisão Lateral;1;2;;;;;1
02/02/2019;08:34:00;144;sem vítima;12,7;BR-101/SC;Norte;Colisão Lateral;1;2;;;;;1
02/02/2019;09:18:00;183;com vítima;207,878;BR-101/SC;Sul;Colisão Lateral;1;3;1;;;;1
02/02/2019;12:39:00;298;sem vítima;121,639;BR-101/SC;Sul;Saida de Pista;1;1;;;;;1
02/02/2019;17:52:00;458;com vítima;98,839;BR-116/PR;Sul;Atropelamento - Outros;2;2;;;;1;3
03/02/2019;18:39:00;372;com vítima;78,143;BR-101/SC;Norte;Engavetamento;1;4;1;;;;1
03/02/2019;19:39:00;397;sem vítima;47,617;BR-101/SC;Norte;Saida de Pista;1;1;;;;;1
04/02/2019;12:43:00;245;sem vítima;139,5;BR-101/SC;Sul;Colisão Traseira;1;2;;;;;1
04/02/2019;14:52:00;297;com vítima;212,9;BR-101/SC;Norte;Colisão Traseira;1;1;1;;;;1
04/02/2019;15:39:00;321;sem vítima;212,7;BR-101/SC;Norte;Colisão Traseira;1;2;;;;;1
04/02/2019;20:43:00;435;com vítima;204,3;BR-101/SC;Sul;Colisão Traseira;1;1;1;;;;1
05/02/2019;15:29:00;256;sem vítima;86,639;BR-101/SC;Norte;Colisão Traseira;1;2;;;;;1
06/02/2019;04:05:00;74;sem vítima;215,08;BR-101/SC;Sul;Choque - Defensa, barreira ou "submarino";1;2;;;;;1
06/02/2019;04:55:00;84;sem vítima;98,6;BR-116/PR;Sul;Tombamento;1;1;;;;;1
06/02/2019;05:06:00;91;sem vítima;671,7;BR-376/PR;Sul;Saida de Pista;1;3;;;;;1
06/02/2019;07:05:00;117;sem vítima;675,028;BR-376/PR;Sul;Colisão Traseira;2;2;;;;;1
06/02/2019;17:56:00;369;sem vítima;14,474;BR-101/SC;Norte;Saida de Pista;1;1;;;;;1
06/02/2019;20:07:00;406;sem vítima;175,08;BR-101/SC;Norte;Tombamento;1;1;;;;;1
07/02/2019;05:24:00;81;sem vítima;211,754;BR-101/SC;Norte;Saida de Pista;1;1;;;;;1
07/02/2019;08:09:00;121;com vítima;675,991;BR-376/PR;Sul;Colisão Lateral;3;2;1;;;;1
07/02/2019;09:14:00;159;sem vítima;40,82;BR-101/SC;Norte;Colisão Traseira;1;2;;;;;1
07/02/2019;10:58:00;214;com vítima;663,66;BR-376/PR;Sul;Colisão Traseira;2;1;;1;;;2
07/02/2019;12:12:00;229;com vítima;163,75;BR-101/SC;Sul;Engavetamento;1;2;2;;;;1
07/02/2019;17:23:00;357;sem vítima;210,4;BR-101/SC;Norte;Colisão Traseira;1;4;;;;;1
07/02/2019;22:22:00;446;sem vítima;631,52;BR-376/PR;Sul;Colisão Traseira;2;2;;;;;1
08/02/2019;04:33:00;86;com vítima;186,091;BR-101/SC;Sul;Tombamento;1;0;1;;;;1
08/02/2019;09:55:00;204;sem vítima;158,119;BR-101/SC;Sul;Colisão Lateral;1;2;;;;;1
08/02/2019;13:37:00;298;sem vítima;183,7;BR-101/SC;Norte;Colisão Traseira;1;2;;;;;1
08/02/2019;14:23:00;314;sem vítima;108,442;BR-116/PR;Norte;Colisão Traseira;1;2;;;;;1
08/02/2019;15:04:00;336;com vítima;199,5;BR-101/SC;Sul;Engavetamento;1;6;1;;;;1
08/02/2019;15:19:00;342;sem vítima;114,936;BR-101/SC;Norte;Engavetamento;1;3;;;;;1
08/02/2019;15:47:00;358;sem vítima;12,481;BR-101/SC;Norte;Colisão Traseira;1;2;;;;;1
08/02/2019;16:04:00;372;sem vítima;8,8;BR-101/SC;Sul;Colisão Lateral;1;2;;;;;1
08/02/2019;16:53:00;407;sem vítima;19,702;BR-101/SC;Norte;Colisão Lateral;1;2;;;;;1
08/02/2019;18:48:00;466;sem vítima;92,001;BR-116/PR;Norte;Colisão Traseira;2;3;;;;;1
08/02/2019;20:33:00;504;sem vítima;55,446;BR-101/SC;Norte;Colisão Lateral;1;2;;;;;1
09/02/2019;08:12:00;133;com vítima;88,057;BR-116/PR;Norte;Colisão Lateral;1;1;;1;;;2
09/02/2019;09:25:00;171;sem vítima;209,5;BR-101/SC;Sul;Colisão Traseira;1;2;;;;;1
09/02/2019;12:39:00;257;sem vítima;202,627;BR-101/SC;Norte;Colisão Traseira;1;2;;;;;1
10/02/2019;07:35:00;87;com vítima;32,747;BR-101/SC;Norte;Atropelamento - Ciclista;1;1;;;;1;3
10/02/2019;15:15:00;268;sem vítima;668,8;BR-376/PR;Sul;Tombamento;1;1;;;;;1
10/02/2019;20:46:00;403;sem vítima;15,001;BR-101/SC;Norte;Colisão Lateral;1;6;;;;;1
10/02/2019;21:45:00;426;sem vítima;206,6;BR-101/SC;Sul;Colisão Traseira;1;2;;;;;1
11/02/2019;06:00:00;82;com vítima;615,85;BR-376/PR;Norte;Atropelamento - Outros;1;1;;;;1;3
11/02/2019;06:49:00;99;com vítima;196,008;BR-101/SC;Sul;Capotamento;1;1;2;;;;1
11/02/2019;11:26:00;225;com vítima;652,937;BR-376/PR;Sul;Tombamento;3;3;1;;;;1
11/02/2019;16:01:00;337;sem vítima;658,392;BR-376/PR;Norte;Saida de Pista;1;1;;;;;1
11/02/2019;16:10:00;339;sem vítima;212,6;BR-101/SC;Norte;Colisão Traseira;1;2;;;;;1
11/02/2019;16:40:00;352;sem vítima;243,001;BR-101/SC;Norte;Colisão Lateral;1;2;;;;;1
11/02/2019;17:24:00;374;sem vítima;117,035;BR-101/SC;Norte;Colisão Traseira;1;2;;;;;1
11/02/2019;19:24:00;414;sem vítima;219,282;BR-101/SC;Norte;Colisão Lateral;1;2;;;;;1
11/02/2019;19:27:00;415;sem vítima;108,001;BR-116/PR;Sul;Saida de Pista;1;1;;;;;1
11/02/2019;19:46:00;421;com vítima;190,9;BR-101/SC;Norte;Saida de Pista;1;0;1;;;;1
11/02/2019;22:43:00;475;sem vítima;673,5;BR-376/PR;Norte;Choque - Objeto sobre a pista;1;6;;;;;1
12/02/2019;07:02:00;89;com vítima;116,006;BR-101/SC;Norte;Colisão Traseira;1;1;1;;;;1
12/02/2019;10:14:00;187;sem vítima;204,734;BR-101/SC;Sul;Colisão Lateral;1;2;;;;;1
12/02/2019;11:10:00;216;sem vítima;615,001;BR-376/PR;Sul;Colisão Traseira;1;2;;;;;1
12/02/2019;14:44:00;283;sem vítima;214,001;BR-101/SC;Sul;Colisão Traseira;1;2;;;;;1
12/02/2019;17:58:00;378;sem vítima;205,001;BR-101/SC;Norte;Colisão Traseira;1;2;;;;;1
12/02/2019;21:43:00;446;sem vítima;210,7;BR-101/SC;Sul;Colisão Traseira;1;2;;;;;1
13/02/2019;05:12:00;57;sem vítima;668,5;BR-376/PR;Sul;Choque - Defensa, barreira ou "submarino";1;1;;;;;1
13/02/2019;11:26:00;214;sem vítima;140,432;BR-101/SC;Sul;Colisão Traseira;1;2;;;;;1
13/02/2019;15:02:00;285;sem vítima;671,7;BR-376/PR;Sul;Saida de Pista;1;1;;;;;1
13/02/2019;17:23:00;347;sem vítima;669,5;BR-376/PR;Sul;Colisão Traseira;1;2;;;;;1
13/02/2019;17:46:00;358;com vítima;113,451;BR-101/SC;Norte;Colisão Lateral;1;1;;;1;;2
13/02/2019;19:09:00;393;com vítima;667,517;BR-376/PR;Sul;Tombamento;1;1;;;;1;3
14/02/2019;06:24:00;78;com vítima;97,471;BR-116/PR;Sul;Capotamento;1;1;;1;;;2
14/02/2019;10:52:00;203;sem vítima;206,363;BR-101/SC;Sul;Colisão Traseira;1;2;;;;;1
14/02/2019;14:03:00;252;com vítima;36,396;BR-101/SC;Sul;Colisão Lateral;2;1;1;;;;1
14/02/2019;14:26:00;260;com vítima;33,5;BR-101/SC;Sul;Colisão Traseira;1;1;1;;;;1
15/02/2019;03:16:00;52;sem vítima;83,001;BR-101/SC;Norte;Atropelamento de Animal;1;1;;;;;1
15/02/2019;12:29:00;218;sem vítima;216,261;BR-101/SC;Norte;Tombamento;1;1;;;;;1
15/02/2019;13:34:00;241;com vítima;671,7;BR-376/PR;Sul;Saida de Pista;1;0;1;;;;1
15/02/2019;14:44:00;258;sem vítima;1,3;BR-101/SC;Norte;Choque - Defensa, barreira ou "submarino";1;1;;;;;1
15/02/2019;16:35:00;300;sem vítima;102,3;BR-116/PR;Sul;Saida de Pista;1;1;;;;;1
15/02/2019;18:16:00;333;sem vítima;44,891;BR-101/SC;Norte;Colisão Lateral;1;2;;;;;1
15/02/2019;21:36:00;405;sem vítima;671,15;BR-376/PR;Sul;Saida de Pista;1;1;;;;;1
16/02/2019;07:12:00;105;com vítima;185,001;BR-101/SC;Sul;Colisão Traseira;1;1;1;;;;1
16/02/2019;09:20:00;167;sem vítima;636,7;BR-376/PR;Norte;Engavetamento;1;3;;;;;1
16/02/2019;13:18:00;245;sem vítima;13,003;BR-101/SC;Sul;Outros;1;1;;;;;1
16/02/2019;13:32:00;253;com vítima;109,491;BR-116/PR;Norte;Colisão Transversal;1;1;;;;1;3
16/02/2019;15:48:00;303;sem vítima;139,5;BR-101/SC;Sul;Engavetamento;1;3;;;;;1
16/02/2019;18:01:00;347;sem vítima;660,001;BR-376/PR;Norte;Engavetamento;2;3;;;;;1
17/02/2019;08:44:00;105;sem vítima;116,446;BR-101/SC;Norte;Saida de Pista;1;1;;;;;1
17/02/2019;11:36:00;165;sem vítima;79,46;BR-101/SC;Norte;Colisão Traseira;1;2;;;;;1
17/02/2019;14:11:00;227;sem vítima;83,676;BR-116/PR;Norte;Saida de Pista;1;1;;;;;1
17/02/2019;16:40:00;304;sem vítima;215,001;BR-101/SC;Norte;Colisão Traseira;2;2;;;;;1
17/02/2019;19:47:00;393;sem vítima;234,4;BR-101/SC;Norte;Colisão Lateral;1;3;;;;;1
17/02/2019;20:04:00;400;sem vítima;668,001;BR-376/PR;Sul;Tombamento;1;2;;;;;1
18/02/2019;17:37:00;392;sem vítima;117,001;BR-101/SC;Norte;Colisão Traseira;2;2;;;;;1
18/02/2019;18:29:00;401;sem vítima;666,101;BR-376/PR;Norte;Colisão Lateral;2;2;;;;;1
18/02/2019;19:46:00;423;com vítima;194,926;BR-101/SC;Norte;Atropelamento - Outros;1;2;;;;1;3
19/02/2019;04:40:00;55;com vítima;73,881;BR-116/PR;Sul;Colisão Traseira;2;2;;;1;;2
19/02/2019;05:52:00;70;com vítima;72,001;BR-116/PR;Sul;Colisão Traseira;1;1;;1;;;2
19/02/2019;06:01:00;76;com vítima;132,001;BR-101/SC;Norte;Atropelamento - Morador;1;1;;1;;;2
19/02/2019;08:43:00;145;com vítima;215,985;BR-101/SC;Norte;Colisão Traseira;1;2;1;;;;1
19/02/2019;09:21:00;162;sem vítima;211,602;BR-101/SC;Norte;Engavetamento;2;3;;;;;1
19/02/2019;10:24:00;193;sem vítima;157,77;BR-101/SC;Norte;Colisão Traseira;1;2;;;;;1
19/02/2019;11:09:00;214;sem vítima;201,375;BR-101/SC;Norte;Colisão Traseira;1;2;;;;;1
19/02/2019;17:31:00;361;sem vítima;108,2;BR-116/PR;Norte;Colisão Traseira;2;2;;;;;1
19/02/2019;21:21:00;450;sem vítima;98,002;BR-116/PR;Norte;Saida de Pista;1;2;;;;;1
20/02/2019;04:02:00;65;sem vítima;666,198;BR-376/PR;Sul;Saida de Pista;1;1;;;;;1
20/02/2019;14:28:00;297;sem vítima;110,84;BR-116/PR;Norte;Tombamento;2;2;;;;;1
20/02/2019;16:39:00;357;sem vítima;120,795;BR-101/SC;Sul;Colisão Traseira;1;1;;;;;1
20/02/2019;17:12:00;390;sem vítima;102,2;BR-116/PR;Sul;Colisão Traseira;2;2;;;;;1
20/02/2019;18:00:00;405;com vítima;207,001;BR-101/SC;Norte;Colisão Lateral;1;1;1;;;;1
20/02/2019;18:40:00;418;com vítima;203,304;BR-101/SC;Norte;Colisão Traseira;1;1;1;;;;1
20/02/2019;19:32:00;429;sem vítima;118,5;BR-101/SC;Norte;Colisão Lateral;1;2;;;;;1
20/02/2019;20:00:00;439;sem vítima;207,98;BR-101/SC;Sul;Colisão Lateral;1;2;;;;;1
21/02/2019;00:09:00;2;sem vítima;664,7;BR-376/PR;Sul;Choque - Defensa, barreira ou "submarino";1;1;;;;;1
21/02/2019;01:10:00;15;sem vítima;668,776;BR-376/PR;Sul;Saida de Pista;1;1;;;;;1
21/02/2019;07:00:00;82;com vítima;45,652;BR-101/SC;Norte;Colisão Traseira;1;1;1;;;;1
21/02/2019;14:31:00;278;sem vítima;91,302;BR-116/PR;Sul;Saida de Pista;1;1;;;;;1
21/02/2019;16:02:00;322;sem vítima;203,43;BR-101/SC;Norte;Colisão Lateral;1;2;;;;;1
21/02/2019;17:19:00;359;sem vítima;157,4;BR-101/SC;Sul;Colisão Traseira;1;1;;;;;1
22/02/2019;01:33:00;38;sem vítima;243,001;BR-101/SC;Norte;Colisão Traseira;1;2;;;;;1
22/02/2019;08:37:00;173;com vítima;118,123;BR-101/SC;Norte;Colisão Traseira;1;1;1;;;;1
22/02/2019;16:16:00;389;sem vítima;162,2;BR-101/SC;Norte;Saida de Pista;1;1;;;;;1
22/02/2019;22:30:00;515;com vítima;205,48;BR-101/SC;Norte;Capotamento;1;1;2;;;;1
23/02/2019;00:19:00;5;sem vítima;49,001;BR-101/SC;Norte;Choque - Defensa, barreira ou "submarino";1;1;;;;;1
23/02/2019;08:39:00;132;com vítima;207,586;BR-101/SC;Sul;Colisão Lateral;1;2;1;;;;1
23/02/2019;11:16:00;202;sem vítima;201,609;BR-101/SC;Sul;Colisão Lateral;1;2;;;;;1
23/02/2019;13:05:00;248;sem vítima;103,003;BR-116/PR;Sul;Colisão Lateral;1;2;;;;;1
23/02/2019;16:20:00;344;sem vítima;12,8;BR-101/SC;Sul;Colisão Traseira;2;2;;;;;1
23/02/2019;16:37:00;353;com vítima;207,7;BR-101/SC;Sul;Colisão Lateral;1;3;1;;;;1
23/02/2019;18:32:00;382;sem vítima;203,5;BR-101/SC;Sul;Colisão Traseira;1;6;;;;;1
24/02/2019;04:21:00;66;sem vítima;103,38;BR-101/SC;Norte;Colisão Traseira;1;3;;;;;1
24/02/2019;16:10:00;344;sem vítima;650,001;BR-376/PR;Norte;Colisão Lateral;1;2;;;;;1
24/02/2019;20:04:00;451;sem vítima;146,5;BR-101/SC;Norte;Engavetamento;1;6;;;;;1
25/02/2019;00:11:00;7;sem vítima;143,7;BR-101/SC;Sul;Colisão Traseira;1;2;;;;;1
25/02/2019;06:48:00;104;sem vítima;201,677;BR-101/SC;Sul;Engavetamento;1;3;;;;;1
25/02/2019;11:39:00;269;sem vítima;98,98;BR-116/PR;Norte;Choque - Defensa, barreira ou "submarino";1;1;;;;;1
25/02/2019;13:05:00;288;sem vítima;70,272;BR-101/SC;Sul;Colisão Traseira;2;2;;;;;1
25/02/2019;14:46:00;313;sem vítima;13,8;BR-101/SC;Norte;Saida de Pista;1;1;;;;;1
25/02/2019;14:58:00;321;sem vítima;100,262;BR-101/SC;Sul;Colisão Traseira;1;2;;;;;1
25/02/2019;17:04:00;375;sem vítima;651,487;BR-376/PR;Sul;Colisão Traseira;1;1;;;;;1
26/02/2019;00:18:00;4;sem vítima;184,001;BR-101/SC;Sul;Colisão Traseira;1;2;;;;;1
26/02/2019;00:35:00;16;sem vítima;232,78;BR-101/SC;Sul;Saida de Pista;1;1;;;;;1
26/02/2019;07:14:00;86;sem vítima;215,006;BR-101/SC;Norte;Colisão Lateral;1;2;;;;;1
26/02/2019;15:49:00;268;sem vítima;195,704;BR-101/SC;Sul;Colisão Traseira;1;2;;;;;1
26/02/2019;16:41:00;294;sem vítima;204,917;BR-101/SC;Sul;Colisão Lateral;1;2;;;;;1
26/02/2019;20:17:00;352;sem vítima;204,889;BR-101/SC;Norte;Colisão Lateral;1;2;;;;;1
26/02/2019;21:10:00;372;sem vítima;204,88;BR-101/SC;Norte;Colisão Lateral;1;2;;;;;1
26/02/2019;21:31:00;379;sem vítima;208,001;BR-101/SC;Norte;Colisão Traseira;1;2;;;;;1
27/02/2019;08:10:00;106;sem vítima;211,559;BR-101/SC;Norte;Colisão Lateral;1;2;;;;;1
27/02/2019;12:58:00;204;com vítima;214,145;BR-101/SC;Sul;Colisão Traseira;1;1;1;;;;1
27/02/2019;13:19:00;215;sem vítima;103,012;BR-116/PR;Sul;Saida de Pista;1;1;;;;;1
27/02/2019;13:48:00;224;com vítima;623,683;BR-376/PR;Norte;Colisão Traseira;1;1;1;;;;1
27/02/2019;16:44:00;285;sem vítima;35,01;BR-101/SC;Sul;Choque - Defensa, barreira ou "submarino";1;2;;;;;1
27/02/2019;19:45:00;342;sem vítima;119,01;BR-101/SC;Norte;Colisão Traseira;1;2;;;;;1
27/02/2019;20:19:00;348;sem vítima;145,7;BR-101/SC;Sul;Colisão Traseira;2;2;;;;;1
27/02/2019;20:22:00;349;sem vítima;124,5;BR-101/SC;Sul;Colisão Lateral;1;2;;;;;1
27/02/2019;21:39:00;370;sem vítima;233,7;BR-101/SC;Sul;Choque - Defensa, barreira ou "submarino";1;1;;;;;1
28/02/2019;06:35:00;57;sem vítima;101,651;BR-116/PR;Sul;Saida de Pista;1;1;;;;;1
28/02/2019;09:09:00;146;sem vítima;215,516;BR-101/SC;Norte;Colisão Traseira;1;2;;;;;1
28/02/2019;10:05:00;164;sem vítima;663,001;BR-376/PR;Sul;Colisão Traseira;1;2;;;;;1
28/02/2019;10:12:00;179;sem vítima;662;BR-376/PR;Norte;;1;1;;;;;1
28/02/2019;10:16:00;183;sem vítima;652,001;BR-376/PR;Norte;;1;1;;;;;1
28/02/2019;14:56:00;298;sem vítima;157,4;BR-101/SC;Sul;Colisão Traseira;1;2;;;;;1
28/02/2019;15:28:00;318;sem vítima;651,001;BR-376/PR;Sul;Saida de Pista;1;1;;;;;1
28/02/2019;17:15:00;365;sem vítima;102,298;BR-116/PR;Sul;Engavetamento;3;4;;;;;1
28/02/2019;18:18:00;395;com vítima;668,812;BR-376/PR;Sul;Tombamento;1;0;1;;;;1
28/02/2019;19:42:00;423;sem vítima;145,5;BR-101/SC;Norte;Colisão Traseira;1;2;;;;;1
28/02/2019;21:32:00;465;sem vítima;674,4;BR-376/PR;Sul;Colisão Traseira;2;2;;;;;1
02/01/2019;05:32:00;127;sem vítima;242,985;BR-101/SC;Sul;Colisão Lateral;1;5;;;;;1
02/01/2019;07:07:00;167;sem vítima;664,7;BR-376/PR;Norte;Colisão Traseira;1;2;;;;;1
02/01/2019;07:40:00;176;sem vítima;55,001;BR-101/SC;Norte;Engavetamento;1;4;;;;;1
02/01/2019;13:48:00;386;sem vítima;17,001;BR-101/SC;Norte;Colisão Lateral;1;2;;;;;1
02/01/2019;14:14:00;403;sem vítima;136,872;BR-101/SC;Norte;Colisão Traseira;1;2;;;;;1
02/01/2019;21:53:00;702;com vítima;158,917;BR-101/SC;Norte;Colisão Lateral;1;2;2;;;;1
03/01/2019;07:18:00;135;sem vítima;3,001;BR-101/SC;Norte;Colisão Traseira;1;2;;;;;1
03/01/2019;07:18:00;136;sem vítima;92,3;BR-116/PR;Norte;Colisão Lateral;1;2;;;;;1
03/01/2019;07:57:00;162;com vítima;132,537;BR-101/SC;Sul;Colisão Lateral;1;1;1;;;;1
03/01/2019;11:15:00;280;com vítima;660,195;BR-376/PR;Sul;Engavetamento;2;15;4;2;;;2
03/01/2019;18:01:00;553;sem vítima;671,7;BR-376/PR;Sul;Saida de Pista;1;1;;;;;1
03/01/2019;21:50:00;691;sem vítima;672,001;BR-376/PR;Sul;Colisão Traseira;1;5;;;;;1
03/01/2019;22:28:00;703;sem vítima;135,492;BR-101/SC;Norte;Colisão Traseira;1;2;;;;;1
04/01/2019;02:31:00;39;com vítima;98,492;BR-116/PR;Norte;Colisão Traseira;1;3;;1;;;2
04/01/2019;06:28:00;83;com vítima;30,167;BR-101/SC;Norte;Capotamento;1;1;3;;;;1
04/01/2019;06:28:00;84;sem vítima;76,11;BR-101/SC;Sul;Saida de Pista;1;1;;;;;1
04/01/2019;07:01:00;95;sem vítima;155,43;BR-101/SC;Norte;Colisão Lateral;1;3;;;;;1
04/01/2019;09:21:00;159;sem vítima;95,2;BR-101/SC;Sul;Colisão Traseira;1;2;;;;;1
04/01/2019;09:58:00;185;sem vítima;134,3;BR-101/SC;Norte;Colisão Traseira;1;2;;;;;1
04/01/2019;10:31:00;202;sem vítima;100,039;BR-101/SC;Sul;Choque - Poste;1;2;;;;;1
04/01/2019;13:40:00;286;sem vítima;124,001;BR-101/SC;Norte;Colisão Traseira;1;2;;;;;1
04/01/2019;13:44:00;288;sem vítima;179,538;BR-101/SC;Sul;Colisão Traseira;1;2;;;;;1
04/01/2019;15:38:00;365;sem vítima;204,7;BR-101/SC;Norte;Colisão Lateral;1;2;;;;;1
04/01/2019;22:47:00;531;com vítima;38,001;BR-101/SC;Norte;Colisão Traseira;1;3;;3;;;2
05/01/2019;08:44:00;140;com vítima;25,12;BR-101/SC;Norte;Colisão Traseira;1;2;1;;;;1