data;horario;n_da_ocorrencia;tipo_de_ocorrencia;km;trecho;sentido;tipo_de_acidente;caminhao;ilesos;levemente_feridos;moderadamente_feridos;gravemente_feridos;mortos;3
05/01/2019;11:04:00;211;sem vítima;123,5;BR-101/SC;Norte;Engavetamento;2;4;;;;;1
05/01/2019;14:14:00;270;com vítima;123,648;BR-101/SC;Norte;Colisão Lateral;1;2;;;;1;3
06/01/2019;11:28:00;193;sem vítima;622,412;BR-376/PR;Norte;Engavetamento;2;3;;;;;1
06/01/2019;18:22:00;351;sem vítima;1,35;BR-101/SC;Norte;Colisão Lateral;1;2;;;;;1
06/01/2019;21:03:00;404;sem vítima;665,616;BR-376/PR;Sul;Tombamento;1;2;;;;;1
06/01/2019;21:52:00;425;sem vítima;213,07;BR-101/SC;Norte;Colisão Lateral;1;2;;;;;1
07/01/2019;02:00:00;46;com vítima;673,198;BR-376/PR;Sul;Colisão Traseira;2;2;1;;;;1
07/01/2019;09:12:00;150;sem vítima;48,2;BR-101/SC;Sul;;1;2;;;;;1
07/01/2019;13:21:00;276;com vítima;664,1;BR-376/PR;Norte;Colisão Lateral;1;1;1;;;;1
07/01/2019;13:32:00;280;sem vítima;197,422;BR-101/SC;Sul;Choque - Objeto sobre a pista;1;3;;;;;1
07/01/2019;15:04:00;329;com vítima;203,2;BR-101/SC;Sul;Engavetamento;1;2;1;;;;1
07/01/2019;15:26:00;342;sem vítima;656,5;BR-376/PR;Norte;Colisão Lateral;1;2;;;;;1
07/01/2019;17:18:00;401;com vítima;665,975;BR-376/PR;Sul;Tombamento;1;0;1;;;;1
07/01/2019;17:52:00;417;sem vítima;150,676;BR-101/SC;Norte;Colisão Traseira;1;1;;;;;1
07/01/2019;17:52:00;464;sem vítima;150,676;BR-101/SC;Norte;Colisão Traseira;1;2;;;;;1
07/01/2019;20:01:00;479;sem vítima;664,191;BR-376/PR;Sul;Colisão Traseira;1;2;;;;;1
08/01/2019;16:53:00;358;sem vítima;108,322;BR-116/PR;Sul;Colisão Lateral;1;2;;;;;1
08/01/2019;18:18:00;400;sem vítima;109,2;BR-116/PR;Norte;Colisão Lateral;1;2;;;;;1
08/01/2019;19:15:00;421;sem vítima;42,1;BR-101/SC;Sul;Saida de Pista;1;2;;;;;1
08/01/2019;21:30:00;461;sem vítima;665,075;BR-376/PR;Norte;Colisão Lateral;1;2;;;;;1
09/01/2019;07:54:00;144;sem vítima;115,389;BR-101/SC;Norte;Colisão Traseira;2;2;;;;;1
09/01/2019;10:29:00;200;sem vítima;129,735;BR-101/SC;Sul;Colisão Lateral;1;2;;;;;1
10/01/2019;05:05:00;53;sem vítima;673,345;BR-376/PR;Sul;Colisão Traseira;2;2;;;;;1
10/01/2019;05:14:00;56;sem vítima;77,001;BR-101/SC;Sul;Choque - Defensa, barreira ou "submarino";1;1;;;;;1
10/01/2019;06:23:00;72;sem vítima;3,242;BR-101/SC;Norte;Engavetamento;1;3;;;;;1
10/01/2019;13:19:00;275;sem vítima;0,55;BR-101/SC;Sul;Colisão Lateral;1;2;;;;;1
10/01/2019;15:55:00;363;sem vítima;73,001;BR-101/SC;Norte;Colisão Traseira;1;2;;;;;1
10/01/2019;16:26:00;382;sem vítima;136,9;BR-101/SC;Norte;Colisão Lateral;1;2;;;;;1
10/01/2019;19:02:00;455;com vítima;113,517;BR-116/PR;Sul;Colisão Lateral;1;2;;;;1;3
11/01/2019;06:09:00;72;sem vítima;189,984;BR-101/SC;Norte;Colisão Traseira;2;2;;;;;1
11/01/2019;08:43:00;135;sem vítima;105,441;BR-101/SC;Sul;Colisão Lateral;1;2;;;;;1
11/01/2019;14:58:00;306;sem vítima;671,248;BR-376/PR;Norte;Saida de Pista;1;1;;;;;1
11/01/2019;16:18:00;355;com vítima;93,2;BR-116/PR;Norte;Colisão Traseira;1;1;1;;;;1
11/01/2019;18:20:00;424;sem vítima;665,606;BR-376/PR;Sul;Colisão Traseira;1;2;;;;;1
11/01/2019;19:35:00;450;sem vítima;122,001;BR-101/SC;Sul;Colisão Traseira;2;2;;;;;1
11/01/2019;22:34:00;501;sem vítima;212,7;BR-101/SC;Norte;Tombamento;1;1;;;;;1
11/01/2019;23:56:00;531;sem vítima;69,2;BR-101/SC;Sul;Saida de Pista;1;1;;;;;1
12/01/2019;05:35:00;57;sem vítima;641,324;BR-376/PR;Sul;Saida de Pista;1;1;;;;;1
12/01/2019;07:17:00;91;sem vítima;161,561;BR-101/SC;Norte;Choque - Poste;1;2;;;;;1
12/01/2019;12:12:00;221;com vítima;122,885;BR-101/SC;Norte;Saida de Pista;1;0;;1;;;2
12/01/2019;19:42:00;432;sem vítima;650,001;BR-376/PR;Norte;Colisão Traseira;1;2;;;;;1
13/01/2019;14:31:00;256;sem vítima;81,803;BR-116/PR;Norte;Saida de Pista;1;1;;;;;1
13/01/2019;19:30:00;374;sem vítima;163,73;BR-101/SC;Norte;Colisão Traseira;1;2;;;;;1
13/01/2019;21:32:00;404;com vítima;114,93;BR-101/SC;Norte;Colisão Traseira;1;1;;;;1;3
14/01/2019;05:48:00;77;sem vítima;137,426;BR-101/SC;Sul;Colisão Lateral;1;2;;;;;1
14/01/2019;09:54:00;190;sem vítima;148,583;BR-101/SC;Norte;Engavetamento;1;3;;;;;1
14/01/2019;10:01:00;195;sem vítima;673,8;BR-376/PR;Norte;Colisão Traseira;2;2;;;;;1
14/01/2019;11:44:00;242;sem vítima;32,002;BR-101/SC;Sul;Saida de Pista;1;1;;;;;1
14/01/2019;12:33:00;257;sem vítima;147,947;BR-101/SC;Norte;Colisão Traseira;1;2;;;;;1
14/01/2019;13:03:00;271;sem vítima;665,001;BR-376/PR;Norte;Colisão Lateral;1;2;;;;;1
14/01/2019;15:08:00;328;sem vítima;680,001;BR-376/PR;Norte;Colisão Traseira;1;2;;;;;1
14/01/2019;22:59:00;532;sem vítima;92,4;BR-101/SC;Sul;Saida de Pista;1;2;;;;;1
15/01/2019;03:47:00;66;sem vítima;10,379;BR-101/SC;Norte;Choque - Defensa, barreira ou "submarino";1;1;;;;;1
15/01/2019;05:49:00;88;sem vítima;658,5;BR-376/PR;Norte;Colisão Lateral;1;2;;;;;1
15/01/2019;12:18:00;243;sem vítima;100,203;BR-101/SC;Sul;Colisão Lateral;1;2;;;;;1
15/01/2019;17:49:00;422;sem vítima;7,106;BR-101/SC;Sul;Colisão Traseira;1;2;;;;;1
15/01/2019;18:46:00;451;sem vítima;137,001;BR-101/SC;Norte;Colisão Traseira;1;2;;;;;1
16/01/2019;00:00:00;1;com vítima;208,4;BR-101/SC;Sul;Engavetamento;1;2;2;;;;1
16/01/2019;02:25:00;49;sem vítima;140,122;BR-101/SC;Sul;Tombamento;1;1;;;;;1
16/01/2019;04:45:00;75;sem vítima;57,914;BR-101/SC;Sul;Saida de Pista;1;2;;;;;1
16/01/2019;09:18:00;184;com vítima;79,73;BR-101/SC;Norte;Colisão Lateral;1;1;1;;;;1
16/01/2019;10:22:00;212;com vítima;107,023;BR-116/PR;Norte;Engavetamento;1;2;1;;;;1
16/01/2019;10:48:00;217;sem vítima;108,652;BR-116/PR;Norte;Engavetamento;2;3;;;;;1
16/01/2019;12:09:00;256;com vítima;121,446;BR-101/SC;Norte;Colisão Traseira;1;1;1;;;;1
16/01/2019;12:41:00;272;sem vítima;107,371;BR-101/SC;Norte;Colisão Lateral;1;2;;;;;1
16/01/2019;19:12:00;488;com vítima;196,001;BR-101/SC;Sul;Colisão Lateral;1;1;2;;;;1
16/01/2019;23:55:00;565;sem vítima;664,8;BR-376/PR;Norte;Colisão Traseira;2;2;;;;;1
17/01/2019;07:04:00;104;sem vítima;214,421;BR-101/SC;Norte;Colisão Traseira;2;3;;;;;1
17/01/2019;10:27:00;217;sem vítima;149,8;BR-101/SC;Norte;Colisão Traseira;1;2;;;;;1
17/01/2019;10:43:00;225;sem vítima;618,948;BR-376/PR;Sul;Colisão Lateral;1;2;;;;;1
17/01/2019;13:13:00;296;sem vítima;114,5;BR-116/PR;Norte;Colisão Lateral;1;3;;;;;1
17/01/2019;16:03:00;361;sem vítima;238,3;BR-101/SC;Norte;Saida de Pista;1;1;;;;;1
17/01/2019;16:52:00;385;com vítima;20,178;BR-101/SC;Norte;Tombamento;1;0;2;;;;1
17/01/2019;19:12:00;438;com vítima;644,001;BR-376/PR;Sul;Colisão Traseira;1;1;1;;;;1
17/01/2019;21:58:00;500;sem vítima;101,5;BR-101/SC;Sul;Colisão Traseira;1;2;;;;;1
17/01/2019;22:38:00;507;sem vítima;235,001;BR-101/SC;Norte;Colisão Lateral;1;2;;;;;1
18/01/2019;07:46:00;113;sem vítima;209,861;BR-101/SC;Norte;Colisão Lateral;1;2;;;;;1
18/01/2019;10:30:00;207;com vítima;628,001;BR-376/PR;Norte;Colisão Traseira;1;1;1;;;;1
18/01/2019;12:22:00;271;sem vítima;673,223;BR-376/PR;Sul;Colisão Traseira;3;3;;;;;1
18/01/2019;12:56:00;290;sem vítima;214,482;BR-101/SC;Norte;Colisão Lateral;1;2;;;;;1
18/01/2019;15:38:00;371;sem vítima;204,647;BR-101/SC;Norte;Colisão Lateral;1;2;;;;;1
18/01/2019;21:06:00;543;com vítima;161,344;BR-101/SC;Norte;Queda de Moto;1;2;1;;;;1
18/01/2019;22:07:00;563;com vítima;114,563;BR-101/SC;Norte;Colisão Traseira;1;1;;;;1;3
18/01/2019;23:24:00;578;sem vítima;21,716;BR-101/SC;Norte;Choque - Defensa, barreira ou "submarino";1;1;;;;;1
19/01/2019;01:54:00;32;sem vítima;616,5;BR-376/PR;Sul;Colisão Lateral;1;2;;;;;1
19/01/2019;09:14:00;156;sem vítima;96,7;BR-116/PR;Norte;Colisão Lateral;1;2;;;;;1
19/01/2019;12:11:00;250;sem vítima;98,001;BR-101/SC;Norte;Saida de Pista;1;1;;;;;1
19/01/2019;14:15:00;292;sem vítima;620,001;BR-376/PR;Sul;Colisão Lateral;1;2;;;;;1
19/01/2019;19:00:00;411;sem vítima;191,1;BR-101/SC;Sul;Colisão Traseira;1;2;;;;;1
19/01/2019;22:28:00;490;com vítima;47,676;BR-101/SC;Norte;Tombamento;1;0;1;;;;1
20/01/2019;10:01:00;160;sem vítima;151,48;BR-101/SC;Norte;Colisão Traseira;1;2;;;;;1
20/01/2019;10:45:00;176;sem vítima;156,2;BR-101/SC;Norte;Colisão Lateral;1;2;;;;;1
20/01/2019;11:48:00;207;com vítima;122,071;BR-101/SC;Norte;Engavetamento;1;2;3;;;;1
20/01/2019;14:47:00;278;sem vítima;242,8;BR-101/SC;Sul;Colisão Traseira;1;3;;;;;1
20/01/2019;15:57:00;306;sem vítima;668,01;BR-376/PR;Sul;Colisão Traseira;1;2;;;;;1
20/01/2019;17:08:00;337;sem vítima;159,95;BR-101/SC;Norte;Colisão Lateral;1;2;;;;;1
21/01/2019;03:27:00;54;sem vítima;153,7;BR-101/SC;Sul;Colisão Traseira;1;2;;;;;1
21/01/2019;08:39:00;143;sem vítima;208,47;BR-101/SC;Sul;Colisão Lateral;1;4;;;;;1
22/01/2019;06:08:00;89;com vítima;87,396;BR-116/PR;Sul;Colisão Traseira;2;0;3;;;;1
22/01/2019;10:56:00;203;sem vítima;109,499;BR-116/PR;Norte;Colisão Traseira;1;2;;;;;1
22/01/2019;11:22:00;213;com vítima;138,92;BR-101/SC;Sul;Colisão Lateral;1;1;1;;;;1
22/01/2019;12:10:00;232;sem vítima;114,252;BR-116/PR;Norte;Tombamento;1;1;;;;;1
23/01/2019;18:11:00;435;sem vítima;147,221;BR-101/SC;Norte;Colisão Traseira;1;2;;;;;1
24/01/2019;01:25:00;25;sem vítima;25,3;BR-101/SC;Sul;Colisão Lateral;1;2;;;;;1
24/01/2019;06:51:00;88;sem vítima;194,001;BR-101/SC;Norte;Saida de Pista;1;1;;;;;1
24/01/2019;10:33:00;199;com vítima;186,2;BR-101/SC;Norte;Colisão Traseira;1;3;1;;;;1
24/01/2019;11:20:00;224;sem vítima;103,816;BR-101/SC;Norte;Colisão Traseira;1;2;;;;;1
24/01/2019;12:16:00;254;sem vítima;145,828;BR-101/SC;Norte;Colisão Traseira;1;3;;;;;1
24/01/2019;15:50:00;351;sem vítima;124,33;BR-101/SC;Sul;Engavetamento;2;3;;;;;1
24/01/2019;16:27:00;371;com vítima;175,142;BR-101/SC;Norte;Tombamento;1;0;1;;;;1
24/01/2019;22:20:00;479;sem vítima;99,7;BR-116/PR;Sul;Saida de Pista;1;1;;;;;1
25/01/2019;00:25:00;12;sem vítima;40,509;BR-101/SC;Sul;Colisão Traseira;2;2;;;;;1
25/01/2019;04:20:00;62;sem vítima;69,625;BR-101/SC;Norte;Saida de Pista;1;1;;;;;1
25/01/2019;04:45:00;69;sem vítima;69,618;BR-101/SC;Norte;Saida de Pista;1;1;;;;;1
25/01/2019;08:09:00;124;sem vítima;155,232;BR-101/SC;Sul;Saida de Pista;1;1;;;;;1
25/01/2019;08:48:00;137;sem vítima;211,169;BR-101/SC;Norte;Engavetamento;1;3;;;;;1
25/01/2019;10:46:00;220;com vítima;671,069;BR-376/PR;Sul;Colisão Lateral;1;2;1;;;;1
25/01/2019;14:23:00;307;sem vítima;14,001;BR-101/SC;Norte;Colisão Traseira;2;2;;;;;1
25/01/2019;17:49:00;405;sem vítima;215,4;BR-101/SC;Norte;Colisão Lateral;1;2;;;;;1
26/01/2019;08:23:00;117;sem vítima;157,66;BR-101/SC;Sul;Colisão Traseira;1;2;;;;;1
26/01/2019;09:52:00;158;sem vítima;157,73;BR-101/SC;Sul;Colisão Lateral;1;2;;;;;1
26/01/2019;11:00:00;183;sem vítima;635,35;BR-376/PR;Sul;Colisão Traseira;1;2;;;;;1
26/01/2019;13:39:00;241;sem vítima;150,865;BR-101/SC;Norte;Colisão Lateral;1;2;;;;;1
27/01/2019;08:04:00;105;sem vítima;671,7;BR-376/PR;Sul;Saida de Pista;1;3;;;;;1
27/01/2019;09:29:00;141;sem vítima;112,75;BR-101/SC;Sul;Colisão Lateral;1;1;;;;;1
28/01/2019;05:36:00;51;sem vítima;203,7;BR-101/SC;Sul;Colisão Traseira;1;3;;;;;1
28/01/2019;07:19:00;69;sem vítima;679,592;BR-376/PR;Sul;Tombamento;1;1;;;;;1
28/01/2019;08:46:00;115;sem vítima;105,95;BR-116/PR;Sul;Saida de Pista;1;1;;;;;1
28/01/2019;11:08:00;192;com vítima;668,433;BR-376/PR;Sul;Colisão Traseira;2;1;;;1;;2
28/01/2019;12:38:00;224;sem vítima;667,1;BR-376/PR;Sul;Engavetamento;2;4;;;;;1
28/01/2019;16:04:00;330;sem vítima;214,3;BR-101/SC;Norte;Engavetamento;1;4;;;;;1
28/01/2019;18:47:00;411;sem vítima;232,9;BR-101/SC;Sul;Saida de Pista;1;2;;;;;1
29/01/2019;03:54:00;80;sem vítima;640,041;BR-376/PR;Norte;Saida de Pista;1;2;;;;;1
29/01/2019;09:28:00;212;com vítima;99,494;BR-101/SC;Sul;Colisão Traseira;1;1;1;;;;1
29/01/2019;11:45:00;277;sem vítima;211,183;BR-101/SC;Norte;Engavetamento;1;3;;;;;1
30/01/2019;18:05:00;453;com vítima;95,575;BR-101/SC;Sul;Colisão Traseira;1;2;1;;;;1
30/01/2019;19:29:00;493;com vítima;76,88;BR-116/PR;Sul;Colisão Traseira;2;1;1;;;;1
31/01/2019;10:47:00;202;sem vítima;101,854;BR-116/PR;Sul;Engavetamento;3;3;;;;;1
31/01/2019;11:20:00;215;sem vítima;102,444;BR-116/PR;Sul;Colisão Traseira;1;2;;;;;1
31/01/2019;12:55:00;260;sem vítima;128,1;BR-101/SC;Norte;Colisão Lateral;1;1;;;;;1
31/01/2019;17:03:00;368;sem vítima;232,8;BR-101/SC;Sul;Tombamento;1;1;;;;;1
31/01/2019;18:03:00;391;sem vítima;84,14;BR-116/PR;Norte;Saida de Pista;1;1;;;;;1
01/08/2019;00:29:00;7;com vítima;201,941;BR-101/SC;Sul;Atropelamento - Outros;1;0;1;;1;;2
01/08/2019;09:44:00;199;sem vítima;671,7;BR-376/PR;Sul;Saida de Pista;1;1;;;;;1
01/08/2019;10:35:00;220;com vítima;206,801;BR-101/SC;Sul;Colisão Lateral;1;1;1;;;;1
01/08/2019;10:50:00;228;sem vítima;38,434;BR-101/SC;Norte;Colisão Transversal;2;2;;;;;1
01/08/2019;13:04:00;291;sem vítima;213,001;BR-101/SC;Sul;Colisão Lateral;1;2;;;;;1
01/08/2019;14:44:00;318;com vítima;100,201;BR-101/SC;Norte;Saida de Pista;1;0;1;;;;1
01/08/2019;16:34:00;372;com vítima;679,4;BR-376/PR;Sul;Colisão Traseira;1;2;1;;;;1
01/08/2019;17:48:00;401;sem vítima;673,05;BR-376/PR;Sul;Colisão Traseira;1;2;;;;;1
02/08/2019;08:47:00;148;sem vítima;665,376;BR-376/PR;Sul;Choque - Elemento de Drenagem;1;1;;;;;1
02/08/2019;13:36:00;299;sem vítima;79,35;BR-101/SC;Norte;Colisão Traseira;1;2;;;;;1
02/08/2019;15:57:00;352;sem vítima;203,4;BR-101/SC;Norte;Colisão Traseira;1;3;;;;;1
02/08/2019;16:00:00;356;sem vítima;138,6;BR-101/SC;Sul;Engavetamento;1;3;;;;;1
02/08/2019;19:06:00;436;sem vítima;211,2;BR-101/SC;Norte;Colisão Traseira;1;2;;;;;1
03/08/2019;12:53:00;272;sem vítima;195,245;BR-101/SC;Norte;Colisão Lateral;1;2;;;;;1
03/08/2019;15:47:00;351;com vítima;94,5;BR-101/SC;Sul;Colisão Traseira;1;2;1;;;;1
03/08/2019;17:08:00;387;sem vítima;677,9;BR-376/PR;Sul;Colisão Lateral;2;2;;;;;1
03/08/2019;19:30:00;441;com vítima;54,166;BR-101/SC;Sul;Colisão Traseira;1;3;;;;1;3
04/08/2019;18:04:00;336;com vítima;213,19;BR-101/SC;Norte;Engavetamento;1;6;1;;;;1
04/08/2019;18:06:00;338;sem vítima;89,5;BR-116/PR;Sul;Colisão Lateral;1;2;;;;;1
04/08/2019;19:21:00;368;sem vítima;616,404;BR-376/PR;Norte;Colisão Traseira;1;2;;;;;1
05/08/2019;07:25:00;119;sem vítima;13,852;BR-101/SC;Sul;Colisão Lateral;1;2;;;;;1
05/08/2019;08:49:00;163;com vítima;210,674;BR-101/SC;Norte;Engavetamento;1;2;1;;;;1
05/08/2019;10:29:00;209;sem vítima;675,578;BR-376/PR;Sul;Colisão Traseira;2;2;;;;;1
05/08/2019;16:54:00;371;sem vítima;635,18;BR-376/PR;Sul;Colisão Traseira;1;2;;;;;1
05/08/2019;18:29:00;401;sem vítima;31,5;BR-101/SC;Norte;Colisão Traseira;1;2;;;;;1
06/08/2019;02:56:00;61;sem vítima;654,943;BR-376/PR;Norte;Tombamento;1;1;;;;;1
06/08/2019;05:49:00;90;sem vítima;83,006;BR-116/PR;Sul;Tombamento;1;2;;;;;1
06/08/2019;06:59:00;102;sem vítima;671,7;BR-376/PR;Sul;Saida de Pista;1;1;;;;;1
06/08/2019;08:58:00;154;sem vítima;212,001;BR-101/SC;Norte;Colisão Traseira;1;2;;;;;1
06/08/2019;11:30:00;232;sem vítima;149,001;BR-101/SC;Sul;Colisão Lateral;1;2;;;;;1
06/08/2019;15:38:00;343;sem vítima;49,1;BR-101/SC;Sul;Colisão Traseira;1;2;;;;;1
06/08/2019;16:52:00;386;sem vítima;207,8;BR-101/SC;Norte;Colisão Traseira;1;2;;;;;1
06/08/2019;23:54:00;530;com vítima;192,089;BR-101/SC;Sul;Colisão Traseira;1;7;4;1;;;2
07/08/2019;01:07:00;31;sem vítima;213,2;BR-101/SC;Norte;Colisão Lateral;1;2;;;;;1
07/08/2019;09:16:00;192;sem vítima;93,002;BR-116/PR;Sul;Tombamento;1;1;;;;;1
07/08/2019;16:04:00;371;sem vítima;680,806;BR-376/PR;Sul;Colisão Traseira;1;3;;;;;1
07/08/2019;16:07:00;373;sem vítima;231,3;BR-101/SC;Sul;Colisão Traseira;1;2;;;;;1
07/08/2019;16:09:00;377;sem vítima;145,95;BR-101/SC;Sul;Colisão Traseira;1;2;;;;;1
07/08/2019;23:25:00;534;sem vítima;70,8;BR-101/SC;Sul;Saida de Pista;1;1;;;;;1
08/08/2019;10:29:00;198;sem vítima;93,7;BR-116/PR;Sul;Colisão Traseira;2;2;;;;;1
08/08/2019;16:58:00;365;sem vítima;670,577;BR-376/PR;Norte;Colisão Traseira;2;2;;;;;1
09/08/2019;07:50:00;153;sem vítima;101,731;BR-116/PR;Sul;Colisão Traseira;1;6;;;;;1
09/08/2019;08:38:00;181;com vítima;617,155;BR-376/PR;Norte;Colisão Traseira;1;1;2;;;;1
09/08/2019;09:21:00;195;sem vítima;116,9;BR-101/SC;Sul;Colisão Traseira;2;3;;;;;1
09/08/2019;15:56:00;384;sem vítima;162,9;BR-101/SC;Norte;Colisão Lateral;1;2;;;;;1
09/08/2019;16:51:00;435;sem vítima;117,33;BR-101/SC;Norte;Engavetamento;2;4;;;;;1
09/08/2019;18:49:00;481;sem vítima;114,161;BR-101/SC;Sul;Engavetamento;1;3;;;;;1
09/08/2019;22:17:00;553;sem vítima;235,2;BR-101/SC;Sul;Colisão Lateral;1;6;;;;;1
10/08/2019;13:44:00;296;sem vítima;207,9;BR-101/SC;Norte;Colisão Lateral;1;2;;;;;1
10/08/2019;14:56:00;326;sem vítima;1,35;BR-101/SC;Sul;Colisão Traseira;1;2;;;;;1
11/08/2019;12:16:00;184;sem vítima;209,001;BR-101/SC;Norte;Colisão Lateral;1;2;;;;;1
11/08/2019;21:32:00;379;com vítima;37,191;BR-101/SC;Sul;Colisão Traseira;1;2;;1;;;2
12/08/2019;02:58:00;58;com vítima;113,048;BR-116/PR;Norte;Colisão Traseira;2;1;;1;;;2
12/08/2019;07:30:00;101;sem vítima;116,6;BR-101/SC;Sul;Colisão Lateral;1;2;;;;;1
12/08/2019;08:26:00;122;sem vítima;198,5;BR-101/SC;Sul;Colisão Lateral;1;2;;;;;1
12/08/2019;08:40:00;130;com vítima;119,6;BR-101/SC;Sul;Colisão Traseira;2;3;1;;;;1
12/08/2019;14:47:00;277;sem vítima;203,099;BR-101/SC;Norte;Colisão Traseira;1;2;;;;;1
12/08/2019;16:43:00;328;sem vítima;215,001;BR-101/SC;Sul;Colisão Transversal;1;2;;;;;1
13/08/2019;10:18:00;202;sem vítima;105,935;BR-116/PR;Sul;Colisão Lateral;2;2;;;;;1
13/08/2019;11:00:00;225;sem vítima;105,93;BR-116/PR;Sul;Colisão Lateral;1;2;;;;;1
13/08/2019;14:39:00;284;sem vítima;204;BR-101/SC;Sul;Colisão Lateral;1;2;;;;;1
13/08/2019;19:00:00;388;sem vítima;124,01;BR-101/SC;Sul;Colisão Lateral;1;3;;;;;1
14/08/2019;02:19:00;71;sem vítima;124,001;BR-101/SC;Norte;Colisão Traseira;1;2;;;;;1
14/08/2019;07:47:00;145;sem vítima;120,012;BR-101/SC;Sul;Colisão Traseira;1;2;;;;;1
14/08/2019;08:13:00;174;sem vítima;198,5;BR-101/SC;Sul;Colisão Traseira;1;2;;;;;1
14/08/2019;12:11:00;277;sem vítima;104,001;BR-116/PR;Sul;Colisão Lateral;1;2;;;;;1
14/08/2019;16:54:00;403;com vítima;208,4;BR-101/SC;Norte;Colisão Lateral;1;2;1;;;;1
14/08/2019;17:12:00;412;sem vítima;208,5;BR-101/SC;Norte;Colisão Traseira;1;2;;;;;1
14/08/2019;17:14:00;413;com vítima;128,112;BR-101/SC;Sul;Colisão Traseira;1;1;1;;;;1
15/08/2019;08:17:00;124;sem vítima;137,2;BR-101/SC;Norte;Engavetamento;1;3;;;;;1
15/08/2019;11:28:00;205;sem vítima;233,845;BR-101/SC;Sul;Tombamento;1;1;;;;;1
15/08/2019;14:12:00;262;sem vítima;101,8;BR-116/PR;Norte;Colisão Lateral;1;3;;;;;1
16/08/2019;00:51:00;22;sem vítima;209,001;BR-101/SC;Norte;Colisão Traseira;1;2;;;;;1
16/08/2019;06:54:00;90;sem vítima;124,25;BR-101/SC;Sul;Choque - Defensa, barreira ou "submarino";1;2;;;;;1
16/08/2019;11:25:00;211;sem vítima;157,73;BR-101/SC;Sul;Colisão Traseira;1;2;;;;;1
16/08/2019;18:00:00;388;sem vítima;95,001;BR-116/PR;Sul;Engavetamento;3;3;;;;;1
17/08/2019;00:16:00;11;sem vítima;36,8;BR-101/SC;Sul;Choque - Defensa, barreira ou "submarino";1;2;;;;;1
17/08/2019;02:03:00;45;com vítima;87,22;BR-101/SC;Sul;Atropelamento - Morador;1;1;1;;;;1
17/08/2019;07:12:00;118;sem vítima;157,73;BR-101/SC;Sul;Colisão Traseira;1;2;;;;;1
18/08/2019;00:04:00;6;sem vítima;102,001;BR-116/PR;Norte;Colisão Traseira;2;2;;;;;1
18/08/2019;07:06:00;108;com vítima;87,654;BR-116/PR;Sul;Colisão Traseira;1;1;1;;;;1
18/08/2019;09:08:00;158;sem vítima;128,908;BR-101/SC;Norte;Colisão Lateral;1;2;;;;;1
18/08/2019;10:44:00;199;sem vítima;676,001;BR-376/PR;Sul;Colisão Traseira;1;3;;;;;1
18/08/2019;15:17:00;279;com vítima;81,7;BR-101/SC;Norte;Engavetamento;1;10;3;;;;1
18/08/2019;15:37:00;292;sem vítima;147,272;BR-101/SC;Norte;Engavetamento;1;3;;;;;1
18/08/2019;18:57:00;361;sem vítima;90,4;BR-101/SC;Norte;Choque - Defensa, barreira ou "submarino";1;1;;;;;1
18/08/2019;21:50:00;413;sem vítima;635,18;BR-376/PR;Sul;Choque - Defensa, barreira ou "submarino";1;1;;;;;1
18/08/2019;23:23:00;435;sem vítima;40,821;BR-101/SC;Norte;Colisão Traseira;2;2;;;;;1
19/08/2019;07:43:00;103;sem vítima;102,8;BR-101/SC;Sul;Saida de Pista;1;1;;;;;1
19/08/2019;13:20:00;214;sem vítima;82,128;BR-116/PR;Norte;Colisão Lateral;1;2;;;;;1
19/08/2019;13:39:00;217;sem vítima;214,266;BR-101/SC;Sul;Colisão Lateral;1;2;;;;;1
19/08/2019;15:53:00;282;sem vítima;666,001;BR-376/PR;Norte;Colisão Lateral;1;2;;;;;1
19/08/2019;17:29:00;320;sem vítima;4,1;BR-101/SC;Norte;Saida de Pista;1;1;;;;;1
19/08/2019;18:59:00;341;sem vítima;117,3;BR-101/SC;Norte;Colisão Traseira;2;3;;;;;1
19/08/2019;19:01:00;343;sem vítima;22,672;BR-101/SC;Sul;Colisão Traseira;1;2;;;;;1
20/08/2019;06:56:00;96;sem vítima;671,347;BR-376/PR;Sul;Colisão Traseira;2;2;;;;;1
20/08/2019;10:05:00;183;sem vítima;617,007;BR-376/PR;Norte;Colisão Lateral;1;2;;;;;1
21/08/2019;00:19:00;8;com vítima;105,052;BR-116/PR;Norte;Colisão Traseira;1;3;;;;1;3
21/08/2019;07:12:00;108;sem vítima;656,961;BR-376/PR;Norte;Colisão Lateral;1;2;;;;;1
21/08/2019;08:28:00;138;sem vítima;650,853;BR-376/PR;Sul;Tombamento;1;1;;;;;1
21/08/2019;12:41:00;226;sem vítima;207,616;BR-101/SC;Norte;Colisão Lateral;1;2;;;;;1
21/08/2019;13:37:00;246;sem vítima;73,001;BR-101/SC;Norte;Colisão Traseira;1;2;;;;;1
21/08/2019;14:30:00;268;sem vítima;197,619;BR-101/SC;Sul;Colisão Traseira;1;2;;;;;1
21/08/2019;15:20:00;291;sem vítima;88,3;BR-101/SC;Sul;Colisão Traseira;1;2;;;;;1
21/08/2019;20:52:00;404;sem vítima;214,008;BR-101/SC;Sul;Saida de Pista;1;1;;;;;1
21/08/2019;20:57:00;414;sem vítima;643,001;BR-376/PR;Norte;Colisão Traseira;1;2;;;;;1
22/08/2019;09:43:00;197;sem vítima;111,934;BR-116/PR;Sul;Saida de Pista;1;1;;;;;1
22/08/2019;15:05:00;308;com vítima;112,01;BR-101/SC;Norte;Colisão Lateral;1;1;1;;;;1
22/08/2019;15:57:00;341;sem vítima;102,8;BR-101/SC;Sul;Engavetamento;1;3;;;;;1