data;horario;n_da_ocorrencia;tipo_de_ocorrencia;km;trecho;sentido;tipo_de_acidente;caminhao;ilesos;levemente_feridos;moderadamente_feridos;gravemente_feridos;mortos;3
22/08/2019;18:31:00;404;sem vítima;213,9;BR-101/SC;Norte;Colisão Traseira;1;2;;;;;1
22/08/2019;18:33:00;405;sem vítima;204,1;BR-101/SC;Norte;Colisão Lateral;2;3;;;;;1
23/08/2019;06:56:00;107;sem vítima;93,901;BR-116/PR;Norte;Saida de Pista;1;1;;;;;1
23/08/2019;07:39:00;121;sem vítima;93,8;BR-116/PR;Norte;Colisão Lateral;1;2;;;;;1
23/08/2019;08:23:00;140;sem vítima;132,201;BR-101/SC;Sul;Outros;1;2;;;;;1
24/08/2019;04:05:00;71;com vítima;95,001;BR-116/PR;Norte;Outros;2;2;1;;;;1
24/08/2019;08:08:00;143;sem vítima;667,001;BR-376/PR;Sul;Colisão Traseira;1;2;;;;;1
24/08/2019;10:04:00;189;sem vítima;670,001;BR-376/PR;Sul;Colisão Traseira;1;2;;;;;1
24/08/2019;10:31:00;202;sem vítima;94,939;BR-101/SC;Norte;Colisão Lateral;1;2;;;;;1
24/08/2019;13:31:00;256;sem vítima;122,2;BR-101/SC;Sul;Colisão Lateral;1;2;;;;;1
24/08/2019;15:11:00;291;sem vítima;242,95;BR-101/SC;Norte;Colisão Traseira;1;2;;;;;1
24/08/2019;22:29:00;410;com vítima;93,5;BR-101/SC;Norte;Colisão Traseira;1;1;1;;;;1
25/08/2019;04:36:00;95;sem vítima;130,2;BR-101/SC;Norte;Atropelamento - Outros;1;2;;;;;1
25/08/2019;09:16:00;154;sem vítima;668,323;BR-376/PR;Sul;Choque - Defensa, barreira ou "submarino";1;1;;;;;1
25/08/2019;17:33:00;331;sem vítima;105,435;BR-101/SC;Norte;Colisão Traseira;1;2;;;;;1
25/08/2019;21:49:00;412;com vítima;126,5;BR-101/SC;Norte;Colisão Lateral;1;1;1;;;;1
26/08/2019;08:58:00;192;sem vítima;57,12;BR-101/SC;Norte;Saida de Pista;1;1;;;;;1
26/08/2019;11:20:00;252;sem vítima;665,2;BR-376/PR;Norte;Colisão Lateral;1;2;;;;;1
26/08/2019;18:25:00;425;sem vítima;208,926;BR-101/SC;Norte;Colisão Traseira;1;2;;;;;1
26/08/2019;19:28:00;445;sem vítima;205,42;BR-101/SC;Norte;Saida de Pista;1;1;;;;;1
26/08/2019;23:36:00;505;com vítima;209,6;BR-101/SC;Norte;Colisão Traseira;1;1;1;;;;1
27/08/2019;03:59:00;83;sem vítima;615,001;BR-376/PR;Sul;Capotamento;1;2;;;;;1
27/08/2019;06:56:00;120;sem vítima;57,477;BR-101/SC;Sul;Saida de Pista;1;1;;;;;1
27/08/2019;08:47:00;171;sem vítima;680,834;BR-376/PR;Sul;Choque - Objeto sobre a pista;1;2;;;;;1
27/08/2019;12:11:00;265;com vítima;61,001;BR-101/SC;Norte;Colisão Lateral;1;2;1;;;;1
27/08/2019;14:01:00;304;sem vítima;194,76;BR-101/SC;Norte;Colisão Traseira;1;2;;;;;1
27/08/2019;20:09:00;470;sem vítima;57,01;BR-101/SC;Norte;Engavetamento;1;3;;;;;1
27/08/2019;22:11:00;498;sem vítima;157,4;BR-101/SC;Sul;Colisão Traseira;2;2;;;;;1
28/08/2019;01:27:00;45;com vítima;214,298;BR-101/SC;Sul;Colisão Traseira;1;1;1;;;;1
28/08/2019;08:00:00;152;com vítima;136,165;BR-101/SC;Sul;Colisão Lateral;1;2;1;;;;1
28/08/2019;12:05:00;263;sem vítima;105,277;BR-101/SC;Sul;Colisão Lateral;1;2;;;;;1
28/08/2019;16:18:00;376;sem vítima;190,335;BR-101/SC;Norte;Colisão Lateral;1;2;;;;;1
28/08/2019;19:09:00;449;sem vítima;201,7;BR-101/SC;Sul;Colisão Traseira;1;2;;;;;1
29/08/2019;07:56:00;154;sem vítima;157,73;BR-101/SC;Sul;Engavetamento;1;3;;;;;1
29/08/2019;08:33:00;172;sem vítima;202,438;BR-101/SC;Norte;Colisão Lateral;1;2;;;;;1
29/08/2019;09:57:00;207;sem vítima;40,541;BR-101/SC;Sul;Choque - Defensa, barreira ou "submarino";1;1;;;;;1
29/08/2019;11:56:00;248;sem vítima;111,5;BR-101/SC;Norte;Colisão Traseira;2;2;;;;;1
29/08/2019;14:34:00;303;sem vítima;168;BR-101/SC;Sul;Colisão Lateral;1;2;;;;;1
29/08/2019;16:03:00;348;com vítima;36,158;BR-101/SC;Sul;Colisão Traseira;2;1;;;1;;2
30/08/2019;06:17:00;97;sem vítima;78,928;BR-101/SC;Sul;Colisão Traseira;1;6;;;;;1
30/08/2019;07:20:00;121;sem vítima;119,785;BR-101/SC;Sul;Engavetamento;1;3;;;;;1
30/08/2019;10:47:00;215;sem vítima;635,18;BR-376/PR;Norte;Colisão Traseira;1;2;;;;;1
30/08/2019;18:15:00;432;sem vítima;171,3;BR-101/SC;Sul;Colisão Lateral;1;2;;;;;1
30/08/2019;22:25:00;514;sem vítima;665,001;BR-376/PR;Norte;Colisão Traseira;2;2;;;;;1
30/08/2019;23:30:00;538;com vítima;209,801;BR-101/SC;Sul;Colisão Traseira;1;1;;;1;;2
31/08/2019;16:17:00;341;sem vítima;12,1;BR-101/SC;Norte;Choque - Defensa, barreira ou "submarino";1;1;;;;;1
31/08/2019;16:58:00;363;sem vítima;101,106;BR-116/PR;Norte;Colisão Traseira;1;2;;;;;1
31/08/2019;20:17:00;412;sem vítima;190,01;BR-101/SC;Norte;Colisão Lateral;1;2;;;;;1
31/08/2019;21:49:00;441;sem vítima;232,8;BR-101/SC;Sul;Tombamento;1;2;;;;;1
01/07/2019;05:12:00;105;sem vítima;676,001;BR-376/PR;Sul;Saida de Pista;1;1;;;;;1
01/07/2019;06:32:00;124;sem vítima;104,001;BR-116/PR;Norte;Colisão Lateral;1;2;;;;;1
01/07/2019;07:24:00;141;sem vítima;207,742;BR-101/SC;Sul;Engavetamento;1;4;;;;;1
01/07/2019;08:33:00;170;com vítima;205,63;BR-101/SC;Sul;Queda de Moto;1;1;1;;;;1
01/07/2019;09:48:00;206;sem vítima;207,856;BR-101/SC;Norte;Colisão Lateral;1;2;;;;;1
01/07/2019;11:11:00;241;sem vítima;79,46;BR-101/SC;Sul;Colisão Traseira;1;2;;;;;1
01/07/2019;13:38:00;311;sem vítima;99,309;BR-101/SC;Sul;Colisão Traseira;1;2;;;;;1
01/07/2019;14:12:00;326;com vítima;137,5;BR-101/SC;Sul;Queda de Moto;1;1;;;1;;2
01/07/2019;16:44:00;380;sem vítima;9,672;BR-101/SC;Sul;Colisão Traseira;1;2;;;;;1
01/07/2019;16:47:00;381;sem vítima;120,6;BR-101/SC;Sul;Engavetamento;1;3;;;;;1
01/07/2019;17:10:00;397;com vítima;61,235;BR-101/SC;Norte;Atropelamento - Morador;1;1;;1;1;;2
01/07/2019;17:17:00;400;com vítima;98,144;BR-116/PR;Sul;Colisão Traseira;1;1;2;;;;1
01/07/2019;19:29:00;439;com vítima;99,02;BR-101/SC;Sul;Tombamento;1;1;1;;;;1
01/07/2019;21:04:00;472;sem vítima;40,652;BR-101/SC;Sul;Choque - Defensa, barreira ou "submarino";1;1;;;;;1
01/07/2019;23:46:00;502;sem vítima;165,13;BR-101/SC;Sul;Tombamento;1;1;;;;;1
02/07/2019;06:58:00;89;com vítima;120,116;BR-101/SC;Norte;Colisão Transversal;1;1;;;;1;3
02/07/2019;11:33:00;210;sem vítima;107,001;BR-116/PR;Norte;Colisão Traseira;1;1;;;;;1
02/07/2019;11:40:00;215;sem vítima;57,794;BR-101/SC;Sul;Colisão Traseira;1;2;;;;;1
02/07/2019;11:49:00;218;sem vítima;209,839;BR-101/SC;Norte;Engavetamento;1;3;;;;;1
02/07/2019;13:10:00;244;sem vítima;206,052;BR-101/SC;Norte;Colisão Traseira;2;2;;;;;1
02/07/2019;14:38:00;272;sem vítima;216,34;BR-101/SC;Norte;Engavetamento;1;3;;;;;1
02/07/2019;15:50:00;308;sem vítima;123,98;BR-101/SC;Sul;Colisão Lateral;1;2;;;;;1
02/07/2019;17:19:00;368;sem vítima;127,401;BR-101/SC;Sul;Colisão Lateral;1;2;;;;;1
02/07/2019;18:42:00;402;sem vítima;671,7;BR-376/PR;Sul;Saida de Pista;1;1;;;;;1
02/07/2019;18:58:00;403;sem vítima;92,871;BR-116/PR;Norte;Colisão Lateral;1;2;;;;;1
03/07/2019;02:13:00;60;sem vítima;77,62;BR-101/SC;Sul;Choque - Objeto sobre a pista;2;2;;;;;1
03/07/2019;05:51:00;109;sem vítima;238,47;BR-101/SC;Norte;Colisão Traseira;1;2;;;;;1
03/07/2019;07:48:00;152;sem vítima;120,347;BR-101/SC;Sul;Colisão Traseira;1;2;;;;;1
03/07/2019;09:39:00;218;sem vítima;206,713;BR-101/SC;Norte;Colisão Lateral;1;2;;;;;1
03/07/2019;10:01:00;230;com vítima;151,679;BR-101/SC;Norte;Atropelamento - Ambulante;1;1;1;;;;1
03/07/2019;10:50:00;263;com vítima;111,451;BR-101/SC;Sul;Tombamento;1;0;1;;;;1
03/07/2019;11:48:00;288;sem vítima;208,628;BR-101/SC;Norte;Colisão Lateral;2;3;;;;;1
03/07/2019;12:59:00;301;sem vítima;197,36;BR-101/SC;Norte;Colisão Lateral;1;2;;;;;1
03/07/2019;18:00:00;383;sem vítima;107,064;BR-116/PR;Sul;Choque - Defensa, barreira ou "submarino";1;1;;;;;1
03/07/2019;20:50:00;470;sem vítima;119,655;BR-101/SC;Sul;Engavetamento;1;3;;;;;1
03/07/2019;21:15:00;473;sem vítima;95,4;BR-101/SC;Sul;Colisão Lateral;1;2;;;;;1
03/07/2019;23:21:00;516;sem vítima;137,55;BR-101/SC;Norte;Colisão Lateral;1;2;;;;;1
04/07/2019;00:28:00;10;com vítima;221,5;BR-101/SC;Sul;Colisão Lateral;1;0;2;;;;1
04/07/2019;09:44:00;227;sem vítima;659,001;BR-376/PR;Sul;Colisão Traseira;2;2;;;;;1
04/07/2019;18:14:00;451;sem vítima;215,203;BR-101/SC;Norte;Engavetamento;1;3;;;;;1
04/07/2019;18:25:00;458;com vítima;210,692;BR-101/SC;Norte;Engavetamento;1;2;1;;;;1
05/07/2019;04:12:00;88;sem vítima;99,099;BR-116/PR;Norte;Tombamento;1;1;;;;;1
05/07/2019;04:23:00;95;sem vítima;99,266;BR-116/PR;Norte;Colisão Lateral;2;2;;;;;1
05/07/2019;06:00:00;102;com vítima;207,569;BR-101/SC;Norte;Engavetamento;2;5;1;;;;1
05/07/2019;10:50:00;234;sem vítima;140,193;BR-101/SC;Sul;Engavetamento;2;3;;;;;1
05/07/2019;12:55:00;285;sem vítima;136,013;BR-101/SC;Sul;Engavetamento;1;4;;;;;1
05/07/2019;15:27:00;349;com vítima;215,8;BR-101/SC;Norte;Colisão Traseira;1;1;1;;;;1
05/07/2019;15:37:00;358;sem vítima;106,623;BR-116/PR;Norte;Colisão Traseira;2;2;;;;;1
05/07/2019;15:56:00;366;sem vítima;112,955;BR-116/PR;Norte;Colisão Lateral;1;2;;;;;1
05/07/2019;16:26:00;385;sem vítima;671,7;BR-376/PR;Sul;Saida de Pista;1;1;;;;;1
05/07/2019;19:09:00;462;sem vítima;87,628;BR-101/SC;Sul;Colisão Traseira;1;2;;;;;1
05/07/2019;19:23:00;474;sem vítima;1,35;BR-101/SC;Sul;Choque - Defensa, barreira ou "submarino";1;1;;;;;1
05/07/2019;19:30:00;477;sem vítima;631,97;BR-376/PR;Sul;Capotamento;1;2;;;;;1
05/07/2019;19:53:00;483;sem vítima;106,416;BR-101/SC;Sul;Engavetamento;1;4;;;;;1
06/07/2019;11:29:00;242;sem vítima;116,8;BR-101/SC;Sul;Colisão Traseira;2;4;;;;;1
06/07/2019;12:09:00;265;sem vítima;204,458;BR-101/SC;Sul;Engavetamento;1;2;;;;;1
06/07/2019;13:35:00;303;sem vítima;101,575;BR-116/PR;Norte;Saida de Pista;1;2;;;;;1
06/07/2019;15:58:00;360;sem vítima;665,982;BR-376/PR;Sul;Colisão Traseira;2;2;;;;;1
06/07/2019;22:27:00;493;sem vítima;197,001;BR-101/SC;Sul;Colisão Lateral;1;2;;;;;1
07/07/2019;00:18:00;17;sem vítima;227,2;BR-101/SC;Sul;Choque - Defensa, barreira ou "submarino";1;3;;;;;1
07/07/2019;02:00:00;43;com vítima;220,488;BR-101/SC;Sul;Colisão Traseira;1;1;1;;;;1
07/07/2019;10:00:00;205;sem vítima;1,3;BR-101/SC;Norte;Colisão Traseira;1;2;;;;;1
07/07/2019;19:03:00;399;sem vítima;121,332;BR-101/SC;Sul;Colisão Lateral;1;2;;;;;1
08/07/2019;15:37:00;308;com vítima;49,916;BR-101/SC;Sul;Engavetamento;2;2;;1;;;2
09/07/2019;08:42:00;157;sem vítima;48,001;BR-101/SC;Norte;Saida de Pista;1;1;;;;;1
09/07/2019;10:12:00;196;sem vítima;117,313;BR-101/SC;Sul;Saida de Pista;1;5;;;;;1
09/07/2019;14:19:00;316;com vítima;205,36;BR-101/SC;Sul;Choque - Poste;1;3;;1;1;;2
09/07/2019;18:39:00;423;sem vítima;208,24;BR-101/SC;Norte;Colisão Lateral;1;2;;;;;1
09/07/2019;18:56:00;428;sem vítima;635,251;BR-376/PR;Norte;Colisão Traseira;2;2;;;;;1
09/07/2019;22:17:00;494;sem vítima;210,354;BR-101/SC;Norte;Colisão Traseira;1;2;;;;;1
09/07/2019;23:33:00;520;sem vítima;205,2;BR-101/SC;Norte;Colisão Lateral;1;2;;;;;1
10/07/2019;16:36:00;407;sem vítima;198,03;BR-101/SC;Norte;Colisão Traseira;1;2;;;;;1
11/07/2019;06:00:00;95;com vítima;209,593;BR-101/SC;Sul;Atropelamento - Usuário;1;1;;;;1;3
11/07/2019;10:51:00;224;sem vítima;666,85;BR-376/PR;Sul;Colisão Traseira;2;2;;;;;1
11/07/2019;14:28:00;321;sem vítima;672,5;BR-376/PR;Norte;Colisão Lateral;1;2;;;;;1
11/07/2019;15:38:00;361;com vítima;202,977;BR-101/SC;Sul;Engavetamento;1;4;1;;;;1
11/07/2019;22:29:00;528;com vítima;652,58;BR-376/PR;Norte;Tombamento;1;4;1;;;;1
12/07/2019;03:20:00;66;sem vítima;32,688;BR-101/SC;Sul;Colisão Traseira;2;2;;;;;1
12/07/2019;10:47:00;216;com vítima;215,562;BR-101/SC;Sul;Colisão Lateral;1;1;1;;;;1
12/07/2019;11:14:00;230;sem vítima;99,5;BR-116/PR;Norte;Colisão Lateral;1;2;;;;;1
12/07/2019;11:57:00;248;sem vítima;158,815;BR-101/SC;Sul;Colisão Lateral;1;2;;;;;1
12/07/2019;14:06:00;301;com vítima;68,5;BR-101/SC;Norte;Engavetamento;2;3;1;;;;1
12/07/2019;16:34:00;370;com vítima;213,918;BR-101/SC;Norte;Colisão Lateral;1;1;1;;;;1
12/07/2019;16:50:00;376;sem vítima;210,002;BR-101/SC;Norte;Colisão Lateral;1;2;;;;;1
12/07/2019;20:11:00;450;com vítima;37,478;BR-101/SC;Sul;Colisão Traseira;1;1;1;;;;1
13/07/2019;17:10:00;430;sem vítima;670,001;BR-376/PR;Norte;Colisão Traseira;1;2;;;;;1
14/07/2019;09:03:00;149;sem vítima;95,001;BR-116/PR;Norte;Colisão Lateral;1;5;;;;;1
14/07/2019;20:08:00;424;sem vítima;211,416;BR-101/SC;Norte;Colisão Lateral;1;2;;;;;1
14/07/2019;20:21:00;430;sem vítima;651,884;BR-376/PR;Norte;Outros;1;2;;;;;1
15/07/2019;06:55:00;88;sem vítima;668,108;BR-376/PR;Norte;Choque - Defensa, barreira ou "submarino";1;1;;;;;1
15/07/2019;07:43:00;102;sem vítima;132,001;BR-101/SC;Norte;Colisão Lateral;1;2;;;;;1
15/07/2019;08:52:00;188;sem vítima;652,515;BR-376/PR;Sul;Colisão Lateral;2;2;;;;;1
15/07/2019;15:03:00;278;sem vítima;658,1;BR-376/PR;Norte;Colisão Lateral;1;2;;;;;1
15/07/2019;17:15:00;342;sem vítima;121,17;BR-101/SC;Sul;Colisão Lateral;1;2;;;;;1
15/07/2019;18:52:00;374;sem vítima;120,561;BR-101/SC;Sul;Engavetamento;1;6;;;;;1
16/07/2019;05:39:00;96;sem vítima;131,072;BR-101/SC;Norte;Tombamento;1;1;;;;;1
16/07/2019;09:28:00;191;com vítima;86,966;BR-116/PR;Norte;Colisão Traseira;1;1;1;;;;1
16/07/2019;10:10:00;204;sem vítima;220,639;BR-101/SC;Norte;Colisão Traseira;1;4;;;;;1
16/07/2019;12:14:00;248;sem vítima;102,971;BR-101/SC;Sul;Colisão Lateral;1;2;;;;;1
16/07/2019;12:28:00;251;sem vítima;98,217;BR-116/PR;Norte;Tombamento;1;3;;;;;1
16/07/2019;13:50:00;287;sem vítima;651,5;BR-376/PR;Norte;Colisão Traseira;1;3;;;;;1
16/07/2019;17:05:00;368;sem vítima;100,3;BR-116/PR;Norte;Colisão Traseira;1;2;;;;;1
16/07/2019;17:18:00;382;sem vítima;55,8;BR-101/SC;Norte;Engavetamento;1;3;;;;;1
16/07/2019;21:30:00;465;sem vítima;25,74;BR-101/SC;Sul;Colisão Lateral;2;2;;;;;1
17/07/2019;07:06:00;90;sem vítima;120,001;BR-101/SC;Sul;Colisão Lateral;2;6;;;;;1
17/07/2019;11:36:00;217;com vítima;119,192;BR-101/SC;Sul;Colisão Lateral;1;1;1;;;;1
17/07/2019;13:31:00;261;sem vítima;662,9;BR-376/PR;Sul;Colisão Traseira;2;2;;;;;1
17/07/2019;16:18:00;328;sem vítima;211,271;BR-101/SC;Norte;Colisão Traseira;1;2;;;;;1
17/07/2019;16:42:00;338;sem vítima;49,671;BR-101/SC;Sul;Colisão Lateral;1;2;;;;;1
17/07/2019;18:17:00;377;com vítima;158,067;BR-101/SC;Sul;Colisão Traseira;1;1;1;;;;1
17/07/2019;22:25:00;464;sem vítima;676,411;BR-376/PR;Norte;Saida de Pista;1;1;;;;;1
18/07/2019;03:33:00;49;sem vítima;56,6;BR-101/SC;Norte;Saida de Pista;1;1;;;;;1
18/07/2019;04:40:00;62;sem vítima;177,116;BR-101/SC;Norte;Colisão Traseira;2;2;;;;;1
18/07/2019;05:36:00;79;sem vítima;232,88;BR-101/SC;Sul;Colisão Traseira;1;2;;;;;1
18/07/2019;05:41:00;83;sem vítima;99;BR-101/SC;Norte;Colisão Traseira;1;2;;;;;1
18/07/2019;08:07:00;127;sem vítima;1,35;BR-101/SC;Norte;Colisão Traseira;1;2;;;;;1
18/07/2019;09:03:00;149;sem vítima;174,7;BR-101/SC;Norte;Engavetamento;1;3;;;;;1
18/07/2019;09:56:00;176;sem vítima;52,951;BR-101/SC;Sul;Saida de Pista;1;1;;;;;1
18/07/2019;11:09:00;201;com vítima;655,695;BR-376/PR;Norte;Capotamento;1;2;1;;;;1
18/07/2019;13:01:00;237;sem vítima;136,12;BR-101/SC;Sul;Saida de Pista;1;1;;;;;1
18/07/2019;14:40:00;265;sem vítima;88,01;BR-101/SC;Norte;Colisão Traseira;2;2;;;;;1
18/07/2019;15:00:00;273;sem vítima;186,172;BR-101/SC;Sul;Colisão Lateral;1;2;;;;;1
18/07/2019;18:41:00;359;sem vítima;105,2;BR-101/SC;Sul;Saida de Pista;1;1;;;;;1
19/07/2019;04:47:00;69;sem vítima;94,661;BR-116/PR;Norte;Saida de Pista;1;1;;;;;1
19/07/2019;07:04:00;96;com vítima;168,248;BR-101/SC;Norte;Colisão Traseira;1;1;1;;;;1
19/07/2019;19:41:00;453;com vítima;110,901;BR-101/SC;Norte;Colisão Traseira;1;1;1;;;;1
19/07/2019;23:07:00;508;sem vítima;79,9;BR-101/SC;Sul;Colisão Traseira;1;2;;;;;1
19/07/2019;23:34:00;524;com vítima;131,001;BR-101/SC;Norte;Queda de Moto;1;1;;;1;;2
20/07/2019;07:06:00;137;com vítima;108,737;BR-101/SC;Sul;Saida de Pista;1;0;1;;;;1
20/07/2019;09:01:00;188;com vítima;211,157;BR-101/SC;Sul;Colisão Lateral;1;2;1;;;;1
20/07/2019;14:30:00;322;com vítima;138,928;BR-101/SC;Sul;Colisão Lateral;1;2;1;;;;1
21/07/2019;15:47:00;313;sem vítima;655,5;BR-376/PR;Norte;Colisão Lateral;3;4;;;;;1
21/07/2019;16:57:00;346;sem vítima;56,932;BR-101/SC;Norte;Colisão Traseira;1;2;;;;;1
21/07/2019;18:51:00;408;com vítima;90,661;BR-116/PR;Sul;Atropelamento de Animal;1;1;1;;;;1
21/07/2019;19:46:00;425;sem vítima;197,001;BR-101/SC;Norte;Colisão Lateral;1;2;;;;;1
22/07/2019;07:48:00;130;sem vítima;623,7;BR-376/PR;Norte;Colisão Traseira;2;2;;;;;1
22/07/2019;08:34:00;153;sem vítima;635,18;BR-376/PR;Sul;Colisão Traseira;1;2;;;;;1
22/07/2019;12:51:00;269;sem vítima;641,001;BR-376/PR;Sul;Colisão Traseira;1;2;;;;;1
22/07/2019;16:14:00;369;sem vítima;132,001;BR-101/SC;Norte;Colisão Lateral;1;2;;;;;1
22/07/2019;20:49:00;468;sem vítima;122,901;BR-101/SC;Sul;Colisão Traseira;1;2;;;;;1
23/07/2019;02:53:00;47;sem vítima;131,5;BR-101/SC;Sul;Colisão Traseira;1;2;;;;;1
23/07/2019;09:36:00;153;com vítima;179,538;BR-101/SC;Norte;Colisão Lateral;1;1;;1;;;2
23/07/2019;09:46:00;157;com vítima;629,487;BR-376/PR;Sul;Atropelamento - Outros;1;1;;;1;;2
23/07/2019;11:04:00;191;sem vítima;671,701;BR-376/PR;Sul;Saida de Pista;1;1;;;;;1
23/07/2019;14:26:00;216;sem vítima;45,2;BR-101/SC;Norte;Colisão Traseira;1;2;;;;;1
23/07/2019;13:23:00;257;sem vítima;634,617;BR-376/PR;Norte;Colisão Lateral;1;2;;;;;1
23/07/2019;18:03:00;401;sem vítima;30,715;BR-101/SC;Sul;Colisão Lateral;2;2;;;;;1
24/07/2019;04:14:00;74;com vítima;58,214;BR-101/SC;Norte;Colisão Traseira;2;2;1;1;;3;3
24/07/2019;11:13:00;230;sem vítima;204,955;BR-101/SC;Norte;Colisão Lateral;1;3;;;;;1
24/07/2019;11:22:00;232;sem vítima;78,001;BR-101/SC;Norte;Colisão Lateral;1;2;;;;;1
24/07/2019;11:34:00;237;sem vítima;41,879;BR-101/SC;Sul;Colisão Traseira;1;2;;;;;1
24/07/2019;11:56:00;244;com vítima;203,736;BR-101/SC;Sul;Colisão Traseira;1;1;1;;;;1
24/07/2019;12:34:00;262;com vítima;200,1;BR-101/SC;Sul;Colisão Traseira;1;2;1;;;;1
24/07/2019;12:47:00;266;sem vítima;200,918;BR-101/SC;Sul;Colisão Traseira;1;2;;;;;1
24/07/2019;13:02:00;273;sem vítima;215,271;BR-101/SC;Norte;Colisão Traseira;1;3;;;;;1
24/07/2019;19:51:00;453;sem vítima;207,6;BR-101/SC;Norte;Colisão Traseira;1;2;;;;;1
25/07/2019;07:28:00;124;sem vítima;32,681;BR-101/SC;Norte;Colisão Traseira;1;3;;;;;1
25/07/2019;09:45:00;187;sem vítima;51,439;BR-101/SC;Sul;Colisão Lateral;1;2;;;;;1
25/07/2019;11:18:00;238;com vítima;116,596;BR-101/SC;Sul;Engavetamento;2;4;3;1;;;2
25/07/2019;11:53:00;251;sem vítima;659,372;BR-376/PR;Norte;Colisão Lateral;1;2;;;;;1
25/07/2019;16:17:00;390;com vítima;34,4;BR-101/SC;Sul;Colisão Lateral;1;1;2;;;;1
25/07/2019;16:49:00;408;com vítima;120,33;BR-101/SC;Norte;Queda de Moto;1;1;1;;;;1
25/07/2019;21:18:00;492;sem vítima;207,034;BR-101/SC;Sul;Colisão Lateral;1;2;;;;;1
26/07/2019;02:18:00;58;sem vítima;45,05;BR-101/SC;Sul;Saida de Pista;1;1;;;;;1
26/07/2019;14:54:00;325;sem vítima;207,74;BR-101/SC;Norte;Engavetamento;1;3;;;;;1
26/07/2019;15:24:00;341;com vítima;3,519;BR-101/SC;Norte;Tombamento;1;0;1;;;;1
26/07/2019;18:35:00;447;sem vítima;1,3;BR-101/SC;Norte;Colisão Lateral;1;2;;;;;1
26/07/2019;20:54:00;492;sem vítima;117,92;BR-101/SC;Norte;Colisão Lateral;1;2;;;;;1
27/07/2019;08:09:00;143;com vítima;650,897;BR-376/PR;Sul;Tombamento;1;0;1;;;;1
27/07/2019;11:25:00;229;sem vítima;615,76;BR-376/PR;Sul;Colisão Traseira;2;2;;;;;1
27/07/2019;15:42:00;322;sem vítima;242,95;BR-101/SC;Norte;Colisão Lateral;1;2;;;;;1
27/07/2019;19:33:00;427;sem vítima;202,739;BR-101/SC;Sul;Colisão Lateral;1;2;;;;;1
27/07/2019;20:58:00;448;sem vítima;671,451;BR-376/PR;Sul;Tombamento;1;1;;;;;1
27/07/2019;21:35:00;458;com vítima;139,3;BR-101/SC;Sul;Colisão Traseira;1;1;1;;;;1
28/07/2019;08:43:00;175;sem vítima;668,118;BR-376/PR;Sul;Choque - Defensa, barreira ou "submarino";1;1;;;;;1
28/07/2019;09:30:00;267;com vítima;655,822;BR-376/PR;Norte;Colisão Traseira;1;1;1;;;;1
28/07/2019;13:25:00;301;sem vítima;57,467;BR-101/SC;Norte;Saida de Pista;1;2;;;;;1
28/07/2019;14:48:00;329;sem vítima;651,001;BR-376/PR;Sul;Choque - Defensa, barreira ou "submarino";1;1;;;;;1
28/07/2019;15:57:00;352;sem vítima;96,047;BR-116/PR;Norte;Choque - Defensa, barreira ou "submarino";1;2;;;;;1
29/07/2019;10:26:00;233;com vítima;672,05;BR-376/PR;Sul;Tombamento;1;0;1;;;;1
29/07/2019;12:22:00;284;sem vítima;213,268;BR-101/SC;Sul;Colisão Traseira;1;2;;;;;1
29/07/2019;15:11:00;359;sem vítima;158,479;BR-101/SC;Norte;Colisão Traseira;1;2;;;;;1
29/07/2019;15:58:00;384;sem vítima;202,001;BR-101/SC;Norte;Choque - Defensa, barreira ou "submarino";1;2;;;;;1
29/07/2019;16:02:00;389;sem vítima;83,001;BR-101/SC;Norte;Colisão Lateral;1;2;;;;;1
30/07/2019;05:42:00;80;com vítima;114,198;BR-101/SC;Sul;Queda de Moto;1;1;;;1;;2
30/07/2019;13:20:00;248;sem vítima;39,6;BR-101/SC;Sul;Engavetamento;3;3;;;;;1
30/07/2019;15:41:00;291;com vítima;204,8;BR-101/SC;Sul;Colisão Lateral;1;3;2;;;;1
31/07/2019;04:09:00;54;sem vítima;668,452;BR-376/PR;Sul;Colisão Traseira;2;3;;;;;1
31/07/2019;07:38:00;118;sem vítima;88,232;BR-101/SC;Sul;Colisão Lateral;1;2;;;;;1
31/07/2019;07:55:00;135;sem vítima;664,051;BR-376/PR;Sul;Tombamento;1;1;;;;;1
31/07/2019;08:04:00;140;sem vítima;213,1;BR-101/SC;Sul;Colisão Lateral;1;2;;;;;1
31/07/2019;14:33:00;168;sem vítima;34,001;BR-101/SC;Sul;Engavetamento;2;3;;;;;1
31/07/2019;10:20:00;206;sem vítima;168,71;BR-101/SC;Sul;Colisão Traseira;1;2;;;;;1
31/07/2019;15:20:00;319;sem vítima;643,45;BR-376/PR;Sul;Colisão Lateral;2;2;;;;;1
31/07/2019;16:53:00;358;sem vítima;86,98;BR-101/SC;Sul;Colisão Traseira;3;3;;;;;1
31/07/2019;17:43:00;380;sem vítima;86,98;BR-101/SC;Norte;Colisão Traseira;1;2;;;;;1
31/07/2019;18:45:00;394;sem vítima;243;BR-101/SC;Sul;Colisão Traseira;1;2;;;;;1
31/07/2019;18:49:00;396;sem vítima;242,897;BR-101/SC;Sul;Colisão Traseira;1;2;;;;;1
31/07/2019;23:40:00;485;sem vítima;623,356;BR-376/PR;Norte;Colisão Traseira;1;2;;;;;1
01/04/2019;01:41:00;40;com vítima;132,5;BR-101/SC;Norte;Choque - Defensa, barreira ou "submarino";1;1;1;;;;1