data;horario;n_da_ocorrencia;tipo_de_ocorrencia;km;trecho;sentido;tipo_de_acidente;caminhao;ilesos;levemente_feridos;moderadamente_feridos;gravemente_feridos;mortos;3
01/04/2019;10:35:00;210;sem vítima;666,23;BR-376/PR;Sul;Colisão Traseira;2;2;;;;;1
01/04/2019;11:28:00;241;sem vítima;118,378;BR-101/SC;Norte;Colisão Traseira;1;2;;;;;1
01/04/2019;13:10:00;295;sem vítima;204,41;BR-101/SC;Sul;Colisão Traseira;1;2;;;;;1
02/04/2019;09:24:00;170;sem vítima;109,511;BR-116/PR;Sul;Tombamento;1;2;;;;;1
02/04/2019;13:13:00;256;sem vítima;207,779;BR-101/SC;Norte;Colisão Traseira;1;2;;;;;1
02/04/2019;18:31:00;395;com vítima;201,85;BR-101/SC;Sul;Colisão Lateral;1;2;;1;;;2
02/04/2019;19:25:00;412;sem vítima;108,95;BR-116/PR;Sul;Saida de Pista;1;1;;;;;1
03/04/2019;05:36:00;124;sem vítima;616,153;BR-376/PR;Norte;Choque - Defensa, barreira ou "submarino";1;1;;;;;1
03/04/2019;08:56:00;205;com vítima;666,92;BR-376/PR;Sul;Engavetamento;4;4;3;;;;1
03/04/2019;16:05:00;371;sem vítima;149,65;BR-101/SC;Norte;Colisão Traseira;1;2;;;;;1
03/04/2019;16:31:00;387;sem vítima;614,678;BR-376/PR;Norte;Colisão Traseira;2;2;;;;;1
03/04/2019;20:03:00;460;sem vítima;201,25;BR-101/SC;Sul;Colisão Traseira;1;2;;;;;1
04/04/2019;04:45:00;73;sem vítima;189,18;BR-101/SC;Sul;Colisão Traseira;2;2;;;;;1
04/04/2019;07:40:00;126;sem vítima;659,836;BR-376/PR;Sul;Choque - Defensa, barreira ou "submarino";1;1;;;;;1
04/04/2019;11:07:00;205;sem vítima;200,887;BR-101/SC;Sul;Choque - Defensa, barreira ou "submarino";1;2;;;;;1
04/04/2019;14:09:00;267;sem vítima;649,154;BR-376/PR;Sul;Colisão Traseira;2;2;;;;;1
04/04/2019;14:17:00;271;sem vítima;110,891;BR-116/PR;Norte;Tombamento;1;1;;;;;1
04/04/2019;14:55:00;280;sem vítima;157,4;BR-101/SC;Norte;Colisão Traseira;1;2;;;;;1
04/04/2019;19:01:00;400;sem vítima;110,165;BR-116/PR;Sul;Engavetamento;2;4;;;;;1
04/04/2019;23:08:00;477;sem vítima;676,683;BR-376/PR;Norte;Saida de Pista;1;1;;;;;1
05/04/2019;07:37:00;119;sem vítima;210,001;BR-101/SC;Norte;Colisão Lateral;1;2;;;;;1
05/04/2019;10:41:00;201;sem vítima;614,5;BR-376/PR;Norte;Colisão Lateral;1;2;;;;;1
05/04/2019;14:07:00;281;sem vítima;664,036;BR-376/PR;Sul;Colisão Lateral;1;2;;;;;1
05/04/2019;19:05:00;424;com vítima;80,972;BR-116/PR;Norte;Capotamento;1;2;2;;;;1
05/04/2019;19:06:00;425;com vítima;211,17;BR-101/SC;Sul;Colisão Transversal;1;1;1;;;;1
05/04/2019;21:24:00;458;sem vítima;659,652;BR-376/PR;Sul;Colisão Traseira;1;2;;;;;1
05/04/2019;23:57:00;494;com vítima;631,503;BR-376/PR;Sul;Colisão Traseira;1;2;;1;1;;2
06/04/2019;07:08:00;108;com vítima;98,001;BR-116/PR;Sul;Capotamento;1;0;1;;;;1
06/04/2019;08:42:00;143;sem vítima;668,475;BR-376/PR;Sul;Saida de Pista;1;1;;;;;1
06/04/2019;11:44:00;220;sem vítima;79,46;BR-101/SC;Sul;Colisão Traseira;1;2;;;;;1
06/04/2019;13:22:00;251;sem vítima;202,466;BR-101/SC;Sul;Colisão Traseira;1;2;;;;;1
06/04/2019;15:38:00;292;sem vítima;157,4;BR-101/SC;Norte;Saida de Pista;1;1;;;;;1
06/04/2019;16:42:00;316;com vítima;85,499;BR-101/SC;Sul;Colisão Traseira;1;1;2;;;;1
07/04/2019;13:00:00;170;sem vítima;191,296;BR-101/SC;Sul;Colisão Traseira;1;2;;;;;1
08/04/2019;03:50:00;55;sem vítima;95,36;BR-101/SC;Sul;Tombamento;1;1;;;;;1
08/04/2019;06:14:00;81;com vítima;232,207;BR-101/SC;Sul;Choque - Objeto sobre a pista;1;3;2;;;;1
08/04/2019;09:21:00;160;com vítima;112,12;BR-116/PR;Sul;Tombamento;1;1;1;;;;1
08/04/2019;09:59:00;178;com vítima;658,12;BR-376/PR;Norte;Saida de Pista;1;2;2;;;;1
08/04/2019;13:25:00;245;sem vítima;664,012;BR-376/PR;Norte;Colisão Lateral;1;2;;;;;1
09/04/2019;02:46:00;35;com vítima;18,001;BR-101/SC;Sul;Colisão Traseira;1;1;1;1;;;2
09/04/2019;12:55:00;230;sem vítima;50,035;BR-101/SC;Norte;Tombamento;1;1;;;;;1
09/04/2019;14:49:00;269;sem vítima;81,01;BR-101/SC;Sul;Engavetamento;2;3;;;;;1
09/04/2019;17:39:00;358;sem vítima;157,4;BR-101/SC;Sul;Colisão Traseira;1;2;;;;;1
09/04/2019;20:29:00;407;com vítima;190,1;BR-101/SC;Sul;Colisão Traseira;1;1;1;;;;1
10/04/2019;07:19:00;80;sem vítima;639,068;BR-376/PR;Sul;Choque - Defensa, barreira ou "submarino";1;1;;;;;1
10/04/2019;15:45:00;276;sem vítima;208,977;BR-101/SC;Sul;Colisão Lateral;1;2;;;;;1
10/04/2019;15:50:00;280;com vítima;668,211;BR-376/PR;Sul;Saida de Pista;1;0;1;;;;1
10/04/2019;17:01:00;319;sem vítima;38,863;BR-101/SC;Sul;Saida de Pista;1;1;;;;;1
10/04/2019;18:44:00;362;sem vítima;37,7;BR-101/SC;Sul;Colisão Lateral;1;2;;;;;1
11/04/2019;12:50:00;253;sem vítima;162,897;BR-101/SC;Sul;Colisão Lateral;1;4;;;;;1
11/04/2019;12:50:00;254;com vítima;71,986;BR-101/SC;Sul;Colisão Lateral;1;1;1;;;;1
12/04/2019;05:22:00;88;sem vítima;137,472;BR-101/SC;Sul;Colisão Lateral;3;3;;;;;1
12/04/2019;06:41:00;109;sem vítima;111,012;BR-116/PR;Norte;Colisão Lateral;1;2;;;;;1
12/04/2019;18:03:00;405;sem vítima;103,318;BR-116/PR;Sul;Saida de Pista;1;1;;;;;1
12/04/2019;19:16:00;428;sem vítima;203,7;BR-101/SC;Norte;Engavetamento;2;4;;;;;1
12/04/2019;21:50:00;491;sem vítima;208,9;BR-101/SC;Sul;Colisão Lateral;1;2;;;;;1
13/04/2019;00:47:00;14;com vítima;131,238;BR-101/SC;Sul;Colisão Traseira;1;1;1;;;;1
13/04/2019;08:41:00;165;sem vítima;90,115;BR-116/PR;Norte;Colisão Traseira;1;2;;;;;1
13/04/2019;10:11:00;205;sem vítima;47,9;BR-101/SC;Norte;Choque - Defensa, barreira ou "submarino";1;2;;;;;1
13/04/2019;10:41:00;224;com vítima;60,689;BR-101/SC;Norte;Atropelamento - Usuário;1;1;;;;1;3
13/04/2019;11:10:00;241;sem vítima;206,05;BR-101/SC;Norte;Colisão Traseira;2;2;;;;;1
13/04/2019;13:42:00;294;sem vítima;666,238;BR-376/PR;Sul;Colisão Lateral;2;2;;;;;1
13/04/2019;17:37:00;399;sem vítima;34,23;BR-101/SC;Sul;Colisão Lateral;1;2;;;;;1
13/04/2019;19:02:00;431;sem vítima;214,2;BR-101/SC;Norte;Colisão Traseira;1;2;;;;;1
14/04/2019;02:50:00;39;sem vítima;96,533;BR-101/SC;Sul;Colisão Traseira;1;2;;;;;1
14/04/2019;06:22:00;62;com vítima;110,149;BR-116/PR;Sul;Colisão Traseira;2;1;1;;;;1
14/04/2019;06:40:00;66;com vítima;616,243;BR-376/PR;Sul;Atropelamento - Andarilho;1;1;;;1;;2
14/04/2019;13:01:00;200;com vítima;170,164;BR-101/SC;Norte;Colisão Lateral;1;1;2;;;;1
14/04/2019;17:50:00;289;sem vítima;145,566;BR-101/SC;Norte;Colisão Lateral;1;2;;;;;1
14/04/2019;18:49:00;315;sem vítima;157,4;BR-101/SC;Sul;Colisão Lateral;1;2;;;;;1
14/04/2019;23:19:00;388;sem vítima;29,9;BR-101/SC;Norte;Colisão Traseira;1;2;;;;;1
15/04/2019;17:12:00;339;sem vítima;207,75;BR-101/SC;Sul;Colisão Lateral;1;2;;;;;1
15/04/2019;21:52:00;420;sem vítima;218,001;BR-101/SC;Sul;Colisão Lateral;1;2;;;;;1
16/04/2019;08:36:00;122;com vítima;163,942;BR-101/SC;Sul;Colisão Traseira;1;2;1;;;;1
16/04/2019;14:49:00;268;com vítima;653,9;BR-376/PR;Norte;Choque - Defensa, barreira ou "submarino";1;0;;1;;;2
16/04/2019;15:14:00;278;sem vítima;232,581;BR-101/SC;Sul;Engavetamento;1;3;;;;;1
16/04/2019;18:59:00;359;sem vítima;202,01;BR-101/SC;Sul;Engavetamento;1;4;;;;;1
16/04/2019;19:48:00;379;sem vítima;123,918;BR-101/SC;Sul;Engavetamento;1;4;;;;;1
16/04/2019;23:08:00;425;sem vítima;18,001;BR-101/SC;Sul;Colisão Traseira;2;2;;;;;1
17/04/2019;04:52:00;66;com vítima;240,022;BR-101/SC;Sul;Colisão Traseira;2;1;1;;;;1
17/04/2019;05:45:00;78;sem vítima;157,35;BR-101/SC;Norte;Colisão Traseira;1;2;;;;;1
17/04/2019;12:13:00;228;sem vítima;666,6;BR-376/PR;Sul;Colisão Traseira;2;2;;;;;1
17/04/2019;15:45:00;308;sem vítima;146,2;BR-101/SC;Norte;Colisão Lateral;1;2;;;;;1
17/04/2019;21:45:00;460;sem vítima;671,7;BR-376/PR;Sul;Saida de Pista;1;2;;;;;1
17/04/2019;22:18:00;466;sem vítima;638,9;BR-376/PR;Norte;Colisão Traseira;2;2;;;;;1
18/04/2019;00:38:00;9;sem vítima;654,15;BR-376/PR;Norte;Outros;1;3;;;;;1
18/04/2019;15:25:00;296;sem vítima;657,021;BR-376/PR;Norte;Colisão Traseira;1;2;;;;;1
18/04/2019;19:02:00;403;com vítima;121,968;BR-101/SC;Norte;Colisão Traseira;1;2;;1;;;2
18/04/2019;19:49:00;427;sem vítima;614,001;BR-376/PR;Norte;Colisão Traseira;1;2;;;;;1
19/04/2019;01:12:00;27;sem vítima;635,119;BR-376/PR;Sul;Colisão Lateral;1;2;;;;;1
19/04/2019;06:35:00;98;sem vítima;65,45;BR-101/SC;Norte;Colisão Traseira;1;2;;;;;1
19/04/2019;20:42:00;409;sem vítima;98,957;BR-116/PR;Sul;Choque - Defensa, barreira ou "submarino";1;1;;;;;1
20/04/2019;05:08:00;74;sem vítima;215,181;BR-101/SC;Sul;Atropelamento de Animal;1;1;;;;;1
20/04/2019;08:07:00;114;sem vítima;120,12;BR-101/SC;Sul;Colisão Lateral;1;2;;;;;1
21/04/2019;22:21:00;532;sem vítima;670,879;BR-376/PR;Sul;Saida de Pista;1;1;;;;;1
22/04/2019;06:18:00;64;sem vítima;665,163;BR-376/PR;Norte;Colisão Lateral;1;2;;;;;1
22/04/2019;18:17:00;336;sem vítima;237,628;BR-101/SC;Sul;Atropelamento de Animal;1;2;;;;;1
23/04/2019;00:20:00;6;sem vítima;199,001;BR-101/SC;Norte;Colisão Lateral;1;2;;;;;1
23/04/2019;00:30:00;9;sem vítima;22,001;BR-101/SC;Norte;Colisão Traseira;2;2;;;;;1
23/04/2019;06:37:00;71;sem vítima;57,462;BR-101/SC;Norte;Colisão Traseira;2;2;;;;;1
23/04/2019;07:51:00;100;sem vítima;109,321;BR-116/PR;Sul;Colisão Lateral;1;2;;;;;1
23/04/2019;08:35:00;114;sem vítima;671,8;BR-376/PR;Sul;Colisão Lateral;1;2;;;;;1
23/04/2019;08:55:00;123;sem vítima;101,421;BR-101/SC;Sul;Colisão Traseira;2;2;;;;;1
23/04/2019;09:17:00;128;com vítima;202,657;BR-101/SC;Sul;Colisão Lateral;1;1;;;;1;3
23/04/2019;15:21:00;231;sem vítima;93,327;BR-101/SC;Norte;Tombamento;1;1;;;;;1
23/04/2019;15:41:00;240;sem vítima;3,229;BR-101/SC;Norte;Saida de Pista;1;1;;;;;1
24/04/2019;01:39:00;24;com vítima;123,001;BR-101/SC;Norte;Colisão Frontal;1;1;;;1;;2
24/04/2019;08:16:00;97;sem vítima;671,7;BR-376/PR;Sul;Saida de Pista;1;1;;;;;1
24/04/2019;13:36:00;219;sem vítima;1,15;BR-101/SC;Norte;Colisão Lateral;2;2;;;;;1
24/04/2019;16:38:00;304;sem vítima;47,108;BR-101/SC;Sul;Colisão Traseira;1;2;;;;;1
24/04/2019;17:57:00;344;sem vítima;204,25;BR-101/SC;Norte;Engavetamento;1;3;;;;;1
25/04/2019;02:24:00;26;sem vítima;668,43;BR-376/PR;Sul;Tombamento;1;1;;;;;1
25/04/2019;10:09:00;175;sem vítima;96,012;BR-116/PR;Sul;Colisão Lateral;1;2;;;;;1
25/04/2019;10:13:00;176;sem vítima;96,006;BR-101/SC;Sul;;1;1;;;;;1
25/04/2019;12:43:00;238;com vítima;127,007;BR-101/SC;Sul;Colisão Transversal;2;2;1;;;;1
25/04/2019;15:13:00;296;sem vítima;119,399;BR-101/SC;Sul;Colisão Transversal;1;3;;;;;1
25/04/2019;17:33:00;359;sem vítima;108,061;BR-101/SC;Sul;Saida de Pista;1;1;;;;;1
25/04/2019;19:20:00;391;sem vítima;205,5;BR-101/SC;Sul;Colisão Lateral;1;2;;;;;1
25/04/2019;21:33:00;428;sem vítima;100,1;BR-101/SC;Norte;Colisão Traseira;1;3;;;;;1
25/04/2019;21:39:00;430;com vítima;81,629;BR-101/SC;Norte;Colisão Traseira;2;1;1;;;;1
26/04/2019;01:06:00;21;sem vítima;93,34;BR-101/SC;Norte;Colisão Lateral;1;2;;;;;1
26/04/2019;07:22:00;97;sem vítima;36,25;BR-101/SC;Norte;Colisão Lateral;1;3;;;;;1
26/04/2019;11:45:00;205;sem vítima;676,4;BR-376/PR;Sul;Engavetamento;3;5;;;;;1
26/04/2019;14:36:00;264;sem vítima;664,281;BR-376/PR;Norte;Saida de Pista;1;1;;;;;1
26/04/2019;16:47:00;331;com vítima;135,34;BR-101/SC;Sul;Engavetamento;1;2;1;;;;1
26/04/2019;18:01:00;369;sem vítima;87,001;BR-116/PR;Norte;Colisão Lateral;1;2;;;;;1
27/04/2019;05:37:00;75;com vítima;148,715;BR-101/SC;Norte;Colisão Traseira;1;0;1;;;1;3
27/04/2019;08:09:00;112;com vítima;666,95;BR-376/PR;Sul;Engavetamento;4;5;;1;;;2
27/04/2019;16:59:00;330;sem vítima;671,001;BR-376/PR;Sul;Colisão Traseira;1;2;;;;;1
27/04/2019;17:35:00;344;com vítima;123,1;BR-101/SC;Sul;Colisão Traseira;2;1;1;;;;1
28/04/2019;02:07:00;31;sem vítima;117,307;BR-101/SC;Sul;Colisão Lateral;1;2;;;;;1
28/04/2019;10:23:00;171;sem vítima;138,566;BR-101/SC;Sul;Colisão Lateral;1;2;;;;;1
28/04/2019;10:29:00;174;sem vítima;74,001;BR-116/PR;Sul;Tombamento;1;1;;;;;1
28/04/2019;11:45:00;196;sem vítima;102,002;BR-116/PR;Norte;Saida de Pista;1;1;;;;;1
28/04/2019;14:12:00;238;sem vítima;673,95;BR-376/PR;Sul;Saida de Pista;1;2;;;;;1
29/04/2019;06:09:00;66;sem vítima;667,769;BR-376/PR;Sul;Engavetamento;1;3;;;;;1
29/04/2019;12:19:00;220;sem vítima;88,327;BR-101/SC;Norte;Colisão Lateral;1;2;;;;;1
29/04/2019;16:16:00;318;sem vítima;48,877;BR-101/SC;Norte;Choque - Poste;2;3;;;;;1
29/04/2019;16:20:00;321;com vítima;211,385;BR-101/SC;Sul;Atropelamento - Morador;1;1;1;;;;1
29/04/2019;17:28:00;345;com vítima;48,08;BR-101/SC;Sul;Colisão Traseira;1;3;1;;;;1
29/04/2019;22:46:00;436;com vítima;149,925;BR-101/SC;Norte;Colisão Traseira;2;0;1;1;;;2
30/04/2019;08:58:00;145;com vítima;617,531;BR-376/PR;Norte;Colisão Lateral;1;2;1;;;;1
30/04/2019;11:28:00;191;sem vítima;217,651;BR-101/SC;Sul;Colisão Lateral;1;2;;;;;1
30/04/2019;14:19:00;246;sem vítima;3,544;BR-101/SC;Norte;Saida de Pista;1;1;;;;;1
30/04/2019;15:14:00;279;com vítima;117,293;BR-101/SC;Sul;Colisão Lateral;1;1;1;;;;1
01/05/2019;15:22:00;291;com vítima;135,465;BR-101/SC;Sul;Atropelamento - Ciclista;1;1;;;1;;2
01/05/2019;22:15:00;419;sem vítima;224,8;BR-101/SC;Sul;Colisão Lateral;1;3;;;;;1
02/05/2019;09:29:00;113;sem vítima;121,7;BR-101/SC;Sul;Colisão Traseira;1;2;;;;;1
02/05/2019;11:22:00;163;sem vítima;115,425;BR-101/SC;Sul;Colisão Traseira;2;2;;;;;1
02/05/2019;13:18:00;200;sem vítima;123,003;BR-101/SC;Norte;Colisão Traseira;1;2;;;;;1
02/05/2019;16:42:00;283;sem vítima;640,425;BR-376/PR;Sul;Colisão Traseira;1;2;;;;;1
03/05/2019;04:02:00;52;com vítima;120,6;BR-101/SC;Norte;Colisão Frontal;1;1;1;;;;1
03/05/2019;07:17:00;87;sem vítima;79,334;BR-101/SC;Norte;Choque - Defensa, barreira ou "submarino";1;1;;;;;1
03/05/2019;07:54:00;107;com vítima;118,19;BR-101/SC;Sul;Choque - Poste;1;1;1;;;;1
03/05/2019;12:38:00;219;com vítima;40,427;BR-101/SC;Sul;Colisão Traseira;3;2;;1;;;2
03/05/2019;18:35:00;368;sem vítima;119,628;BR-101/SC;Norte;Colisão Lateral;1;2;;;;;1
03/05/2019;18:43:00;373;sem vítima;98,1;BR-116/PR;Sul;Colisão Traseira;1;2;;;;;1
03/05/2019;19:03:00;385;com vítima;191,618;BR-101/SC;Sul;Atropelamento - Morador;1;1;;;;1;3
04/05/2019;09:49:00;189;sem vítima;641,025;BR-376/PR;Sul;Tombamento;1;1;;;;;1
04/05/2019;10:59:00;214;sem vítima;232,745;BR-101/SC;Sul;Tombamento;1;1;;;;;1
04/05/2019;11:49:00;231;sem vítima;118,018;BR-101/SC;Sul;Colisão Traseira;1;2;;;;;1
04/05/2019;12:10:00;238;sem vítima;37,317;BR-101/SC;Norte;Colisão Lateral;1;2;;;;;1
05/05/2019;09:45:00;124;sem vítima;227,973;BR-101/SC;Sul;Colisão Traseira;1;2;;;;;1
05/05/2019;13:55:00;214;com vítima;667,51;BR-376/PR;Sul;Colisão Traseira;2;2;3;;1;;2
05/05/2019;16:50:00;263;sem vítima;146,616;BR-101/SC;Norte;Colisão Traseira;1;3;;;;;1
06/05/2019;11:20:00;225;com vítima;108,012;BR-101/SC;Sul;Colisão Lateral;1;1;1;;;;1
06/05/2019;11:25:00;227;com vítima;667,654;BR-376/PR;Sul;Colisão Lateral;2;1;;;;1;3
06/05/2019;12:34:00;259;sem vítima;8,001;BR-101/SC;Norte;Colisão Traseira;1;2;;;;;1
07/05/2019;07:05:00;83;sem vítima;18,776;BR-101/SC;Sul;Saida de Pista;1;1;;;;;1
07/05/2019;13:27:00;242;sem vítima;12,569;BR-101/SC;Sul;Colisão Traseira;2;2;;;;;1
07/05/2019;15:19:00;268;sem vítima;50,182;BR-101/SC;Norte;Colisão Lateral;1;2;;;;;1
08/05/2019;06:44:00;96;sem vítima;206,709;BR-101/SC;Sul;Colisão Traseira;1;3;;;;;1
08/05/2019;11:43:00;239;sem vítima;213,793;BR-101/SC;Norte;Colisão Traseira;1;2;;;;;1
08/05/2019;13:41:00;276;sem vítima;661,1;BR-376/PR;Sul;Saida de Pista;1;1;;;;;1
09/05/2019;01:29:00;26;sem vítima;233,824;BR-101/SC;Norte;Tombamento;1;1;;;;;1
09/05/2019;06:44:00;74;com vítima;667,669;BR-376/PR;Sul;Tombamento;1;0;;;;1;3
09/05/2019;08:33:00;126;sem vítima;103,262;BR-116/PR;Norte;Colisão Traseira;2;4;;;;;1
09/05/2019;10:44:00;199;sem vítima;206,413;BR-101/SC;Norte;Engavetamento;3;4;;;;;1
10/05/2019;02:53:00;55;com vítima;44,8;BR-101/SC;Sul;Colisão Traseira;1;1;2;;;;1
10/05/2019;09:31:00;149;sem vítima;101,489;BR-116/PR;Sul;Tombamento;1;1;;;;;1
10/05/2019;11:42:00;202;sem vítima;205,429;BR-101/SC;Sul;Colisão Lateral;1;2;;;;;1
10/05/2019;16:59:00;335;com vítima;192,659;BR-101/SC;Norte;Colisão Traseira;1;1;1;;;;1
10/05/2019;17:14:00;346;sem vítima;119,2;BR-101/SC;Sul;Colisão Traseira;1;2;;;;;1
10/05/2019;23:02:00;472;sem vítima;2,7;BR-101/SC;Sul;Colisão Lateral;1;2;;;;;1
11/05/2019;00:31:00;9;sem vítima;186,905;BR-101/SC;Norte;Colisão Traseira;1;2;;;;;1
11/05/2019;04:23:00;37;com vítima;204,23;BR-101/SC;Norte;Colisão Traseira;1;2;2;;;;1
11/05/2019;05:02:00;69;sem vítima;242,985;BR-101/SC;Sul;Choque - Defensa, barreira ou "submarino";1;1;;;;;1
11/05/2019;08:29:00;124;sem vítima;670,895;BR-376/PR;Sul;Saida de Pista;1;1;;;;;1
11/05/2019;09:40:00;150;sem vítima;13,5;BR-101/SC;Norte;Colisão Traseira;1;2;;;;;1
11/05/2019;17:09:00;291;sem vítima;667,831;BR-376/PR;Sul;Choque - Defensa, barreira ou "submarino";1;1;;;;;1
11/05/2019;19:11:00;318;sem vítima;214,4;BR-101/SC;Norte;Colisão Lateral;1;2;;;;;1
11/05/2019;19:54:00;335;sem vítima;143,257;BR-101/SC;Sul;Colisão Lateral;1;2;;;;;1
12/05/2019;15:14:00;191;sem vítima;651,001;BR-376/PR;Norte;Colisão Lateral;1;2;;;;;1
12/05/2019;15:28:00;193;sem vítima;668,001;BR-376/PR;Norte;Colisão Lateral;1;2;;;;;1
12/05/2019;15:38:00;201;sem vítima;652,001;BR-376/PR;Norte;Colisão Traseira;1;4;;;;;1
12/05/2019;18:07:00;257;sem vítima;215,655;BR-101/SC;Norte;Colisão Lateral;1;2;;;;;1
13/05/2019;01:07:00;21;sem vítima;665,302;BR-376/PR;Norte;Saida de Pista;1;1;;;;;1
13/05/2019;09:50:00;152;com vítima;112,82;BR-101/SC;Norte;Colisão Traseira;1;1;1;;;;1
13/05/2019;11:09:00;193;sem vítima;113,853;BR-101/SC;Norte;Saida de Pista;1;1;;;;;1
13/05/2019;15:04:00;233;com vítima;174,239;BR-101/SC;Sul;Capotamento;1;1;1;;;;1
13/05/2019;16:38:00;291;com vítima;652,495;BR-376/PR;Norte;Tombamento;1;0;1;;;;1
13/05/2019;19:06:00;351;sem vítima;671,7;BR-376/PR;Sul;Saida de Pista;1;1;;;;;1
14/05/2019;06:07:00;68;com vítima;667,59;BR-376/PR;Sul;Colisão Traseira;4;4;;;;1;3
14/05/2019;10:51:00;187;sem vítima;53,631;BR-101/SC;Sul;Colisão Lateral;1;2;;;;;1
14/05/2019;11:00:00;190;sem vítima;47,114;BR-101/SC;Norte;Colisão Traseira;1;2;;;;;1
14/05/2019;11:12:00;193;com vítima;681,5;BR-376/PR;Norte;Choque - Defensa, barreira ou "submarino";1;1;1;1;;;2
14/05/2019;20:30:00;424;sem vítima;138,147;BR-101/SC;Norte;Colisão Traseira;1;5;;;;;1
15/05/2019;07:35:00;131;sem vítima;113,6;BR-116/PR;Sul;Colisão Traseira;1;3;;;;;1
15/05/2019;15:49:00;339;sem vítima;122,446;BR-101/SC;Sul;Colisão Traseira;1;2;;;;;1
15/05/2019;16:46:00;367;sem vítima;117,83;BR-101/SC;Sul;Colisão Traseira;1;2;;;;;1
15/05/2019;17:06:00;377;sem vítima;656,001;BR-376/PR;Norte;Colisão Traseira;2;4;;;;;1
15/05/2019;17:36:00;394;sem vítima;656,001;BR-376/PR;Norte;Colisão Traseira;1;2;;;;;1
15/05/2019;19:30:00;428;sem vítima;213,691;BR-101/SC;Norte;Colisão Traseira;2;2;;;;;1
15/05/2019;21:13:00;463;com vítima;204,911;BR-101/SC;Norte;Colisão Traseira;1;1;3;;;;1
16/05/2019;08:08:00;98;com vítima;123,6;BR-101/SC;Norte;Engavetamento;3;5;2;;;;1
16/05/2019;08:18:00;102;com vítima;118,008;BR-101/SC;Sul;Colisão Lateral;1;2;1;;;;1
16/05/2019;10:00:00;143;sem vítima;122,07;BR-101/SC;Sul;Colisão Traseira;1;2;;;;;1
16/05/2019;12:42:00;200;sem vítima;115,772;BR-101/SC;Sul;Colisão Traseira;1;2;;;;;1
16/05/2019;16:36:00;290;sem vítima;121,262;BR-101/SC;Sul;Colisão Traseira;1;2;;;;;1
17/05/2019;08:38:00;140;sem vítima;232,747;BR-101/SC;Sul;Tombamento;1;1;;;;;1
17/05/2019;09:09:00;154;sem vítima;89,213;BR-101/SC;Sul;Colisão Traseira;1;2;;;;;1
17/05/2019;10:31:00;193;sem vítima;122,59;BR-101/SC;Sul;Colisão Traseira;1;2;;;;;1
17/05/2019;13:16:00;256;sem vítima;111,139;BR-116/PR;Norte;Tombamento;1;1;;;;;1
17/05/2019;20:38:00;425;sem vítima;670,344;BR-376/PR;Norte;Colisão Traseira;1;2;;;;;1
17/05/2019;21:03:00;437;sem vítima;210,455;BR-101/SC;Norte;Colisão Traseira;1;2;;;;;1
17/05/2019;21:55:00;459;sem vítima;144,5;BR-101/SC;Norte;Colisão Traseira;1;2;;;;;1
17/05/2019;22:07:00;463;sem vítima;206,1;BR-101/SC;Sul;Colisão Traseira;1;2;;;;;1
17/05/2019;23:17:00;486;sem vítima;674,008;BR-376/PR;Sul;Colisão Traseira;1;3;;;;;1
18/05/2019;05:25:00;65;sem vítima;198,823;BR-101/SC;Norte;Choque - Outros;1;1;;;;;1
18/05/2019;05:32:00;68;com vítima;46,9;BR-101/SC;Sul;Tombamento;2;1;1;;;;1
18/05/2019;06:53:00;86;sem vítima;104,6;BR-101/SC;Norte;Saida de Pista;1;1;;;;;1
18/05/2019;23:18:00;398;sem vítima;212,239;BR-101/SC;Norte;Engavetamento;1;4;;;;;1
18/05/2019;23:38:00;403;sem vítima;102,5;BR-116/PR;Norte;Colisão Traseira;1;2;;;;;1
19/05/2019;14:53:00;246;com vítima;10,291;BR-101/SC;Norte;Tombamento;1;0;1;;;;1
20/05/2019;02:04:00;34;sem vítima;646,1;BR-376/PR;Sul;Choque - Defensa, barreira ou "submarino";1;29;;;;;1
20/05/2019;10:12:00;181;sem vítima;122,588;BR-101/SC;Norte;Colisão Lateral;1;2;;;;;1
20/05/2019;17:51:00;375;com vítima;206,186;BR-101/SC;Norte;Colisão Lateral;1;1;1;;;;1
20/05/2019;23:43:00;492;sem vítima;51,5;BR-101/SC;Norte;Colisão Lateral;1;2;;;;;1
21/05/2019;03:40:00;68;com vítima;191,323;BR-101/SC;Sul;Tombamento;1;0;1;;;;1
21/05/2019;07:53:00;123;sem vítima;41,212;BR-101/SC;Norte;Colisão Traseira;2;2;;;;;1
21/05/2019;15:52:00;366;sem vítima;33,375;BR-101/SC;Norte;Saida de Pista;1;1;;;;;1
21/05/2019;17:37:00;421;sem vítima;214,436;BR-101/SC;Norte;Colisão Lateral;2;3;;;;;1
21/05/2019;18:27:00;434;com vítima;229,512;BR-101/SC;Norte;Colisão Traseira;1;1;1;;;;1
21/05/2019;18:43:00;440;sem vítima;671,7;BR-376/PR;Sul;Saida de Pista;1;1;;;;;1
21/05/2019;19:41:00;455;sem vítima;41,923;BR-101/SC;Sul;Colisão Lateral;1;2;;;;;1
22/05/2019;08:50:00;165;sem vítima;116,806;BR-101/SC;Sul;Colisão Traseira;1;2;;;;;1
22/05/2019;10:10:00;212;sem vítima;115,012;BR-101/SC;Sul;Colisão Traseira;1;3;;;;;1
22/05/2019;11:16:00;239;sem vítima;617,027;BR-376/PR;Norte;Colisão Traseira;1;2;;;;;1
22/05/2019;12:03:00;250;sem vítima;131,001;BR-101/SC;Sul;Colisão Traseira;1;2;;;;;1
22/05/2019;15:30:00;352;com vítima;139,437;BR-101/SC;Sul;Colisão Traseira;2;1;;1;;;2