data;horario;n_da_ocorrencia;tipo_de_ocorrencia;km;trecho;sentido;tipo_de_acidente;caminhao;ilesos;levemente_feridos;moderadamente_feridos;gravemente_feridos;mortos;3
22/05/2019;18:13:00;404;sem vítima;215,017;BR-101/SC;Norte;Colisão Lateral;1;2;;;;;1
22/05/2019;20:05:00;470;sem vítima;138,795;BR-101/SC;Norte;Saida de Pista;1;1;;;;;1
23/05/2019;01:50:00;60;sem vítima;122,2;BR-101/SC;Sul;Colisão Lateral;2;2;;;;;1
23/05/2019;06:27:00;126;com vítima;29,957;BR-101/SC;Norte;Colisão Traseira;2;1;;1;;;2
23/05/2019;13:19:00;260;sem vítima;651,38;BR-376/PR;Norte;Colisão Traseira;1;2;;;;;1
23/05/2019;16:51:00;376;sem vítima;117,1;BR-101/SC;Norte;Colisão Traseira;1;2;;;;;1
23/05/2019;17:33:00;391;sem vítima;205,229;BR-101/SC;Sul;Colisão Lateral;1;2;;;;;1
23/05/2019;19:07:00;415;sem vítima;110,161;BR-116/PR;Sul;Saida de Pista;1;1;;;;;1
24/05/2019;00:31:00;12;sem vítima;192,16;BR-101/SC;Norte;Choque - Defensa, barreira ou "submarino";1;1;;;;;1
24/05/2019;00:42:00;15;sem vítima;79,5;BR-116/PR;Sul;Colisão Traseira;1;2;;;;;1
24/05/2019;05:06:00;81;sem vítima;189,259;BR-101/SC;Sul;Colisão Traseira;2;2;;;;;1
24/05/2019;11:25:00;230;sem vítima;52,807;BR-101/SC;Norte;Colisão Traseira;1;2;;;;;1
24/05/2019;12:28:00;246;com vítima;212,704;BR-101/SC;Sul;Colisão Lateral;1;2;1;;;;1
24/05/2019;12:31:00;247;sem vítima;676,095;BR-376/PR;Sul;Colisão Lateral;1;2;;;;;1
24/05/2019;13:03:00;262;sem vítima;192,979;BR-101/SC;Norte;Colisão Traseira;1;2;;;;;1
24/05/2019;16:11:00;345;com vítima;108,293;BR-116/PR;Norte;Engavetamento;1;3;2;;;;1
24/05/2019;19:38:00;437;sem vítima;206,107;BR-101/SC;Sul;Colisão Lateral;1;2;;;;;1
24/05/2019;19:48:00;439;com vítima;169,476;BR-101/SC;Sul;Colisão Lateral;1;1;1;;;;1
26/05/2019;11:23:00;232;sem vítima;617,223;BR-376/PR;Sul;Saida de Pista;1;1;;;;;1
26/05/2019;16:51:00;372;sem vítima;209,6;BR-101/SC;Norte;Colisão Traseira;1;2;;;;;1
26/05/2019;23:19:00;494;com vítima;239,001;BR-101/SC;Sul;Colisão Traseira;2;1;1;;;;1
27/05/2019;07:56:00;150;sem vítima;206,724;BR-101/SC;Sul;Colisão Lateral;1;2;;;;;1
27/05/2019;10:41:00;258;sem vítima;210,877;BR-101/SC;Sul;Colisão Traseira;1;3;;;;;1
27/05/2019;10:54:00;267;com vítima;667,175;BR-376/PR;Sul;Colisão Traseira;2;1;;;;1;3
27/05/2019;15:27:00;392;sem vítima;111,223;BR-116/PR;Norte;Colisão Traseira;1;2;;;;;1
27/05/2019;15:33:00;395;sem vítima;56,354;BR-101/SC;Norte;Tombamento;1;1;;;;;1
27/05/2019;15:57:00;401;sem vítima;112,145;BR-116/PR;Norte;Colisão Traseira;2;4;;;;;1
27/05/2019;16:05:00;403;com vítima;139,433;BR-101/SC;Sul;Queda de Moto;1;1;1;;;;1
28/05/2019;04:17:00;69;sem vítima;157,35;BR-101/SC;Norte;Colisão Traseira;1;2;;;;;1
28/05/2019;05:32:00;88;sem vítima;668,5;BR-376/PR;Sul;Choque - Defensa, barreira ou "submarino";1;1;;;;;1
28/05/2019;07:37:00;122;sem vítima;105,137;BR-101/SC;Sul;Saida de Pista;1;1;;;;;1
28/05/2019;08:44:00;160;sem vítima;202,243;BR-101/SC;Sul;Colisão Frontal;1;2;;;;;1
28/05/2019;10:45:00;224;sem vítima;94,783;BR-116/PR;Sul;Tombamento;1;1;;;;;1
28/05/2019;22:00:00;466;sem vítima;206,001;BR-101/SC;Norte;Colisão Lateral;1;2;;;;;1
29/05/2019;06:17:00;136;sem vítima;195,565;BR-101/SC;Sul;Engavetamento;3;4;;;;;1
29/05/2019;06:28:00;138;sem vítima;195,565;BR-101/SC;Sul;Colisão Lateral;1;2;;;;;1
29/05/2019;06:40:00;140;com vítima;150,744;BR-101/SC;Sul;Atropelamento - Ciclista;1;1;;;;1;3
29/05/2019;19:07:00;485;sem vítima;652,001;BR-376/PR;Sul;Choque - Defensa, barreira ou "submarino";1;1;;;;;1
29/05/2019;19:34:00;492;sem vítima;157,4;BR-101/SC;Norte;Engavetamento;1;4;;;;;1
30/05/2019;08:27:00;128;sem vítima;112,456;BR-116/PR;Sul;Saida de Pista;1;1;;;;;1
30/05/2019;09:29:00;156;sem vítima;164,495;BR-101/SC;Norte;Engavetamento;1;3;;;;;1
30/05/2019;18:48:00;353;sem vítima;110,046;BR-116/PR;Sul;Colisão Traseira;2;4;;;;;1
30/05/2019;19:58:00;376;sem vítima;89,461;BR-101/SC;Sul;Colisão Traseira;1;2;;;;;1
31/05/2019;00:54:00;26;sem vítima;676,855;BR-376/PR;Sul;Colisão Traseira;2;2;;;;;1
31/05/2019;03:17:00;65;sem vítima;229,229;BR-101/SC;Sul;Colisão Lateral;1;2;;;;;1
31/05/2019;04:16:00;75;sem vítima;117,352;BR-101/SC;Sul;Tombamento;1;1;;;;;1
31/05/2019;04:50:00;87;sem vítima;101,8;BR-101/SC;Norte;Saida de Pista;1;1;;;;;1
31/05/2019;08:42:00;161;sem vítima;645,395;BR-376/PR;Norte;Tombamento;1;1;;;;;1
31/05/2019;11:21:00;238;sem vítima;618,3;BR-376/PR;Sul;Colisão Traseira;1;2;;;;;1
31/05/2019;19:43:00;449;sem vítima;208,892;BR-101/SC;Norte;Colisão Lateral;1;2;;;;;1
31/05/2019;21:28:00;480;sem vítima;647,001;BR-376/PR;Norte;Colisão Traseira;2;2;;;;;1
01/06/2019;03:33:00;81;sem vítima;629,96;BR-376/PR;Sul;Tombamento;1;1;;;;;1
01/06/2019;09:51:00;206;sem vítima;122,3;BR-101/SC;Sul;Colisão Lateral;1;2;;;;;1
01/06/2019;11:50:00;277;sem vítima;206,717;BR-101/SC;Norte;Colisão Lateral;1;2;;;;;1
01/06/2019;14:14:00;338;sem vítima;233,039;BR-101/SC;Sul;Colisão Lateral;1;2;;;;;1
02/06/2019;04:18:00;90;com vítima;9,79;BR-101/SC;Norte;Colisão Traseira;1;1;;;1;;2
02/06/2019;06:26:00;120;com vítima;627,374;BR-376/PR;Norte;Colisão Traseira;1;2;1;;;;1
02/06/2019;09:51:00;242;com vítima;202,882;BR-101/SC;Sul;Atropelamento - Andarilho;1;1;;;;1;3
02/06/2019;10:44:00;247;com vítima;659,797;BR-376/PR;Norte;Tombamento;1;0;;1;;;2
02/06/2019;13:05:00;304;com vítima;89,163;BR-101/SC;Sul;Colisão Lateral;1;1;1;;;;1
02/06/2019;17:54:00;415;sem vítima;674,2;BR-376/PR;Norte;Colisão Traseira;1;2;;;;;1
03/06/2019;07:29:00;143;com vítima;101,683;BR-116/PR;Norte;Colisão Traseira;1;1;1;;;;1
03/06/2019;08:03:00;159;sem vítima;111,7;BR-101/SC;Sul;Colisão Lateral;1;2;;;;;1
03/06/2019;09:57:00;242;sem vítima;233,025;BR-101/SC;Norte;Colisão Traseira;1;2;;;;;1
03/06/2019;09:58:00;244;sem vítima;233,8;BR-101/SC;Sul;Choque - Defensa, barreira ou "submarino";1;1;;;;;1
03/06/2019;11:46:00;305;sem vítima;118,172;BR-101/SC;Norte;Choque - Defensa, barreira ou "submarino";1;1;;;;;1
03/06/2019;12:04:00;306;com vítima;119,654;BR-101/SC;Norte;Colisão Traseira;1;2;1;;;;1
03/06/2019;15:23:00;387;sem vítima;104,275;BR-116/PR;Sul;Saida de Pista;1;1;;;;;1
03/06/2019;16:00:00;408;sem vítima;100,894;BR-116/PR;Sul;Saida de Pista;1;1;;;;;1
03/06/2019;17:04:00;438;com vítima;200,059;BR-101/SC;Norte;Colisão Lateral;1;1;1;;;;1
03/06/2019;18:28:00;473;sem vítima;131,44;BR-101/SC;Norte;Colisão Lateral;1;2;;;;;1
03/06/2019;21:21:00;546;com vítima;18,7;BR-101/SC;Norte;Saida de Pista;1;0;1;;;;1
03/06/2019;23:41:00;587;sem vítima;113,1;BR-101/SC;Norte;Saida de Pista;1;2;;;;;1
04/06/2019;07:29:00;124;sem vítima;147,102;BR-101/SC;Sul;Choque - Outros;1;1;;;;;1
04/06/2019;11:50:00;300;sem vítima;222,9;BR-101/SC;Norte;Colisão Traseira;2;2;;;;;1
04/06/2019;12:27:00;322;com vítima;673,896;BR-376/PR;Sul;Engavetamento;2;4;;1;;1;3
04/06/2019;12:40:00;330;com vítima;208,686;BR-101/SC;Norte;Colisão Traseira;1;1;1;;;;1
04/06/2019;15:16:00;399;com vítima;73,178;BR-116/PR;Norte;Colisão Traseira;1;3;1;;;;1
04/06/2019;19:29:00;515;sem vítima;648,346;BR-376/PR;Norte;Engavetamento;1;3;;;;;1
05/06/2019;03:16:00;54;com vítima;11,4;BR-101/SC;Norte;Atropelamento - Andarilho;1;1;;;1;;2
05/06/2019;07:45:00;132;sem vítima;202,222;BR-101/SC;Sul;Engavetamento;1;3;;;;;1
05/06/2019;09:27:00;205;sem vítima;119,001;BR-101/SC;Sul;Colisão Lateral;1;2;;;;;1
05/06/2019;09:27:00;206;sem vítima;200,133;BR-101/SC;Sul;Colisão Traseira;1;2;;;;;1
05/06/2019;10:51:00;257;sem vítima;209,794;BR-101/SC;Norte;Colisão Lateral;2;2;;;;;1
05/06/2019;17:58:00;495;sem vítima;39,75;BR-101/SC;Sul;Engavetamento;3;5;;;;;1
05/06/2019;19:53:00;530;sem vítima;36,342;BR-101/SC;Sul;Colisão Traseira;2;2;;;;;1
05/06/2019;21:43:00;555;sem vítima;232,69;BR-101/SC;Sul;Tombamento;1;1;;;;;1
06/06/2019;00:33:00;15;sem vítima;10,001;BR-101/SC;Sul;Engavetamento;2;4;;;;;1
06/06/2019;04:23:00;91;sem vítima;239,094;BR-101/SC;Sul;Tombamento;1;1;;;;;1
06/06/2019;15:00:00;377;sem vítima;671,7;BR-376/PR;Sul;Saida de Pista;1;1;;;;;1
06/06/2019;19:41:00;527;com vítima;215,435;BR-101/SC;Norte;Colisão Traseira;1;2;1;;;;1
06/06/2019;21:09:00;550;sem vítima;110,527;BR-101/SC;Sul;Saida de Pista;1;1;;;;;1
07/06/2019;08:38:00;155;sem vítima;123,6;BR-101/SC;Norte;Engavetamento;1;3;;;;;1
07/06/2019;10:03:00;195;sem vítima;120,871;BR-101/SC;Sul;Engavetamento;1;4;;;;;1
07/06/2019;11:23:00;232;sem vítima;121,646;BR-101/SC;Sul;Colisão Traseira;1;2;;;;;1
07/06/2019;14:47:00;303;sem vítima;1,9;BR-101/SC;Sul;Choque - Defensa, barreira ou "submarino";1;1;;;;;1
07/06/2019;17:34:00;422;sem vítima;614,001;BR-376/PR;Norte;Colisão Traseira;2;2;;;;;1
07/06/2019;18:09:00;443;sem vítima;121,934;BR-101/SC;Sul;Colisão Traseira;1;2;;;;;1
08/06/2019;01:06:00;29;sem vítima;211,133;BR-101/SC;Norte;Colisão Lateral;1;2;;;;;1
08/06/2019;08:11:00;155;sem vítima;99,957;BR-116/PR;Sul;Engavetamento;1;3;;;;;1
08/06/2019;08:58:00;174;sem vítima;99,913;BR-116/PR;Sul;Colisão Traseira;2;2;;;;;1
08/06/2019;09:20:00;184;sem vítima;106,518;BR-116/PR;Sul;Saida de Pista;1;1;;;;;1
08/06/2019;11:50:00;254;sem vítima;40,6;BR-101/SC;Norte;Colisão Lateral;1;2;;;;;1
08/06/2019;11:47:00;259;sem vítima;150,761;BR-101/SC;Sul;Engavetamento;1;6;;;;;1
08/06/2019;13:27:00;300;sem vítima;115,005;BR-116/PR;Norte;Saida de Pista;1;1;;;;;1
10/06/2019;06:43:00;115;sem vítima;214,695;BR-101/SC;Sul;Colisão Lateral;1;2;;;;;1
10/06/2019;07:36:00;133;sem vítima;112,055;BR-116/PR;Sul;Engavetamento;2;4;;;;;1
10/06/2019;08:05:00;150;sem vítima;208,606;BR-101/SC;Norte;Colisão Traseira;1;2;;;;;1
10/06/2019;08:09:00;154;sem vítima;178,388;BR-101/SC;Norte;Tombamento;1;1;;;;;1
10/06/2019;08:19:00;160;sem vítima;113,865;BR-116/PR;Sul;Colisão Lateral;1;3;;;;;1
10/06/2019;08:24:00;164;sem vítima;109,3;BR-116/PR;Sul;Colisão Traseira;1;2;;;;;1
10/06/2019;08:59:00;180;sem vítima;208,986;BR-101/SC;Norte;Colisão Lateral;1;2;;;;;1
10/06/2019;09:32:00;208;sem vítima;212,562;BR-101/SC;Norte;Colisão Lateral;1;2;;;;;1
10/06/2019;11:59:00;229;sem vítima;215,58;BR-101/SC;Norte;Colisão Lateral;1;2;;;;;1
10/06/2019;14:01:00;317;sem vítima;206,888;BR-101/SC;Norte;Colisão Traseira;1;2;;;;;1
10/06/2019;14:15:00;320;sem vítima;101,933;BR-116/PR;Sul;Saida de Pista;1;1;;;;;1
10/06/2019;18:00:00;426;sem vítima;93,422;BR-116/PR;Norte;Saida de Pista;1;1;;;;;1
10/06/2019;22:01:00;482;sem vítima;628,925;BR-376/PR;Norte;Colisão Traseira;2;2;;;;;1
10/06/2019;22:06:00;483;sem vítima;10,01;BR-101/SC;Norte;Colisão Traseira;2;2;;;;;1
11/06/2019;08:21:00;152;sem vítima;650,748;BR-376/PR;Sul;Choque - Defensa, barreira ou "submarino";1;1;;;;;1
11/06/2019;09:06:00;173;sem vítima;119,119;BR-101/SC;Norte;Colisão Lateral;1;3;;;;;1
11/06/2019;11:47:00;256;sem vítima;671,7;BR-376/PR;Sul;Saida de Pista;1;1;;;;;1
11/06/2019;12:26:00;268;sem vítima;28,875;BR-101/SC;Norte;Saida de Pista;1;1;;;;;1
11/06/2019;18:47:00;461;sem vítima;106,1;BR-116/PR;Sul;Colisão Traseira;2;2;;;;;1
11/06/2019;20:55:00;507;sem vítima;206,763;BR-101/SC;Sul;Colisão Lateral;1;2;;;;;1
12/06/2019;09:20:00;178;com vítima;197,185;BR-101/SC;Sul;Colisão Lateral;1;1;1;;;;1
12/06/2019;12:24:00;281;sem vítima;665,3;BR-376/PR;Sul;Colisão Traseira;2;2;;;;;1
12/06/2019;20:40:00;484;sem vítima;207,994;BR-101/SC;Norte;Colisão Lateral;1;2;;;;;1
13/06/2019;03:45:00;62;sem vítima;84,67;BR-116/PR;Norte;Saida de Pista;1;1;;;;;1
13/06/2019;03:53:00;63;com vítima;12,015;BR-101/SC;Norte;Colisão Traseira;1;1;1;;;;1
13/06/2019;05:53:00;76;sem vítima;67,459;BR-101/SC;Norte;Choque - Defensa, barreira ou "submarino";1;1;;;;;1
13/06/2019;06:55:00;89;com vítima;158,525;BR-101/SC;Norte;Colisão Lateral;1;1;;;;1;3
13/06/2019;07:33:00;106;sem vítima;202,241;BR-101/SC;Sul;Colisão Lateral;1;2;;;;;1
13/06/2019;09:18:00;180;com vítima;141,116;BR-101/SC;Norte;Queda de Moto;1;1;1;;;;1
13/06/2019;15:27:00;357;com vítima;93,8;BR-101/SC;Sul;Colisão Traseira;2;1;;;1;;2
13/06/2019;17:16:00;411;sem vítima;674,32;BR-376/PR;Sul;Colisão Traseira;1;2;;;;;1
14/06/2019;15:55:00;440;sem vítima;175,936;BR-101/SC;Norte;Colisão Traseira;1;2;;;;;1
15/06/2019;19:48:00;429;sem vítima;79,434;BR-101/SC;Sul;Choque - Defensa, barreira ou "submarino";1;1;;;;;1
16/06/2019;11:15:00;204;com vítima;679,19;BR-376/PR;Norte;Choque - Defensa, barreira ou "submarino";1;0;1;;;;1
16/06/2019;20:50:00;409;com vítima;204,943;BR-101/SC;Sul;Colisão Lateral;1;1;1;;;;1
17/06/2019;07:00:00;109;sem vítima;673,253;BR-376/PR;Sul;Saida de Pista;1;1;;;;;1
17/06/2019;09:36:00;202;sem vítima;209,145;BR-101/SC;Norte;Engavetamento;2;4;;;;;1
17/06/2019;17:36:00;430;com vítima;37,984;BR-101/SC;Sul;Colisão Traseira;1;3;;;1;;2
17/06/2019;23:44:00;551;sem vítima;630,4;BR-376/PR;Sul;Colisão Lateral;1;2;;;;;1
18/06/2019;09:46:00;199;sem vítima;665,142;BR-376/PR;Sul;Choque - Talude;2;2;;;;;1
18/06/2019;11:06:00;241;sem vítima;209,969;BR-101/SC;Sul;Colisão Traseira;2;3;;;;;1
18/06/2019;12:26:00;275;sem vítima;11,447;BR-101/SC;Norte;Engavetamento;1;3;;;;;1
18/06/2019;16:46:00;371;com vítima;48,452;BR-101/SC;Sul;Colisão Lateral;1;1;1;;;;1
18/06/2019;19:48:00;445;sem vítima;122,9;BR-101/SC;Norte;Colisão Traseira;1;2;;;;;1
18/06/2019;20:53:00;465;sem vítima;83,001;BR-101/SC;Sul;Colisão Traseira;1;2;;;;;1
19/06/2019;04:38:00;79;com vítima;156,452;BR-101/SC;Sul;Tombamento;2;2;1;;;;1
19/06/2019;09:16:00;178;sem vítima;156,3;BR-101/SC;Sul;Colisão Traseira;2;2;;;;;1
19/06/2019;10:38:00;214;sem vítima;201,4;BR-101/SC;Sul;Colisão Traseira;1;2;;;;;1
19/06/2019;11:51:00;245;com vítima;120,36;BR-101/SC;Sul;Colisão Traseira;1;4;2;;;;1
19/06/2019;14:24:00;296;sem vítima;105,01;BR-101/SC;Sul;Engavetamento;1;4;;;;;1
19/06/2019;21:14:00;474;com vítima;620,925;BR-376/PR;Norte;Colisão Traseira;1;2;;;1;;2
19/06/2019;22:07:00;485;com vítima;652,054;BR-376/PR;Sul;Saida de Pista;1;0;;1;;;2
19/06/2019;22:30:00;491;com vítima;131,338;BR-101/SC;Sul;Atropelamento - Andarilho;1;3;;;;1;3
20/06/2019;02:15:00;54;com vítima;125,1;BR-101/SC;Sul;Colisão Traseira;2;1;1;;;;1
20/06/2019;09:43:00;206;sem vítima;108,5;BR-116/PR;Norte;Colisão Lateral;1;2;;;;;1
20/06/2019;12:25:00;296;sem vítima;152,1;BR-101/SC;Sul;Colisão Lateral;1;2;;;;;1
20/06/2019;20:19:00;471;sem vítima;105,001;BR-101/SC;Norte;Colisão Lateral;1;2;;;;;1
21/06/2019;07:40:00;109;sem vítima;191,179;BR-101/SC;Norte;Colisão Traseira;1;2;;;;;1
21/06/2019;16:55:00;323;sem vítima;29,6;BR-101/SC;Norte;Colisão Lateral;1;2;;;;;1
21/06/2019;18:29:00;347;sem vítima;116,891;BR-101/SC;Sul;Colisão Lateral;1;2;;;;;1
22/06/2019;17:46:00;422;com vítima;96,001;BR-101/SC;Norte;Colisão Lateral;1;1;;1;;;2
22/06/2019;18:32:00;434;sem vítima;214;BR-101/SC;Sul;Colisão Transversal;1;2;;;;;1
24/06/2019;06:13:00;86;sem vítima;206,392;BR-101/SC;Norte;Colisão Lateral;1;2;;;;;1
24/06/2019;07:41:00;123;sem vítima;192,818;BR-101/SC;Sul;Colisão Lateral;1;2;;;;;1
24/06/2019;08:42:00;152;sem vítima;108,163;BR-101/SC;Sul;Colisão Traseira;3;4;;;;;1
24/06/2019;20:23:00;468;com vítima;208,977;BR-101/SC;Sul;Colisão Lateral;1;1;1;;;;1
24/06/2019;20:53:00;473;com vítima;115,4;BR-101/SC;Sul;Colisão Lateral;1;1;2;;;;1
25/06/2019;06:39:00;122;sem vítima;211,108;BR-101/SC;Norte;Engavetamento;2;3;;;;;1
25/06/2019;15:17:00;366;sem vítima;121,001;BR-101/SC;Sul;Colisão Traseira;2;2;;;;;1
25/06/2019;15:21:00;370;sem vítima;203,583;BR-101/SC;Norte;Colisão Traseira;1;2;;;;;1
25/06/2019;18:03:00;455;sem vítima;44,232;BR-101/SC;Norte;Saida de Pista;1;1;;;;;1
25/06/2019;19:15:00;478;sem vítima;117,01;BR-101/SC;Sul;Colisão Lateral;1;2;;;;;1
26/06/2019;03:41:00;95;com vítima;104,361;BR-101/SC;Sul;Colisão Traseira;1;1;;;;1;3
26/06/2019;08:16:00;189;sem vítima;635,18;BR-376/PR;Norte;Colisão Traseira;1;2;;;;;1
26/06/2019;12:12:00;259;sem vítima;106,661;BR-116/PR;Norte;Saida de Pista;1;1;;;;;1
26/06/2019;12:20:00;261;sem vítima;105,14;BR-116/PR;Sul;Colisão Traseira;2;2;;;;;1
26/06/2019;12:24:00;262;sem vítima;106,661;BR-116/PR;Sul;Colisão Traseira;1;2;;;;;1
26/06/2019;12:38:00;267;sem vítima;207,7;BR-101/SC;Norte;Colisão Lateral;1;2;;;;;1
26/06/2019;12:30:00;273;sem vítima;106,665;BR-116/PR;Sul;Colisão Lateral;1;2;;;;;1
26/06/2019;15:41:00;334;sem vítima;214,709;BR-101/SC;Sul;Choque - Defensa, barreira ou "submarino";2;2;;;;;1
26/06/2019;17:31:00;364;sem vítima;79,376;BR-101/SC;Sul;Colisão Traseira;1;2;;;;;1
26/06/2019;17:47:00;373;sem vítima;679,978;BR-376/PR;Sul;Saida de Pista;1;1;;;;;1
26/06/2019;18:00:00;380;com vítima;105,862;BR-101/SC;Norte;Colisão Traseira;1;1;;;;1;3
26/06/2019;18:18:00;387;sem vítima;153,111;BR-101/SC;Sul;Colisão Lateral;2;2;;;;;1
26/06/2019;18:56:00;404;sem vítima;93,928;BR-116/PR;Norte;Colisão Traseira;2;2;;;;;1
28/06/2019;01:33:00;37;com vítima;12,65;BR-101/SC;Sul;Colisão Traseira;2;1;1;;;;1
28/06/2019;05:48:00;84;sem vítima;90,8;BR-116/PR;Sul;Colisão Traseira;1;2;;;;;1
28/06/2019;06:52:00;105;com vítima;100,8;BR-101/SC;Sul;Colisão Lateral;1;1;;1;;;2
28/06/2019;09:51:00;185;sem vítima;102,12;BR-116/PR;Norte;Colisão Lateral;1;2;;;;;1
28/06/2019;14:55:00;318;com vítima;200,176;BR-101/SC;Sul;Queda de Moto;1;1;;1;;1;3
29/06/2019;06:21:00;98;sem vítima;122,2;BR-101/SC;Sul;Colisão Traseira;2;2;;;;;1
29/06/2019;08:13:00;158;sem vítima;618,419;BR-376/PR;Sul;Colisão Lateral;1;2;;;;;1
29/06/2019;11:48:00;261;com vítima;20,709;BR-101/SC;Sul;Colisão Lateral;1;2;;1;;;2
29/06/2019;15:35:00;353;sem vítima;10,605;BR-101/SC;Norte;Colisão Traseira;1;2;;;;;1
29/06/2019;17:39:00;423;com vítima;652,492;BR-376/PR;Sul;Tombamento;1;0;1;;;;1
30/06/2019;13:29:00;241;com vítima;665,05;BR-376/PR;Sul;Colisão Traseira;1;1;3;1;;;2
30/06/2019;14:11:00;242;sem vítima;157,4;BR-101/SC;Norte;Colisão Traseira;1;2;;;;;1
30/06/2019;16:53:00;314;com vítima;665,05;BR-376/PR;Norte;Colisão Traseira;2;2;;1;1;;2
01/09/2019;13:38:00;186;sem vítima;9,336;BR-101/SC;Norte;Colisão Traseira;2;2;;;;;1
01/09/2019;16:16:00;251;sem vítima;103,818;BR-116/PR;Sul;Colisão Lateral;1;2;;;;;1
01/09/2019;19:27:00;318;com vítima;95,966;BR-116/PR;Sul;Engavetamento;1;2;1;1;;;2
02/09/2019;07:38:00;107;sem vítima;212,537;BR-101/SC;Norte;Colisão Traseira;1;2;;;;;1
02/09/2019;08:43:00;138;sem vítima;655,659;BR-376/PR;Norte;Choque - Defensa, barreira ou "submarino";1;2;;;;;1
02/09/2019;09:16:00;154;sem vítima;120,912;BR-101/SC;Sul;Colisão Traseira;1;2;;;;;1
02/09/2019;12:27:00;224;sem vítima;655,114;BR-376/PR;Norte;Saida de Pista;1;1;;;;;1
02/09/2019;14:51:00;271;com vítima;88,639;BR-116/PR;Sul;Tombamento;1;0;;1;;;2
02/09/2019;18:07:00;360;sem vítima;207,56;BR-101/SC;Norte;Colisão Lateral;1;2;;;;;1
02/09/2019;19:46:00;396;sem vítima;672,821;BR-376/PR;Sul;Choque - Defensa, barreira ou "submarino";1;1;;;;;1
03/09/2019;06:18:00;109;com vítima;210,185;BR-101/SC;Norte;Colisão Lateral;2;3;2;;;;1
03/09/2019;06:48:00;121;sem vítima;615,012;BR-376/PR;Norte;Colisão Traseira;1;2;;;;;1
03/09/2019;10:44:00;227;sem vítima;114,001;BR-101/SC;Norte;Colisão Traseira;2;2;;;;;1
03/09/2019;11:41:00;244;com vítima;200,036;BR-101/SC;Sul;Colisão Lateral;1;1;1;;;;1
03/09/2019;11:59:00;252;sem vítima;116,61;BR-101/SC;Norte;Colisão Traseira;3;3;;;;;1
03/09/2019;13:22:00;286;sem vítima;123,089;BR-101/SC;Sul;Colisão Transversal;1;3;;;;;1
03/09/2019;13:24:00;288;sem vítima;666,307;BR-376/PR;Sul;Colisão Lateral;1;2;;;;;1
03/09/2019;14:47:00;320;sem vítima;632,502;BR-376/PR;Norte;Saida de Pista;1;1;;;;;1
04/09/2019;04:42:00;84;sem vítima;140,01;BR-101/SC;Sul;Colisão Traseira;2;2;;;;;1
04/09/2019;08:00:00;135;sem vítima;119,001;BR-101/SC;Sul;Colisão Traseira;1;2;;;;;1
04/09/2019;10:41:00;196;sem vítima;617,6;BR-376/PR;Norte;Colisão Traseira;3;4;;;;;1
04/09/2019;11:23:00;211;sem vítima;134,9;BR-101/SC;Sul;Engavetamento;1;4;;;;;1
04/09/2019;11:51:00;232;sem vítima;209,8;BR-101/SC;Norte;Colisão Lateral;2;2;;;;;1
04/09/2019;14:21:00;292;sem vítima;214,47;BR-101/SC;Norte;Engavetamento;1;3;;;;;1
05/09/2019;12:07:00;238;sem vítima;79,46;BR-101/SC;Sul;Colisão Traseira;1;2;;;;;1
05/09/2019;12:25:00;241;sem vítima;236,2;BR-101/SC;Sul;Colisão Lateral;1;2;;;;;1
05/09/2019;13:36:00;257;sem vítima;125,35;BR-101/SC;Norte;Colisão Lateral;1;2;;;;;1
05/09/2019;14:49:00;282;sem vítima;107,001;BR-101/SC;Norte;Colisão Traseira;1;2;;;;;1
06/09/2019;03:00:00;61;sem vítima;134,084;BR-101/SC;Norte;Colisão Traseira;2;2;;;;;1
06/09/2019;03:00:00;61;sem vítima;134,084;BR-101/SC;Norte;Colisão Traseira;2;2;;;;;1
06/09/2019;05:21:00;78;sem vítima;107,65;BR-101/SC;Norte;Capotamento;1;2;;;;;1
06/09/2019;05:21:00;78;sem vítima;107,65;BR-101/SC;Norte;Capotamento;1;2;;;;;1
06/09/2019;06:47:00;94;com vítima;147,297;BR-101/SC;Sul;Colisão Traseira;1;1;1;;;;1
06/09/2019;06:47:00;94;com vítima;147,297;BR-101/SC;Sul;Colisão Traseira;1;1;1;;;;1
06/09/2019;07:52:00;122;sem vítima;206,001;BR-101/SC;Norte;Colisão Lateral;1;2;;;;;1
06/09/2019;07:52:00;122;sem vítima;206,001;BR-101/SC;Norte;Colisão Lateral;1;2;;;;;1
06/09/2019;09:34:00;162;sem vítima;665,617;BR-376/PR;Sul;Colisão Traseira;2;2;;;;;1
06/09/2019;09:34:00;162;sem vítima;665,617;BR-376/PR;Sul;Colisão Traseira;2;2;;;;;1
06/09/2019;10:58:00;166;sem vítima;635,18;BR-376/PR;Sul;Colisão Traseira;1;2;;;;;1
06/09/2019;10:58:00;166;sem vítima;635,18;BR-376/PR;Sul;Colisão Traseira;1;2;;;;;1
06/09/2019;11:23:00;205;sem vítima;79,46;BR-101/SC;Sul;Colisão Traseira;1;2;;;;;1
06/09/2019;11:23:00;205;sem vítima;79,46;BR-101/SC;Sul;Colisão Traseira;1;2;;;;;1
06/09/2019;12:42:00;237;sem vítima;1,3;BR-101/SC;Sul;Colisão Traseira;1;2;;;;;1
06/09/2019;12:42:00;237;sem vítima;1,3;BR-101/SC;Sul;Colisão Traseira;1;2;;;;;1
06/09/2019;14:45:00;290;sem vítima;137,001;BR-101/SC;Sul;Colisão Lateral;1;2;;;;;1