data;horario;n_da_ocorrencia;tipo_de_ocorrencia;km;trecho;sentido;tipo_de_acidente;caminhao;ilesos;levemente_feridos;moderadamente_feridos;gravemente_feridos;mortos;3
06/09/2019;14:45:00;290;sem vítima;137,001;BR-101/SC;Sul;Colisão Lateral;1;2;;;;;1
06/09/2019;15:22:00;315;sem vítima;120,7;BR-101/SC;Norte;Saida de Pista;1;2;;;;;1
06/09/2019;15:22:00;315;sem vítima;120,7;BR-101/SC;Norte;Saida de Pista;1;2;;;;;1
06/09/2019;15:39:00;325;sem vítima;111,001;BR-101/SC;Sul;Colisão Traseira;2;3;;;;;1
06/09/2019;15:39:00;325;sem vítima;111,001;BR-101/SC;Sul;Colisão Traseira;2;3;;;;;1
06/09/2019;16:04:00;336;sem vítima;667,3;BR-376/PR;Sul;Colisão Traseira;2;2;;;;;1
06/09/2019;16:04:00;336;sem vítima;667,3;BR-376/PR;Sul;Colisão Traseira;2;2;;;;;1
06/09/2019;16:21:00;350;sem vítima;141,474;BR-101/SC;Sul;Colisão Traseira;1;3;;;;;1
06/09/2019;16:21:00;350;sem vítima;141,474;BR-101/SC;Sul;Colisão Traseira;1;3;;;;;1
06/09/2019;16:29:00;357;sem vítima;161,942;BR-101/SC;Norte;Engavetamento;1;3;;;;;1
06/09/2019;16:29:00;357;sem vítima;161,942;BR-101/SC;Norte;Engavetamento;1;3;;;;;1
06/09/2019;21:20:00;470;sem vítima;193,493;BR-101/SC;Norte;Colisão Traseira;1;2;;;;;1
06/09/2019;21:20:00;470;sem vítima;193,493;BR-101/SC;Norte;Colisão Traseira;1;2;;;;;1
06/09/2019;22:49:00;497;sem vítima;666,001;BR-376/PR;Sul;Colisão Traseira;1;2;;;;;1
06/09/2019;22:49:00;497;sem vítima;666,001;BR-376/PR;Sul;Colisão Traseira;1;2;;;;;1
07/09/2019;09:32:00;166;sem vítima;128,831;BR-101/SC;Sul;Colisão Lateral;1;2;;;;;1
07/09/2019;09:32:00;166;sem vítima;128,831;BR-101/SC;Sul;Colisão Lateral;1;2;;;;;1
07/09/2019;11:05:00;227;sem vítima;675,161;BR-376/PR;Norte;Colisão Traseira;1;2;;;;;1
07/09/2019;11:05:00;227;sem vítima;675,161;BR-376/PR;Norte;Colisão Traseira;1;2;;;;;1
08/09/2019;02:54:00;40;sem vítima;114,08;BR-101/SC;Norte;Atropelamento de Animal;1;1;;;;;1
08/09/2019;05:15:00;77;sem vítima;116,28;BR-101/SC;Sul;Atropelamento de Animal;1;1;;;;;1
08/09/2019;09:02:00;192;com vítima;212,026;BR-101/SC;Sul;Engavetamento;1;5;1;;;;1
08/09/2019;18:25:00;443;sem vítima;665,309;BR-376/PR;Norte;Colisão Traseira;1;2;;;;;1
08/09/2019;19:33:00;470;sem vítima;665,002;BR-376/PR;Sul;Saida de Pista;1;1;;;;;1
08/09/2019;20:54:00;503;sem vítima;213,022;BR-101/SC;Norte;Colisão Lateral;1;2;;;;;1
09/09/2019;13:24:00;293;com vítima;238,576;BR-101/SC;Norte;Colisão Lateral;2;1;1;;;;1
09/09/2019;14:02:00;311;sem vítima;57,696;BR-101/SC;Sul;Colisão Lateral;1;2;;;;;1
09/09/2019;15:59:00;365;sem vítima;207,078;BR-101/SC;Sul;Colisão Traseira;1;2;;;;;1
09/09/2019;16:24:00;381;sem vítima;45,313;BR-101/SC;Sul;Colisão Traseira;1;2;;;;;1
09/09/2019;17:08:00;405;com vítima;133,001;BR-101/SC;Norte;Colisão Lateral;1;1;1;1;;;2
09/09/2019;18:10:00;445;sem vítima;121,06;BR-101/SC;Sul;Colisão Traseira;1;2;;;;;1
09/09/2019;20:22:00;487;com vítima;42,001;BR-101/SC;Sul;Colisão Traseira;1;1;1;;;;1
10/09/2019;00:43:00;24;com vítima;82,23;BR-116/PR;Norte;Colisão Traseira;2;1;;1;;;2
10/09/2019;04:14:00;81;sem vítima;614,761;BR-376/PR;Norte;Colisão Lateral;2;2;;;;;1
10/09/2019;07:33:00;144;sem vítima;200,912;BR-101/SC;Sul;Colisão Lateral;1;2;;;;;1
10/09/2019;11:10:00;257;sem vítima;44,79;BR-101/SC;Sul;Colisão Lateral;1;2;;;;;1
10/09/2019;11:25:00;260;sem vítima;30,029;BR-101/SC;Sul;Colisão Traseira;1;2;;;;;1
10/09/2019;11:27:00;264;com vítima;171,71;BR-101/SC;Sul;Engavetamento;3;2;1;;;;1
10/09/2019;20:00:00;485;sem vítima;214,334;BR-101/SC;Sul;Colisão Lateral;1;2;;;;;1
11/09/2019;00:12:00;10;sem vítima;138,56;BR-101/SC;Sul;Tombamento;1;1;;;;;1
11/09/2019;05:34:00;102;sem vítima;140,1;BR-101/SC;Sul;Colisão Traseira;1;2;;;;;1
11/09/2019;10:19:00;225;sem vítima;666,5;BR-376/PR;Sul;Colisão Lateral;1;2;;;;;1
11/09/2019;11:51:00;279;com vítima;136,987;BR-101/SC;Norte;Colisão Traseira;1;1;1;;;;1
11/09/2019;12:17:00;289;sem vítima;145,18;BR-101/SC;Norte;Incêndio;2;2;;;;;1
11/09/2019;13:38:00;329;sem vítima;132,808;BR-101/SC;Sul;Choque - Objeto não identificado;2;4;;;;;1
11/09/2019;14:05:00;342;com vítima;43,001;BR-101/SC;Sul;Capotamento;1;1;1;;;;1
11/09/2019;15:02:00;369;sem vítima;93,613;BR-116/PR;Norte;Colisão Traseira;1;2;;;;;1
11/09/2019;20:46:00;507;sem vítima;189,952;BR-101/SC;Sul;Colisão Traseira;1;2;;;;;1
12/09/2019;09:58:00;195;sem vítima;151,001;BR-101/SC;Sul;Colisão Lateral;2;2;;;;;1
12/09/2019;14:50:00;326;com vítima;119,1;BR-101/SC;Norte;Colisão Lateral;1;1;1;;;;1
12/09/2019;17:45:00;418;sem vítima;114,959;BR-101/SC;Sul;Colisão Traseira;1;1;;;;;1
13/09/2019;05:23:00;39;sem vítima;79,348;BR-101/SC;Sul;Choque - Defensa, barreira ou "submarino";1;1;;;;;1
13/09/2019;10:24:00;183;sem vítima;131,001;BR-101/SC;Norte;Colisão Traseira;1;2;;;;;1
13/09/2019;11:35:00;208;sem vítima;213,28;BR-101/SC;Sul;Colisão Lateral;1;2;;;;;1
13/09/2019;15:23:00;295;sem vítima;666,2;BR-376/PR;Sul;Colisão Traseira;2;2;;;;;1
14/09/2019;07:59:00;153;sem vítima;229,066;BR-101/SC;Norte;Colisão Traseira;1;2;;;;;1
14/09/2019;08:54:00;180;com vítima;33,501;BR-101/SC;Sul;Colisão Traseira;1;2;1;;;;1
14/09/2019;08:55:00;182;sem vítima;111,001;BR-101/SC;Sul;Colisão Traseira;2;2;;;;;1
14/09/2019;08:59:00;187;sem vítima;614,743;BR-376/PR;Norte;Colisão Lateral;1;3;;;;;1
14/09/2019;09:35:00;207;sem vítima;27,005;BR-101/SC;Sul;Engavetamento;1;3;;;;;1
14/09/2019;11:44:00;241;sem vítima;24,753;BR-101/SC;Sul;Engavetamento;1;3;;;;;1
15/09/2019;13:57:00;260;sem vítima;79,001;BR-101/SC;Norte;Colisão Traseira;1;2;;;;;1
15/09/2019;14:38:00;279;sem vítima;212,679;BR-101/SC;Sul;Colisão Lateral;1;2;;;;;1
15/09/2019;15:57:00;316;com vítima;203,371;BR-101/SC;Sul;Colisão Traseira;1;2;1;;;;1
15/09/2019;23:32:00;480;sem vítima;616,012;BR-376/PR;Sul;Colisão Lateral;1;2;;;;;1
16/09/2019;03:24:00;78;sem vítima;2,447;BR-101/SC;Sul;Tombamento;1;1;;;;;1
16/09/2019;06:59:00;119;sem vítima;48,685;BR-101/SC;Norte;Colisão Traseira;1;2;;;;;1
16/09/2019;07:22:00;128;sem vítima;102,989;BR-116/PR;Sul;Colisão Traseira;2;2;;;;;1
16/09/2019;07:34:00;134;com vítima;101,161;BR-116/PR;Sul;Colisão Lateral;1;2;1;;;;1
16/09/2019;08:21:00;160;sem vítima;101,161;BR-116/PR;Sul;Colisão Lateral;1;2;;;;;1
16/09/2019;10:27:00;223;sem vítima;97,1;BR-101/SC;Sul;Saida de Pista;1;1;;;;;1
16/09/2019;14:26:00;306;sem vítima;208,954;BR-101/SC;Norte;Colisão Transversal;1;2;;;;;1
16/09/2019;16:22:00;371;sem vítima;205,001;BR-101/SC;Norte;Colisão Lateral;1;2;;;;;1
16/09/2019;17:45:00;414;sem vítima;192,277;BR-101/SC;Norte;Colisão Lateral;1;2;;;;;1
17/09/2019;09:09:00;170;sem vítima;113,5;BR-101/SC;Sul;Colisão Lateral;1;2;;;;;1
17/09/2019;14:43:00;304;sem vítima;667,001;BR-376/PR;Sul;Choque - Defensa, barreira ou "submarino";1;1;;;;;1
17/09/2019;16:23:00;362;sem vítima;199,7;BR-101/SC;Sul;Colisão Transversal;1;2;;;;;1
17/09/2019;16:52:00;371;sem vítima;633,299;BR-376/PR;Sul;Colisão Traseira;2;2;;;;;1
17/09/2019;17:28:00;389;com vítima;119,5;BR-101/SC;Sul;Colisão Lateral;1;1;1;;;;1
17/09/2019;18:15:00;404;sem vítima;101,8;BR-116/PR;Sul;Engavetamento;1;3;;;;;1
18/09/2019;00:22:00;15;sem vítima;192,001;BR-101/SC;Sul;Choque - Suporte de Sinalização;1;1;;;;;1
18/09/2019;07:22:00;129;sem vítima;192,033;BR-101/SC;Norte;Colisão Traseira;1;2;;;;;1
18/09/2019;07:53:00;147;sem vítima;215,593;BR-101/SC;Norte;Colisão Lateral;1;2;;;;;1
18/09/2019;14:06:00;286;com vítima;6,01;BR-101/SC;Norte;Saida de Pista;1;0;1;;;;1
18/09/2019;15:14:00;309;sem vítima;242,99;BR-101/SC;Norte;Colisão Lateral;1;2;;;;;1
18/09/2019;18:49:00;394;sem vítima;208,975;BR-101/SC;Sul;Colisão Traseira;1;2;;;;;1
19/09/2019;13:17:00;247;sem vítima;201,7;BR-101/SC;Sul;Engavetamento;2;3;;;;;1
19/09/2019;14:58:00;281;sem vítima;158,152;BR-101/SC;Sul;Colisão Lateral;2;2;;;;;1
19/09/2019;16:39:00;336;sem vítima;213,198;BR-101/SC;Sul;Colisão Lateral;1;2;;;;;1
19/09/2019;19:16:00;395;sem vítima;210,7;BR-101/SC;Norte;Colisão Traseira;1;2;;;;;1
19/09/2019;20:00:00;410;com vítima;220,072;BR-101/SC;Norte;Saida de Pista;1;1;1;;;;1
19/09/2019;20:08:00;412;com vítima;89,12;BR-101/SC;Sul;Colisão Lateral;1;1;1;;;;1
20/09/2019;08:28:00;142;sem vítima;108,12;BR-116/PR;Norte;Colisão Lateral;2;3;;;;;1
20/09/2019;09:03:00;164;com vítima;103,7;BR-101/SC;Norte;Colisão Traseira;1;2;1;;;;1
20/09/2019;11:11:00;216;sem vítima;108,12;BR-116/PR;Sul;Colisão Traseira;2;2;;;;;1
20/09/2019;12:50:00;248;sem vítima;153,78;BR-101/SC;Norte;Tombamento;1;1;;;;;1
20/09/2019;12:56:00;252;sem vítima;102,12;BR-116/PR;Sul;Colisão Traseira;1;2;;;;;1
20/09/2019;14:15:00;283;sem vítima;127,001;BR-101/SC;Sul;Colisão Traseira;1;2;;;;;1
20/09/2019;20:33:00;432;sem vítima;208,011;BR-101/SC;Norte;Colisão Lateral;1;2;;;;;1
20/09/2019;21:59:00;456;sem vítima;651,2;BR-376/PR;Norte;Saida de Pista;1;2;;;;;1
21/09/2019;06:37:00;107;sem vítima;49,07;BR-101/SC;Norte;Colisão Frontal;1;2;;;;;1
21/09/2019;09:17:00;182;sem vítima;624,101;BR-376/PR;Norte;Saida de Pista;1;1;;;;;1
22/09/2019;13:48:00;239;com vítima;74,001;BR-101/SC;Norte;Colisão Traseira;1;1;1;;;;1
22/09/2019;20:19:00;386;sem vítima;38,5;BR-101/SC;Sul;Colisão Traseira;1;2;;;;;1
22/09/2019;20:29:00;392;sem vítima;61,001;BR-101/SC;Sul;Colisão Traseira;1;2;;;;;1
22/09/2019;21:16:00;410;com vítima;18,001;BR-101/SC;Sul;Colisão Traseira;1;1;;1;;;2
23/09/2019;02:42:00;41;sem vítima;84,888;BR-101/SC;Sul;Tombamento;1;2;;;;;1
23/09/2019;07:10:00;74;sem vítima;124,566;BR-101/SC;Norte;Colisão Traseira;1;2;;;;;1
23/09/2019;09:16:00;129;sem vítima;104,001;BR-116/PR;Sul;Colisão Lateral;1;2;;;;;1
23/09/2019;09:38:00;139;sem vítima;203,043;BR-101/SC;Sul;Colisão Traseira;1;2;;;;;1
23/09/2019;18:20:00;357;sem vítima;60,375;BR-101/SC;Sul;Colisão Traseira;1;2;;;;;1
24/09/2019;00:25:00;14;com vítima;652,12;BR-376/PR;Norte;Colisão Traseira;2;1;;1;;;2
24/09/2019;02:49:00;54;sem vítima;90,01;BR-116/PR;Sul;Saida de Pista;1;1;;;;;1
24/09/2019;04:45:00;78;sem vítima;78,3;BR-116/PR;Sul;Atropelamento de Animal;1;1;;;;;1
24/09/2019;08:28:00;159;sem vítima;665,9;BR-376/PR;Sul;Colisão Traseira;2;2;;;;;1
24/09/2019;08:54:00;170;sem vítima;114,6;BR-116/PR;Sul;Engavetamento;3;4;;;;;1
24/09/2019;15:23:00;323;sem vítima;21,525;BR-101/SC;Sul;Colisão Traseira;1;2;;;;;1
24/09/2019;17:28:00;406;sem vítima;206,865;BR-101/SC;Norte;Colisão Frontal;1;2;;;;;1
24/09/2019;18:15:00;427;sem vítima;84,001;BR-116/PR;Norte;Saida de Pista;1;1;;;;;1
24/09/2019;18:16:00;429;com vítima;202,751;BR-101/SC;Norte;Colisão Traseira;1;1;1;;;;1
24/09/2019;20:23:00;471;sem vítima;37,72;BR-101/SC;Norte;Colisão Traseira;1;2;;;;;1
25/09/2019;00:31:00;9;sem vítima;157,4;BR-101/SC;Norte;Colisão Traseira;2;2;;;;;1
25/09/2019;07:36:00;114;sem vítima;37,333;BR-101/SC;Norte;Engavetamento;1;3;;;;;1
25/09/2019;08:21:00;142;sem vítima;668,132;BR-376/PR;Sul;Colisão Traseira;2;2;;;;;1
25/09/2019;08:30:00;147;sem vítima;40,949;BR-101/SC;Norte;Engavetamento;1;3;;;;;1
25/09/2019;10:02:00;185;com vítima;204,9;BR-101/SC;Norte;Engavetamento;2;2;1;;;;1
25/09/2019;12:31:00;253;sem vítima;617,8;BR-376/PR;Sul;Colisão Traseira;1;1;;;;;1
25/09/2019;15:28:00;331;com vítima;203,219;BR-101/SC;Norte;Colisão Lateral;1;2;1;;;;1
26/09/2019;05:13:00;73;com vítima;667,665;BR-376/PR;Sul;Tombamento;1;0;2;;;;1
26/09/2019;10:46:00;222;com vítima;136,95;BR-101/SC;Sul;Engavetamento;1;3;1;2;;;2
26/09/2019;11:37:00;246;com vítima;48,211;BR-101/SC;Norte;Colisão Lateral;2;2;;1;;;2
26/09/2019;12:13:00;261;sem vítima;233,3;BR-101/SC;Norte;Choque - Defensa, barreira ou "submarino";1;1;;;;;1
26/09/2019;15:17:00;335;sem vítima;40,243;BR-101/SC;Sul;Colisão Traseira;2;5;;;;;1
26/09/2019;17:17:00;403;sem vítima;205,3;BR-101/SC;Sul;Colisão Traseira;1;2;;;;;1
27/09/2019;04:52:00;90;sem vítima;91,1;BR-101/SC;Sul;Choque - Defensa, barreira ou "submarino";1;1;;;;;1
27/09/2019;07:25:00;128;sem vítima;207,893;BR-101/SC;Norte;Colisão Transversal;2;3;;;;;1
27/09/2019;07:25:00;129;com vítima;102,917;BR-116/PR;Sul;Colisão Traseira;1;2;1;;;;1
27/09/2019;07:28:00;131;com vítima;142,201;BR-101/SC;Sul;Colisão Frontal;1;1;;1;;;2
27/09/2019;08:41:00;162;com vítima;216,4;BR-101/SC;Norte;Colisão Traseira;1;1;1;;;;1
27/09/2019;14:56:00;330;sem vítima;212,956;BR-101/SC;Norte;Colisão Traseira;1;2;;;;;1
27/09/2019;16:56:00;395;com vítima;648,086;BR-376/PR;Norte;Colisão Traseira;2;1;;1;;;2
27/09/2019;20:15:00;481;sem vítima;665,234;BR-376/PR;Norte;Saida de Pista;1;1;;;;;1
28/09/2019;05:19:00;84;sem vítima;103,5;BR-116/PR;Norte;Colisão Traseira;1;1;;;;;1
28/09/2019;13:23:00;280;sem vítima;39,67;BR-101/SC;Norte;Colisão Lateral;1;2;;;;;1
28/09/2019;17:59:00;419;sem vítima;204,7;BR-101/SC;Sul;Colisão Lateral;1;2;;;;;1
29/09/2019;23:24:00;478;sem vítima;649,001;BR-376/PR;Norte;Colisão Traseira;1;2;;;;;1
30/09/2019;06:53:00;82;com vítima;110,6;BR-116/PR;Sul;Engavetamento;1;2;1;;;;1
30/09/2019;08:25:00;127;sem vítima;174,569;BR-101/SC;Norte;Colisão Transversal;1;2;;;;;1
30/09/2019;08:41:00;141;sem vítima;117,407;BR-101/SC;Sul;Colisão Traseira;1;2;;;;;1
30/09/2019;09:31:00;157;sem vítima;157,73;BR-101/SC;Sul;Colisão Traseira;2;2;;;;;1
30/09/2019;09:50:00;166;sem vítima;242,985;BR-101/SC;Norte;Colisão Lateral;1;2;;;;;1
30/09/2019;12:20:00;227;sem vítima;664,846;BR-376/PR;Sul;Choque - Talude;1;1;;;;;1
30/09/2019;16:49:00;339;sem vítima;108,619;BR-116/PR;Sul;Engavetamento;2;3;;;;;1
30/09/2019;17:29:00;355;sem vítima;222,001;BR-101/SC;Sul;Colisão Traseira;1;2;;;;;1
30/09/2019;19:04:00;380;sem vítima;95,85;BR-116/PR;Sul;Colisão Traseira;1;2;;;;;1
30/09/2019;19:43:00;393;sem vítima;50,001;BR-101/SC;Sul;Colisão Traseira;2;2;;;;;1
30/09/2019;23:21:00;460;sem vítima;231,4;BR-101/SC;Sul;Tombamento;1;1;;;;;1
01/10/2019;11:44:00;237;sem vítima;234,688;BR-101/SC;Norte;Colisão Lateral;1;2;;;;;1
01/10/2019;15:58:00;352;com vítima;211,367;BR-101/SC;Norte;Colisão Traseira;1;1;1;;;;1
01/10/2019;18:16:00;441;com vítima;104,812;BR-116/PR;Sul;Engavetamento;2;1;6;;;;1
01/10/2019;21:51:00;520;sem vítima;103,01;BR-101/SC;Norte;Atropelamento de Animal;1;1;;;;;1
02/10/2019;02:10:00;44;sem vítima;211,95;BR-101/SC;Sul;Colisão Traseira;1;2;;;;;1
02/10/2019;05:36:00;79;sem vítima;125,001;BR-101/SC;Sul;Saida de Pista;1;1;;;;;1
02/10/2019;09:15:00;183;sem vítima;207,776;BR-101/SC;Norte;Colisão Traseira;1;2;;;;;1
02/10/2019;09:45:00;206;sem vítima;625,757;BR-376/PR;Sul;Tombamento;1;1;;;;;1
02/10/2019;10:55:00;252;sem vítima;650,792;BR-376/PR;Sul;Saida de Pista;1;1;;;;;1
02/10/2019;11:09:00;263;com vítima;668,517;BR-376/PR;Sul;Colisão Traseira;3;2;1;;;;1
02/10/2019;12:16:00;288;com vítima;137,289;BR-101/SC;Sul;Colisão Traseira;1;1;2;1;;;2
02/10/2019;16:31:00;402;sem vítima;119,969;BR-101/SC;Norte;Colisão Traseira;1;2;;;;;1
02/10/2019;22:19:00;542;sem vítima;663,3;BR-376/PR;Sul;Colisão Lateral;2;2;;;;;1
03/10/2019;01:39:00;30;sem vítima;668,529;BR-376/PR;Sul;Saida de Pista;1;3;;;;;1
03/10/2019;09:02:00;137;sem vítima;59,6;BR-101/SC;Norte;Choque - Defensa, barreira ou "submarino";1;1;;;;;1
03/10/2019;13:28:00;251;sem vítima;201,475;BR-101/SC;Sul;Colisão Traseira;1;2;;;;;1
03/10/2019;13:59:00;257;com vítima;106,93;BR-116/PR;Sul;Saida de Pista;1;0;2;;;;1
03/10/2019;15:31:00;285;sem vítima;242,856;BR-101/SC;Sul;Colisão Lateral;1;2;;;;;1
03/10/2019;18:00:00;353;com vítima;209,51;BR-101/SC;Sul;Colisão Lateral;1;1;1;;;;1
03/10/2019;21:17:00;424;com vítima;670,694;BR-376/PR;Norte;Colisão Traseira;1;1;;1;;;2
03/10/2019;22:08:00;442;sem vítima;47,261;BR-101/SC;Sul;Colisão Traseira;2;2;;;;;1
03/10/2019;22:36:00;448;sem vítima;671,7;BR-376/PR;Sul;Saida de Pista;1;1;;;;;1
04/10/2019;02:42:00;48;com vítima;106,002;BR-116/PR;Sul;Colisão Traseira;1;1;1;;;;1
04/10/2019;05:37:00;76;sem vítima;168,907;BR-101/SC;Norte;Colisão Traseira;1;2;;;;;1
04/10/2019;20:07:00;453;sem vítima;68,16;BR-101/SC;Sul;Saida de Pista;1;1;;;;;1
04/10/2019;23:19:00;516;sem vítima;134,001;BR-101/SC;Sul;Engavetamento;1;3;;;;;1
04/10/2019;23:39:00;517;sem vítima;48,8;BR-101/SC;Norte;Colisão Lateral;1;2;;;;;1
05/10/2019;06:37:00;98;sem vítima;123,81;BR-101/SC;Sul;Colisão Lateral;1;2;;;;;1
05/10/2019;21:56:00;514;sem vítima;221,847;BR-101/SC;Sul;Colisão Traseira;1;2;;;;;1
06/10/2019;01:22:00;35;sem vítima;230,415;BR-101/SC;Sul;Saida de Pista;1;1;;;;;1
06/10/2019;17:41:00;364;sem vítima;111,386;BR-116/PR;Sul;Colisão Traseira;1;2;;;;;1
06/10/2019;19:10:00;401;sem vítima;668,547;BR-376/PR;Norte;Colisão Lateral;1;3;;;;;1
06/10/2019;19:11:00;402;sem vítima;138,496;BR-101/SC;Norte;Saida de Pista;1;1;;;;;1
06/10/2019;21:55:00;451;sem vítima;104,3;BR-116/PR;Sul;Colisão Lateral;1;2;;;;;1
07/10/2019;03:43:00;53;sem vítima;193,114;BR-101/SC;Norte;Tombamento;1;1;;;;;1
07/10/2019;07:48:00;103;com vítima;216,426;BR-101/SC;Norte;Queda de Moto;1;2;1;;;;1
07/10/2019;08:40:00;125;sem vítima;79,46;BR-101/SC;Norte;Colisão Traseira;1;2;;;;;1
07/10/2019;08:40:00;127;sem vítima;660,478;BR-376/PR;Norte;Colisão Traseira;2;3;;;;;1
07/10/2019;08:42:00;129;sem vítima;115,353;BR-101/SC;Sul;Choque - Defensa, barreira ou "submarino";1;1;;;;;1
07/10/2019;09:08:00;140;sem vítima;141,563;BR-101/SC;Sul;Colisão Lateral;1;2;;;;;1
07/10/2019;09:58:00;160;sem vítima;174,001;BR-101/SC;Sul;Tombamento;1;1;;;;;1
07/10/2019;16:20:00;291;sem vítima;103,002;BR-116/PR;Norte;Colisão Traseira;2;2;;;;;1
07/10/2019;19:05:00;351;sem vítima;203,001;BR-101/SC;Norte;Engavetamento;1;4;;;;;1
08/10/2019;07:14:00;123;sem vítima;665,073;BR-376/PR;Sul;Colisão Traseira;2;2;;;;;1
08/10/2019;07:17:00;124;com vítima;130,772;BR-101/SC;Norte;Colisão Lateral;1;8;;;;1;3
08/10/2019;08:33:00;156;sem vítima;157,73;BR-101/SC;Sul;Engavetamento;1;3;;;;;1
08/10/2019;09:42:00;186;sem vítima;671,5;BR-376/PR;Sul;Saida de Pista;1;1;;;;;1
08/10/2019;11:44:00;256;sem vítima;114,747;BR-116/PR;Norte;Saida de Pista;1;1;;;;;1
08/10/2019;13:13:00;287;sem vítima;617,944;BR-376/PR;Norte;Saida de Pista;1;1;;;;;1
08/10/2019;15:50:00;389;sem vítima;114,001;BR-101/SC;Sul;Choque - Poste;1;2;;;;;1
08/10/2019;17:19:00;419;sem vítima;102,2;BR-116/PR;Norte;Colisão Lateral;1;2;;;;;1
08/10/2019;17:41:00;438;sem vítima;671,7;BR-376/PR;Sul;Saida de Pista;1;1;;;;;1
08/10/2019;17:44:00;439;sem vítima;204,001;BR-101/SC;Norte;Colisão Traseira;1;2;;;;;1
08/10/2019;19:35:00;475;sem vítima;128,98;BR-101/SC;Sul;Colisão Traseira;1;4;;;;;1
09/10/2019;06:53:00;114;sem vítima;175,02;BR-101/SC;Norte;Tombamento;1;1;;;;;1
09/10/2019;07:22:00;125;sem vítima;92,265;BR-101/SC;Norte;Colisão Traseira;1;4;;;;;1
09/10/2019;13:18:00;288;sem vítima;208,34;BR-101/SC;Sul;Colisão Traseira;1;3;;;;;1
09/10/2019;14:04:00;304;sem vítima;669,214;BR-376/PR;Sul;Colisão Lateral;2;4;;;;;1
09/10/2019;15:26:00;361;sem vítima;102,001;BR-116/PR;Sul;Colisão Traseira;1;2;;;;;1
10/10/2019;14:07:00;320;sem vítima;204,5;BR-101/SC;Norte;Saida de Pista;1;3;;;;;1
10/10/2019;14:07:00;321;sem vítima;671,7;BR-376/PR;Norte;Saida de Pista;1;1;;;;;1
10/10/2019;15:36:00;372;sem vítima;116,5;BR-101/SC;Norte;Colisão Traseira;1;2;;;;;1
10/10/2019;17:34:00;466;com vítima;206,102;BR-101/SC;Sul;Colisão Traseira;1;3;;1;;;2
11/10/2019;07:05:00;109;sem vítima;639,8;BR-376/PR;Sul;Choque - Defensa, barreira ou "submarino";1;2;;;;;1
11/10/2019;07:21:00;120;sem vítima;667,1;BR-376/PR;Sul;Choque - Objeto sobre a pista;2;2;;;;;1
11/10/2019;11:15:00;247;sem vítima;118,35;BR-101/SC;Sul;Colisão Traseira;1;2;;;;;1
11/10/2019;12:05:00;270;sem vítima;101,605;BR-116/PR;Sul;Colisão Traseira;1;2;;;;;1
11/10/2019;12:46:00;288;sem vítima;141,001;BR-101/SC;Sul;Colisão Lateral;1;2;;;;;1
11/10/2019;19:59:00;518;sem vítima;208,711;BR-101/SC;Norte;Colisão Traseira;1;2;;;;;1
12/10/2019;00:25:00;14;com vítima;66,497;BR-101/SC;Norte;Colisão Traseira;1;1;1;;;;1
12/10/2019;15:13:00;398;sem vítima;671,006;BR-376/PR;Sul;Colisão Lateral;1;2;;;;;1
12/10/2019;16:11:00;438;com vítima;57,864;BR-101/SC;Sul;Colisão Traseira;1;2;;2;;;2
13/10/2019;11:33:00;230;com vítima;136,844;BR-101/SC;Norte;Colisão Frontal;1;2;1;;;;1
13/10/2019;16:29:00;395;sem vítima;663,002;BR-376/PR;Norte;Choque - Defensa, barreira ou "submarino";1;1;;;;;1
13/10/2019;16:52:00;408;sem vítima;87,001;BR-101/SC;Norte;Colisão Traseira;1;2;;;;;1
13/10/2019;19:41:00;493;sem vítima;665,466;BR-376/PR;Sul;Colisão Traseira;2;2;;;;;1
14/10/2019;00:32:00;18;com vítima;71,723;BR-101/SC;Norte;Colisão Traseira;1;2;1;;;;1
14/10/2019;00:43:00;24;sem vítima;220,192;BR-101/SC;Sul;Colisão Lateral;1;4;;;;;1
14/10/2019;01:12:00;31;com vítima;55,291;BR-101/SC;Norte;Colisão Traseira;1;1;2;1;2;;2
14/10/2019;05:11:00;86;sem vítima;175,516;BR-101/SC;Norte;Saida de Pista;1;1;;;;;1
14/10/2019;05:42:00;93;com vítima;667,5;BR-376/PR;Norte;Engavetamento;2;3;2;;;;1
14/10/2019;06:36:00;104;sem vítima;215,001;BR-101/SC;Norte;Colisão Traseira;1;2;;;;;1
14/10/2019;11:40:00;224;sem vítima;121,964;BR-101/SC;Norte;Colisão Lateral;1;3;;;;;1
14/10/2019;11:46:00;227;sem vítima;110,77;BR-101/SC;Sul;Tombamento;1;1;;;;;1
14/10/2019;12:43:00;243;com vítima;158,975;BR-101/SC;Norte;Colisão Lateral;1;1;1;;;;1
14/10/2019;17:28:00;385;sem vítima;103,5;BR-116/PR;Sul;Colisão Lateral;1;2;;;;;1
14/10/2019;20:57:00;470;sem vítima;197,382;BR-101/SC;Norte;Colisão Lateral;1;2;;;;;1
14/10/2019;21:31:00;479;sem vítima;615,101;BR-376/PR;Norte;Colisão Traseira;1;3;;;;;1
14/10/2019;22:33:00;495;sem vítima;647,3;BR-376/PR;Norte;Saida de Pista;1;1;;;;;1
14/10/2019;23:23:00;521;sem vítima;184,895;BR-101/SC;Norte;Colisão Traseira;1;2;;;;;1
15/10/2019;05:38:00;84;sem vítima;616,5;BR-376/PR;Norte;Queda de Moto;1;2;;;;;1
15/10/2019;06:45:00;96;sem vítima;150,913;BR-101/SC;Sul;Colisão Lateral;2;3;;;;;1
15/10/2019;07:55:00;126;sem vítima;216,645;BR-101/SC;Sul;Colisão Traseira;1;2;;;;;1