data;horario;n_da_ocorrencia;tipo_de_ocorrencia;km;trecho;sentido;tipo_de_acidente;caminhao;ilesos;levemente_feridos;moderadamente_feridos;gravemente_feridos;mortos;3
15/10/2019;09:25:00;155;sem vítima;138,744;BR-101/SC;Norte;Engavetamento;1;4;;;;;1
15/10/2019;11:26:00;222;sem vítima;129,5;BR-101/SC;Norte;Choque - Defensa, barreira ou "submarino";1;1;;;;;1
15/10/2019;12:09:00;239;com vítima;204,609;BR-101/SC;Norte;Queda de Moto;1;1;1;;;;1
15/10/2019;12:31:00;251;com vítima;68,623;BR-101/SC;Norte;Saida de Pista;1;2;1;;;;1
15/10/2019;13:21:00;267;sem vítima;89,974;BR-101/SC;Norte;Colisão Lateral;1;2;;;;;1
15/10/2019;14:02:00;285;sem vítima;48,002;BR-101/SC;Norte;Saida de Pista;1;1;;;;;1
15/10/2019;16:56:00;348;sem vítima;207,001;BR-101/SC;Sul;Colisão Traseira;1;2;;;;;1
15/10/2019;17:32:00;367;com vítima;110,5;BR-116/PR;Sul;Saida de Pista;1;1;1;;;;1
15/10/2019;18:40:00;391;sem vítima;60,38;BR-101/SC;Norte;Engavetamento;2;3;;;;;1
15/10/2019;22:45:00;451;sem vítima;94,1;BR-101/SC;Norte;Colisão Lateral;1;2;;;;;1
16/10/2019;01:15:00;23;sem vítima;204,001;BR-101/SC;Sul;Colisão Lateral;1;2;;;;;1
16/10/2019;07:10:00;80;sem vítima;79,4;BR-101/SC;Norte;Colisão Traseira;1;2;;;;;1
16/10/2019;07:06:00;98;com vítima;122,2;BR-101/SC;Sul;Colisão Traseira;1;1;1;;;;1
16/10/2019;09:08:00;166;sem vítima;14,633;BR-101/SC;Norte;Choque - Defensa, barreira ou "submarino";1;2;;;;;1
16/10/2019;10:00:00;186;com vítima;670,891;BR-376/PR;Sul;Colisão Traseira;2;2;2;;;;1
16/10/2019;12:08:00;241;sem vítima;202,334;BR-101/SC;Sul;Colisão Traseira;1;2;;;;;1
16/10/2019;12:12:00;242;sem vítima;635,18;BR-376/PR;Norte;Colisão Traseira;1;2;;;;;1
16/10/2019;12:09:00;255;sem vítima;201,334;BR-101/SC;Sul;Colisão Traseira;2;2;;;;;1
16/10/2019;13:55:00;281;sem vítima;14,543;BR-101/SC;Norte;Colisão Traseira;3;3;;;;;1
16/10/2019;14:12:00;290;sem vítima;41,5;BR-101/SC;Norte;Colisão Traseira;2;2;;;;;1
16/10/2019;16:34:00;361;sem vítima;15,2;BR-101/SC;Norte;Colisão Traseira;2;2;;;;;1
16/10/2019;16:35:00;362;sem vítima;631,02;BR-376/PR;Sul;Colisão Lateral;1;2;;;;;1
16/10/2019;18:29:00;420;sem vítima;157,4;BR-101/SC;Sul;Colisão Traseira;1;2;;;;;1
17/10/2019;01:43:00;35;sem vítima;89,8;BR-116/PR;Sul;Saida de Pista;1;1;;;;;1
17/10/2019;08:30:00;145;sem vítima;191,111;BR-101/SC;Sul;Capotamento;2;3;;;;;1
17/10/2019;10:22:00;208;sem vítima;45,366;BR-101/SC;Norte;Colisão Traseira;1;2;;;;;1
17/10/2019;13:26:00;304;com vítima;206,765;BR-101/SC;Sul;Saida de Pista;1;1;1;;;;1
17/10/2019;17:26:00;399;sem vítima;106,001;BR-116/PR;Sul;Engavetamento;1;3;;;;;1
18/10/2019;06:45:00;93;sem vítima;667,742;BR-376/PR;Sul;Colisão Traseira;2;2;;;;;1
18/10/2019;06:56:00;99;sem vítima;667,097;BR-376/PR;Sul;Engavetamento;1;3;;;;;1
18/10/2019;09:22:00;160;sem vítima;664,499;BR-376/PR;Sul;Saida de Pista;1;1;;;;;1
18/10/2019;10:45:00;195;sem vítima;123,6;BR-101/SC;Sul;Engavetamento;2;3;;;;;1
18/10/2019;10:53:00;199;sem vítima;663,433;BR-376/PR;Sul;Colisão Lateral;1;2;;;;;1
18/10/2019;11:28:00;212;sem vítima;38,98;BR-101/SC;Sul;Colisão Lateral;1;2;;;;;1
18/10/2019;12:04:00;228;sem vítima;132,622;BR-101/SC;Norte;Colisão Traseira;1;2;;;;;1
18/10/2019;12:51:00;247;sem vítima;124,62;BR-101/SC;Norte;Colisão Traseira;2;2;;;;;1
18/10/2019;16:07:00;362;com vítima;119,583;BR-101/SC;Norte;Colisão Lateral;1;1;1;;;;1
18/10/2019;17:23:00;408;sem vítima;93,458;BR-116/PR;Norte;Colisão Lateral;1;2;;;;;1
18/10/2019;19:26:00;466;com vítima;103,714;BR-116/PR;Sul;Colisão Traseira;2;1;;;1;;2
19/10/2019;02:07:00;25;sem vítima;670,8;BR-376/PR;Norte;Tombamento;1;1;;;;;1
19/10/2019;06:13:00;61;sem vítima;121,123;BR-101/SC;Sul;Colisão Traseira;1;2;;;;;1
19/10/2019;10:28:00;180;sem vítima;635,18;BR-376/PR;Norte;Colisão Lateral;1;2;;;;;1
20/10/2019;09:07:00;155;com vítima;109,001;BR-116/PR;Norte;Colisão Traseira;1;2;;;1;;2
20/10/2019;11:39:00;226;sem vítima;87,2;BR-101/SC;Norte;Colisão Traseira;1;2;;;;;1
20/10/2019;17:06:00;351;sem vítima;212,001;BR-101/SC;Norte;Colisão Lateral;1;2;;;;;1
21/10/2019;07:45:00;110;com vítima;111,3;BR-101/SC;Sul;Colisão Lateral;1;1;1;;;;1
21/10/2019;09:04:00;131;sem vítima;213,8;BR-101/SC;Norte;Engavetamento;1;4;;;;;1
21/10/2019;17:08:00;340;sem vítima;671,7;BR-376/PR;Sul;Saida de Pista;1;1;;;;;1
22/10/2019;07:41:00;149;sem vítima;39,7;BR-101/SC;Norte;Colisão Traseira;1;2;;;;;1
22/10/2019;09:54:00;210;sem vítima;671,5;BR-376/PR;Sul;Colisão Traseira;1;2;;;;;1
22/10/2019;11:41:00;255;sem vítima;98,083;BR-101/SC;Norte;Tombamento;1;1;;;;;1
22/10/2019;14:08:00;306;sem vítima;213,692;BR-101/SC;Norte;Colisão Lateral;1;2;;;;;1
22/10/2019;16:48:00;388;com vítima;116,4;BR-101/SC;Sul;Colisão Traseira;1;1;;1;;;2
22/10/2019;17:05:00;394;com vítima;200,31;BR-101/SC;Sul;Colisão Lateral;1;1;;1;;;2
22/10/2019;18:08:00;422;com vítima;101,001;BR-116/PR;Sul;Colisão Lateral;1;4;1;;;;1
22/10/2019;20:44:00;470;sem vítima;667,575;BR-376/PR;Sul;Colisão Traseira;1;2;;;;;1
23/10/2019;07:10:00;133;sem vítima;91,001;BR-116/PR;Sul;Colisão Traseira;1;2;;;;;1
23/10/2019;08:10:00;161;sem vítima;199,56;BR-101/SC;Sul;Colisão Traseira;2;2;;;;;1
23/10/2019;09:12:00;193;com vítima;118,025;BR-101/SC;Norte;Colisão Lateral;1;1;1;;;;1
23/10/2019;14:21:00;332;sem vítima;113,809;BR-116/PR;Norte;Saida de Pista;1;1;;;;;1
24/10/2019;03:45:00;60;sem vítima;654,901;BR-376/PR;Norte;Tombamento;1;1;;;;;1
24/10/2019;04:36:00;67;sem vítima;48,723;BR-101/SC;Norte;Choque - Defensa, barreira ou "submarino";1;1;;;;;1
24/10/2019;06:21:00;83;sem vítima;667,689;BR-376/PR;Sul;Colisão Traseira;2;2;;;;;1
24/10/2019;09:14:00;173;sem vítima;242,985;BR-101/SC;Sul;Colisão Lateral;1;2;;;;;1
24/10/2019;10:26:00;212;sem vítima;133,244;BR-101/SC;Norte;Colisão Lateral;1;2;;;;;1
24/10/2019;12:47:00;262;sem vítima;157,73;BR-101/SC;Sul;Colisão Traseira;2;2;;;;;1
24/10/2019;21:40:00;506;sem vítima;106,401;BR-116/PR;Sul;Colisão Lateral;1;2;;;;;1
24/10/2019;23:06:00;531;sem vítima;48,606;BR-101/SC;Sul;Colisão Lateral;1;2;;;;;1
25/10/2019;02:19:00;56;sem vítima;211,011;BR-101/SC;Sul;Colisão Traseira;1;2;;;;;1
25/10/2019;06:18:00;95;sem vítima;667,363;BR-376/PR;Sul;Colisão Traseira;2;2;;;;;1
25/10/2019;07:24:00;115;com vítima;101,001;BR-116/PR;Sul;Colisão Lateral;1;1;1;;;;1
25/10/2019;08:14:00;143;sem vítima;213,615;BR-101/SC;Norte;Colisão Lateral;1;2;;;;;1
25/10/2019;11:00:00;238;sem vítima;135,315;BR-101/SC;Sul;Colisão Lateral;1;3;;;;;1
25/10/2019;12:49:00;276;sem vítima;666,2;BR-376/PR;Sul;Colisão Traseira;1;2;;;;;1
25/10/2019;18:36:00;457;sem vítima;231,594;BR-101/SC;Sul;Colisão Lateral;1;2;;;;;1
25/10/2019;19:46:00;484;sem vítima;108,101;BR-116/PR;Norte;Saida de Pista;1;1;;;;;1
26/10/2019;07:53:00;126;com vítima;677,47;BR-376/PR;Norte;Colisão Lateral;1;1;2;;;;1
26/10/2019;08:55:00;152;com vítima;214,548;BR-101/SC;Norte;Colisão Lateral;1;1;3;;;;1
26/10/2019;09:19:00;165;sem vítima;665,855;BR-376/PR;Sul;Colisão Traseira;2;2;;;;;1
27/10/2019;00:39:00;14;sem vítima;46,95;BR-101/SC;Sul;Saida de Pista;1;1;;;;;1
27/10/2019;01:05:00;21;sem vítima;69,838;BR-101/SC;Norte;Colisão Traseira;1;2;;;;;1
27/10/2019;06:38:00;85;sem vítima;40,851;BR-101/SC;Norte;Colisão Lateral;1;2;;;;;1
27/10/2019;09:51:00;150;sem vítima;38,5;BR-101/SC;Sul;Colisão Traseira;1;4;;;;;1
27/10/2019;19:25:00;394;sem vítima;669,002;BR-376/PR;Norte;Saida de Pista;1;2;;;;;1
27/10/2019;23:21:00;479;sem vítima;110,374;BR-101/SC;Norte;Saida de Pista;1;1;;;;;1
28/10/2019;10:53:00;206;sem vítima;159,604;BR-101/SC;Sul;Colisão Traseira;2;2;;;;;1
29/10/2019;08:20:00;148;com vítima;206,9;BR-101/SC;Norte;Engavetamento;2;4;1;;;;1
29/10/2019;08:45:00;164;sem vítima;243,001;BR-101/SC;Sul;Colisão Traseira;1;2;;;;;1
29/10/2019;09:43:00;202;sem vítima;1,35;BR-101/SC;Norte;Colisão Traseira;1;2;;;;;1
29/10/2019;10:48:00;240;sem vítima;104,549;BR-116/PR;Norte;Colisão Traseira;2;3;;;;;1
29/10/2019;11:05:00;246;sem vítima;635,12;BR-376/PR;Norte;Colisão Traseira;1;2;;;;;1
29/10/2019;11:05:00;247;sem vítima;650,112;BR-376/PR;Norte;Colisão Traseira;2;2;;;;;1
29/10/2019;14:52:00;356;com vítima;670,78;BR-376/PR;Sul;Colisão Traseira;2;1;1;;;;1
29/10/2019;18:32:00;481;sem vítima;92,7;BR-116/PR;Norte;Colisão Lateral;1;3;;;;;1
29/10/2019;18:52:00;489;sem vítima;206,001;BR-101/SC;Sul;Colisão Traseira;1;2;;;;;1
30/10/2019;06:12:00;103;com vítima;96,4;BR-101/SC;Sul;Colisão Traseira;2;2;2;;;;1
30/10/2019;09:54:00;202;sem vítima;102,12;BR-116/PR;Sul;Colisão Traseira;2;4;;;;;1
30/10/2019;10:03:00;206;sem vítima;87,3;BR-101/SC;Sul;Colisão Traseira;1;2;;;;;1
30/10/2019;17:30:00;450;sem vítima;193,956;BR-101/SC;Sul;Colisão Traseira;1;2;;;;;1
31/10/2019;13:21:00;309;sem vítima;161,04;BR-101/SC;Sul;Choque - Defensa, barreira ou "submarino";1;1;;;;;1
31/10/2019;13:42:00;317;com vítima;88,15;BR-101/SC;Sul;Colisão Traseira;1;2;2;;;;1
31/10/2019;16:52:00;412;com vítima;615,856;BR-376/PR;Norte;Colisão Traseira;1;1;1;;;;1
01/12/2019;06:21:00;105;com vítima;121,88;BR-101/SC;Norte;Colisão Traseira;1;2;;;;1;3
01/12/2019;11:02:00;222;sem vítima;238,466;BR-101/SC;Norte;Colisão Traseira;2;2;;;;;1
01/12/2019;15:40:00;345;sem vítima;98,295;BR-116/PR;Norte;Engavetamento;2;3;;;;;1
01/12/2019;19:49:00;460;com vítima;141,042;BR-101/SC;Sul;Colisão Lateral;1;2;1;;;;1
02/12/2019;05:41:00;74;sem vítima;114,855;BR-101/SC;Norte;Choque - Defensa, barreira ou "submarino";1;1;;;;;1
02/12/2019;07:34:00;122;sem vítima;106,299;BR-101/SC;Sul;Engavetamento;1;3;;;;;1
02/12/2019;13:47:00;315;sem vítima;671,7;BR-376/PR;Sul;Saida de Pista;1;1;;;;;1
02/12/2019;16:11:00;379;sem vítima;212,9;BR-101/SC;Norte;Colisão Traseira;1;3;;;;;1
02/12/2019;18:11:00;440;com vítima;139,001;BR-101/SC;Norte;Colisão Lateral;1;1;1;;;;1
03/12/2019;17:24:00;409;sem vítima;679,5;BR-376/PR;Sul;Tombamento;1;1;;;;;1
04/12/2019;01:59:00;65;sem vítima;667,3;BR-376/PR;Sul;Saida de Pista;1;2;;;;;1
04/12/2019;04:11:00;97;sem vítima;218,851;BR-101/SC;Sul;Tombamento;1;1;;;;;1
04/12/2019;04:33:00;101;sem vítima;617,8;BR-376/PR;Sul;Colisão Traseira;2;2;;;;;1
04/12/2019;07:18:00;148;sem vítima;198,496;BR-101/SC;Sul;Colisão Traseira;1;2;;;;;1
04/12/2019;08:56:00;202;sem vítima;182,27;BR-101/SC;Sul;Colisão Traseira;1;2;;;;;1
04/12/2019;09:06:00;205;sem vítima;52,752;BR-101/SC;Sul;Saida de Pista;1;1;;;;;1
04/12/2019;23:00:00;561;sem vítima;14,35;BR-101/SC;Norte;Colisão Traseira;2;2;;;;;1
05/12/2019;04:49:00;73;sem vítima;82,15;BR-116/PR;Norte;Tombamento;1;2;;;;;1
05/12/2019;05:50:00;90;sem vítima;671,579;BR-376/PR;Norte;Colisão Lateral;1;3;;;;;1
05/12/2019;08:38:00;182;sem vítima;106,065;BR-116/PR;Sul;Colisão Lateral;1;2;;;;;1
05/12/2019;16:07:00;386;com vítima;207,101;BR-101/SC;Sul;Colisão Lateral;1;3;1;;;;1
05/12/2019;19:54:00;480;sem vítima;205,2;BR-101/SC;Norte;Colisão Traseira;1;2;;;;;1
06/12/2019;02:01:00;40;sem vítima;153,84;BR-101/SC;Sul;Saida de Pista;1;1;;;;;1
06/12/2019;07:26:00;116;com vítima;205,009;BR-101/SC;Norte;Colisão Traseira;1;1;1;;;;1
06/12/2019;11:16:00;253;sem vítima;186,234;BR-101/SC;Sul;Colisão Lateral;1;2;;;;;1
06/12/2019;12:53:00;279;sem vítima;46,687;BR-101/SC;Norte;Capotamento;1;2;;;;;1
06/12/2019;13:56:00;306;sem vítima;141,001;BR-101/SC;Sul;Colisão Lateral;1;2;;;;;1
06/12/2019;20:22:00;466;sem vítima;78,897;BR-101/SC;Norte;Colisão Traseira;1;2;;;;;1
07/12/2019;06:11:00;106;com vítima;243,8;BR-101/SC;Sul;Colisão Traseira;1;1;;1;;;2
07/12/2019;09:50:00;221;sem vítima;200,166;BR-101/SC;Sul;Colisão Traseira;1;2;;;;;1
07/12/2019;13:52:00;318;sem vítima;671,7;BR-376/PR;Sul;Saida de Pista;1;1;;;;;1
07/12/2019;14:30:00;328;sem vítima;671,1;BR-376/PR;Norte;Colisão Traseira;2;2;;;;;1
08/12/2019;08:57:00;180;sem vítima;669,275;BR-376/PR;Sul;Colisão Lateral;1;2;;;;;1
08/12/2019;15:23:00;350;com vítima;638,449;BR-376/PR;Norte;Queda de Moto;1;1;2;;;;1
09/12/2019;07:55:00;134;com vítima;13,001;BR-101/SC;Norte;Colisão Traseira;1;1;1;;;;1
09/12/2019;11:47:00;221;sem vítima;210,001;BR-101/SC;Sul;Colisão Traseira;2;3;;;;;1
09/12/2019;12:23:00;230;sem vítima;621,1;BR-376/PR;Norte;Saida de Pista;1;2;;;;;1
09/12/2019;13:02:00;249;sem vítima;666,55;BR-376/PR;Norte;Colisão Lateral;1;2;;;;;1
09/12/2019;14:17:00;274;sem vítima;671,5;BR-376/PR;Sul;Colisão Lateral;1;2;;;;;1
09/12/2019;14:50:00;284;sem vítima;107,9;BR-116/PR;Sul;Engavetamento;2;3;;;;;1
09/12/2019;19:25:00;399;sem vítima;33,529;BR-101/SC;Norte;Tombamento;1;1;;;;;1
09/12/2019;22:24:00;457;sem vítima;10,1;BR-101/SC;Sul;Colisão Traseira;2;2;;;;;1
10/12/2019;04:25:00;86;sem vítima;156,115;BR-101/SC;Norte;Colisão Traseira;2;2;;;;;1
10/12/2019;05:42:00;105;sem vítima;133,8;BR-101/SC;Sul;Colisão Traseira;1;2;;;;;1
10/12/2019;06:32:00;120;sem vítima;667,3;BR-376/PR;Sul;Saida de Pista;1;1;;;;;1
10/12/2019;07:13:00;146;com vítima;647,098;BR-376/PR;Norte;Colisão Traseira;1;16;1;1;;;2
10/12/2019;08:06:00;170;sem vítima;205,001;BR-101/SC;Sul;Colisão Traseira;1;2;;;;;1
10/12/2019;09:57:00;250;com vítima;93,991;BR-116/PR;Sul;Engavetamento;4;2;;;2;4;3
10/12/2019;11:00:00;298;sem vítima;68,161;BR-101/SC;Sul;Colisão Traseira;2;2;;;;;1
10/12/2019;15:22:00;389;sem vítima;79,84;BR-116/PR;Sul;Colisão Traseira;1;2;;;;;1
10/12/2019;15:44:00;400;sem vítima;81,4;BR-116/PR;Sul;Colisão Traseira;1;1;;;;;1
10/12/2019;19:16:00;505;sem vítima;100,5;BR-116/PR;Norte;Colisão Traseira;2;2;;;;;1
11/12/2019;05:09:00;105;sem vítima;650,763;BR-376/PR;Sul;Tombamento;1;1;;;;;1
11/12/2019;12:53:00;327;sem vítima;667,3;BR-376/PR;Sul;Saida de Pista;1;1;;;;;1
11/12/2019;13:09:00;337;sem vítima;206,365;BR-101/SC;Norte;Colisão Traseira;1;2;;;;;1
11/12/2019;13:26:00;349;sem vítima;110,537;BR-101/SC;Norte;Colisão Traseira;2;2;;;;;1
11/12/2019;14:49:00;388;sem vítima;659,5;BR-376/PR;Sul;Colisão Traseira;2;2;;;;;1
11/12/2019;15:28:00;411;sem vítima;39,001;BR-101/SC;Norte;Colisão Traseira;1;2;;;;;1
11/12/2019;18:01:00;482;com vítima;640,642;BR-376/PR;Sul;Colisão Traseira;4;5;;1;;;2
12/12/2019;04:29:00;77;sem vítima;213,001;BR-101/SC;Sul;Colisão Lateral;1;2;;;;;1
12/12/2019;09:10:00;207;com vítima;157,73;BR-101/SC;Norte;Engavetamento;2;2;2;;;;1
12/12/2019;09:45:00;237;sem vítima;667,3;BR-376/PR;Sul;Saida de Pista;1;1;;;;;1
12/12/2019;10:27:00;263;sem vítima;210,001;BR-101/SC;Sul;Colisão Lateral;1;2;;;;;1
12/12/2019;14:43:00;385;sem vítima;51,5;BR-101/SC;Sul;Colisão Lateral;1;2;;;;;1
12/12/2019;15:51:00;434;sem vítima;189,949;BR-101/SC;Sul;Saida de Pista;1;1;;;;;1
12/12/2019;16:02:00;440;sem vítima;50,001;BR-101/SC;Sul;Colisão Traseira;2;2;;;;;1
12/12/2019;16:37:00;461;sem vítima;187,5;BR-101/SC;Sul;Colisão Lateral;2;2;;;;;1
12/12/2019;17:30:00;489;sem vítima;99,269;BR-116/PR;Sul;Saida de Pista;1;1;;;;;1
12/12/2019;18:05:00;505;sem vítima;118,001;BR-101/SC;Sul;Colisão Traseira;2;2;;;;;1
12/12/2019;19:25:00;560;com vítima;101,1;BR-101/SC;Sul;Colisão Traseira;1;2;1;;;;1
12/12/2019;21:54:00;621;sem vítima;205,1;BR-101/SC;Norte;Colisão Traseira;1;2;;;;;1
13/12/2019;16:47:00;427;sem vítima;671,7;BR-376/PR;Sul;Saida de Pista;1;1;;;;;1
14/12/2019;06:57:00;107;sem vítima;653,516;BR-376/PR;Norte;Choque - Defensa, barreira ou "submarino";1;2;;;;;1
14/12/2019;07:07:00;114;sem vítima;651,6;BR-376/PR;Norte;Colisão Traseira;1;2;;;;;1
14/12/2019;08:18:00;156;sem vítima;155,961;BR-101/SC;Norte;Colisão Transversal;1;2;;;;;1
14/12/2019;09:20:00;194;sem vítima;199,236;BR-101/SC;Sul;Colisão Lateral;1;2;;;;;1
14/12/2019;11:36:00;272;com vítima;37,698;BR-101/SC;Norte;Colisão Lateral;1;1;1;;;;1
15/12/2019;04:00:00;65;sem vítima;644,197;BR-376/PR;Sul;Choque - Veiculo parado na pista;1;2;;;;;1
15/12/2019;09:55:00;185;sem vítima;635,1;BR-376/PR;Sul;Colisão Traseira;1;2;;;;;1
15/12/2019;10:53:00;215;sem vítima;49,287;BR-101/SC;Norte;Colisão Lateral;1;2;;;;;1
15/12/2019;14:05:00;288;sem vítima;57,001;BR-101/SC;Sul;Colisão Lateral;1;2;;;;;1
15/12/2019;16:06:00;334;sem vítima;667,3;BR-376/PR;Sul;Saida de Pista;1;1;;;;;1
15/12/2019;19:35:00;425;sem vítima;139,001;BR-101/SC;Norte;Colisão Traseira;1;2;;;;;1
16/12/2019;10:46:00;230;sem vítima;119,3;BR-101/SC;Sul;Colisão Traseira;2;2;;;;;1
16/12/2019;11:57:00;256;sem vítima;107,2;BR-116/PR;Norte;Saida de Pista;1;1;;;;;1
16/12/2019;12:04:00;260;sem vítima;109,12;BR-116/PR;Norte;Saida de Pista;1;1;;;;;1
16/12/2019;14:27:00;300;sem vítima;114,525;BR-116/PR;Norte;Colisão Lateral;1;2;;;;;1
16/12/2019;17:32:00;396;sem vítima;207,997;BR-101/SC;Norte;Colisão Lateral;2;3;;;;;1
16/12/2019;17:34:00;397;sem vítima;206,002;BR-101/SC;Norte;Colisão Traseira;1;2;;;;;1
16/12/2019;17:48:00;410;sem vítima;207,001;BR-101/SC;Norte;Colisão Lateral;1;2;;;;;1
16/12/2019;18:12:00;425;sem vítima;216,325;BR-101/SC;Norte;Saida de Pista;1;1;;;;;1
16/12/2019;18:24:00;431;sem vítima;660,1;BR-376/PR;Sul;Colisão Traseira;3;4;;;;;1
16/12/2019;22:25:00;512;sem vítima;111,268;BR-116/PR;Norte;Saida de Pista;1;1;;;;;1
17/12/2019;10:22:00;205;sem vítima;208,4;BR-101/SC;Norte;Engavetamento;3;4;;;;;1
17/12/2019;12:25:00;256;sem vítima;133,001;BR-101/SC;Sul;Saida de Pista;1;1;;;;;1
17/12/2019;13:10:00;273;sem vítima;216,001;BR-101/SC;Norte;Colisão Traseira;1;2;;;;;1
17/12/2019;16:32:00;353;sem vítima;198,47;BR-101/SC;Norte;Colisão Traseira;1;3;;;;;1
17/12/2019;17:17:00;374;sem vítima;215,029;BR-101/SC;Sul;Colisão Traseira;1;2;;;;;1
17/12/2019;17:35:00;382;sem vítima;29,001;BR-101/SC;Sul;Engavetamento;1;4;;;;;1
17/12/2019;18:53:00;410;com vítima;198,003;BR-101/SC;Sul;Colisão Traseira;1;2;1;;;;1
17/12/2019;19:40:00;424;sem vítima;113,4;BR-101/SC;Norte;Colisão Traseira;1;2;;;;;1
18/12/2019;01:20:00;23;sem vítima;99,9;BR-116/PR;Sul;Tombamento;1;1;;;;;1
18/12/2019;01:25:00;25;sem vítima;645,2;BR-376/PR;Norte;Tombamento;1;1;;;;;1
18/12/2019;05:48:00;87;sem vítima;96,15;BR-116/PR;Sul;Colisão Lateral;1;2;;;;;1
18/12/2019;06:41:00;104;sem vítima;57,3;BR-101/SC;Norte;Tombamento;1;1;;;;;1
18/12/2019;07:47:00;134;sem vítima;652,916;BR-376/PR;Norte;Choque - Defensa, barreira ou "submarino";1;1;;;;;1
18/12/2019;09:28:00;192;sem vítima;656,609;BR-376/PR;Sul;Colisão Lateral;1;2;;;;;1
18/12/2019;12:49:00;309;sem vítima;144,001;BR-101/SC;Norte;Colisão Traseira;1;2;;;;;1
18/12/2019;15:07:00;367;com vítima;223,07;BR-101/SC;Norte;Colisão Traseira;1;1;;;1;;2
18/12/2019;15:33:00;384;sem vítima;101,6;BR-116/PR;Norte;Colisão Lateral;2;2;;;;;1
18/12/2019;18:51:00;484;sem vítima;212,2;BR-101/SC;Norte;Colisão Lateral;1;2;;;;;1
18/12/2019;21:13:00;539;sem vítima;104,001;BR-101/SC;Sul;Colisão Traseira;1;2;;;;;1
19/12/2019;00:23:00;8;sem vítima;642,791;BR-376/PR;Sul;Choque - Defensa, barreira ou "submarino";1;1;;;;;1
19/12/2019;11:04:00;278;sem vítima;671,7;BR-376/PR;Sul;Saida de Pista;1;1;;;;;1
19/12/2019;13:03:00;324;sem vítima;105,693;BR-116/PR;Norte;Colisão Lateral;1;2;;;;;1
19/12/2019;13:19:00;334;sem vítima;58,432;BR-101/SC;Sul;Colisão Traseira;1;2;;;;;1
19/12/2019;13:32:00;341;sem vítima;205,001;BR-101/SC;Norte;Colisão Lateral;1;3;;;;;1
19/12/2019;15:22:00;399;sem vítima;216,5;BR-101/SC;Sul;Colisão Traseira;2;2;;;;;1
19/12/2019;18:53:00;512;sem vítima;664,8;BR-376/PR;Sul;Tombamento;2;2;;;;;1
19/12/2019;20:53:00;559;com vítima;617,02;BR-376/PR;Norte;Colisão Traseira;4;4;1;;;;1
19/12/2019;20:58:00;561;sem vítima;101,001;BR-101/SC;Sul;Colisão Traseira;2;2;;;;;1
20/12/2019;03:51:00;65;sem vítima;672,979;BR-376/PR;Sul;Colisão Traseira;1;46;;;;;1
20/12/2019;09:20:00;201;com vítima;131,3;BR-101/SC;Sul;Colisão Frontal;1;1;;1;;;2
20/12/2019;09:47:00;219;sem vítima;134,99;BR-101/SC;Norte;Atropelamento - Outros;1;2;;;;;1
20/12/2019;10:59:00;268;sem vítima;92,4;BR-101/SC;Sul;Engavetamento;1;3;;;;;1
20/12/2019;11:34:00;293;sem vítima;204,001;BR-101/SC;Norte;Colisão Traseira;1;2;;;;;1
20/12/2019;11:39:00;298;sem vítima;91,3;BR-101/SC;Sul;Colisão Lateral;1;3;;;;;1
20/12/2019;15:34:00;420;sem vítima;213,001;BR-101/SC;Norte;Colisão Traseira;1;2;;;;;1
20/12/2019;12:35:00;479;sem vítima;660,499;BR-376/PR;Norte;Colisão Traseira;1;2;;;;;1
21/12/2019;10:09:00;275;sem vítima;102,594;BR-116/PR;Sul;Colisão Traseira;1;2;;;;;1
21/12/2019;12:44:00;364;com vítima;61,079;BR-101/SC;Sul;Colisão Lateral;1;1;1;;;;1
21/12/2019;14:43:00;417;sem vítima;105,079;BR-101/SC;Sul;Colisão Traseira;1;2;;;;;1
21/12/2019;14:55:00;423;sem vítima;1,35;BR-101/SC;Sul;Colisão Traseira;1;2;;;;;1
21/12/2019;16:33:00;485;sem vítima;21,1;BR-101/SC;Sul;Colisão Traseira;1;2;;;;;1
21/12/2019;17:14:00;509;sem vítima;129,1;BR-101/SC;Norte;Colisão Lateral;1;2;;;;;1
21/12/2019;20:15:00;609;sem vítima;110,487;BR-101/SC;Norte;Colisão Traseira;1;2;;;;;1
22/12/2019;03:09:00;36;sem vítima;671,7;BR-376/PR;Sul;Saida de Pista;1;1;;;;;1
22/12/2019;07:28:00;114;sem vítima;122,353;BR-101/SC;Sul;Colisão Lateral;1;2;;;;;1
22/12/2019;10:16:00;211;sem vítima;25,9;BR-101/SC;Norte;Colisão Lateral;1;2;;;;;1
22/12/2019;16:46:00;398;sem vítima;115,1;BR-101/SC;Sul;Colisão Traseira;1;2;;;;;1
23/12/2019;14:35:00;328;com vítima;166,364;BR-101/SC;Norte;Colisão Traseira;1;2;;1;;;2
23/12/2019;15:09:00;356;sem vítima;645,8;BR-376/PR;Norte;Colisão Lateral;2;2;;;;;1
24/12/2019;01:15:00;28;sem vítima;112,001;BR-101/SC;Norte;Saida de Pista;1;1;;;;;1
24/12/2019;04:51:00;93;sem vítima;154,644;BR-101/SC;Sul;Colisão Lateral;1;2;;;;;1
24/12/2019;14:05:00;319;com vítima;665,438;BR-376/PR;Sul;Tombamento;1;0;;1;;;2
24/12/2019;14:11:00;321;sem vítima;207,1;BR-101/SC;Sul;Colisão Traseira;1;2;;;;;1
24/12/2019;14:44:00;332;sem vítima;54,242;BR-101/SC;Norte;Choque - Defensa, barreira ou "submarino";1;2;;;;;1
25/12/2019;05:15:00;89;com vítima;212,8;BR-101/SC;Norte;Saida de Pista;1;1;2;;;;1