data;horario;n_da_ocorrencia;tipo_de_ocorrencia;km;trecho;sentido;tipo_de_acidente;caminhao;ilesos;levemente_feridos;moderadamente_feridos;gravemente_feridos;mortos;3
25/12/2019;14:17:00;294;sem vítima;193,961;BR-101/SC;Norte;Saida de Pista;1;2;;;;;1
25/12/2019;17:55:00;416;com vítima;655,684;BR-376/PR;Norte;Tombamento;1;0;1;;;;1
26/12/2019;05:59:00;100;com vítima;616,772;BR-376/PR;Norte;Colisão Traseira;1;1;1;;;;1
26/12/2019;08:52:00;155;sem vítima;54,525;BR-101/SC;Sul;Choque - Defensa, barreira ou "submarino";1;1;;;;;1
26/12/2019;09:00:00;159;sem vítima;80,767;BR-101/SC;Sul;Engavetamento;1;7;;;;;1
26/12/2019;12:15:00;285;sem vítima;215,5;BR-101/SC;Norte;Colisão Traseira;1;2;;;;;1
26/12/2019;13:44:00;329;com vítima;139,1;BR-101/SC;Sul;Colisão Traseira;1;1;1;;;;1
26/12/2019;14:23:00;345;sem vítima;673,002;BR-376/PR;Norte;Colisão Traseira;2;3;;;;;1
26/12/2019;15:03:00;367;sem vítima;207,001;BR-101/SC;Norte;Colisão Lateral;1;2;;;;;1
27/12/2019;04:58:00;88;sem vítima;87,12;BR-116/PR;Norte;Colisão Traseira;1;2;;;;;1
27/12/2019;13:15:00;362;sem vítima;117,361;BR-101/SC;Sul;Colisão Transversal;2;3;;;;;1
27/12/2019;16:13:00;453;sem vítima;79,351;BR-101/SC;Sul;Colisão Traseira;1;2;;;;;1
27/12/2019;18:33:00;531;sem vítima;79,35;BR-101/SC;Sul;Colisão Traseira;1;2;;;;;1
27/12/2019;21:30:00;622;sem vítima;671,7;BR-376/PR;Sul;Saida de Pista;1;1;;;;;1
27/12/2019;21:58:00;631;com vítima;173,423;BR-101/SC;Norte;Colisão Traseira;2;3;1;;;;1
27/12/2019;23:58:00;672;sem vítima;667,3;BR-376/PR;Sul;Saida de Pista;1;1;;;;;1
28/12/2019;07:45:00;156;sem vítima;111,628;BR-101/SC;Sul;Tombamento;1;1;;;;;1
28/12/2019;09:42:00;234;sem vítima;97,593;BR-116/PR;Sul;Saida de Pista;1;1;;;;;1
28/12/2019;14:32:00;378;sem vítima;204,743;BR-101/SC;Sul;Colisão Lateral;2;2;;;;;1
28/12/2019;15:21:00;410;sem vítima;185,869;BR-101/SC;Sul;Colisão Traseira;1;2;;;;;1
28/12/2019;20:46:00;595;sem vítima;112,296;BR-101/SC;Sul;Colisão Traseira;1;2;;;;;1
29/12/2019;10:14:00;248;sem vítima;115,064;BR-101/SC;Sul;Engavetamento;1;5;;;;;1
30/12/2019;06:26:00;92;com vítima;143,973;BR-101/SC;Sul;Colisão Traseira;1;2;1;;;;1
30/12/2019;12:29:00;287;com vítima;212,884;BR-101/SC;Sul;Colisão Traseira;1;1;;1;;;2
30/12/2019;15:28:00;364;sem vítima;212,9;BR-101/SC;Sul;Colisão Lateral;1;2;;;;;1
30/12/2019;19:50:00;498;sem vítima;137,001;BR-101/SC;Norte;Colisão Lateral;1;2;;;;;1
30/12/2019;22:19:00;546;sem vítima;209,7;BR-101/SC;Norte;Colisão Traseira;2;2;;;;;1
31/12/2019;23:45:00;519;sem vítima;149,75;BR-101/SC;Sul;Colisão Traseira;1;2;;;;;1
01/11/2019;07:20:00;118;sem vítima;635,18;BR-376/PR;Sul;Colisão Lateral;1;2;;;;;1
01/11/2019;07:31:00;119;sem vítima;111,087;BR-116/PR;Norte;Engavetamento;1;3;;;;;1
01/11/2019;11:01:00;231;sem vítima;25,002;BR-101/SC;Sul;Colisão Traseira;2;2;;;;;1
01/11/2019;13:23:00;280;sem vítima;161,405;BR-101/SC;Norte;Colisão Traseira;1;2;;;;;1
01/11/2019;14:20:00;296;sem vítima;1,9;BR-101/SC;Sul;Colisão Traseira;1;2;;;;;1
01/11/2019;15:42:00;332;sem vítima;8,12;BR-101/SC;Sul;Saida de Pista;1;1;;;;;1
01/11/2019;17:26:00;386;com vítima;206,001;BR-101/SC;Norte;Colisão Lateral;1;1;1;;;;1
01/11/2019;18:26:00;420;sem vítima;12,12;BR-101/SC;Sul;Saida de Pista;1;1;;;;;1
01/11/2019;22:27:00;488;sem vítima;106,65;BR-116/PR;Sul;Saida de Pista;1;1;;;;;1
02/11/2019;08:24:00;172;sem vítima;652,842;BR-376/PR;Norte;Engavetamento;4;4;;;;;1
02/11/2019;08:38:00;183;sem vítima;654,162;BR-376/PR;Norte;Colisão Lateral;1;2;;;;;1
02/11/2019;09:32:00;204;sem vítima;104,3;BR-116/PR;Sul;Colisão Traseira;2;2;;;;;1
02/11/2019;12:22:00;277;sem vítima;52,748;BR-101/SC;Norte;Colisão Lateral;1;2;;;;;1
03/11/2019;04:38:00;71;com vítima;109,5;BR-116/PR;Sul;Atropelamento - Morador;1;1;1;;;;1
03/11/2019;10:27:00;198;com vítima;667,528;BR-376/PR;Sul;Colisão Traseira;2;1;;1;;;2
03/11/2019;14:37:00;288;sem vítima;635,18;BR-376/PR;Sul;Tombamento;1;1;;;;;1
03/11/2019;14:56:00;294;sem vítima;620,002;BR-376/PR;Sul;Saida de Pista;1;1;;;;;1
04/11/2019;06:29:00;80;sem vítima;80,493;BR-116/PR;Norte;Colisão Lateral;1;2;;;;;1
04/11/2019;06:41:00;86;sem vítima;111,068;BR-116/PR;Norte;Saida de Pista;1;1;;;;;1
04/11/2019;07:46:00;112;com vítima;215,7;BR-101/SC;Norte;Colisão Traseira;1;1;1;;;;1
04/11/2019;11:15:00;207;sem vítima;242,985;BR-101/SC;Sul;Colisão Traseira;2;2;;;;;1
04/11/2019;15:09:00;312;com vítima;201,499;BR-101/SC;Norte;Colisão Traseira;1;1;1;;;;1
04/11/2019;18:34:00;404;sem vítima;115,1;BR-101/SC;Sul;Colisão Lateral;1;2;;;;;1
05/11/2019;07:51:00;153;sem vítima;136,798;BR-101/SC;Norte;Colisão Traseira;1;2;;;;;1
05/11/2019;12:28:00;298;sem vítima;128,132;BR-101/SC;Norte;Colisão Traseira;1;2;;;;;1
05/11/2019;13:38:00;327;com vítima;123,357;BR-101/SC;Sul;Engavetamento;2;3;1;;;;1
05/11/2019;17:27:00;436;com vítima;202,1;BR-101/SC;Norte;Colisão Traseira;1;1;1;;;;1
05/11/2019;20:23:00;502;sem vítima;1,23;BR-101/SC;Sul;Saida de Pista;1;1;;;;;1
06/11/2019;08:18:00;172;sem vítima;213,6;BR-101/SC;Norte;Colisão Traseira;1;2;;;;;1
06/11/2019;08:53:00;200;sem vítima;122,001;BR-101/SC;Sul;Colisão Traseira;2;2;;;;;1
06/11/2019;14:52:00;358;sem vítima;207,599;BR-101/SC;Sul;Colisão Traseira;1;2;;;;;1
06/11/2019;16:08:00;406;com vítima;92,92;BR-116/PR;Norte;Colisão Lateral;1;1;1;;;;1
06/11/2019;17:30:00;443;com vítima;107,606;BR-116/PR;Sul;Saida de Pista;1;0;1;;;;1
06/11/2019;20:26:00;504;sem vítima;109,501;BR-101/SC;Norte;Engavetamento;2;3;;;;;1
06/11/2019;21:30:00;527;com vítima;92,4;BR-101/SC;Norte;Colisão Traseira;1;1;2;;;;1
06/11/2019;22:20:00;540;sem vítima;94,2;BR-101/SC;Norte;Colisão Traseira;1;2;;;;;1
07/11/2019;05:14:00;90;com vítima;86,927;BR-116/PR;Sul;Colisão Frontal;1;1;;;;1;3
07/11/2019;08:56:00;171;sem vítima;111,2;BR-116/PR;Sul;Colisão Traseira;1;2;;;;;1
07/11/2019;17:34:00;406;sem vítima;4,029;BR-101/SC;Sul;Colisão Traseira;1;2;;;;;1
08/11/2019;09:32:00;202;com vítima;112,104;BR-101/SC;Sul;Capotamento;1;1;1;;;;1
08/11/2019;13:25:00;322;sem vítima;189,878;BR-101/SC;Sul;Colisão Lateral;1;2;;;;;1
08/11/2019;15:01:00;368;sem vítima;207,9;BR-101/SC;Norte;Colisão Traseira;1;2;;;;;1
08/11/2019;16:58:00;429;sem vítima;93,03;BR-116/PR;Norte;Colisão Traseira;1;2;;;;;1
08/11/2019;19:35:00;521;sem vítima;668,12;BR-376/PR;Norte;Colisão Lateral;1;2;;;;;1
09/11/2019;07:09:00;148;com vítima;129,505;BR-101/SC;Sul;Colisão Traseira;1;1;1;;;;1
09/11/2019;08:48:00;201;sem vítima;94,894;BR-116/PR;Norte;Colisão Lateral;1;4;;;;;1
09/11/2019;09:02:00;209;sem vítima;54,101;BR-101/SC;Sul;Colisão Traseira;1;3;;;;;1
09/11/2019;09:11:00;213;com vítima;51,325;BR-101/SC;Sul;Colisão Traseira;2;1;;1;;;2
09/11/2019;10:00:00;234;sem vítima;46,622;BR-101/SC;Sul;Colisão Traseira;1;2;;;;;1
09/11/2019;10:20:00;243;sem vítima;671,252;BR-376/PR;Norte;Objeto lançado contra veículo;1;1;;;;;1
09/11/2019;12:33:00;298;sem vítima;665,1;BR-376/PR;Norte;Colisão Lateral;1;2;;;;;1
09/11/2019;13:45:00;318;sem vítima;157,4;BR-101/SC;Sul;Colisão Traseira;2;2;;;;;1
10/11/2019;19:26:00;426;com vítima;202,535;BR-101/SC;Sul;Colisão Lateral;1;1;2;;;;1
10/11/2019;23:34:00;518;sem vítima;671,3;BR-376/PR;Sul;Tombamento;1;1;;;;;1
11/11/2019;06:01:00;84;sem vítima;666,12;BR-376/PR;Sul;Colisão Lateral;1;4;;;;;1
11/11/2019;06:25:00;88;com vítima;208,001;BR-101/SC;Norte;Colisão Lateral;1;1;1;;;;1
11/11/2019;07:38:00;119;sem vítima;659,964;BR-376/PR;Sul;Engavetamento;2;4;;;;;1
11/11/2019;09:07:00;171;com vítima;216,363;BR-101/SC;Norte;Colisão Lateral;1;1;1;;;;1
11/11/2019;10:01:00;193;sem vítima;657,85;BR-376/PR;Norte;Colisão Lateral;1;2;;;;;1
11/11/2019;11:16:00;227;sem vítima;115,811;BR-101/SC;Norte;Tombamento;1;2;;;;;1
11/11/2019;12:49:00;263;sem vítima;114,8;BR-116/PR;Norte;Saida de Pista;1;1;;;;;1
11/11/2019;17:42:00;418;com vítima;107,557;BR-101/SC;Norte;Colisão Lateral;1;2;1;;;;1
11/11/2019;21:31:00;481;com vítima;91,7;BR-101/SC;Sul;Saida de Pista;1;0;1;;;;1
12/11/2019;01:10:00;17;com vítima;3,8;BR-101/SC;Sul;Tombamento;1;0;;1;;;2
12/11/2019;06:45:00;78;sem vítima;130,231;BR-101/SC;Norte;Capotamento;1;2;;;;;1
12/11/2019;06:53:00;83;sem vítima;617,89;BR-376/PR;Sul;Colisão Traseira;2;2;;;;;1
12/11/2019;09:11:00;148;sem vítima;114,001;BR-116/PR;Norte;Colisão Traseira;1;2;;;;;1
12/11/2019;17:27:00;380;sem vítima;215,1;BR-101/SC;Norte;Colisão Traseira;1;2;;;;;1
12/11/2019;19:13:00;437;sem vítima;156,4;BR-101/SC;Sul;Colisão Traseira;2;2;;;;;1
12/11/2019;23:20:00;506;sem vítima;635,3;BR-376/PR;Norte;Colisão Traseira;1;2;;;;;1
13/11/2019;10:32:00;238;com vítima;186,219;BR-101/SC;Sul;Choque - Defensa, barreira ou "submarino";1;1;1;;;;1
13/11/2019;11:15:00;267;sem vítima;111,284;BR-101/SC;Norte;Colisão Lateral;1;2;;;;;1
13/11/2019;13:08:00;310;sem vítima;95,816;BR-116/PR;Sul;Colisão Lateral;1;3;;;;;1
13/11/2019;13:34:00;324;sem vítima;123,929;BR-101/SC;Sul;Colisão Traseira;1;1;;;;;1
13/11/2019;15:03:00;352;com vítima;110,12;BR-101/SC;Sul;Colisão Traseira;1;3;;;2;;2
13/11/2019;19:29:00;450;sem vítima;113,101;BR-101/SC;Norte;Colisão Traseira;1;2;;;;;1
14/11/2019;01:55:00;31;sem vítima;638,901;BR-376/PR;Norte;Saida de Pista;1;1;;;;;1
14/11/2019;08:55:00;147;com vítima;44,895;BR-101/SC;Norte;Colisão Traseira;1;1;1;;;;1
14/11/2019;10:12:00;178;sem vítima;218,001;BR-101/SC;Norte;Colisão Traseira;2;3;;;;;1
14/11/2019;11:01:00;216;sem vítima;102,2;BR-116/PR;Sul;Colisão Traseira;2;4;;;;;1
14/11/2019;11:23:00;223;sem vítima;618,001;BR-376/PR;Sul;Choque - Poste;1;2;;;;;1
14/11/2019;11:59:00;241;sem vítima;198,001;BR-101/SC;Norte;Colisão Lateral;2;2;;;;;1
14/11/2019;17:13:00;406;sem vítima;111,1;BR-116/PR;Norte;Colisão Traseira;1;1;;;;;1
14/11/2019;18:59:00;452;com vítima;2,28;BR-101/SC;Norte;Colisão Transversal;1;1;;2;;;2
15/11/2019;09:33:00;229;com vítima;98,012;BR-116/PR;Sul;Colisão Traseira;1;1;;1;;;2
15/11/2019;16:18:00;477;sem vítima;48,545;BR-101/SC;Sul;Colisão Lateral;1;2;;;;;1
16/11/2019;07:56:00;142;sem vítima;618,838;BR-376/PR;Sul;Colisão Lateral;1;2;;;;;1
16/11/2019;09:17:00;197;sem vítima;667,3;BR-376/PR;Sul;Saida de Pista;1;1;;;;;1
16/11/2019;12:07:00;268;com vítima;202,441;BR-101/SC;Norte;Choque - Defensa, barreira ou "submarino";1;2;1;;;;1
16/11/2019;15:34:00;356;sem vítima;141,001;BR-101/SC;Norte;Colisão Traseira;1;3;;;;;1
16/11/2019;23:45:00;573;sem vítima;184,7;BR-101/SC;Norte;Saida de Pista;2;5;;;;;1
17/11/2019;14:11:00;289;com vítima;232,001;BR-101/SC;Sul;Colisão Traseira;1;1;1;;;;1
17/11/2019;15:38:00;344;sem vítima;87,001;BR-101/SC;Norte;Colisão Traseira;1;2;;;;;1
17/11/2019;16:04:00;361;sem vítima;137,001;BR-101/SC;Norte;Colisão Lateral;1;2;;;;;1
18/11/2019;08:15:00;161;sem vítima;103,649;BR-116/PR;Sul;Engavetamento;1;4;;;;;1
18/11/2019;09:16:00;205;sem vítima;131,12;BR-101/SC;Norte;Colisão Lateral;1;2;;;;;1
18/11/2019;10:48:00;245;sem vítima;98,705;BR-116/PR;Sul;Colisão Traseira;2;3;;;;;1
18/11/2019;14:10:00;329;sem vítima;158,906;BR-101/SC;Norte;Outros;1;1;;;;;1
19/11/2019;14:59:00;390;sem vítima;171,83;BR-101/SC;Norte;Choque - Defensa, barreira ou "submarino";1;1;;;;;1
19/11/2019;15:06:00;397;sem vítima;113,766;BR-116/PR;Norte;Saida de Pista;1;2;;;;;1
19/11/2019;21:31:00;589;sem vítima;216,001;BR-101/SC;Sul;Colisão Traseira;1;2;;;;;1
20/11/2019;09:06:00;226;sem vítima;131,631;BR-101/SC;Norte;Engavetamento;1;3;;;;;1
20/11/2019;10:39:00;284;com vítima;88,122;BR-101/SC;Sul;Colisão Lateral;1;1;1;;;;1
20/11/2019;11:29:00;310;sem vítima;123,105;BR-101/SC;Sul;Colisão Traseira;2;2;;;;;1
20/11/2019;15:30:00;415;sem vítima;97,5;BR-101/SC;Norte;Colisão Traseira;1;2;;;;;1
21/11/2019;06:31:00;99;com vítima;117,951;BR-101/SC;Norte;Colisão Traseira;1;1;;;1;;2
21/11/2019;06:57:00;107;com vítima;136,206;BR-101/SC;Sul;Colisão Lateral;1;1;1;;;;1
21/11/2019;08:26:00;163;sem vítima;138,166;BR-101/SC;Norte;Colisão Traseira;1;3;;;;;1
21/11/2019;08:38:00;174;sem vítima;115,4;BR-101/SC;Sul;Colisão Traseira;1;3;;;;;1
21/11/2019;11:03:00;249;com vítima;30,821;BR-101/SC;Norte;Colisão Traseira;1;1;;1;;;2
21/11/2019;15:08:00;364;com vítima;40,721;BR-101/SC;Sul;Colisão Traseira;1;1;1;;;;1
21/11/2019;15:43:00;387;sem vítima;127,422;BR-101/SC;Norte;Choque - Defensa, barreira ou "submarino";1;1;;;;;1
21/11/2019;17:20:00;438;sem vítima;202,9;BR-101/SC;Sul;Colisão Lateral;1;2;;;;;1
21/11/2019;17:52:00;458;com vítima;213,75;BR-101/SC;Sul;Colisão Traseira;1;1;1;;;;1
21/11/2019;21:02:00;529;sem vítima;657,7;BR-376/PR;Norte;Engavetamento;2;3;;;;;1
22/11/2019;09:47:00;210;sem vítima;102,002;BR-101/SC;Sul;Colisão Traseira;1;2;;;;;1
22/11/2019;09:51:00;212;sem vítima;192,001;BR-101/SC;Norte;Colisão Lateral;1;2;;;;;1
22/11/2019;09:52:00;214;com vítima;173,001;BR-101/SC;Sul;Choque - Defensa, barreira ou "submarino";2;1;;1;;;2
22/11/2019;11:05:00;246;sem vítima;211,2;BR-101/SC;Norte;Colisão Traseira;1;3;;;;;1
22/11/2019;11:17:00;253;com vítima;211,6;BR-101/SC;Norte;Colisão Lateral;1;1;1;;;;1
22/11/2019;14:33:00;341;sem vítima;188,186;BR-101/SC;Sul;Colisão Traseira;1;2;;;;;1
22/11/2019;23:39:00;642;sem vítima;38,5;BR-101/SC;Sul;Colisão Lateral;1;2;;;;;1
23/11/2019;05:35:00;78;com vítima;58,179;BR-101/SC;Sul;Colisão Lateral;1;1;1;;;;1
24/11/2019;00:28:00;13;com vítima;163,679;BR-101/SC;Sul;Atropelamento - Andarilho;1;1;;;;1;3
24/11/2019;05:00:00;87;com vítima;162,095;BR-101/SC;Norte;Tombamento;1;1;1;;;;1
24/11/2019;20:41:00;491;sem vítima;207,12;BR-101/SC;Sul;Colisão Lateral;1;3;;;;;1
25/11/2019;03:57:00;66;com vítima;187,6;BR-101/SC;Sul;Atropelamento - Outros;1;1;;;1;;2
25/11/2019;13:43:00;304;sem vítima;130,179;BR-101/SC;Norte;Choque - Objeto não identificado;1;2;;;;;1
25/11/2019;17:38:00;436;sem vítima;214,12;BR-101/SC;Sul;Colisão Traseira;2;2;;;;;1
25/11/2019;20:15:00;503;sem vítima;616,701;BR-376/PR;Sul;Atropelamento de Animal;1;1;;;;;1
26/11/2019;00:42:00;17;sem vítima;669,8;BR-376/PR;Norte;Colisão Traseira;2;2;;;;;1
26/11/2019;08:36:00;156;com vítima;121,076;BR-101/SC;Norte;Choque - Defensa, barreira ou "submarino";1;1;1;;;;1
26/11/2019;14:24:00;324;sem vítima;624,048;BR-376/PR;Norte;Colisão Lateral;1;2;;;;;1
26/11/2019;22:38:00;532;sem vítima;24,6;BR-101/SC;Sul;Choque - Defensa, barreira ou "submarino";1;1;;;;;1
27/11/2019;04:39:00;51;sem vítima;627,176;BR-376/PR;Sul;Saida de Pista;1;1;;;;;1
27/11/2019;06:03:00;71;sem vítima;671,7;BR-376/PR;Sul;Saida de Pista;1;1;;;;;1
27/11/2019;08:38:00;143;com vítima;650,318;BR-376/PR;Norte;Saida de Pista;1;0;1;;;;1
27/11/2019;11:09:00;214;sem vítima;660,528;BR-376/PR;Norte;Choque - Defensa, barreira ou "submarino";2;4;;;;;1
27/11/2019;11:55:00;230;sem vítima;22,593;BR-101/SC;Norte;Colisão Traseira;2;2;;;;;1
27/11/2019;12:35:00;249;sem vítima;121,556;BR-101/SC;Sul;Choque - Defensa, barreira ou "submarino";1;1;;;;;1
27/11/2019;14:11:00;280;sem vítima;104,323;BR-116/PR;Norte;Saida de Pista;1;1;;;;;1
27/11/2019;14:18:00;285;sem vítima;180,278;BR-101/SC;Sul;Colisão Lateral;2;2;;;;;1
27/11/2019;14:11:00;294;sem vítima;105,791;BR-116/PR;Norte;Saida de Pista;1;1;;;;;1
27/11/2019;15:04:00;305;com vítima;206,311;BR-101/SC;Norte;Colisão Traseira;2;2;1;;;;1
27/11/2019;16:01:00;346;sem vítima;103,744;BR-116/PR;Sul;Tombamento;1;1;;;;;1
28/11/2019;03:17:00;37;sem vítima;143,928;BR-101/SC;Norte;Colisão Traseira;1;2;;;;;1
28/11/2019;13:13:00;296;com vítima;87,416;BR-101/SC;Norte;Colisão Lateral;1;1;1;;;;1
28/11/2019;19:43:00;481;sem vítima;203,242;BR-101/SC;Norte;Engavetamento;2;3;;;;;1
29/11/2019;02:23:00;40;sem vítima;649,2;BR-376/PR;Norte;Colisão Traseira;2;2;;;;;1
29/11/2019;05:48:00;76;sem vítima;667,3;BR-376/PR;Sul;Saida de Pista;1;1;;;;;1
29/11/2019;11:56:00;245;sem vítima;122,796;BR-101/SC;Norte;Colisão Lateral;1;2;;;;;1
29/11/2019;15:52:00;350;sem vítima;127,099;BR-101/SC;Sul;Colisão Traseira;1;4;;;;;1
29/11/2019;16:37:00;373;sem vítima;185,689;BR-101/SC;Sul;Colisão Lateral;1;2;;;;;1
30/11/2019;04:16:00;67;sem vítima;664,7;BR-376/PR;Norte;Saida de Pista;1;1;;;;;1
30/11/2019;08:41:00;147;sem vítima;201,2;BR-101/SC;Sul;Colisão Lateral;1;2;;;;;1
30/11/2019;13:06:00;278;sem vítima;206,002;BR-101/SC;Norte;Colisão Traseira;1;3;;;;;1
30/11/2019;17:27:00;404;sem vítima;157,563;BR-101/SC;Sul;Colisão Traseira;1;2;;;;;1
30/11/2019;17:39:00;409;sem vítima;208,13;BR-101/SC;Norte;Colisão Traseira;1;2;;;;;1
30/11/2019;19:34:00;449;sem vítima;667,3;BR-376/PR;Sul;Saida de Pista;1;1;;;;;1
30/11/2019;23:06:00;523;sem vítima;205,769;BR-101/SC;Norte;Colisão Traseira;1;2;;;;;1
01/03/2020;01:29:00;28;sem vítima;194,9;BR-101/SC;Norte;Colisão Traseira;1;3;;;;;1
01/03/2020;09:27:00;149;sem vítima;25,433;BR-101/SC;Norte;Colisão Traseira;2;2;;;;;1
01/03/2020;10:16:00;217;sem vítima;667,3;BR-376/PR;Sul;Saida de Pista;1;1;;;;;1
01/03/2020;11:11:00;238;com vítima;616,491;BR-376/PR;Norte;Colisão Traseira;1;2;;1;;1;3
01/03/2020;22:07:00;507;com vítima;171,4;BR-101/SC;Sul;Colisão Traseira;1;2;1;;;;1
02/03/2020;05:12:00;55;sem vítima;17,6;BR-101/SC;Sul;Colisão Traseira;1;2;;;;;1
02/03/2020;08:33:00;164;com vítima;113,209;BR-116/PR;Norte;Engavetamento;2;4;2;;;;1
02/03/2020;10:56:00;235;sem vítima;114,5;BR-116/PR;Norte;Engavetamento;2;3;;;;;1
02/03/2020;11:27:00;247;sem vítima;132,351;BR-101/SC;Sul;Colisão Traseira;1;2;;;;;1
02/03/2020;14:28:00;325;com vítima;653,603;BR-376/PR;Norte;Saida de Pista;1;0;2;;;;1
02/03/2020;14:47:00;333;sem vítima;200,2;BR-101/SC;Sul;Colisão Lateral;1;2;;;;;1
02/03/2020;15:22:00;345;sem vítima;654,5;BR-376/PR;Norte;Colisão Traseira;2;2;;;;;1
02/03/2020;16:04:00;371;sem vítima;657,3;BR-376/PR;Norte;Colisão Traseira;2;3;;;;;1
03/03/2020;01:39:00;27;sem vítima;1,15;BR-101/SC;Sul;Colisão Traseira;1;2;;;;;1
03/03/2020;04:19:00;53;sem vítima;635,15;BR-376/PR;Sul;Colisão Lateral;2;2;;;;;1
03/03/2020;07:52:00;119;com vítima;141,372;BR-101/SC;Sul;Choque - Talude;1;0;1;;;;1
03/03/2020;08:31:00;134;sem vítima;197,933;BR-101/SC;Sul;Colisão Traseira;1;2;;;;;1
03/03/2020;09:20:00;160;com vítima;112,188;BR-116/PR;Norte;Colisão Traseira;1;1;1;;;;1
03/03/2020;09:48:00;176;sem vítima;117,555;BR-101/SC;Sul;Colisão Traseira;1;2;;;;;1
03/03/2020;10:20:00;190;sem vítima;99,001;BR-116/PR;Sul;Colisão Lateral;1;3;;;;;1
03/03/2020;13:01:00;253;com vítima;87,694;BR-101/SC;Norte;Colisão Lateral;1;1;1;;;;1
03/03/2020;13:01:00;253;com vítima;87,694;BR-101/SC;Norte;Colisão Lateral;1;1;1;;;;1
03/03/2020;13:32:00;267;sem vítima;44,89;BR-101/SC;Norte;Colisão Traseira;1;2;;;;;1
03/03/2020;13:32:00;267;sem vítima;44,89;BR-101/SC;Norte;Colisão Traseira;1;2;;;;;1
03/03/2020;15:20:00;311;sem vítima;79,001;BR-101/SC;Norte;Colisão Traseira;1;2;;;;;1
03/03/2020;15:20:00;311;sem vítima;79,001;BR-101/SC;Norte;Colisão Traseira;1;2;;;;;1
03/03/2020;15:36:00;322;sem vítima;671,7;BR-376/PR;Sul;Saida de Pista;1;1;;;;;1
03/03/2020;15:36:00;322;sem vítima;671,7;BR-376/PR;Sul;Saida de Pista;1;1;;;;;1
03/03/2020;18:30:00;418;sem vítima;648,281;BR-376/PR;Norte;Choque - Poste;1;1;;;;;1
03/03/2020;18:30:00;418;sem vítima;648,281;BR-376/PR;Norte;Choque - Poste;1;1;;;;;1
04/03/2020;07:38:00;151;com vítima;210,31;BR-101/SC;Sul;Colisão Traseira;1;2;1;;;;1
04/03/2020;07:38:00;151;com vítima;210,31;BR-101/SC;Sul;Colisão Traseira;1;2;1;;;;1
04/03/2020;07:57:00;164;sem vítima;215,7;BR-101/SC;Norte;Engavetamento;2;3;;;;;1
04/03/2020;07:57:00;164;sem vítima;215,7;BR-101/SC;Norte;Engavetamento;2;3;;;;;1
04/03/2020;08:08:00;173;sem vítima;657,154;BR-376/PR;Sul;Tombamento;1;1;;;;;1
04/03/2020;08:08:00;173;sem vítima;657,154;BR-376/PR;Sul;Tombamento;1;1;;;;;1
04/03/2020;08:10:00;177;sem vítima;632,086;BR-376/PR;Norte;Colisão Traseira;1;2;;;;;1
04/03/2020;08:10:00;177;sem vítima;632,086;BR-376/PR;Norte;Colisão Traseira;1;2;;;;;1
04/03/2020;09:25:00;219;com vítima;139,6;BR-101/SC;Sul;Colisão Traseira;1;1;2;;;;1
04/03/2020;09:25:00;219;com vítima;139,6;BR-101/SC;Sul;Colisão Traseira;1;1;2;;;;1
04/03/2020;09:56:00;236;sem vítima;108,928;BR-116/PR;Sul;Tombamento;1;1;;;;;1
04/03/2020;09:56:00;236;sem vítima;108,928;BR-116/PR;Sul;Tombamento;1;1;;;;;1
04/03/2020;13:02:00;325;sem vítima;7,178;BR-101/SC;Sul;Choque - Defensa, barreira ou "submarino";1;1;;;;;1
04/03/2020;13:02:00;325;sem vítima;7,178;BR-101/SC;Sul;Choque - Defensa, barreira ou "submarino";1;1;;;;;1
04/03/2020;20:35:00;530;sem vítima;149,01;BR-101/SC;Sul;Colisão Traseira;1;2;;;;;1
04/03/2020;20:35:00;530;sem vítima;149,01;BR-101/SC;Sul;Colisão Traseira;1;2;;;;;1
05/03/2020;07:57:00;167;sem vítima;109,712;BR-116/PR;Sul;Saida de Pista;1;1;;;;;1
05/03/2020;07:57:00;167;sem vítima;109,712;BR-116/PR;Sul;Saida de Pista;1;1;;;;;1
05/03/2020;16:36:00;415;sem vítima;164,01;BR-101/SC;Sul;Colisão Traseira;1;2;;;;;1
05/03/2020;16:36:00;415;sem vítima;164,01;BR-101/SC;Sul;Colisão Traseira;1;2;;;;;1
05/03/2020;16:41:00;421;sem vítima;235,1;BR-101/SC;Sul;Colisão Lateral;1;3;;;;;1
05/03/2020;16:41:00;421;sem vítima;235,1;BR-101/SC;Sul;Colisão Lateral;1;3;;;;;1
05/03/2020;18:31:00;482;sem vítima;104,01;BR-116/PR;Sul;Engavetamento;1;4;;;;;1
05/03/2020;18:31:00;482;sem vítima;104,01;BR-116/PR;Sul;Engavetamento;1;4;;;;;1
06/03/2020;01:57:00;53;sem vítima;36,5;BR-101/SC;Sul;Colisão Traseira;1;2;;;;;1
06/03/2020;01:57:00;53;sem vítima;36,5;BR-101/SC;Sul;Colisão Traseira;1;2;;;;;1
06/03/2020;06:55:00;98;com vítima;239,001;BR-101/SC;Norte;Colisão Traseira;1;3;1;;;;1
06/03/2020;06:55:00;98;com vítima;239,001;BR-101/SC;Norte;Colisão Traseira;1;3;1;;;;1
06/03/2020;07:26:00;111;sem vítima;200,001;BR-101/SC;Sul;Colisão Traseira;1;2;;;;;1
06/03/2020;07:26:00;111;sem vítima;200,001;BR-101/SC;Sul;Colisão Traseira;1;2;;;;;1
06/03/2020;07:56:00;121;sem vítima;668,58;BR-376/PR;Sul;Engavetamento;1;3;;;;;1