data;horario;n_da_ocorrencia;tipo_de_ocorrencia;km;trecho;sentido;tipo_de_acidente;caminhao;ilesos;levemente_feridos;moderadamente_feridos;gravemente_feridos;mortos;3
29/01/2020;09:43:00;269;sem vítima;112,014;BR-101/SC;Sul;Tombamento;1;1;;;;;1
29/01/2020;17:02:00;480;sem vítima;213,1;BR-101/SC;Norte;Colisão Lateral;1;2;;;;;1
29/01/2020;17:59:00;511;sem vítima;109,1;BR-101/SC;Norte;Colisão Traseira;2;2;;;;;1
29/01/2020;18:37:00;527;sem vítima;679,001;BR-376/PR;Sul;Saida de Pista;1;1;;;;;1
29/01/2020;18:50:00;531;sem vítima;102,74;BR-116/PR;Sul;Saida de Pista;1;1;;;;;1
30/01/2020;01:07:00;25;sem vítima;164,001;BR-101/SC;Norte;Choque - Defensa, barreira ou "submarino";1;1;;;;;1
30/01/2020;02:41:00;49;com vítima;653,07;BR-376/PR;Sul;Colisão Frontal;1;1;1;1;;;2
30/01/2020;05:26:00;87;sem vítima;195,691;BR-101/SC;Norte;Engavetamento;1;4;;;;;1
30/01/2020;07:23:00;130;sem vítima;200,3;BR-101/SC;Norte;Colisão Lateral;1;2;;;;;1
30/01/2020;07:34:00;140;sem vítima;107,965;BR-116/PR;Norte;Colisão Traseira;1;2;;;;;1
30/01/2020;13:09:00;342;sem vítima;666,706;BR-376/PR;Sul;Colisão Traseira;1;2;;;;;1
30/01/2020;13:37:00;363;sem vítima;664,2;BR-376/PR;Sul;Colisão Traseira;2;2;;;;;1
30/01/2020;15:20:00;415;com vítima;181,099;BR-101/SC;Norte;Colisão Traseira;1;1;1;;;;1
30/01/2020;15:27:00;419;sem vítima;200,1;BR-101/SC;Sul;Colisão Traseira;1;2;;;;;1
30/01/2020;17:24:00;489;sem vítima;99,348;BR-101/SC;Norte;Colisão Lateral;1;2;;;;;1
30/01/2020;20:04:00;555;sem vítima;125,4;BR-101/SC;Sul;Colisão Lateral;1;2;;;;;1
30/01/2020;20:50:00;574;sem vítima;37,001;BR-101/SC;Norte;Colisão Lateral;1;2;;;;;1
30/01/2020;22:56:00;608;sem vítima;112,5;BR-101/SC;Sul;Colisão Lateral;1;2;;;;;1
31/01/2020;13:09:00;345;com vítima;186,551;BR-101/SC;Norte;Saida de Pista;1;0;1;;;;1
31/01/2020;13:30:00;350;com vítima;665,033;BR-376/PR;Sul;Saida de Pista;1;0;1;;;;1
31/01/2020;14:10:00;362;sem vítima;207,649;BR-101/SC;Norte;Colisão Traseira;2;2;;;;;1
31/01/2020;20:40:00;556;com vítima;44,075;BR-101/SC;Sul;Colisão Frontal;1;2;1;;;;1
31/01/2020;22:08:00;594;sem vítima;193,001;BR-101/SC;Norte;Colisão Lateral;1;2;;;;;1
01/02/2020;02:36:00;52;sem vítima;88,768;BR-101/SC;Norte;Tombamento;1;1;;;;;1
01/02/2020;04:35:00;66;sem vítima;209,502;BR-101/SC;Norte;Colisão Traseira;1;2;;;;;1
02/02/2020;10:07:00;197;com vítima;136,001;BR-101/SC;Sul;Atropelamento - Outros;1;1;;;1;;2
02/02/2020;21:54:00;469;sem vítima;672,02;BR-376/PR;Sul;Colisão Lateral;1;2;;;;;1
03/02/2020;00:30:00;8;sem vítima;665,5;BR-376/PR;Sul;Tombamento;1;1;;;;;1
03/02/2020;09:03:00;168;sem vítima;57,001;BR-101/SC;Norte;Colisão Traseira;1;2;;;;;1
03/02/2020;10:04:00;195;sem vítima;125,8;BR-101/SC;Norte;Colisão Traseira;1;4;;;;;1
03/02/2020;11:13:00;220;sem vítima;34,209;BR-101/SC;Norte;Tombamento;1;1;;;;;1
03/02/2020;11:17:00;222;sem vítima;201,001;BR-101/SC;Norte;Engavetamento;1;3;;;;;1
03/02/2020;11:44:00;234;sem vítima;215,001;BR-101/SC;Norte;Colisão Lateral;1;2;;;;;1
03/02/2020;11:55:00;237;sem vítima;215,001;BR-101/SC;Norte;Colisão Traseira;1;2;;;;;1
03/02/2020;12:35:00;250;sem vítima;673,32;BR-376/PR;Sul;Saida de Pista;1;1;;;;;1
03/02/2020;12:49:00;253;com vítima;204,5;BR-101/SC;Norte;Colisão Traseira;1;3;1;;;;1
03/02/2020;16:25:00;347;sem vítima;141,198;BR-101/SC;Norte;Colisão Lateral;1;2;;;;;1
03/02/2020;21:53:00;481;sem vítima;674,6;BR-376/PR;Norte;Tombamento;1;4;;;;;1
04/02/2020;00:26:00;17;sem vítima;235,001;BR-101/SC;Norte;Choque - Defensa, barreira ou "submarino";1;1;;;;;1
04/02/2020;08:48:00;158;sem vítima;96,113;BR-116/PR;Norte;Choque - Defensa, barreira ou "submarino";1;1;;;;;1
04/02/2020;09:33:00;180;com vítima;210,774;BR-101/SC;Norte;Colisão Traseira;1;1;2;;;;1
04/02/2020;09:51:00;198;sem vítima;137,196;BR-101/SC;Sul;Engavetamento;1;3;;;;;1
04/02/2020;11:06:00;225;com vítima;25,749;BR-101/SC;Sul;Engavetamento;3;4;1;;;;1
04/02/2020;11:54:00;247;com vítima;161,822;BR-101/SC;Norte;Queda de Moto;1;1;1;;;;1
04/02/2020;12:23:00;259;sem vítima;57,473;BR-101/SC;Norte;Tombamento;1;1;;;;;1
04/02/2020;12:41:00;272;sem vítima;149,391;BR-101/SC;Sul;Colisão Traseira;1;2;;;;;1
04/02/2020;14:11:00;307;sem vítima;671,7;BR-376/PR;Sul;Colisão Lateral;2;2;;;;;1
04/02/2020;14:17:00;309;sem vítima;138,225;BR-101/SC;Norte;Choque - Defensa, barreira ou "submarino";1;1;;;;;1
04/02/2020;14:36:00;317;sem vítima;216,336;BR-101/SC;Norte;Colisão Traseira;1;7;;;;;1
04/02/2020;15:00:00;329;sem vítima;57,48;BR-101/SC;Sul;Colisão Traseira;1;2;;;;;1
04/02/2020;22:16:00;475;sem vítima;140,001;BR-101/SC;Sul;Choque - Defensa, barreira ou "submarino";1;1;;;;;1
05/02/2020;05:18:00;68;sem vítima;125,442;BR-101/SC;Sul;Colisão Traseira;1;2;;;;;1
05/02/2020;08:00:00;135;sem vítima;237,272;BR-101/SC;Norte;Colisão Lateral;2;2;;;;;1
05/02/2020;12:10:00;257;com vítima;195,242;BR-101/SC;Norte;Colisão Traseira;1;1;1;;;;1
05/02/2020;12:22:00;264;sem vítima;667,3;BR-376/PR;Sul;Saida de Pista;1;1;;;;;1
05/02/2020;12:58:00;271;sem vítima;79,4;BR-101/SC;Sul;Choque - Defensa, barreira ou "submarino";1;1;;;;;1
05/02/2020;16:01:00;366;sem vítima;61,8;BR-101/SC;Norte;Saida de Pista;1;1;;;;;1
05/02/2020;16:24:00;373;sem vítima;206,001;BR-101/SC;Norte;Colisão Traseira;1;2;;;;;1
05/02/2020;16:33:00;378;sem vítima;132,33;BR-101/SC;Sul;Tombamento;1;1;;;;;1
05/02/2020;17:31:00;409;sem vítima;209,2;BR-101/SC;Sul;Colisão Traseira;1;2;;;;;1
05/02/2020;23:19:00;518;com vítima;622,8;BR-376/PR;Norte;Engavetamento;1;7;1;;;;1
06/02/2020;07:38:00;115;com vítima;44,526;BR-101/SC;Norte;Tombamento;1;2;1;;;;1
06/02/2020;07:47:00;119;com vítima;216,445;BR-101/SC;Norte;Engavetamento;1;2;2;;;;1
06/02/2020;09:05:00;167;sem vítima;200,461;BR-101/SC;Sul;Colisão Lateral;1;2;;;;;1
06/02/2020;09:54:00;200;sem vítima;114,001;BR-101/SC;Sul;Saida de Pista;1;1;;;;;1
06/02/2020;11:40:00;260;sem vítima;191,035;BR-101/SC;Norte;Saida de Pista;1;2;;;;;1
06/02/2020;11:55:00;271;sem vítima;121,679;BR-101/SC;Norte;Saida de Pista;1;1;;;;;1
06/02/2020;12:55:00;304;sem vítima;103,796;BR-101/SC;Norte;Colisão Lateral;1;2;;;;;1
06/02/2020;14:22:00;343;sem vítima;24,1;BR-101/SC;Norte;Choque - Defensa, barreira ou "submarino";1;1;;;;;1
06/02/2020;16:16:00;395;sem vítima;110,822;BR-116/PR;Sul;Saida de Pista;1;1;;;;;1
06/02/2020;17:36:00;447;sem vítima;27,001;BR-101/SC;Norte;Engavetamento;1;3;;;;;1
06/02/2020;19:07:00;493;sem vítima;79,35;BR-101/SC;Sul;Colisão Lateral;1;2;;;;;1
06/02/2020;21:01:00;540;sem vítima;1,9;BR-101/SC;Sul;Colisão Lateral;1;2;;;;;1
06/02/2020;21:45:00;560;sem vítima;627,046;BR-376/PR;Norte;Tombamento;1;1;;;;;1
07/02/2020;06:28:00;83;com vítima;207,64;BR-101/SC;Norte;Colisão Traseira;1;1;1;;;;1
07/02/2020;06:45:00;95;sem vítima;52,132;BR-101/SC;Sul;Saida de Pista;1;1;;;;;1
07/02/2020;06:52:00;96;sem vítima;199,103;BR-101/SC;Sul;Colisão Lateral;1;2;;;;;1
07/02/2020;08:09:00;133;sem vítima;196,201;BR-101/SC;Sul;Colisão Traseira;1;2;;;;;1
07/02/2020;08:17:00;140;sem vítima;98,217;BR-116/PR;Sul;Colisão Traseira;2;2;;;;;1
07/02/2020;10:29:00;223;sem vítima;133,001;BR-101/SC;Norte;Colisão Traseira;2;2;;;;;1
07/02/2020;14:15:00;326;com vítima;653,575;BR-376/PR;Norte;Colisão Traseira;1;2;;1;;;2
07/02/2020;16:07:00;384;sem vítima;138,01;BR-101/SC;Norte;Colisão Traseira;1;2;;;;;1
07/02/2020;16:15:00;389;com vítima;100,263;BR-116/PR;Sul;Tombamento;1;0;;;;1;3
07/02/2020;19:17:00;494;com vítima;98,76;BR-116/PR;Sul;Colisão Traseira;1;1;;1;;;2
07/02/2020;21:30:00;576;sem vítima;205,101;BR-101/SC;Norte;Colisão Lateral;1;2;;;;;1
07/02/2020;21:38:00;579;sem vítima;653,688;BR-376/PR;Norte;Tombamento;1;2;;;;;1
08/02/2020;06:04:00;69;sem vítima;51,001;BR-101/SC;Norte;Colisão Lateral;1;2;;;;;1
08/02/2020;13:10:00;310;sem vítima;671,7;BR-376/PR;Sul;Saida de Pista;1;1;;;;;1
08/02/2020;15:28:00;377;sem vítima;660,397;BR-376/PR;Norte;Tombamento;1;2;;;;;1
08/02/2020;17:20:00;463;com vítima;116,501;BR-101/SC;Norte;Saida de Pista;1;1;1;;;;1
08/02/2020;21:40:00;552;sem vítima;8,1;BR-101/SC;Norte;Colisão Traseira;2;2;;;;;1
09/02/2020;06:43:00;110;com vítima;138,739;BR-101/SC;Sul;Choque - Defensa, barreira ou "submarino";1;0;1;;;;1
09/02/2020;16:36:00;416;sem vítima;665,301;BR-376/PR;Sul;Saida de Pista;1;1;;;;;1
10/02/2020;09:49:00;206;sem vítima;667,3;BR-376/PR;Sul;Saida de Pista;1;1;;;;;1
10/02/2020;10:47:00;233;com vítima;134,001;BR-101/SC;Norte;Colisão Lateral;1;2;1;;;;1
10/02/2020;11:34:00;258;sem vítima;215,001;BR-101/SC;Sul;Colisão Lateral;1;2;;;;;1
11/02/2020;08:12:00;163;sem vítima;119,3;BR-101/SC;Norte;Colisão Traseira;1;2;;;;;1
11/02/2020;10:28:00;220;com vítima;194,544;BR-101/SC;Norte;Colisão Lateral;1;1;1;;;;1
11/02/2020;10:38:00;221;com vítima;90,12;BR-101/SC;Norte;Queda de Moto;1;1;1;;;;1
11/02/2020;19:36:00;471;sem vítima;194,1;BR-101/SC;Sul;Colisão Lateral;1;2;;;;;1
11/02/2020;22:23:00;523;sem vítima;75,002;BR-116/PR;Sul;Colisão Traseira;2;2;;;;;1
12/02/2020;00:14:00;7;sem vítima;15,1;BR-101/SC;Sul;Colisão Traseira;1;2;;;;;1
12/02/2020;01:32:00;54;sem vítima;640,6;BR-376/PR;Norte;Colisão Traseira;2;2;;;;;1
12/02/2020;09:55:00;247;com vítima;667,4;BR-376/PR;Sul;Colisão Traseira;2;1;;;;1;3
12/02/2020;10:15:00;261;sem vítima;667,627;BR-376/PR;Sul;Colisão Traseira;1;2;;;;;1
12/02/2020;10:18:00;264;sem vítima;117,973;BR-101/SC;Norte;Colisão Traseira;2;2;;;;;1
12/02/2020;10:47:00;278;com vítima;209,6;BR-101/SC;Norte;Colisão Lateral;1;2;;1;1;;2
12/02/2020;11:58:00;307;sem vítima;204,3;BR-101/SC;Sul;Colisão Lateral;1;2;;;;;1
12/02/2020;16:05:00;423;sem vítima;215,6;BR-101/SC;Norte;Colisão Lateral;1;2;;;;;1
12/02/2020;19:38:00;511;sem vítima;113,002;BR-101/SC;Norte;Colisão Traseira;1;2;;;;;1
13/02/2020;04:06:00;108;sem vítima;199,064;BR-101/SC;Norte;Colisão Traseira;2;2;;;;;1
13/02/2020;04:57:00;122;sem vítima;115,97;BR-101/SC;Sul;Choque - Suporte de Sinalização;1;4;;;;;1
13/02/2020;05:59:00;141;sem vítima;202,002;BR-101/SC;Sul;Colisão Traseira;1;2;;;;;1
13/02/2020;15:23:00;380;sem vítima;117,012;BR-101/SC;Sul;Colisão Traseira;1;2;;;;;1
13/02/2020;17:50:00;467;sem vítima;111,4;BR-101/SC;Sul;Colisão Lateral;1;2;;;;;1
13/02/2020;20:05:00;517;sem vítima;216,001;BR-101/SC;Sul;Colisão Lateral;1;2;;;;;1
13/02/2020;20:06:00;518;sem vítima;48,7;BR-101/SC;Norte;Colisão Traseira;2;2;;;;;1
14/02/2020;03:46:00;70;sem vítima;677,1;BR-376/PR;Norte;Saida de Pista;1;1;;;;;1
14/02/2020;07:25:00;138;com vítima;206,314;BR-101/SC;Sul;Engavetamento;1;4;1;;;;1
14/02/2020;08:48:00;184;sem vítima;199,624;BR-101/SC;Sul;Colisão Lateral;1;2;;;;;1
14/02/2020;09:15:00;199;sem vítima;200,99;BR-101/SC;Sul;Colisão Lateral;1;2;;;;;1
14/02/2020;09:29:00;208;sem vítima;667,3;BR-376/PR;Sul;Saida de Pista;1;1;;;;;1
14/02/2020;11:00:00;255;sem vítima;619,961;BR-376/PR;Norte;Colisão Lateral;2;2;;;;;1
14/02/2020;21:57:00;592;sem vítima;133,001;BR-101/SC;Norte;Colisão Traseira;1;2;;;;;1
14/02/2020;22:13:00;597;com vítima;64,5;BR-101/SC;Norte;Colisão Traseira;1;1;1;;;;1
15/02/2020;00:13:00;6;com vítima;186,122;BR-101/SC;Sul;Colisão Lateral;2;2;1;;;;1
15/02/2020;03:24:00;54;com vítima;189,856;BR-101/SC;Sul;Colisão Traseira;1;2;1;;;;1
15/02/2020;05:45:00;77;com vítima;101,627;BR-116/PR;Sul;Colisão Lateral;1;1;1;;;;1
15/02/2020;06:44:00;93;sem vítima;215,65;BR-101/SC;Sul;Colisão Lateral;1;2;;;;;1
15/02/2020;20:30:00;524;sem vítima;14,4;BR-101/SC;Norte;Colisão Lateral;1;2;;;;;1
16/02/2020;14:09:00;288;sem vítima;187,835;BR-101/SC;Sul;Capotamento;1;2;;;;;1
17/02/2020;07:12:00;132;com vítima;113,403;BR-116/PR;Sul;Colisão Traseira;1;1;1;;;;1
17/02/2020;09:47:00;229;com vítima;118,132;BR-101/SC;Sul;Engavetamento;1;5;1;1;;;2
17/02/2020;10:32:00;250;sem vítima;215,535;BR-101/SC;Sul;Engavetamento;1;3;;;;;1
17/02/2020;11:22:00;263;sem vítima;214,001;BR-101/SC;Norte;Colisão Lateral;1;2;;;;;1
17/02/2020;19:29:00;500;sem vítima;202,001;BR-101/SC;Norte;Saida de Pista;1;2;;;;;1
18/02/2020;04:43:00;90;sem vítima;651,852;BR-376/PR;Norte;Colisão Traseira;2;2;;;;;1
18/02/2020;06:42:00;117;sem vítima;215,012;BR-101/SC;Norte;Colisão Traseira;1;2;;;;;1
18/02/2020;12:51:00;280;sem vítima;122,8;BR-101/SC;Sul;Choque - Defensa, barreira ou "submarino";1;1;;;;;1
18/02/2020;16:53:00;406;sem vítima;205,5;BR-101/SC;Sul;Colisão Traseira;1;2;;;;;1
18/02/2020;17:20:00;421;sem vítima;88,099;BR-101/SC;Sul;Colisão Lateral;1;2;;;;;1
19/02/2020;13:35:00;383;sem vítima;158,855;BR-101/SC;Norte;Tombamento;1;1;;;;;1
19/02/2020;14:58:00;409;sem vítima;119,001;BR-101/SC;Sul;Engavetamento;1;3;;;;;1
19/02/2020;16:07:00;458;sem vítima;213,3;BR-101/SC;Norte;Colisão Traseira;1;2;;;;;1
20/02/2020;06:18:00;121;com vítima;676,697;BR-376/PR;Norte;Tombamento;1;0;1;;;;1
20/02/2020;09:02:00;202;com vítima;111,624;BR-101/SC;Norte;Colisão Lateral;1;1;1;;;;1
20/02/2020;11:31:00;280;sem vítima;30,995;BR-101/SC;Sul;Colisão Lateral;1;2;;;;;1
20/02/2020;11:44:00;286;com vítima;671,541;BR-376/PR;Norte;Colisão Traseira;1;1;;;1;;2
20/02/2020;11:51:00;291;com vítima;671,109;BR-376/PR;Sul;Colisão Traseira;2;1;1;;;;1
20/02/2020;12:06:00;300;sem vítima;96,528;BR-101/SC;Sul;Colisão Traseira;1;2;;;;;1
20/02/2020;16:19:00;432;com vítima;129,4;BR-101/SC;Norte;Colisão Lateral;1;2;1;;;;1
20/02/2020;17:36:00;481;sem vítima;38,5;BR-101/SC;Sul;Colisão Traseira;1;3;;;;;1
21/02/2020;07:14:00;141;sem vítima;114,199;BR-116/PR;Norte;Colisão Lateral;1;2;;;;;1
21/02/2020;13:56:00;427;com vítima;173,6;BR-101/SC;Norte;Colisão Lateral;1;1;1;;;;1
21/02/2020;14:25:00;443;com vítima;641,551;BR-376/PR;Norte;Colisão Lateral;1;1;2;;;;1
21/02/2020;20:44:00;618;com vítima;131,88;BR-101/SC;Sul;Colisão Traseira;1;2;;;;2;3
21/02/2020;22:25:00;660;sem vítima;103,51;BR-116/PR;Sul;Colisão Traseira;1;3;;;;;1
22/02/2020;07:03:00;150;com vítima;113,339;BR-116/PR;Sul;Tombamento;2;1;1;;;;1
22/02/2020;13:57:00;386;sem vítima;102,1;BR-116/PR;Sul;Colisão Lateral;1;2;;;;;1
22/02/2020;14:20:00;395;com vítima;115,947;BR-101/SC;Sul;Colisão Traseira;2;1;;;;1;3
23/02/2020;03:16:00;53;com vítima;84,001;BR-101/SC;Norte;Colisão Traseira;1;2;1;;;;1
23/02/2020;11:38:00;213;sem vítima;673,07;BR-376/PR;Sul;Colisão Traseira;1;2;;;;;1
24/02/2020;08:30:00;154;com vítima;211,364;BR-101/SC;Sul;Colisão Traseira;1;2;;1;;;2
24/02/2020;09:34:00;195;sem vítima;111,197;BR-116/PR;Norte;Colisão Traseira;1;2;;;;;1
24/02/2020;17:15:00;413;sem vítima;235,2;BR-101/SC;Norte;Colisão Traseira;1;2;;;;;1
25/02/2020;12:50:00;295;sem vítima;665,5;BR-376/PR;Norte;Colisão Traseira;1;2;;;;;1
25/02/2020;19:01:00;465;sem vítima;138,6;BR-101/SC;Sul;Tombamento;1;1;;;;;1
25/02/2020;20:56:00;517;sem vítima;136,1;BR-101/SC;Norte;Colisão Lateral;1;2;;;;;1
26/02/2020;11:16:00;221;sem vítima;192,7;BR-101/SC;Norte;Colisão Traseira;1;2;;;;;1
26/02/2020;11:20:00;224;sem vítima;102,001;BR-116/PR;Sul;Colisão Traseira;1;2;;;;;1
26/02/2020;11:21:00;226;sem vítima;102,001;BR-116/PR;Sul;Colisão Traseira;2;2;;;;;1
26/02/2020;15:58:00;359;com vítima;128,01;BR-101/SC;Norte;Colisão Traseira;1;1;1;;;;1
26/02/2020;19:24:00;454;com vítima;145,001;BR-101/SC;Norte;Colisão Traseira;1;2;1;;;;1
26/02/2020;19:32:00;456;sem vítima;79,4;BR-101/SC;Sul;Choque - Defensa, barreira ou "submarino";1;1;;;;;1
27/02/2020;08:52:00;182;sem vítima;214,001;BR-101/SC;Norte;Engavetamento;3;3;;;;;1
27/02/2020;11:12:00;263;sem vítima;102,001;BR-116/PR;Sul;Colisão Traseira;2;3;;;;;1
27/02/2020;12:32:00;297;sem vítima;79,46;BR-101/SC;Norte;Choque - Defensa, barreira ou "submarino";1;1;;;;;1
27/02/2020;15:18:00;384;sem vítima;105,01;BR-101/SC;Sul;Colisão Lateral;1;2;;;;;1
27/02/2020;17:09:00;448;sem vítima;619,788;BR-376/PR;Sul;Tombamento;1;1;;;;;1
28/02/2020;01:56:00;53;sem vítima;146,9;BR-101/SC;Norte;Choque - Poste;1;1;;;;;1
28/02/2020;02:43:00;66;com vítima;46,6;BR-101/SC;Sul;Colisão Traseira;2;1;;1;;;2
28/02/2020;07:01:00;115;sem vítima;680,91;BR-376/PR;Sul;Colisão Traseira;2;3;;;;;1
28/02/2020;08:41:00;184;sem vítima;209,707;BR-101/SC;Norte;Engavetamento;2;3;;;;;1
28/02/2020;11:08:00;274;sem vítima;206,14;BR-101/SC;Norte;Colisão Lateral;1;2;;;;;1
28/02/2020;12:27:00;306;sem vítima;206,9;BR-101/SC;Sul;Engavetamento;1;3;;;;;1
28/02/2020;15:18:00;378;sem vítima;117,001;BR-101/SC;Norte;Engavetamento;3;3;;;;;1
28/02/2020;15:32:00;392;sem vítima;59,003;BR-101/SC;Sul;Choque - Objeto sobre a pista;1;1;;;;;1
28/02/2020;20:05:00;527;sem vítima;192,012;BR-101/SC;Sul;Colisão Transversal;2;3;;;;;1
29/02/2020;09:07:00;206;sem vítima;242,985;BR-101/SC;Norte;Choque - Objeto sobre a pista;1;2;;;;;1
29/02/2020;10:19:00;249;sem vítima;1,748;BR-101/SC;Norte;Engavetamento;2;4;;;;;1
29/02/2020;10:43:00;262;sem vítima;1,3;BR-101/SC;Norte;Colisão Traseira;2;2;;;;;1
29/02/2020;16:59:00;442;sem vítima;205,3;BR-101/SC;Norte;Colisão Lateral;1;2;;;;;1
29/02/2020;18:12:00;467;com vítima;212,6;BR-101/SC;Sul;Colisão Transversal;1;1;1;;;;1
29/02/2020;21:57:00;538;com vítima;103,2;BR-116/PR;Norte;Colisão Frontal;1;4;;;;1;3
01/04/2020;14:02:00;381;sem vítima;112,301;BR-116/PR;Norte;Tombamento;1;2;;;;;1
01/04/2020;14:39:00;397;com vítima;201,9;BR-101/SC;Sul;Engavetamento;1;2;1;;;;1
02/04/2020;16:02:00;333;sem vítima;28,618;BR-101/SC;Norte;Choque - Defensa, barreira ou "submarino";1;1;;;;;1
02/04/2020;17:46:00;377;com vítima;149,828;BR-101/SC;Norte;Objeto lançado contra veículo;1;1;1;;;;1
03/04/2020;05:00:00;78;sem vítima;72,272;BR-101/SC;Sul;Colisão Traseira;1;2;;;;;1
03/04/2020;08:00:00;134;com vítima;27,1;BR-101/SC;Norte;Colisão Lateral;2;1;1;;;;1
03/04/2020;10:55:00;218;sem vítima;95,1;BR-101/SC;Sul;Colisão Traseira;1;2;;;;;1
03/04/2020;18:04:00;395;sem vítima;616,818;BR-376/PR;Norte;Queda de Moto;2;3;;;;;1
04/04/2020;06:48:00;84;sem vítima;667,3;BR-376/PR;Sul;Saida de Pista;1;2;;;;;1
04/04/2020;15:41:00;274;sem vítima;667,3;BR-376/PR;Sul;Saida de Pista;1;1;;;;;1
05/04/2020;09:32:00;150;sem vítima;93,1;BR-101/SC;Sul;Colisão Traseira;1;2;;;;;1
06/04/2020;11:47:00;207;sem vítima;39,001;BR-101/SC;Sul;Saida de Pista;1;1;;;;;1
06/04/2020;14:21:00;257;com vítima;39,535;BR-101/SC;Sul;Engavetamento;1;2;2;;;;1
06/04/2020;15:32:00;278;sem vítima;653,51;BR-376/PR;Norte;Saida de Pista;1;2;;;;;1
06/04/2020;16:48:00;300;sem vítima;115,001;BR-101/SC;Norte;Saida de Pista;1;1;;;;;1
06/04/2020;16:57:00;301;sem vítima;138,985;BR-101/SC;Sul;Choque - Defensa, barreira ou "submarino";1;1;;;;;1
07/04/2020;00:39:00;6;sem vítima;73,6;BR-116/PR;Norte;Saida de Pista;1;1;;;;;1
07/04/2020;14:44:00;249;sem vítima;207,4;BR-101/SC;Sul;Colisão Traseira;2;3;;;;;1
07/04/2020;16:05:00;286;sem vítima;202,1;BR-101/SC;Sul;Colisão Traseira;1;2;;;;;1
07/04/2020;19:17:00;346;sem vítima;117,3;BR-101/SC;Norte;Colisão Lateral;1;3;;;;;1
08/04/2020;06:26:00;122;sem vítima;212,9;BR-101/SC;Norte;Colisão Lateral;1;2;;;;;1
08/04/2020;23:07:00;586;sem vítima;211,9;BR-101/SC;Sul;Colisão Traseira;1;2;;;;;1
09/04/2020;07:04:00;98;sem vítima;137,1;BR-101/SC;Sul;Colisão Traseira;1;2;;;;;1
09/04/2020;09:32:00;165;sem vítima;671,7;BR-376/PR;Sul;Saida de Pista;1;1;;;;;1
09/04/2020;13:36:00;279;sem vítima;201,1;BR-101/SC;Sul;Choque - Defensa, barreira ou "submarino";1;2;;;;;1
09/04/2020;20:35:00;429;sem vítima;157,46;BR-101/SC;Norte;Colisão Transversal;1;2;;;;;1
09/04/2020;21:49:00;447;sem vítima;215,001;BR-101/SC;Sul;Saida de Pista;1;2;;;;;1
10/04/2020;05:52:00;93;com vítima;210,6;BR-101/SC;Sul;Colisão Traseira;1;2;1;;;;1
10/04/2020;11:41:00;206;sem vítima;99,123;BR-116/PR;Sul;Engavetamento;1;3;;;;;1
10/04/2020;13:37:00;247;sem vítima;89,398;BR-101/SC;Sul;Colisão Lateral;1;2;;;;;1
10/04/2020;19:59:00;340;sem vítima;140,23;BR-101/SC;Sul;Colisão Traseira;1;2;;;;;1
12/04/2020;22:11:00;343;sem vítima;139,797;BR-101/SC;Norte;Colisão Traseira;1;2;;;;;1
13/04/2020;08:00:00;101;sem vítima;208,001;BR-101/SC;Sul;Colisão Traseira;1;2;;;;;1
13/04/2020;10:42:00;119;sem vítima;45,001;BR-101/SC;Norte;Colisão Transversal;2;2;;;;;1
13/04/2020;12:17:00;128;sem vítima;73,1;BR-116/PR;Sul;Tombamento;1;1;;;;;1
13/04/2020;11:57:00;136;sem vítima;157,73;BR-101/SC;Sul;Colisão Traseira;1;2;;;;;1
13/04/2020;16:15:00;210;sem vítima;157,4;BR-101/SC;Norte;Engavetamento;1;3;;;;;1
14/04/2020;04:40:00;59;sem vítima;175,48;BR-101/SC;Sul;Tombamento;1;1;;;;;1
14/04/2020;13:06:00;170;sem vítima;116,904;BR-101/SC;Norte;Colisão Lateral;1;2;;;;;1
14/04/2020;13:58:00;184;com vítima;120,345;BR-101/SC;Norte;Colisão Lateral;1;1;1;;;;1
15/04/2020;07:12:00;91;com vítima;120,001;BR-101/SC;Sul;Colisão Lateral;1;1;1;;;;1
15/04/2020;09:20:00;151;sem vítima;677,4;BR-376/PR;Sul;Saida de Pista;1;1;;;;;1
15/04/2020;11:03:00;182;sem vítima;671,7;BR-376/PR;Sul;Saida de Pista;1;1;;;;;1
15/04/2020;16:13:00;291;com vítima;111,8;BR-101/SC;Norte;Colisão Lateral;4;9;;;1;;2
15/04/2020;17:37:00;321;sem vítima;114,647;BR-116/PR;Norte;Colisão Traseira;2;2;;;;;1
15/04/2020;18:43:00;337;sem vítima;652,582;BR-376/PR;Norte;Colisão Lateral;1;2;;;;;1
15/04/2020;19:45:00;357;sem vítima;201,774;BR-101/SC;Norte;Colisão Lateral;1;2;;;;;1
15/04/2020;21:50:00;396;sem vítima;615,1;BR-376/PR;Norte;Colisão Traseira;1;2;;;;;1
16/04/2020;09:39:00;164;sem vítima;668,781;BR-376/PR;Norte;Colisão Transversal;2;2;;;;;1
16/04/2020;15:45:00;287;sem vítima;79,35;BR-101/SC;Norte;Colisão Lateral;1;2;;;;;1
17/04/2020;07:36:00;102;com vítima;206,523;BR-101/SC;Sul;Engavetamento;1;3;1;;;;1
17/04/2020;14:15:00;264;sem vítima;52,26;BR-101/SC;Sul;Colisão Traseira;4;5;;;;;1
18/04/2020;10:04:00;150;sem vítima;106,086;BR-116/PR;Sul;Tombamento;1;1;;;;;1
18/04/2020;15:37:00;255;com vítima;57,61;BR-101/SC;Norte;Choque - Defensa, barreira ou "submarino";1;0;;1;;;2