data;horario;n_da_ocorrencia;tipo_de_ocorrencia;km;trecho;sentido;tipo_de_acidente;caminhao;ilesos;levemente_feridos;moderadamente_feridos;gravemente_feridos;mortos;3
19/04/2020;12:45:00;146;sem vítima;667,3;BR-376/PR;Sul;Saida de Pista;1;1;;;;;1
19/04/2020;14:32:00;168;com vítima;90,702;BR-116/PR;Sul;Colisão Traseira;1;1;;1;;;2
19/04/2020;22:09:00;301;sem vítima;112,001;BR-101/SC;Sul;Colisão Lateral;1;2;;;;;1
20/04/2020;18:36:00;314;sem vítima;667,3;BR-376/PR;Sul;Saida de Pista;1;1;;;;;1
20/04/2020;18:40:00;317;com vítima;161,901;BR-101/SC;Norte;Engavetamento;1;2;;1;;;2
21/04/2020;02:59:00;48;com vítima;128,986;BR-101/SC;Sul;Colisão Traseira;1;1;;;1;;2
21/04/2020;14:55:00;221;sem vítima;4,046;BR-101/SC;Norte;Choque - Defensa, barreira ou "submarino";1;2;;;;;1
21/04/2020;16:24:00;255;sem vítima;671,7;BR-376/PR;Sul;Saida de Pista;1;1;;;;;1
22/04/2020;08:59:00;148;sem vítima;128,9;BR-101/SC;Sul;Colisão Lateral;1;2;;;;;1
23/04/2020;09:28:00;126;sem vítima;25,001;BR-101/SC;Sul;Colisão Traseira;2;2;;;;;1
23/04/2020;11:59:00;166;sem vítima;673,001;BR-376/PR;Sul;Colisão Traseira;2;2;;;;;1
23/04/2020;14:21:00;210;sem vítima;120,887;BR-101/SC;Norte;Colisão Traseira;1;2;;;;;1
23/04/2020;20:52:00;355;sem vítima;74,9;BR-116/PR;Sul;Colisão Traseira;2;2;;;;;1
24/04/2020;12:28:00;269;sem vítima;58,5;BR-101/SC;Norte;Tombamento;1;1;;;;;1
25/04/2020;00:50:00;18;sem vítima;667,3;BR-376/PR;Sul;Saida de Pista;1;1;;;;;1
25/04/2020;06:09:00;80;sem vítima;667,812;BR-376/PR;Norte;Tombamento;1;1;;;;;1
27/04/2020;07:51:00;113;sem vítima;206,169;BR-101/SC;Norte;Colisão Lateral;1;3;;;;;1
27/04/2020;10:41:00;193;sem vítima;652,435;BR-376/PR;Norte;Colisão Traseira;1;2;;;;;1
27/04/2020;11:03:00;200;com vítima;52,676;BR-101/SC;Norte;Colisão Traseira;1;1;;;1;;2
27/04/2020;13:00:00;243;com vítima;123,134;BR-101/SC;Sul;Colisão Transversal;1;1;1;;;;1
28/04/2020;02:40:00;42;sem vítima;632,923;BR-376/PR;Norte;Saida de Pista;1;1;;;;;1
28/04/2020;16:59:00;381;sem vítima;95,903;BR-101/SC;Norte;Choque - Defensa, barreira ou "submarino";1;3;;;;;1
28/04/2020;22:33:00;471;sem vítima;1,35;BR-101/SC;Sul;Colisão Traseira;1;2;;;;;1
29/04/2020;05:42:00;135;sem vítima;10,767;BR-101/SC;Sul;Atropelamento de Animal;2;2;;;;;1
29/04/2020;09:33:00;257;sem vítima;71,2;BR-116/PR;Sul;Colisão Traseira;1;2;;;;;1
29/04/2020;10:03:00;282;sem vítima;130,261;BR-101/SC;Norte;Engavetamento;1;3;;;;;1
29/04/2020;10:44:00;298;com vítima;205,529;BR-101/SC;Norte;Colisão Lateral;1;2;1;;;;1
30/04/2020;07:55:00;136;sem vítima;206,869;BR-101/SC;Norte;Colisão Traseira;1;2;;;;;1
30/04/2020;09:34:00;197;sem vítima;79,349;BR-101/SC;Sul;Colisão Traseira;1;2;;;;;1
30/04/2020;16:16:00;390;sem vítima;64,25;BR-101/SC;Norte;Colisão Lateral;1;2;;;;;1
30/04/2020;18:58:00;447;sem vítima;38,5;BR-101/SC;Sul;Colisão Traseira;2;2;;;;;1
01/05/2020;13:40:00;248;sem vítima;680,954;BR-376/PR;Sul;Colisão Lateral;1;2;;;;;1
02/05/2020;10:15:00;180;sem vítima;193,101;BR-101/SC;Sul;Colisão Traseira;1;2;;;;;1
03/05/2020;06:39:00;86;com vítima;102,748;BR-116/PR;Norte;Atropelamento - Outros;1;3;1;;;;1
03/05/2020;19:55:00;363;sem vítima;614,59;BR-376/PR;Norte;Colisão Traseira;1;2;;;;;1
04/05/2020;09:18:00;165;sem vítima;208,216;BR-101/SC;Norte;Colisão Traseira;1;3;;;;;1
04/05/2020;22:55:00;454;sem vítima;652,001;BR-376/PR;Norte;Colisão Traseira;2;2;;;;;1
04/05/2020;23:49:00;474;sem vítima;98,9;BR-116/PR;Norte;Colisão Transversal;1;2;;;;;1
05/05/2020;00:49:00;21;sem vítima;39,001;BR-101/SC;Sul;Colisão Lateral;1;2;;;;;1
05/05/2020;23:05:00;471;com vítima;654,35;BR-376/PR;Norte;Colisão Traseira;2;1;;1;;;2
06/05/2020;07:52:00;98;sem vítima;105,812;BR-116/PR;Sul;Tombamento;1;2;;;;;1
06/05/2020;14:41:00;270;com vítima;648,343;BR-376/PR;Norte;Colisão Traseira;2;1;;1;;;2
06/05/2020;16:17:00;311;sem vítima;62,532;BR-101/SC;Sul;Colisão Lateral;1;2;;;;;1
06/05/2020;19:26:00;374;sem vítima;210,654;BR-101/SC;Sul;Colisão Lateral;1;2;;;;;1
06/05/2020;19:49:00;379;sem vítima;158,82;BR-101/SC;Norte;Colisão Lateral;1;2;;;;;1
06/05/2020;21:11:00;403;sem vítima;113,855;BR-101/SC;Norte;Colisão Traseira;1;2;;;;;1
06/05/2020;22:00:00;410;com vítima;116,796;BR-101/SC;Norte;Colisão Traseira;1;1;;;1;;2
07/05/2020;06:28:00;78;com vítima;617,177;BR-376/PR;Norte;Engavetamento;2;2;1;;;;1
07/05/2020;08:54:00;153;com vítima;122,171;BR-101/SC;Sul;Colisão Traseira;1;1;1;;;;1
07/05/2020;08:58:00;156;sem vítima;209,8;BR-101/SC;Norte;Colisão Lateral;1;2;;;;;1
07/05/2020;10:44:00;234;sem vítima;667,3;BR-376/PR;Sul;Saida de Pista;1;1;;;;;1
07/05/2020;13:05:00;286;sem vítima;102,4;BR-101/SC;Norte;Colisão Traseira;2;2;;;;;1
07/05/2020;14:40:00;325;sem vítima;128,311;BR-101/SC;Norte;Colisão Traseira;2;2;;;;;1
07/05/2020;16:19:00;378;com vítima;128,476;BR-101/SC;Sul;Colisão Traseira;1;2;1;;;;1
07/05/2020;16:19:00;380;sem vítima;221,5;BR-101/SC;Sul;Colisão Traseira;1;2;;;;;1
07/05/2020;17:51:00;439;sem vítima;107,749;BR-116/PR;Sul;Colisão Traseira;2;2;;;;;1
07/05/2020;19:02:00;446;sem vítima;204,5;BR-101/SC;Norte;Engavetamento;1;3;;;;;1
08/05/2020;16:08:00;343;com vítima;212,7;BR-101/SC;Norte;Engavetamento;2;4;1;;;;1
09/05/2020;05:36:00;86;sem vítima;75,025;BR-116/PR;Sul;Colisão Traseira;1;2;;;;;1
09/05/2020;12:57:00;252;sem vítima;614,829;BR-376/PR;Norte;Tombamento;1;1;;;;;1
09/05/2020;17:49:00;376;com vítima;646,566;BR-376/PR;Norte;Saida de Pista;1;0;1;;;;1
10/05/2020;00:45:00;11;sem vítima;200,405;BR-101/SC;Sul;Choque - Defensa, barreira ou "submarino";1;1;;;;;1
11/05/2020;04:55:00;65;com vítima;29,561;BR-101/SC;Sul;Colisão Traseira;2;1;1;;;;1
11/05/2020;08:33:00;128;sem vítima;27,6;BR-101/SC;Sul;Colisão Traseira;1;2;;;;;1
11/05/2020;10:52:00;183;sem vítima;114,823;BR-116/PR;Norte;Colisão Traseira;2;3;;;;;1
12/05/2020;07:26:00;115;sem vítima;214,269;BR-101/SC;Norte;Colisão Lateral;1;2;;;;;1
12/05/2020;13:26:00;298;sem vítima;32,321;BR-101/SC;Norte;Colisão Traseira;1;2;;;;;1
12/05/2020;15:04:00;333;sem vítima;104,091;BR-116/PR;Norte;Colisão Traseira;2;2;;;;;1
12/05/2020;18:15:00;431;sem vítima;86,316;BR-116/PR;Norte;Saida de Pista;1;1;;;;;1
13/05/2020;09:00:00;157;sem vítima;150,698;BR-101/SC;Sul;Colisão Traseira;2;2;;;;;1
13/05/2020;09:06:00;160;com vítima;211,286;BR-101/SC;Sul;Colisão Lateral;1;2;2;;;;1
13/05/2020;11:21:00;220;sem vítima;95,645;BR-101/SC;Sul;Colisão Traseira;1;4;;;;;1
13/05/2020;13:00:00;270;sem vítima;630,361;BR-376/PR;Sul;Colisão Traseira;1;2;;;;;1
13/05/2020;17:39:00;405;com vítima;41,186;BR-101/SC;Sul;Choque - Defensa, barreira ou "submarino";1;0;1;;;;1
13/05/2020;17:42:00;410;sem vítima;667,3;BR-376/PR;Sul;Saida de Pista;1;2;;;;;1
13/05/2020;23:51:00;486;sem vítima;676,001;BR-376/PR;Sul;Colisão Traseira;1;2;;;;;1
14/05/2020;03:31:00;66;sem vítima;26,12;BR-101/SC;Sul;Colisão Traseira;2;2;;;;;1
14/05/2020;11:08:00;274;sem vítima;111,715;BR-101/SC;Norte;Colisão Traseira;2;2;;;;;1
14/05/2020;12:31:00;314;sem vítima;79,46;BR-101/SC;Sul;Colisão Traseira;1;2;;;;;1
14/05/2020;12:43:00;322;com vítima;225,596;BR-101/SC;Sul;Engavetamento;1;3;3;;;;1
15/05/2020;09:32:00;190;sem vítima;192,8;BR-101/SC;Norte;Colisão Traseira;1;2;;;;;1
15/05/2020;11:33:00;244;sem vítima;44,957;BR-101/SC;Norte;Colisão Lateral;2;2;;;;;1
15/05/2020;14:30:00;302;com vítima;100,369;BR-116/PR;Norte;Colisão Lateral;1;2;1;;;;1
16/05/2020;05:46:00;78;sem vítima;118,1;BR-101/SC;Norte;Colisão Lateral;1;2;;;;;1
16/05/2020;18:04:00;382;sem vítima;94,927;BR-116/PR;Norte;Colisão Lateral;1;2;;;;;1
17/05/2020;15:11:00;230;sem vítima;243,621;BR-101/SC;Norte;Saida de Pista;1;1;;;;;1
17/05/2020;15:41:00;245;sem vítima;56,956;BR-101/SC;Norte;Colisão Lateral;2;3;;;;;1
17/05/2020;18:55:00;331;sem vítima;242,985;BR-101/SC;Norte;Colisão Lateral;1;3;;;;;1
17/05/2020;20:46:00;367;sem vítima;56,377;BR-101/SC;Norte;Colisão Lateral;1;2;;;;;1
18/05/2020;08:49:00;138;sem vítima;204,92;BR-101/SC;Sul;Colisão Traseira;2;2;;;;;1
18/05/2020;11:02:00;204;sem vítima;155,198;BR-101/SC;Sul;Colisão Lateral;1;2;;;;;1
18/05/2020;14:40:00;284;sem vítima;51,001;BR-101/SC;Sul;Colisão Traseira;1;2;;;;;1
18/05/2020;15:42:00;315;sem vítima;618,12;BR-376/PR;Sul;Saida de Pista;1;1;;;;;1
18/05/2020;17:31:00;363;sem vítima;236,15;BR-101/SC;Sul;Colisão Lateral;1;2;;;;;1
18/05/2020;18:21:00;378;sem vítima;45,882;BR-101/SC;Norte;Colisão Lateral;1;2;;;;;1
19/05/2020;21:47:00;433;sem vítima;651,001;BR-376/PR;Sul;Colisão Traseira;2;2;;;;;1
19/05/2020;23:59:00;468;sem vítima;111,003;BR-101/SC;Sul;Saida de Pista;1;1;;;;;1
20/05/2020;06:42:00;104;sem vítima;671,7;BR-376/PR;Sul;Saida de Pista;1;2;;;;;1
20/05/2020;16:10:00;373;sem vítima;88,688;BR-116/PR;Sul;Tombamento;1;1;;;;;1
21/05/2020;08:27:00;154;sem vítima;213,134;BR-101/SC;Sul;Colisão Traseira;1;4;;;;;1
21/05/2020;13:26:00;315;com vítima;206,209;BR-101/SC;Norte;Colisão Lateral;1;1;1;;;;1
21/05/2020;14:43:00;350;sem vítima;670,1;BR-376/PR;Norte;Colisão Lateral;2;2;;;;;1
22/05/2020;10:48:00;192;sem vítima;22,312;BR-101/SC;Norte;Objeto lançado contra veículo;1;1;;;;;1
22/05/2020;15:02:00;280;sem vítima;111,666;BR-101/SC;Sul;Colisão Lateral;1;2;;;;;1
22/05/2020;15:29:00;293;com vítima;632,779;BR-376/PR;Norte;Engavetamento;2;5;;1;1;;2
22/05/2020;16:48:00;333;com vítima;105,22;BR-101/SC;Norte;Colisão Transversal;1;1;1;;;;1
22/05/2020;17:36:00;349;sem vítima;106,379;BR-116/PR;Sul;Engavetamento;1;4;;;;;1
22/05/2020;22:15:00;427;com vítima;665,8;BR-376/PR;Sul;Colisão Transversal;1;1;;;1;;2
23/05/2020;02:17:00;49;com vítima;120,21;BR-101/SC;Norte;Colisão Traseira;1;1;;;1;;2
23/05/2020;13:47:00;258;com vítima;35,755;BR-101/SC;Norte;Engavetamento;1;4;1;;;;1
24/05/2020;08:06:00;109;sem vítima;242,5;BR-101/SC;Sul;Colisão Traseira;1;2;;;;;1
24/05/2020;13:03:00;242;com vítima;212,87;BR-101/SC;Norte;Colisão Lateral;1;1;1;;;;1
24/05/2020;22:07:00;422;com vítima;118,361;BR-101/SC;Norte;Colisão Traseira;1;2;;1;;;2
25/05/2020;23:00:00;445;com vítima;664,14;BR-376/PR;Norte;Tombamento;1;0;;1;;;2
26/05/2020;01:39:00;30;sem vítima;120,001;BR-101/SC;Sul;Colisão Traseira;1;2;;;;;1
26/05/2020;11:26:00;196;sem vítima;136,197;BR-101/SC;Sul;Colisão Lateral;1;3;;;;;1
26/05/2020;15:07:00;281;sem vítima;35,733;BR-101/SC;Norte;Choque - Objeto sobre a pista;1;2;;;;;1
27/05/2020;05:36:00;95;com vítima;7,2;BR-101/SC;Norte;Colisão Traseira;2;1;1;;;;1
27/05/2020;09:15:00;172;sem vítima;111,861;BR-116/PR;Norte;Engavetamento;2;4;;;;;1
27/05/2020;09:26:00;175;sem vítima;111,2;BR-101/SC;Norte;Colisão Traseira;1;2;;;;;1
27/05/2020;17:26:00;333;sem vítima;136,915;BR-101/SC;Sul;Colisão Traseira;1;2;;;;;1
27/05/2020;20:52:00;393;sem vítima;162,8;BR-101/SC;Norte;Colisão Traseira;2;2;;;;;1
27/05/2020;21:10:00;396;sem vítima;91,9;BR-101/SC;Sul;Colisão Traseira;1;2;;;;;1
28/05/2020;10:11:00;215;sem vítima;20,894;BR-101/SC;Sul;Engavetamento;2;3;;;;;1
28/05/2020;12:01:00;249;sem vítima;114,324;BR-101/SC;Norte;Colisão Transversal;1;2;;;;;1
28/05/2020;15:49:00;354;sem vítima;622,5;BR-376/PR;Norte;Engavetamento;1;3;;;;;1
28/05/2020;15:54:00;362;sem vítima;663,3;BR-376/PR;Sul;Colisão Traseira;1;2;;;;;1
28/05/2020;18:36:00;432;com vítima;206,89;BR-101/SC;Norte;Colisão Traseira;1;1;2;;;;1
28/05/2020;18:42:00;435;sem vítima;104,6;BR-101/SC;Sul;Choque - Objeto sobre a pista;1;1;;;;;1
28/05/2020;20:58:00;480;sem vítima;666,658;BR-376/PR;Sul;Saida de Pista;1;1;;;;;1
29/05/2020;08:10:00;120;sem vítima;667,3;BR-376/PR;Sul;Saida de Pista;1;1;;;;;1
29/05/2020;10:30:00;193;sem vítima;205,9;BR-101/SC;Norte;Colisão Traseira;1;2;;;;;1
29/05/2020;11:07:00;207;sem vítima;92,564;BR-101/SC;Sul;Colisão Lateral;1;2;;;;;1
29/05/2020;11:50:00;223;sem vítima;89,915;BR-101/SC;Sul;Choque - Defensa, barreira ou "submarino";1;1;;;;;1
29/05/2020;13:45:00;285;com vítima;136,495;BR-101/SC;Norte;Colisão Traseira;2;2;;;1;;2
29/05/2020;14:21:00;295;sem vítima;117,354;BR-101/SC;Sul;Colisão Traseira;2;2;;;;;1
29/05/2020;15:00:00;310;sem vítima;112,591;BR-116/PR;Sul;Colisão Traseira;1;1;;;;;1
29/05/2020;15:14:00;316;sem vítima;227,2;BR-101/SC;Sul;Colisão Lateral;1;2;;;;;1
29/05/2020;16:23:00;360;sem vítima;242,985;BR-101/SC;Norte;Colisão Traseira;2;2;;;;;1
29/05/2020;17:26:00;395;sem vítima;38,73;BR-101/SC;Norte;Colisão Traseira;1;2;;;;;1
29/05/2020;22:09:00;509;sem vítima;157,4;BR-101/SC;Sul;Colisão Traseira;1;2;;;;;1
30/05/2020;10:17:00;194;sem vítima;135,635;BR-101/SC;Sul;Colisão Lateral;1;2;;;;;1
30/05/2020;11:15:00;209;com vítima;120,6;BR-101/SC;Sul;Colisão Traseira;1;1;;1;;;2
30/05/2020;14:37:00;275;sem vítima;192,047;BR-101/SC;Norte;Colisão Lateral;1;3;;;;;1
01/06/2020;14:19:00;263;sem vítima;668,566;BR-376/PR;Norte;Colisão Traseira;1;3;;;;;1
01/06/2020;16:05:00;300;sem vítima;20,202;BR-101/SC;Sul;Colisão Lateral;2;2;;;;;1
02/06/2020;02:14:00;32;sem vítima;128,8;BR-101/SC;Sul;Choque - Defensa, barreira ou "submarino";1;2;;;;;1
02/06/2020;08:02:00;103;sem vítima;203,9;BR-101/SC;Sul;Engavetamento;2;3;;;;;1
02/06/2020;08:06:00;104;sem vítima;101,5;BR-116/PR;Sul;Choque - Objeto sobre a pista;2;2;;;;;1
02/06/2020;12:39:00;208;com vítima;49,813;BR-101/SC;Norte;Choque - Defensa, barreira ou "submarino";3;3;1;;;;1
02/06/2020;12:46:00;209;sem vítima;207,6;BR-101/SC;Norte;Colisão Lateral;1;2;;;;;1
02/06/2020;19:12:00;347;com vítima;630,569;BR-376/PR;Norte;Colisão Traseira;1;1;1;;;;1
03/06/2020;10:12:00;199;com vítima;89,686;BR-116/PR;Norte;Choque - Elemento de Drenagem;1;0;;1;;1;3
03/06/2020;12:10:00;254;sem vítima;101,8;BR-116/PR;Sul;Colisão Lateral;1;2;;;;;1
03/06/2020;15:50:00;341;sem vítima;207,8;BR-101/SC;Norte;Colisão Lateral;1;2;;;;;1
03/06/2020;16:21:00;356;sem vítima;42,001;BR-101/SC;Sul;Colisão Lateral;1;2;;;;;1
03/06/2020;17:12:00;379;com vítima;665,775;BR-376/PR;Sul;Colisão Traseira;2;1;1;;;;1
03/06/2020;18:39:00;405;sem vítima;98,075;BR-116/PR;Norte;Colisão Transversal;1;2;;;;;1
04/06/2020;07:27:00;78;sem vítima;203,5;BR-101/SC;Norte;Colisão Lateral;1;2;;;;;1
04/06/2020;11:33:00;210;sem vítima;635,4;BR-376/PR;Norte;Colisão Traseira;1;3;;;;;1
04/06/2020;12:20:00;231;sem vítima;617,7;BR-376/PR;Norte;Choque - Objeto sobre a pista;1;2;;;;;1
04/06/2020;13:15:00;247;com vítima;211,8;BR-101/SC;Norte;Colisão Traseira;1;2;2;;;;1
04/06/2020;16:56:00;338;com vítima;668,703;BR-376/PR;Sul;Choque - Defensa, barreira ou "submarino";1;0;1;;;;1
05/06/2020;01:23:00;30;sem vítima;37,4;BR-101/SC;Norte;Tombamento;1;1;;;;;1
05/06/2020;01:35:00;31;sem vítima;208,4;BR-101/SC;Norte;Engavetamento;2;2;;;;;1
05/06/2020;06:29:00;65;sem vítima;189,921;BR-101/SC;Sul;Colisão Lateral;1;2;;;;;1
05/06/2020;06:30:00;66;sem vítima;197,97;BR-101/SC;Norte;Colisão Lateral;1;2;;;;;1
05/06/2020;06:35:00;70;sem vítima;228,694;BR-101/SC;Sul;Choque - Defensa, barreira ou "submarino";1;1;;;;;1
05/06/2020;12:13:00;193;sem vítima;232,321;BR-101/SC;Norte;Colisão Lateral;1;2;;;;;1
05/06/2020;13:14:00;218;sem vítima;192,5;BR-101/SC;Norte;Choque - Defensa, barreira ou "submarino";1;3;;;;;1
05/06/2020;15:08:00;263;com vítima;115,175;BR-101/SC;Norte;Engavetamento;2;3;1;;;;1
05/06/2020;17:18:00;320;sem vítima;206,398;BR-101/SC;Sul;Colisão Traseira;1;2;;;;;1
05/06/2020;18:27:00;344;sem vítima;215,092;BR-101/SC;Norte;Colisão Lateral;1;2;;;;;1
05/06/2020;18:54:00;359;sem vítima;635,575;BR-376/PR;Sul;Colisão Lateral;1;2;;;;;1
05/06/2020;19:00:00;360;sem vítima;118,606;BR-101/SC;Norte;Colisão Traseira;1;2;;;;;1
05/06/2020;19:13:00;364;sem vítima;232,4;BR-101/SC;Sul;Choque - Defensa, barreira ou "submarino";1;1;;;;;1
05/06/2020;22:31:00;420;com vítima;240,558;BR-101/SC;Sul;Saida de Pista;1;0;;1;;;2
06/06/2020;03:05:00;43;sem vítima;18,001;BR-101/SC;Sul;Saida de Pista;1;1;;;;;1
06/06/2020;07:39:00;96;sem vítima;189,928;BR-101/SC;Sul;Choque - Defensa, barreira ou "submarino";1;4;;;;;1
06/06/2020;10:08:00;175;sem vítima;192,152;BR-101/SC;Norte;Colisão Lateral;1;2;;;;;1
06/06/2020;10:36:00;191;sem vítima;95,557;BR-116/PR;Sul;Colisão Traseira;1;2;;;;;1
06/06/2020;12:13:00;233;sem vítima;667,3;BR-376/PR;Sul;Saida de Pista;1;1;;;;;1
06/06/2020;12:29:00;240;sem vítima;667,3;BR-376/PR;Sul;Saida de Pista;1;1;;;;;1
06/06/2020;16:27:00;344;sem vítima;54,28;BR-101/SC;Sul;Choque - Objeto sobre a pista;1;1;;;;;1
06/06/2020;18:55:00;398;sem vítima;208,4;BR-101/SC;Norte;Colisão Lateral;1;2;;;;;1
06/06/2020;21:38:00;440;com vítima;154,264;BR-101/SC;Sul;Colisão Traseira;2;5;;2;;;2
07/06/2020;06:57:00;63;sem vítima;105,156;BR-101/SC;Sul;Tombamento;1;1;;;;;1
07/06/2020;14:43:00;229;com vítima;114,866;BR-116/PR;Norte;Saida de Pista;1;0;1;;;;1
07/06/2020;15:48:00;269;sem vítima;42,129;BR-101/SC;Norte;Colisão Lateral;1;2;;;;;1
08/06/2020;09:20:00;186;com vítima;638,962;BR-376/PR;Norte;Saida de Pista;1;0;2;;;;1
08/06/2020;18:00:00;437;sem vítima;213,944;BR-101/SC;Norte;Colisão Traseira;1;2;;;;;1
09/06/2020;02:26:00;61;sem vítima;667,3;BR-376/PR;Sul;Saida de Pista;1;1;;;;;1
09/06/2020;09:10:00;200;sem vítima;106,186;BR-116/PR;Norte;Colisão Traseira;1;2;;;;;1
09/06/2020;09:26:00;208;sem vítima;206,066;BR-101/SC;Sul;Colisão Lateral;1;2;;;;;1
09/06/2020;10:23:00;243;sem vítima;623,784;BR-376/PR;Norte;Tombamento;1;1;;;;;1
09/06/2020;10:23:00;244;com vítima;208,406;BR-101/SC;Norte;Engavetamento;2;5;3;;;;1
09/06/2020;20:31:00;463;sem vítima;678,76;BR-376/PR;Norte;Colisão Lateral;1;3;;;;;1
09/06/2020;21:54:00;486;sem vítima;665,136;BR-376/PR;Sul;Colisão Lateral;1;5;;;;;1
10/06/2020;00:48:00;25;sem vítima;125,2;BR-101/SC;Sul;Colisão Lateral;1;3;;;;;1
10/06/2020;08:29:00;120;sem vítima;675,5;BR-376/PR;Norte;Saida de Pista;1;1;;;;;1
10/06/2020;13:40:00;226;sem vítima;114,113;BR-116/PR;Norte;Colisão Traseira;2;2;;;;;1
10/06/2020;17:59:00;322;sem vítima;106,101;BR-101/SC;Sul;Colisão Lateral;3;3;;;;;1
10/06/2020;18:30:00;333;sem vítima;91,121;BR-116/PR;Norte;Colisão Lateral;1;2;;;;;1
11/06/2020;13:27:00;258;com vítima;633,89;BR-376/PR;Norte;Colisão Lateral;1;0;2;;;;1
11/06/2020;15:54:00;310;sem vítima;617,8;BR-376/PR;Sul;Choque - Defensa, barreira ou "submarino";1;2;;;;;1
11/06/2020;16:00:00;315;sem vítima;665,532;BR-376/PR;Sul;Colisão Traseira;1;2;;;;;1
11/06/2020;16:27:00;328;sem vítima;206,001;BR-101/SC;Sul;Colisão Traseira;2;2;;;;;1
12/06/2020;00:37:00;13;sem vítima;668,303;BR-376/PR;Sul;Tombamento;1;1;;;;;1
12/06/2020;10:31:00;194;com vítima;118,832;BR-101/SC;Norte;Colisão Lateral;2;1;;1;;;2
12/06/2020;15:32:00;301;com vítima;120,4;BR-101/SC;Sul;Engavetamento;1;3;;1;1;;2
12/06/2020;19:28:00;399;sem vítima;110,19;BR-101/SC;Norte;Colisão Lateral;1;2;;;;;1
14/06/2020;18:26:00;327;com vítima;653,517;BR-376/PR;Norte;Saida de Pista;1;5;1;;;;1
15/06/2020;10:40:00;218;com vítima;103,556;BR-101/SC;Sul;Colisão Traseira;1;2;1;;;;1
15/06/2020;12:33:00;252;sem vítima;21,857;BR-101/SC;Sul;Colisão Lateral;1;2;;;;;1
15/06/2020;14:21:00;279;sem vítima;664,306;BR-376/PR;Norte;Colisão Traseira;1;2;;;;;1
15/06/2020;22:49:00;441;com vítima;649,265;BR-376/PR;Norte;Colisão Traseira;2;1;1;;;;1
16/06/2020;08:43:00;129;sem vítima;92,972;BR-116/PR;Sul;Colisão Traseira;1;2;;;;;1
16/06/2020;16:37:00;315;sem vítima;135,462;BR-101/SC;Norte;Saida de Pista;1;1;;;;;1
16/06/2020;17:06:00;331;sem vítima;242,985;BR-101/SC;Sul;Colisão Lateral;1;2;;;;;1
17/06/2020;07:43:00;103;sem vítima;168,001;BR-101/SC;Norte;Colisão Traseira;1;2;;;;;1
17/06/2020;12:16:00;231;sem vítima;132,673;BR-101/SC;Norte;Colisão Traseira;1;3;;;;;1
17/06/2020;17:17:00;358;sem vítima;100,139;BR-101/SC;Sul;Colisão Lateral;1;2;;;;;1
17/06/2020;20:27:00;407;com vítima;200,034;BR-101/SC;Sul;Colisão Traseira;1;1;1;;;;1
17/06/2020;21:35:00;418;com vítima;114,967;BR-116/PR;Norte;Colisão Traseira;1;2;1;;;;1
18/06/2020;07:54:00;114;sem vítima;99,925;BR-116/PR;Sul;Choque - Defensa, barreira ou "submarino";1;1;;;;;1
18/06/2020;09:13:00;154;sem vítima;100,5;BR-101/SC;Sul;Colisão Traseira;1;4;;;;;1
18/06/2020;13:19:00;253;sem vítima;6,05;BR-101/SC;Sul;Colisão Lateral;1;2;;;;;1
18/06/2020;15:36:00;312;sem vítima;119,901;BR-101/SC;Sul;Colisão Lateral;1;2;;;;;1
18/06/2020;19:42:00;396;com vítima;668,191;BR-376/PR;Sul;Colisão Traseira;2;2;;1;;;2
19/06/2020;16:47:00;377;com vítima;119,152;BR-101/SC;Norte;Colisão Traseira;1;1;1;;;;1
19/06/2020;18:03:00;412;sem vítima;121,001;BR-101/SC;Norte;Colisão Traseira;1;2;;;;;1
19/06/2020;18:11:00;414;sem vítima;123,001;BR-101/SC;Norte;Colisão Lateral;1;2;;;;;1
19/06/2020;19:47:00;440;sem vítima;27,001;BR-101/SC;Norte;Colisão Traseira;1;2;;;;;1
20/06/2020;05:01:00;84;sem vítima;118,687;BR-101/SC;Norte;Colisão Traseira;1;2;;;;;1
20/06/2020;09:03:00;180;com vítima;101,8;BR-101/SC;Sul;Colisão Traseira;1;1;1;;;;1
20/06/2020;14:22:00;302;sem vítima;111,001;BR-101/SC;Norte;Colisão Lateral;1;2;;;;;1
21/06/2020;17:25:00;323;sem vítima;88,073;BR-101/SC;Norte;Colisão Traseira;1;2;;;;;1
21/06/2020;19:50:00;374;com vítima;26,465;BR-101/SC;Norte;Atropelamento - Andarilho;1;1;;;;1;3
22/06/2020;05:46:00;79;sem vítima;667,3;BR-376/PR;Sul;Saida de Pista;1;2;;;;;1
22/06/2020;15:22:00;337;sem vítima;233,551;BR-101/SC;Sul;Colisão Transversal;1;2;;;;;1
22/06/2020;17:31:00;387;sem vítima;644,151;BR-376/PR;Norte;Tombamento;1;2;;;;;1
22/06/2020;18:20:00;401;com vítima;98,552;BR-101/SC;Norte;Queda de Moto;1;2;;;;1;3
23/06/2020;06:21:00;85;sem vítima;667,723;BR-376/PR;Sul;Colisão Traseira;2;2;;;;;1
23/06/2020;09:28:00;185;sem vítima;109,177;BR-116/PR;Sul;Saida de Pista;1;1;;;;;1
23/06/2020;09:28:00;186;sem vítima;102,149;BR-116/PR;Sul;Engavetamento;1;3;;;;;1
23/06/2020;09:32:00;188;sem vítima;209,921;BR-101/SC;Norte;Engavetamento;2;3;;;;;1
23/06/2020;10:24:00;214;sem vítima;141,287;BR-101/SC;Sul;Colisão Traseira;2;2;;;;;1