data;horario;n_da_ocorrencia;tipo_de_ocorrencia;km;trecho;sentido;tipo_de_acidente;caminhao;ilesos;levemente_feridos;moderadamente_feridos;gravemente_feridos;mortos;3
14/08/2020;20:02:00;465;3 - Acidente com Danos Materiais;10,9;BR-101/SC;Norte;Colisão Lateral;1;2;;;;;1
14/08/2020;20:07:00;467;3 - Acidente com Danos Materiais;67,31;BR-101/SC;Norte;Colisão Traseira;1;2;;;;;1
15/08/2020;06:54:00;80;2 - Acidente com VITIMA;675,892;BR-376/PR;Sul;Saida de Pista;1;0;1;;;;1
15/08/2020;13:01:00;281;3 - Acidente com Danos Materiais;617,671;BR-376/PR;Sul;Colisão Lateral;1;2;;;;;1
16/08/2020;05:59:00;88;3 - Acidente com Danos Materiais;154,698;BR-101/SC;Norte;Choque - Defensa, barreira ou "submarino";1;1;;;;;1
16/08/2020;16:14:00;298;3 - Acidente com Danos Materiais;671,527;BR-376/PR;Norte;Colisão Traseira;2;2;;;;;1
16/08/2020;20:59:00;400;3 - Acidente com Danos Materiais;157,409;BR-101/SC;Norte;Colisão Traseira;1;2;;;;;1
17/08/2020;07:28:00;87;2 - Acidente com VITIMA;119,236;BR-101/SC;Sul;Colisão Lateral;1;1;1;;;;1
17/08/2020;10:10:00;164;3 - Acidente com Danos Materiais;56,294;BR-101/SC;Sul;Saida de Pista;1;1;;;;;1
17/08/2020;10:14:00;166;3 - Acidente com Danos Materiais;104,313;BR-116/PR;Sul;Colisão Traseira;2;2;;;;;1
17/08/2020;18:49:00;375;3 - Acidente com Danos Materiais;627,072;BR-376/PR;Sul;Saida de Pista;1;1;;;;;1
17/08/2020;21:21:00;418;3 - Acidente com Danos Materiais;666,208;BR-376/PR;Sul;Engavetamento;2;3;;;;;1
18/08/2020;03:06:00;71;3 - Acidente com Danos Materiais;243,001;BR-101/SC;Norte;Colisão Traseira;1;2;;;;;1
18/08/2020;11:42:00;311;3 - Acidente com Danos Materiais;120,704;BR-101/SC;Norte;Colisão Lateral;2;2;;;;;1
18/08/2020;15:58:00;401;3 - Acidente com Danos Materiais;114,551;BR-116/PR;Norte;Tombamento;1;1;;;;;1
18/08/2020;17:23:00;424;3 - Acidente com Danos Materiais;114,839;BR-116/PR;Sul;Colisão Traseira;1;2;;;;;1
19/08/2020;05:26:00;94;2 - Acidente com VITIMA;667,3;BR-376/PR;Sul;Saida de Pista;1;1;1;;;;1
19/08/2020;06:00:00;96;3 - Acidente com Danos Materiais;74,504;BR-116/PR;Sul;Saida de Pista;1;1;;;;;1
19/08/2020;06:32:00;98;3 - Acidente com Danos Materiais;619,51;BR-376/PR;Norte;Colisão Lateral;2;2;;;;;1
19/08/2020;07:20:00;116;3 - Acidente com Danos Materiais;119,826;BR-101/SC;Norte;Colisão Traseira;1;2;;;;;1
19/08/2020;08:45:00;170;3 - Acidente com Danos Materiais;1,35;BR-101/SC;Sul;Engavetamento;1;3;;;;;1
19/08/2020;09:53:00;226;3 - Acidente com Danos Materiais;209,5;BR-101/SC;Norte;Colisão Traseira;2;2;;;;;1
19/08/2020;10:19:00;239;3 - Acidente com Danos Materiais;89,196;BR-116/PR;Norte;Choque - Outros;1;1;;;;;1
19/08/2020;10:32:00;243;2 - Acidente com VITIMA;641,344;BR-376/PR;Norte;Colisão Traseira;1;1;3;;;;1
19/08/2020;14:53:00;338;3 - Acidente com Danos Materiais;128,113;BR-101/SC;Sul;Engavetamento;1;10;;;;;1
19/08/2020;17:52:00;398;2 - Acidente com VITIMA;137,353;BR-101/SC;Norte;Colisão Traseira;1;7;1;;;;1
19/08/2020;20:47:00;440;3 - Acidente com Danos Materiais;214,525;BR-101/SC;Sul;Colisão Lateral;1;2;;;;;1
20/08/2020;05:29:00;85;3 - Acidente com Danos Materiais;187,55;BR-101/SC;Sul;Saida de Pista;1;1;;;;;1
20/08/2020;11:13:00;245;3 - Acidente com Danos Materiais;120,001;BR-101/SC;Norte;Colisão Lateral;1;2;;;;;1
20/08/2020;11:57:00;255;3 - Acidente com Danos Materiais;57,525;BR-101/SC;Sul;Tombamento;1;1;;;;;1
20/08/2020;13:40:00;281;3 - Acidente com Danos Materiais;164,694;BR-101/SC;Sul;Colisão Traseira;2;2;;;;;1
20/08/2020;14:25:00;301;3 - Acidente com Danos Materiais;111,728;BR-101/SC;Norte;Choque - Defensa, barreira ou "submarino";1;3;;;;;1
20/08/2020;15:51:00;334;3 - Acidente com Danos Materiais;49,987;BR-101/SC;Sul;Colisão Traseira;1;2;;;;;1
20/08/2020;16:10:00;340;3 - Acidente com Danos Materiais;34,606;BR-101/SC;Sul;Engavetamento;2;4;;;;;1
20/08/2020;16:15:00;341;3 - Acidente com Danos Materiais;116,399;BR-101/SC;Norte;Colisão Traseira;1;2;;;;;1
20/08/2020;17:33:00;376;3 - Acidente com Danos Materiais;215,7;BR-101/SC;Sul;Colisão Traseira;1;2;;;;;1
20/08/2020;18:09:00;389;3 - Acidente com Danos Materiais;110,932;BR-116/PR;Sul;Saida de Pista;1;2;;;;;1
20/08/2020;18:36:00;397;3 - Acidente com Danos Materiais;199,463;BR-101/SC;Sul;Colisão Lateral;1;2;;;;;1
20/08/2020;20:26:00;421;2 - Acidente com VITIMA;107,296;BR-116/PR;Sul;Engavetamento;1;4;1;;;;1
21/08/2020;04:27:00;77;3 - Acidente com Danos Materiais;667,3;BR-376/PR;Sul;Saida de Pista;1;2;;;;;1
21/08/2020;07:24:00;110;2 - Acidente com VITIMA;126,041;BR-101/SC;Sul;Colisão Lateral;1;1;1;;;;1
21/08/2020;11:27:00;246;3 - Acidente com Danos Materiais;99,5;BR-116/PR;Sul;Saida de Pista;1;1;;;;;1
21/08/2020;15:47:00;357;3 - Acidente com Danos Materiais;157,399;BR-101/SC;Sul;Engavetamento;2;4;;;;;1
21/08/2020;17:19:00;391;3 - Acidente com Danos Materiais;206,876;BR-101/SC;Norte;Engavetamento;1;3;;;;;1
22/08/2020;02:26:00;51;3 - Acidente com Danos Materiais;661,001;BR-376/PR;Sul;Colisão Traseira;1;2;;;;;1
22/08/2020;11:12:00;236;3 - Acidente com Danos Materiais;101,898;BR-116/PR;Sul;Colisão Traseira;2;2;;;;;1
22/08/2020;12:06:00;254;3 - Acidente com Danos Materiais;635,4;BR-376/PR;Sul;Colisão Traseira;1;2;;;;;1
22/08/2020;15:42:00;330;3 - Acidente com Danos Materiais;92,175;BR-116/PR;Norte;Colisão Lateral;1;2;;;;;1
22/08/2020;19:08:00;414;3 - Acidente com Danos Materiais;79,001;BR-101/SC;Sul;Colisão Traseira;1;2;;;;;1
22/08/2020;19:30:00;419;3 - Acidente com Danos Materiais;158,73;BR-101/SC;Sul;Choque - Defensa, barreira ou "submarino";1;1;;;;;1
22/08/2020;19:31:00;421;1 - Acidente com Vitima Fatal;210,9;BR-101/SC;Sul;Colisão Traseira;1;2;;;;1;3
23/08/2020;03:32:00;70;3 - Acidente com Danos Materiais;131,8;BR-101/SC;Sul;Colisão Frontal;1;2;;;;;1
23/08/2020;10:09:00;172;3 - Acidente com Danos Materiais;674,367;BR-376/PR;Sul;Colisão Lateral;1;4;;;;;1
23/08/2020;10:15:00;175;3 - Acidente com Danos Materiais;674,117;BR-376/PR;Sul;Tombamento;1;1;;;;;1
23/08/2020;17:44:00;329;3 - Acidente com Danos Materiais;671,074;BR-376/PR;Norte;Saida de Pista;1;1;;;;;1
23/08/2020;20:07:00;375;2 - Acidente com VITIMA;110,86;BR-116/PR;Sul;Colisão Traseira;1;4;1;;;;1
24/08/2020;07:41:00;102;3 - Acidente com Danos Materiais;215,021;BR-101/SC;Norte;Colisão Traseira;1;2;;;;;1
24/08/2020;14:53:00;306;3 - Acidente com Danos Materiais;652,468;BR-376/PR;Norte;Tombamento;1;3;;;;;1
24/08/2020;17:01:00;355;3 - Acidente com Danos Materiais;157,4;BR-101/SC;Norte;Colisão Traseira;2;2;;;;;1
24/08/2020;19:01:00;391;2 - Acidente com VITIMA;201,422;BR-101/SC;Sul;Colisão Traseira;1;1;1;;;;1
24/08/2020;23:14:00;451;3 - Acidente com Danos Materiais;98,5;BR-101/SC;Norte;Colisão Traseira;2;2;;;;;1
25/08/2020;13:28:00;276;3 - Acidente com Danos Materiais;242,985;BR-101/SC;Norte;Colisão Traseira;1;2;;;;;1
25/08/2020;14:18:00;293;3 - Acidente com Danos Materiais;102,867;BR-101/SC;Sul;Saida de Pista;1;1;;;;;1
25/08/2020;14:20:00;294;3 - Acidente com Danos Materiais;234,698;BR-101/SC;Sul;Colisão Traseira;2;2;;;;;1
25/08/2020;14:32:00;299;3 - Acidente com Danos Materiais;56,503;BR-101/SC;Sul;Colisão Traseira;2;2;;;;;1
25/08/2020;15:58:00;328;3 - Acidente com Danos Materiais;635,18;BR-376/PR;Sul;Colisão Traseira;1;2;;;;;1
25/08/2020;17:04:00;366;3 - Acidente com Danos Materiais;667,3;BR-376/PR;Sul;Saida de Pista;1;1;;;;;1
25/08/2020;17:11:00;369;3 - Acidente com Danos Materiais;88,91;BR-116/PR;Norte;Colisão Lateral;2;2;;;;;1
26/08/2020;01:46:00;50;3 - Acidente com Danos Materiais;12,55;BR-101/SC;Sul;Colisão Traseira;2;2;;;;;1
26/08/2020;09:18:00;192;3 - Acidente com Danos Materiais;654,067;BR-376/PR;Norte;Tombamento;1;1;;;;;1
26/08/2020;10:01:00;210;3 - Acidente com Danos Materiais;671,7;BR-376/PR;Sul;Saida de Pista;1;1;;;;;1
26/08/2020;11:40:00;252;3 - Acidente com Danos Materiais;207,948;BR-101/SC;Sul;Colisão Lateral;1;2;;;;;1
26/08/2020;17:50:00;404;3 - Acidente com Danos Materiais;206,928;BR-101/SC;Sul;Colisão Traseira;1;2;;;;;1
26/08/2020;21:43:00;488;3 - Acidente com Danos Materiais;93,346;BR-116/PR;Sul;Colisão Traseira;1;2;;;;;1
27/08/2020;06:43:00;131;3 - Acidente com Danos Materiais;215,013;BR-101/SC;Norte;Colisão Lateral;1;2;;;;;1
27/08/2020;08:49:00;200;3 - Acidente com Danos Materiais;179,605;BR-101/SC;Norte;Colisão Lateral;2;4;;;;;1
27/08/2020;11:42:00;312;3 - Acidente com Danos Materiais;199,15;BR-101/SC;Norte;Colisão Lateral;1;3;;;;;1
27/08/2020;15:52:00;406;3 - Acidente com Danos Materiais;79,46;BR-101/SC;Norte;Colisão Traseira;1;2;;;;;1
27/08/2020;18:25:00;508;3 - Acidente com Danos Materiais;118,019;BR-101/SC;Sul;Colisão Traseira;2;2;;;;;1
27/08/2020;18:26:00;510;3 - Acidente com Danos Materiais;104,503;BR-116/PR;Norte;Colisão Traseira;1;2;;;;;1
27/08/2020;19:52:00;544;3 - Acidente com Danos Materiais;628,059;BR-376/PR;Sul;Colisão Traseira;2;4;;;;;1
28/08/2020;06:22:00;95;3 - Acidente com Danos Materiais;95,35;BR-116/PR;Sul;Saida de Pista;1;1;;;;;1
28/08/2020;07:36:00;126;3 - Acidente com Danos Materiais;48,9;BR-101/SC;Norte;Colisão Traseira;1;2;;;;;1
28/08/2020;08:18:00;149;3 - Acidente com Danos Materiais;101,5;BR-116/PR;Norte;Choque - Defensa, barreira ou "submarino";1;1;;;;;1
28/08/2020;08:35:00;170;3 - Acidente com Danos Materiais;204,9;BR-101/SC;Sul;Colisão Lateral;1;2;;;;;1
28/08/2020;11:08:00;254;3 - Acidente com Danos Materiais;206,249;BR-101/SC;Sul;Colisão Traseira;2;2;;;;;1
28/08/2020;14:17:00;337;3 - Acidente com Danos Materiais;202,409;BR-101/SC;Sul;Colisão Traseira;2;2;;;;;1
28/08/2020;16:39:00;407;3 - Acidente com Danos Materiais;51,058;BR-101/SC;Norte;Colisão Traseira;1;2;;;;;1
28/08/2020;17:11:00;421;3 - Acidente com Danos Materiais;110,349;BR-116/PR;Sul;Engavetamento;2;7;;;;;1
28/08/2020;17:19:00;422;3 - Acidente com Danos Materiais;123,888;BR-101/SC;Sul;Colisão Lateral;1;2;;;;;1
28/08/2020;19:47:00;474;3 - Acidente com Danos Materiais;97,376;BR-116/PR;Sul;Colisão Traseira;1;2;;;;;1
28/08/2020;19:51:00;476;3 - Acidente com Danos Materiais;126,031;BR-101/SC;Sul;Colisão Lateral;1;2;;;;;1
28/08/2020;22:32:00;538;2 - Acidente com VITIMA;214,657;BR-101/SC;Sul;Colisão Lateral;1;1;1;1;;;2
29/08/2020;08:54:00;181;3 - Acidente com Danos Materiais;38,001;BR-101/SC;Sul;Saida de Pista;1;1;;;;;1
29/08/2020;11:26:00;242;3 - Acidente com Danos Materiais;115,1;BR-116/PR;Sul;Colisão Lateral;1;2;;;;;1
29/08/2020;13:01:00;273;3 - Acidente com Danos Materiais;138,001;BR-101/SC;Sul;Colisão Traseira;1;2;;;;;1
29/08/2020;14:40:00;309;2 - Acidente com VITIMA;158,623;BR-101/SC;Sul;Colisão Transversal;1;1;;;2;;2
29/08/2020;15:15:00;322;3 - Acidente com Danos Materiais;174,47;BR-101/SC;Sul;Choque - Objeto sobre a pista;1;2;;;;;1
30/08/2020;09:20:00;169;3 - Acidente com Danos Materiais;79,7;BR-101/SC;Norte;Colisão Lateral;1;2;;;;;1
30/08/2020;14:18:00;224;3 - Acidente com Danos Materiais;205,001;BR-101/SC;Sul;Colisão Traseira;2;2;;;;;1
30/08/2020;13:36:00;264;3 - Acidente com Danos Materiais;129,9;BR-101/SC;Sul;Colisão Lateral;1;2;;;;;1
30/08/2020;20:12:00;431;3 - Acidente com Danos Materiais;14,17;BR-101/SC;Norte;Colisão Lateral;1;2;;;;;1
31/08/2020;01:58:00;60;3 - Acidente com Danos Materiais;87,28;BR-116/PR;Norte;Atropelamento de Animal;1;1;;;;;1
31/08/2020;17:48:00;395;3 - Acidente com Danos Materiais;121,4;BR-101/SC;Norte;Colisão Traseira;1;2;;;;;1
31/08/2020;18:45:00;421;3 - Acidente com Danos Materiais;215,9;BR-101/SC;Norte;Colisão Lateral;1;2;;;;;1
31/08/2020;18:59:00;427;3 - Acidente com Danos Materiais;205,4;BR-101/SC;Norte;Colisão Traseira;1;3;;;;;1
31/08/2020;19:18:00;432;3 - Acidente com Danos Materiais;217,48;BR-101/SC;Norte;Colisão Lateral;1;2;;;;;1
31/08/2020;21:33:00;473;3 - Acidente com Danos Materiais;179,046;BR-101/SC;Norte;Colisão Lateral;1;2;;;;;1
01/09/2020;09:22:00;123;3 - Acidente com Danos Materiais;186,1;BR-101/SC;Norte;Choque - Defensa, barreira ou "submarino";1;1;;;;;1
01/09/2020;11:42:00;204;3 - Acidente com Danos Materiais;664,515;BR-376/PR;Sul;Choque - Talude;1;2;;;;;1
01/09/2020;14:31:00;250;3 - Acidente com Danos Materiais;215,091;BR-101/SC;Norte;Colisão Traseira;1;2;;;;;1
01/09/2020;14:50:00;262;2 - Acidente com VITIMA;89,713;BR-101/SC;Sul;Colisão Traseira;2;1;;1;;;2
01/09/2020;15:04:00;267;3 - Acidente com Danos Materiais;89,977;BR-101/SC;Norte;Colisão Traseira;1;2;;;;;1
01/09/2020;16:45:00;315;3 - Acidente com Danos Materiais;616,733;BR-376/PR;Norte;Choque - Defensa, barreira ou "submarino";1;1;;;;;1
01/09/2020;18:01:00;335;3 - Acidente com Danos Materiais;616,732;BR-376/PR;Norte;Colisão Lateral;1;2;;;;;1
01/09/2020;18:15:00;338;3 - Acidente com Danos Materiais;11,289;BR-101/SC;Sul;Saida de Pista;1;1;;;;;1
02/09/2020;03:17:00;52;3 - Acidente com Danos Materiais;670,659;BR-376/PR;Norte;Saida de Pista;1;1;;;;;1
02/09/2020;08:49:00;157;3 - Acidente com Danos Materiais;49,001;BR-101/SC;Norte;Colisão Lateral;1;2;;;;;1
02/09/2020;10:21:00;235;3 - Acidente com Danos Materiais;207,6;BR-101/SC;Norte;Colisão Lateral;1;2;;;;;1
02/09/2020;12:33:00;270;3 - Acidente com Danos Materiais;665,722;BR-376/PR;Sul;Colisão Lateral;1;4;;;;;1
02/09/2020;13:26:00;293;3 - Acidente com Danos Materiais;208,493;BR-101/SC;Sul;Colisão Lateral;1;2;;;;;1
02/09/2020;16:25:00;375;3 - Acidente com Danos Materiais;215,026;BR-101/SC;Norte;Colisão Traseira;1;2;;;;;1
02/09/2020;18:28:00;424;3 - Acidente com Danos Materiais;108,82;BR-116/PR;Sul;Colisão Lateral;1;2;;;;;1
02/09/2020;19:07:00;434;3 - Acidente com Danos Materiais;665,744;BR-376/PR;Sul;Saida de Pista;1;1;;;;;1
02/09/2020;19:52:00;449;3 - Acidente com Danos Materiais;242,985;BR-101/SC;Norte;Colisão Lateral;1;2;;;;;1
03/09/2020;12:59:00;309;3 - Acidente com Danos Materiais;25,24;BR-101/SC;Norte;Colisão Lateral;1;2;;;;;1
03/09/2020;16:59:00;418;3 - Acidente com Danos Materiais;196,001;BR-101/SC;Sul;Engavetamento;1;3;;;;;1
03/09/2020;17:27:00;435;3 - Acidente com Danos Materiais;210,707;BR-101/SC;Norte;Colisão Traseira;1;2;;;;;1
03/09/2020;17:31:00;437;3 - Acidente com Danos Materiais;102,1;BR-116/PR;Sul;Colisão Traseira;1;2;;;;;1
03/09/2020;18:01:00;450;3 - Acidente com Danos Materiais;117,34;BR-101/SC;Sul;Engavetamento;1;5;;;;;1
04/09/2020;10:25:00;224;3 - Acidente com Danos Materiais;163,321;BR-101/SC;Sul;Colisão Lateral;1;2;;;;;1
04/09/2020;10:52:00;257;3 - Acidente com Danos Materiais;206,836;BR-101/SC;Sul;Engavetamento;2;4;;;;;1
04/09/2020;11:08:00;271;3 - Acidente com Danos Materiais;1,3;BR-101/SC;Sul;Colisão Traseira;1;2;;;;;1
04/09/2020;13:28:00;336;2 - Acidente com VITIMA;673,366;BR-376/PR;Sul;Tombamento;2;1;;1;;;2
04/09/2020;15:00:00;380;3 - Acidente com Danos Materiais;136,957;BR-101/SC;Norte;Colisão Traseira;1;2;;;;;1
04/09/2020;20:07:00;492;3 - Acidente com Danos Materiais;110,118;BR-116/PR;Sul;Saida de Pista;1;1;;;;;1
04/09/2020;21:23:00;523;2 - Acidente com VITIMA;632,328;BR-376/PR;Sul;Colisão Lateral;1;3;1;;;;1
05/09/2020;05:22:00;111;3 - Acidente com Danos Materiais;70,135;BR-101/SC;Sul;Saida de Pista;1;1;;;;;1
05/09/2020;06:32:00;127;3 - Acidente com Danos Materiais;215,4;BR-101/SC;Sul;Colisão Lateral;1;2;;;;;1
05/09/2020;11:28:00;292;3 - Acidente com Danos Materiais;198,5;BR-101/SC;Sul;Colisão Traseira;1;2;;;;;1
05/09/2020;11:44:00;298;3 - Acidente com Danos Materiais;46,1;BR-101/SC;Sul;Engavetamento;1;3;;;;;1
06/09/2020;09:04:00;152;3 - Acidente com Danos Materiais;667,3;BR-376/PR;Sul;Saida de Pista;1;1;;;;;1
06/09/2020;09:16:00;155;3 - Acidente com Danos Materiais;233,854;BR-101/SC;Sul;Choque - Defensa, barreira ou "submarino";1;1;;;;;1
06/09/2020;12:47:00;217;3 - Acidente com Danos Materiais;667,3;BR-376/PR;Sul;Saida de Pista;1;1;;;;;1
07/09/2020;01:14:00;34;3 - Acidente com Danos Materiais;651,001;BR-376/PR;Sul;Engavetamento;2;3;;;;;1
07/09/2020;08:56:00;112;3 - Acidente com Danos Materiais;131,372;BR-101/SC;Norte;Colisão Traseira;1;2;;;;;1
07/09/2020;10:38:00;158;3 - Acidente com Danos Materiais;233,905;BR-101/SC;Sul;Choque - Defensa, barreira ou "submarino";1;3;;;;;1
07/09/2020;13:46:00;227;3 - Acidente com Danos Materiais;108,001;BR-116/PR;Sul;Saida de Pista;1;1;;;;;1
07/09/2020;13:50:00;230;3 - Acidente com Danos Materiais;1,35;BR-101/SC;Norte;Colisão Traseira;2;2;;;;;1
08/09/2020;07:37:00;121;2 - Acidente com VITIMA;233,856;BR-101/SC;Sul;Colisão Lateral;1;1;1;;;;1
08/09/2020;13:39:00;309;3 - Acidente com Danos Materiais;208,382;BR-101/SC;Norte;Colisão Lateral;1;2;;;;;1
08/09/2020;15:48:00;371;2 - Acidente com VITIMA;117,1;BR-101/SC;Norte;Saida de Pista;1;0;1;;;;1
08/09/2020;16:59:00;403;3 - Acidente com Danos Materiais;122,143;BR-101/SC;Sul;Engavetamento;1;3;;;;;1
08/09/2020;17:40:00;420;3 - Acidente com Danos Materiais;107,464;BR-116/PR;Sul;Colisão Traseira;1;2;;;;;1
08/09/2020;21:02:00;491;3 - Acidente com Danos Materiais;211,72;BR-101/SC;Sul;Colisão Traseira;1;3;;;;;1
08/09/2020;23:00:00;530;3 - Acidente com Danos Materiais;0,703;BR-101/SC;Norte;Colisão Traseira;1;2;;;;;1
09/09/2020;07:41:00;127;3 - Acidente com Danos Materiais;109,13;BR-116/PR;Sul;Saida de Pista;1;1;;;;;1
09/09/2020;08:17:00;155;3 - Acidente com Danos Materiais;79,46;BR-101/SC;Sul;Colisão Lateral;1;2;;;;;1
09/09/2020;08:41:00;172;3 - Acidente com Danos Materiais;201,27;BR-101/SC;Sul;Colisão Lateral;1;2;;;;;1
09/09/2020;15:01:00;353;3 - Acidente com Danos Materiais;205,487;BR-101/SC;Norte;Colisão Traseira;1;2;;;;;1
10/09/2020;10:52:00;223;3 - Acidente com Danos Materiais;208,977;BR-101/SC;Norte;Colisão Lateral;1;2;;;;;1
10/09/2020;17:24:00;474;3 - Acidente com Danos Materiais;111,246;BR-116/PR;Norte;Colisão Transversal;1;2;;;;;1
10/09/2020;17:31:00;477;3 - Acidente com Danos Materiais;106,534;BR-116/PR;Sul;Colisão Traseira;2;2;;;;;1
10/09/2020;19:41:00;516;3 - Acidente com Danos Materiais;27,379;BR-101/SC;Norte;Engavetamento;3;4;;;;;1
10/09/2020;20:50:00;538;2 - Acidente com VITIMA;650,808;BR-376/PR;Sul;Tombamento;1;1;;1;;;2
10/09/2020;23:43:00;581;3 - Acidente com Danos Materiais;191,14;BR-101/SC;Sul;Choque - Defensa, barreira ou "submarino";1;1;;;;;1
11/09/2020;02:50:00;54;3 - Acidente com Danos Materiais;44,5;BR-101/SC;Sul;Colisão Traseira;1;2;;;;;1
11/09/2020;06:25:00;86;3 - Acidente com Danos Materiais;190,5;BR-101/SC;Sul;Colisão Lateral;2;2;;;;;1
11/09/2020;12:50:00;312;3 - Acidente com Danos Materiais;207,945;BR-101/SC;Norte;Colisão Lateral;1;2;;;;;1
11/09/2020;13:21:00;326;3 - Acidente com Danos Materiais;70,902;BR-101/SC;Sul;Tombamento;1;1;;;;;1
11/09/2020;13:57:00;342;3 - Acidente com Danos Materiais;667,3;BR-376/PR;Sul;Saida de Pista;1;1;;;;;1
11/09/2020;16:19:00;409;3 - Acidente com Danos Materiais;114,965;BR-116/PR;Sul;Colisão Traseira;1;3;;;;;1
11/09/2020;20:26:00;518;3 - Acidente com Danos Materiais;96,719;BR-116/PR;Sul;Colisão Traseira;2;2;;;;;1
11/09/2020;23:20:00;581;3 - Acidente com Danos Materiais;33,9;BR-101/SC;Sul;Colisão Traseira;1;2;;;;;1
12/09/2020;05:17:00;99;3 - Acidente com Danos Materiais;162,1;BR-101/SC;Norte;Atropelamento de Animal;1;1;;;;;1
12/09/2020;07:53:00;150;3 - Acidente com Danos Materiais;73,458;BR-101/SC;Sul;Objeto lançado contra veículo;1;2;;;;;1
12/09/2020;07:57:00;153;3 - Acidente com Danos Materiais;88,678;BR-101/SC;Sul;Colisão Traseira;1;2;;;;;1
12/09/2020;10:06:00;231;3 - Acidente com Danos Materiais;108,5;BR-116/PR;Norte;Colisão Lateral;1;2;;;;;1
12/09/2020;12:24:00;294;3 - Acidente com Danos Materiais;40,894;BR-101/SC;Sul;Colisão Lateral;1;2;;;;;1
12/09/2020;16:06:00;415;3 - Acidente com Danos Materiais;42,237;BR-101/SC;Sul;Choque - Poste;1;1;;;;;1
12/09/2020;22:36:00;561;3 - Acidente com Danos Materiais;20,001;BR-101/SC;Sul;Colisão Traseira;1;2;;;;;1
13/09/2020;11:52:00;241;3 - Acidente com Danos Materiais;1,3;BR-101/SC;Sul;Choque - Defensa, barreira ou "submarino";1;1;;;;;1
13/09/2020;16:57:00;369;3 - Acidente com Danos Materiais;145,05;BR-101/SC;Norte;Colisão Traseira;1;2;;;;;1
13/09/2020;19:49:00;456;2 - Acidente com VITIMA;203,575;BR-101/SC;Sul;Colisão Lateral;1;2;1;;;;1
13/09/2020;20:29:00;477;2 - Acidente com VITIMA;102,875;BR-101/SC;Sul;Engavetamento;1;4;1;;;;1
13/09/2020;21:41:00;503;3 - Acidente com Danos Materiais;42,098;BR-101/SC;Sul;Saida de Pista;1;1;;;;;1
13/09/2020;22:49:00;523;3 - Acidente com Danos Materiais;209,5;BR-101/SC;Sul;Colisão Traseira;1;2;;;;;1
14/09/2020;02:40:00;71;2 - Acidente com VITIMA;627,96;BR-376/PR;Norte;Tombamento;1;0;1;;;;1
14/09/2020;20:07:00;519;3 - Acidente com Danos Materiais;157,917;BR-101/SC;Sul;Colisão Traseira;1;2;;;;;1
14/09/2020;21:29:00;555;3 - Acidente com Danos Materiais;678,028;BR-376/PR;Norte;Colisão Traseira;1;2;;;;;1
14/09/2020;22:34:00;572;2 - Acidente com VITIMA;628,5;BR-376/PR;Sul;Atropelamento - Outros;1;1;;;1;;2
14/09/2020;23:46:00;596;3 - Acidente com Danos Materiais;206,7;BR-101/SC;Sul;Colisão Lateral;1;2;;;;;1
15/09/2020;09:02:00;142;3 - Acidente com Danos Materiais;75,359;BR-101/SC;Sul;Colisão Lateral;2;2;;;;;1
15/09/2020;16:07:00;348;3 - Acidente com Danos Materiais;216,3;BR-101/SC;Sul;Choque - Suporte de Sinalização;1;1;;;;;1
15/09/2020;16:52:00;371;1 - Acidente com Vitima Fatal;139,25;BR-101/SC;Sul;Colisão Lateral;1;1;;;;1;3
15/09/2020;19:13:00;416;3 - Acidente com Danos Materiais;126,001;BR-101/SC;Sul;Colisão Lateral;1;2;;;;;1
15/09/2020;20:06:00;429;3 - Acidente com Danos Materiais;122,719;BR-101/SC;Sul;Colisão Traseira;1;3;;;;;1
16/09/2020;01:13:00;40;2 - Acidente com VITIMA;100,081;BR-116/PR;Sul;Colisão Traseira;1;1;1;;;;1
16/09/2020;01:33:00;44;1 - Acidente com Vitima Fatal;105,43;BR-116/PR;Norte;Colisão Traseira;1;1;;;;1;3