data;horario;n_da_ocorrencia;tipo_de_ocorrencia;km;trecho;sentido;tipo_de_acidente;caminhao;ilesos;levemente_feridos;moderadamente_feridos;gravemente_feridos;mortos;3
16/09/2020;17:52:00;413;3 - Acidente com Danos Materiais;101,001;BR-116/PR;Sul;Colisão Lateral;1;2;;;;;1
16/09/2020;19:01:00;431;3 - Acidente com Danos Materiais;198,36;BR-101/SC;Sul;Colisão Traseira;1;2;;;;;1
16/09/2020;23:23:00;511;3 - Acidente com Danos Materiais;656,001;BR-376/PR;Norte;Choque - Defensa, barreira ou "submarino";1;1;;;;;1
17/09/2020;07:30:00;108;3 - Acidente com Danos Materiais;143,768;BR-101/SC;Norte;Choque - Defensa, barreira ou "submarino";1;2;;;;;1
17/09/2020;08:53:00;157;3 - Acidente com Danos Materiais;213,611;BR-101/SC;Norte;Colisão Lateral;1;2;;;;;1
17/09/2020;12:18:00;259;3 - Acidente com Danos Materiais;680,92;BR-376/PR;Norte;Colisão Traseira;1;5;;;;;1
17/09/2020;13:11:00;290;3 - Acidente com Danos Materiais;57,635;BR-101/SC;Norte;Colisão Traseira;1;2;;;;;1
18/09/2020;02:16:00;46;3 - Acidente com Danos Materiais;615,025;BR-376/PR;Norte;Colisão Traseira;1;2;;;;;1
18/09/2020;02:48:00;51;3 - Acidente com Danos Materiais;78,82;BR-116/PR;Norte;Saida de Pista;1;1;;;;;1
18/09/2020;06:27:00;89;3 - Acidente com Danos Materiais;113,7;BR-101/SC;Norte;Colisão Traseira;1;2;;;;;1
18/09/2020;10:25:00;226;3 - Acidente com Danos Materiais;212,573;BR-101/SC;Norte;Colisão Lateral;1;2;;;;;1
18/09/2020;14:28:00;328;3 - Acidente com Danos Materiais;201,756;BR-101/SC;Norte;Colisão Lateral;1;2;;;;;1
18/09/2020;14:59:00;341;3 - Acidente com Danos Materiais;207,682;BR-101/SC;Norte;Colisão Traseira;1;2;;;;;1
18/09/2020;16:12:00;385;3 - Acidente com Danos Materiais;125,098;BR-101/SC;Sul;Engavetamento;3;6;;;;;1
18/09/2020;17:03:00;409;3 - Acidente com Danos Materiais;192,619;BR-101/SC;Sul;Engavetamento;1;3;;;;;1
18/09/2020;18:34:00;441;3 - Acidente com Danos Materiais;105,838;BR-101/SC;Sul;Colisão Traseira;1;2;;;;;1
18/09/2020;22:12:00;538;3 - Acidente com Danos Materiais;199,898;BR-101/SC;Sul;Colisão Lateral;1;2;;;;;1
18/09/2020;22:37:00;546;3 - Acidente com Danos Materiais;74,699;BR-116/PR;Sul;Colisão Traseira;2;2;;;;;1
19/09/2020;09:10:00;136;3 - Acidente com Danos Materiais;137,5;BR-101/SC;Norte;Colisão Traseira;1;2;;;;;1
19/09/2020;15:15:00;303;2 - Acidente com VITIMA;190,58;BR-101/SC;Sul;Colisão Traseira;1;2;1;;;;1
19/09/2020;15:53:00;324;3 - Acidente com Danos Materiais;671,7;BR-376/PR;Sul;Saida de Pista;1;1;;;;;1
19/09/2020;18:42:00;396;3 - Acidente com Danos Materiais;119,461;BR-101/SC;Sul;Colisão Traseira;1;2;;;;;1
19/09/2020;19:36:00;423;2 - Acidente com VITIMA;103,111;BR-116/PR;Sul;Saida de Pista;1;1;;1;;;2
19/09/2020;19:36:00;434;3 - Acidente com Danos Materiais;102,111;BR-116/PR;Norte;Colisão Traseira;1;2;;;;;1
20/09/2020;04:09:00;64;3 - Acidente com Danos Materiais;615,8;BR-376/PR;Sul;Colisão Traseira;1;2;;;;;1
20/09/2020;09:48:00;196;3 - Acidente com Danos Materiais;667,3;BR-376/PR;Sul;Saida de Pista;1;1;;;;;1
21/09/2020;07:45:00;118;3 - Acidente com Danos Materiais;44,127;BR-101/SC;Norte;Colisão Traseira;1;4;;;;;1
21/09/2020;09:28:00;189;2 - Acidente com VITIMA;107,195;BR-101/SC;Sul;Colisão Lateral;1;2;1;;;;1
21/09/2020;13:50:00;280;3 - Acidente com Danos Materiais;29,163;BR-101/SC;Sul;Colisão Lateral;1;2;;;;;1
21/09/2020;14:02:00;285;2 - Acidente com VITIMA;652,532;BR-376/PR;Norte;Saida de Pista;3;5;1;2;;;2
21/09/2020;14:29:00;299;2 - Acidente com VITIMA;93,324;BR-101/SC;Norte;Atropelamento - Ciclista;1;1;1;;;;1
21/09/2020;22:09:00;458;2 - Acidente com VITIMA;111,415;BR-101/SC;Sul;Colisão Lateral;2;3;1;;;;1
21/09/2020;23:39:00;482;3 - Acidente com Danos Materiais;97,5;BR-101/SC;Norte;Saida de Pista;1;1;;;;;1
22/09/2020;07:09:00;99;3 - Acidente com Danos Materiais;666,7;BR-376/PR;Sul;Colisão Traseira;2;2;;;;;1
22/09/2020;08:30:00;141;3 - Acidente com Danos Materiais;38,757;BR-101/SC;Norte;Colisão Traseira;1;2;;;;;1
22/09/2020;08:45:00;149;3 - Acidente com Danos Materiais;209,001;BR-101/SC;Norte;Colisão Lateral;1;2;;;;;1
22/09/2020;09:48:00;185;3 - Acidente com Danos Materiais;102,1;BR-116/PR;Norte;Colisão Lateral;1;2;;;;;1
22/09/2020;14:28:00;286;2 - Acidente com VITIMA;98,228;BR-116/PR;Norte;Tombamento;1;0;1;;;;1
22/09/2020;15:12:00;307;2 - Acidente com VITIMA;209,874;BR-101/SC;Sul;Colisão Lateral;1;3;1;;;;1
22/09/2020;16:38:00;338;3 - Acidente com Danos Materiais;210,875;BR-101/SC;Sul;Colisão Traseira;1;2;;;;;1
22/09/2020;22:15:00;444;3 - Acidente com Danos Materiais;98,11;BR-116/PR;Norte;Colisão Traseira;1;2;;;;;1
23/09/2020;05:58:00;111;3 - Acidente com Danos Materiais;94,413;BR-116/PR;Norte;Colisão Lateral;1;2;;;;;1
23/09/2020;11:37:00;261;3 - Acidente com Danos Materiais;91,566;BR-101/SC;Sul;Colisão Traseira;2;2;;;;;1
23/09/2020;14:27:00;325;3 - Acidente com Danos Materiais;76,363;BR-116/PR;Sul;Choque - Defensa, barreira ou "submarino";1;1;;;;;1
23/09/2020;15:03:00;344;3 - Acidente com Danos Materiais;30,152;BR-101/SC;Sul;Colisão Lateral;1;2;;;;;1
24/09/2020;01:31:00;48;3 - Acidente com Danos Materiais;665,1;BR-376/PR;Norte;Tombamento;1;1;;;;;1
24/09/2020;06:02:00;92;3 - Acidente com Danos Materiais;98,987;BR-101/SC;Sul;Colisão Traseira;1;4;;;;;1
24/09/2020;06:24:00;95;2 - Acidente com VITIMA;33,538;BR-101/SC;Sul;Colisão Traseira;1;1;1;;;;1
24/09/2020;07:17:00;114;3 - Acidente com Danos Materiais;99,258;BR-101/SC;Sul;Colisão Traseira;1;2;;;;;1
24/09/2020;07:31:00;120;3 - Acidente com Danos Materiais;119,189;BR-101/SC;Norte;Engavetamento;3;5;;;;;1
24/09/2020;07:48:00;125;3 - Acidente com Danos Materiais;110,365;BR-116/PR;Sul;Colisão Traseira;2;3;;;;;1
25/09/2020;09:31:00;203;3 - Acidente com Danos Materiais;170,489;BR-101/SC;Sul;Colisão Traseira;2;2;;;;;1
25/09/2020;15:09:00;368;3 - Acidente com Danos Materiais;69,8;BR-101/SC;Norte;Colisão Traseira;1;2;;;;;1
25/09/2020;16:49:00;425;3 - Acidente com Danos Materiais;102,255;BR-116/PR;Sul;Choque - Defensa, barreira ou "submarino";1;1;;;;;1
25/09/2020;18:36:00;474;3 - Acidente com Danos Materiais;92,295;BR-116/PR;Norte;Colisão Traseira;1;2;;;;;1
25/09/2020;23:07:00;566;3 - Acidente com Danos Materiais;63,39;BR-101/SC;Norte;Queda de Moto;1;2;;;;;1
25/09/2020;23:16:00;571;2 - Acidente com VITIMA;41,001;BR-101/SC;Sul;Colisão Traseira;1;1;1;;;;1
26/09/2020;10:50:00;202;3 - Acidente com Danos Materiais;654,197;BR-376/PR;Sul;Colisão Lateral;1;2;;;;;1
26/09/2020;11:42:00;217;2 - Acidente com VITIMA;117,874;BR-101/SC;Sul;Colisão Traseira;1;2;;1;1;;2
26/09/2020;14:29:00;291;3 - Acidente com Danos Materiais;623,114;BR-376/PR;Norte;Colisão Lateral;1;2;;;;;1
26/09/2020;15:33:00;318;2 - Acidente com VITIMA;197,793;BR-101/SC;Norte;Colisão Traseira;1;2;1;;;;1
26/09/2020;19:00:00;401;3 - Acidente com Danos Materiais;663,69;BR-376/PR;Sul;Colisão Lateral;1;2;;;;;1
26/09/2020;19:38:00;416;3 - Acidente com Danos Materiais;650,841;BR-376/PR;Norte;Colisão Lateral;1;2;;;;;1
26/09/2020;19:50:00;424;3 - Acidente com Danos Materiais;18,687;BR-101/SC;Sul;Tombamento;1;1;;;;;1
26/09/2020;23:44:00;482;3 - Acidente com Danos Materiais;92,1;BR-116/PR;Sul;Colisão Lateral;1;2;;;;;1
27/09/2020;03:06:00;37;3 - Acidente com Danos Materiais;89,803;BR-116/PR;Sul;Tombamento;1;1;;;;;1
27/09/2020;05:59:00;46;3 - Acidente com Danos Materiais;202,979;BR-101/SC;Norte;Colisão Lateral;1;2;;;;;1
27/09/2020;17:37:00;354;2 - Acidente com VITIMA;60,451;BR-101/SC;Norte;Colisão Traseira;2;1;;1;;;2
27/09/2020;22:50:00;448;2 - Acidente com VITIMA;63,6;BR-101/SC;Norte;Colisão Traseira;1;1;2;2;;;2
28/09/2020;02:01:00;34;2 - Acidente com VITIMA;43,7;BR-101/SC;Norte;Choque - Defensa, barreira ou "submarino";1;0;;1;;;2
28/09/2020;05:33:00;69;3 - Acidente com Danos Materiais;142,286;BR-101/SC;Sul;Capotamento;1;5;;;;;1
28/09/2020;08:19:00;115;3 - Acidente com Danos Materiais;206,4;BR-101/SC;Sul;Colisão Traseira;1;2;;;;;1
28/09/2020;09:05:00;136;3 - Acidente com Danos Materiais;103,863;BR-116/PR;Sul;Colisão Lateral;1;2;;;;;1
28/09/2020;11:22:00;178;3 - Acidente com Danos Materiais;24,061;BR-101/SC;Norte;Colisão Lateral;1;3;;;;;1
28/09/2020;11:29:00;181;3 - Acidente com Danos Materiais;195,8;BR-101/SC;Norte;Colisão Lateral;1;2;;;;;1
28/09/2020;11:38:00;187;2 - Acidente com VITIMA;87,099;BR-101/SC;Sul;Colisão Traseira;1;1;2;;;;1
28/09/2020;13:44:00;241;3 - Acidente com Danos Materiais;105,116;BR-116/PR;Sul;Engavetamento;1;3;;;;;1
28/09/2020;15:19:00;271;3 - Acidente com Danos Materiais;107,015;BR-116/PR;Sul;Colisão Traseira;1;2;;;;;1
29/09/2020;06:50:00;105;3 - Acidente com Danos Materiais;106,787;BR-101/SC;Sul;Colisão Traseira;2;3;;;;;1
29/09/2020;06:51:00;107;3 - Acidente com Danos Materiais;665,503;BR-376/PR;Sul;Colisão Lateral;1;2;;;;;1
29/09/2020;07:23:00;121;3 - Acidente com Danos Materiais;24,266;BR-101/SC;Norte;Colisão Lateral;1;2;;;;;1
29/09/2020;09:43:00;205;3 - Acidente com Danos Materiais;215,9;BR-101/SC;Norte;Colisão Traseira;1;2;;;;;1
29/09/2020;11:04:00;240;2 - Acidente com VITIMA;112,548;BR-101/SC;Sul;Colisão Traseira;1;1;;;1;;2
29/09/2020;11:41:00;254;2 - Acidente com VITIMA;118,619;BR-101/SC;Norte;Colisão Traseira;1;1;1;;;;1
29/09/2020;15:05:00;338;3 - Acidente com Danos Materiais;189,934;BR-101/SC;Sul;Saida de Pista;1;2;;;;;1
29/09/2020;15:20:00;343;2 - Acidente com VITIMA;204,191;BR-101/SC;Norte;Engavetamento;2;6;1;;;;1
30/09/2020;05:41:00;93;2 - Acidente com VITIMA;56,28;BR-101/SC;Norte;Colisão Traseira;2;1;1;;;;1
30/09/2020;08:09:00;144;3 - Acidente com Danos Materiais;216,001;BR-101/SC;Norte;Colisão Traseira;1;2;;;;;1
30/09/2020;14:32:00;310;3 - Acidente com Danos Materiais;216,313;BR-101/SC;Sul;Choque - Defensa, barreira ou "submarino";1;1;;;;;1
30/09/2020;16:09:00;365;3 - Acidente com Danos Materiais;202,979;BR-101/SC;Sul;Colisão Traseira;1;2;;;;;1
30/09/2020;17:29:00;405;3 - Acidente com Danos Materiais;109,517;BR-116/PR;Norte;Saida de Pista;1;2;;;;;1
30/09/2020;17:34:00;406;3 - Acidente com Danos Materiais;197,631;BR-101/SC;Sul;Colisão Traseira;1;4;;;;;1
30/09/2020;19:48:00;440;3 - Acidente com Danos Materiais;208,425;BR-101/SC;Norte;Colisão Lateral;1;2;;;;;1
30/09/2020;20:30:00;447;2 - Acidente com VITIMA;219,53;BR-101/SC;Norte;Colisão Traseira;1;1;1;;;;1
01/10/2020;07:57:00;134;3 - Acidente com Danos Materiais;108,414;BR-116/PR;Norte;Colisão Traseira;2;2;;;;;1
01/10/2020;09:10:00;180;3 - Acidente com Danos Materiais;202,855;BR-101/SC;Sul;Colisão Traseira;1;2;;;;;1
01/10/2020;10:14:00;241;3 - Acidente com Danos Materiais;200,892;BR-101/SC;Sul;Engavetamento;1;4;;;;;1
01/10/2020;12:25:00;317;3 - Acidente com Danos Materiais;224,144;BR-101/SC;Sul;Colisão Lateral;1;2;;;;;1
01/10/2020;16:40:00;460;3 - Acidente com Danos Materiais;209,2;BR-101/SC;Norte;Colisão Traseira;2;2;;;;;1
01/10/2020;16:52:00;469;3 - Acidente com Danos Materiais;101,9;BR-116/PR;Sul;Saida de Pista;1;1;;;;;1
01/10/2020;17:00:00;477;2 - Acidente com VITIMA;101,001;BR-116/PR;Norte;Colisão Lateral;1;2;1;;;;1
01/10/2020;18:09:00;516;3 - Acidente com Danos Materiais;215,001;BR-101/SC;Norte;Colisão Lateral;1;2;;;;;1
01/10/2020;18:36:00;524;3 - Acidente com Danos Materiais;203,488;BR-101/SC;Norte;Choque - Defensa, barreira ou "submarino";1;1;;;;;1
01/10/2020;20:06:00;553;3 - Acidente com Danos Materiais;116,001;BR-101/SC;Norte;Colisão Lateral;1;2;;;;;1
01/10/2020;22:15:00;593;3 - Acidente com Danos Materiais;170,075;BR-101/SC;Norte;Colisão Traseira;2;2;;;;;1
02/10/2020;09:38:00;214;3 - Acidente com Danos Materiais;112,095;BR-101/SC;Norte;Engavetamento;2;4;;;;;1
02/10/2020;11:18:00;289;3 - Acidente com Danos Materiais;213,578;BR-101/SC;Sul;Colisão Lateral;1;2;;;;;1
02/10/2020;14:16:00;388;2 - Acidente com VITIMA;120,42;BR-101/SC;Norte;Colisão Traseira;2;5;1;;;;1
02/10/2020;16:33:00;486;3 - Acidente com Danos Materiais;116,6;BR-101/SC;Norte;Colisão Lateral;1;2;;;;;1
02/10/2020;18:32:00;541;3 - Acidente com Danos Materiais;210,001;BR-101/SC;Norte;Colisão Lateral;1;2;;;;;1
02/10/2020;19:38:00;563;2 - Acidente com VITIMA;632,06;BR-376/PR;Norte;Colisão Traseira;1;1;1;;;;1
02/10/2020;19:45:00;567;1 - Acidente com Vitima Fatal;631,505;BR-376/PR;Norte;Atropelamento - Outros;1;2;;;;1;3
02/10/2020;20:40:00;576;3 - Acidente com Danos Materiais;151,1;BR-101/SC;Sul;Colisão Lateral;1;2;;;;;1
02/10/2020;23:03:00;619;1 - Acidente com Vitima Fatal;108,778;BR-116/PR;Sul;Colisão Traseira;1;2;;;;1;3
03/10/2020;00:32:00;38;3 - Acidente com Danos Materiais;108,778;BR-116/PR;Sul;Colisão Lateral;1;2;;;;;1
03/10/2020;04:29:00;90;3 - Acidente com Danos Materiais;138,1;BR-101/SC;Sul;Colisão Lateral;1;2;;;;;1
03/10/2020;05:35:00;104;3 - Acidente com Danos Materiais;123,163;BR-101/SC;Norte;Colisão Lateral;1;2;;;;;1
03/10/2020;07:31:00;137;3 - Acidente com Danos Materiais;72,031;BR-101/SC;Sul;Colisão Lateral;1;3;;;;;1
03/10/2020;09:30:00;176;3 - Acidente com Danos Materiais;3,5;BR-101/SC;Sul;Saida de Pista;1;1;;;;;1
03/10/2020;09:48:00;194;3 - Acidente com Danos Materiais;9,641;BR-101/SC;Sul;Colisão Traseira;2;2;;;;;1
03/10/2020;11:09:00;227;3 - Acidente com Danos Materiais;79,46;BR-101/SC;Norte;Colisão Lateral;2;2;;;;;1
03/10/2020;13:53:00;297;3 - Acidente com Danos Materiais;104,975;BR-116/PR;Norte;Colisão Traseira;1;2;;;;;1
03/10/2020;14:18:00;300;3 - Acidente com Danos Materiais;664,121;BR-376/PR;Sul;Saida de Pista;1;1;;;;;1
03/10/2020;16:06:00;331;3 - Acidente com Danos Materiais;671,736;BR-376/PR;Sul;Colisão Traseira;1;5;;;;;1
03/10/2020;16:40:00;345;3 - Acidente com Danos Materiais;81,203;BR-116/PR;Norte;Colisão Traseira;2;2;;;;;1
03/10/2020;20:55:00;426;3 - Acidente com Danos Materiais;160,06;BR-101/SC;Norte;Atropelamento de Animal;1;2;;;;;1
04/10/2020;09:51:00;152;2 - Acidente com VITIMA;235,084;BR-101/SC;Norte;Colisão Lateral;1;4;2;;;;1
04/10/2020;10:21:00;162;3 - Acidente com Danos Materiais;84,689;BR-116/PR;Norte;Colisão Traseira;2;2;;;;;1
04/10/2020;10:39:00;168;3 - Acidente com Danos Materiais;84,68;BR-116/PR;Norte;Colisão Traseira;1;2;;;;;1
04/10/2020;10:43:00;173;2 - Acidente com VITIMA;127,113;BR-101/SC;Sul;Colisão Traseira;1;2;2;1;;;2
04/10/2020;15:28:00;272;3 - Acidente com Danos Materiais;161,905;BR-101/SC;Sul;Colisão Traseira;1;2;;;;;1
04/10/2020;17:01:00;303;3 - Acidente com Danos Materiais;234,206;BR-101/SC;Norte;Engavetamento;1;3;;;;;1
05/10/2020;05:36:00;55;3 - Acidente com Danos Materiais;638,3;BR-376/PR;Sul;Colisão Traseira;1;2;;;;;1
05/10/2020;06:50:00;69;3 - Acidente com Danos Materiais;13,412;BR-101/SC;Norte;Colisão Lateral;1;2;;;;;1
05/10/2020;07:18:00;81;3 - Acidente com Danos Materiais;79,46;BR-101/SC;Norte;Colisão Lateral;1;2;;;;;1
05/10/2020;08:04:00;115;3 - Acidente com Danos Materiais;652,578;BR-376/PR;Norte;Colisão Lateral;1;2;;;;;1
05/10/2020;09:03:00;160;3 - Acidente com Danos Materiais;132,644;BR-101/SC;Norte;Colisão Traseira;1;2;;;;;1
05/10/2020;11:05:00;233;2 - Acidente com VITIMA;190,537;BR-101/SC;Sul;Colisão Traseira;2;2;1;;;;1
05/10/2020;11:53:00;248;3 - Acidente com Danos Materiais;161,342;BR-101/SC;Sul;Tombamento;1;1;;;;;1
05/10/2020;14:24:00;301;3 - Acidente com Danos Materiais;191,055;BR-101/SC;Sul;Saida de Pista;1;2;;;;;1
05/10/2020;15:08:00;315;3 - Acidente com Danos Materiais;145,191;BR-101/SC;Norte;Saida de Pista;1;1;;;;;1
05/10/2020;18:49:00;406;3 - Acidente com Danos Materiais;139,2;BR-101/SC;Sul;Colisão Lateral;1;2;;;;;1
05/10/2020;19:54:00;424;3 - Acidente com Danos Materiais;162,125;BR-101/SC;Sul;Saida de Pista;1;1;;;;;1
05/10/2020;20:18:00;432;3 - Acidente com Danos Materiais;120,702;BR-101/SC;Norte;Colisão Lateral;1;2;;;;;1
05/10/2020;21:15:00;445;3 - Acidente com Danos Materiais;205,39;BR-101/SC;Norte;Choque - Outros;1;2;;;;;1
06/10/2020;04:46:00;87;3 - Acidente com Danos Materiais;85,5;BR-101/SC;Norte;Choque - Defensa, barreira ou "submarino";2;2;;;;;1
06/10/2020;05:03:00;91;1 - Acidente com Vitima Fatal;26,473;BR-101/SC;Sul;Colisão Traseira;1;1;5;;;1;3
06/10/2020;13:04:00;301;3 - Acidente com Danos Materiais;665,2;BR-376/PR;Sul;Colisão Traseira;2;2;;;;;1
06/10/2020;18:59:00;424;3 - Acidente com Danos Materiais;14,264;BR-101/SC;Norte;Colisão Lateral;1;2;;;;;1
06/10/2020;20:56:00;451;3 - Acidente com Danos Materiais;93,316;BR-116/PR;Sul;Colisão Traseira;1;2;;;;;1
07/10/2020;09:57:00;212;3 - Acidente com Danos Materiais;113,75;BR-101/SC;Sul;Colisão Traseira;1;2;;;;;1
07/10/2020;10:16:00;223;3 - Acidente com Danos Materiais;668,456;BR-376/PR;Norte;Choque - Defensa, barreira ou "submarino";1;1;;;;;1
07/10/2020;10:22:00;227;3 - Acidente com Danos Materiais;201,521;BR-101/SC;Sul;Colisão Traseira;1;2;;;;;1
07/10/2020;16:34:00;386;3 - Acidente com Danos Materiais;207,6;BR-101/SC;Norte;Choque - Outros;1;2;;;;;1
07/10/2020;17:10:00;402;3 - Acidente com Danos Materiais;673,5;BR-376/PR;Sul;Colisão Traseira;2;2;;;;;1
07/10/2020;17:15:00;406;2 - Acidente com VITIMA;97,8;BR-116/PR;Sul;Colisão Traseira;2;2;;1;;;2
07/10/2020;17:39:00;419;3 - Acidente com Danos Materiais;113,467;BR-101/SC;Sul;Colisão Lateral;1;2;;;;;1
07/10/2020;19:28:00;456;3 - Acidente com Danos Materiais;140,418;BR-101/SC;Sul;Colisão Traseira;1;2;;;;;1
07/10/2020;23:40:00;532;3 - Acidente com Danos Materiais;197,127;BR-101/SC;Sul;Colisão Traseira;2;2;;;;;1
08/10/2020;04:45:00;62;3 - Acidente com Danos Materiais;671,9;BR-376/PR;Sul;Saida de Pista;1;1;;;;;1
08/10/2020;07:16:00;103;3 - Acidente com Danos Materiais;199,9;BR-101/SC;Sul;Colisão Lateral;1;2;;;;;1
08/10/2020;09:59:00;202;3 - Acidente com Danos Materiais;657,711;BR-376/PR;Norte;Colisão Traseira;2;2;;;;;1
08/10/2020;10:16:00;212;3 - Acidente com Danos Materiais;651,264;BR-376/PR;Sul;Choque - Defensa, barreira ou "submarino";1;1;;;;;1
08/10/2020;10:23:00;215;3 - Acidente com Danos Materiais;211,871;BR-101/SC;Norte;Colisão Traseira;1;2;;;;;1
08/10/2020;12:08:00;242;3 - Acidente com Danos Materiais;103,104;BR-116/PR;Norte;Colisão Lateral;2;2;;;;;1
08/10/2020;15:14:00;343;2 - Acidente com VITIMA;109,644;BR-116/PR;Norte;Queda de Moto;1;1;1;;;;1
08/10/2020;15:18:00;349;2 - Acidente com VITIMA;110,142;BR-116/PR;Norte;Saida de Pista;1;1;1;;;;1
09/10/2020;04:26:00;66;3 - Acidente com Danos Materiais;83,5;BR-101/SC;Norte;Colisão Traseira;2;2;;;;;1
09/10/2020;07:58:00;132;3 - Acidente com Danos Materiais;110,254;BR-116/PR;Sul;Saida de Pista;1;1;;;;;1
09/10/2020;10:14:00;217;3 - Acidente com Danos Materiais;205,225;BR-101/SC;Sul;Colisão Lateral;1;2;;;;;1
09/10/2020;10:50:00;225;3 - Acidente com Danos Materiais;33,023;BR-101/SC;Sul;Colisão Traseira;1;2;;;;;1
09/10/2020;11:24:00;236;3 - Acidente com Danos Materiais;648,846;BR-376/PR;Sul;Saida de Pista;1;1;;;;;1
09/10/2020;12:31:00;263;2 - Acidente com VITIMA;114,7;BR-101/SC;Sul;Colisão Traseira;1;1;1;;;;1
09/10/2020;14:43:00;308;3 - Acidente com Danos Materiais;111,42;BR-101/SC;Sul;Colisão Traseira;1;2;;;;;1
09/10/2020;15:06:00;326;3 - Acidente com Danos Materiais;102,9;BR-101/SC;Sul;Colisão Lateral;1;2;;;;;1
09/10/2020;15:26:00;333;3 - Acidente com Danos Materiais;615,85;BR-376/PR;Sul;Colisão Lateral;1;2;;;;;1
09/10/2020;17:24:00;394;1 - Acidente com Vitima Fatal;118,354;BR-101/SC;Sul;Colisão Lateral;1;2;;;;1;3
09/10/2020;17:48:00;409;3 - Acidente com Danos Materiais;665,628;BR-376/PR;Sul;Colisão Lateral;1;2;;;;;1
09/10/2020;17:57:00;417;3 - Acidente com Danos Materiais;92,806;BR-116/PR;Sul;Colisão Traseira;2;2;;;;;1
09/10/2020;18:08:00;422;3 - Acidente com Danos Materiais;92,8;BR-116/PR;Norte;Colisão Lateral;1;2;;;;;1
09/10/2020;18:45:00;434;3 - Acidente com Danos Materiais;96,001;BR-116/PR;Sul;Engavetamento;1;3;;;;;1
09/10/2020;18:53:00;440;3 - Acidente com Danos Materiais;6,001;BR-101/SC;Norte;Colisão Traseira;1;3;;;;;1
10/10/2020;00:49:00;26;3 - Acidente com Danos Materiais;658,102;BR-376/PR;Sul;Saida de Pista;1;1;;;;;1
10/10/2020;00:55:00;28;3 - Acidente com Danos Materiais;221,727;BR-101/SC;Sul;Colisão Lateral;2;2;;;;;1
10/10/2020;01:36:00;52;3 - Acidente com Danos Materiais;639,001;BR-376/PR;Norte;Saida de Pista;1;1;;;;;1
10/10/2020;07:53:00;155;3 - Acidente com Danos Materiais;100,55;BR-116/PR;Sul;Colisão Lateral;1;2;;;;;1
10/10/2020;08:28:00;171;2 - Acidente com VITIMA;121,262;BR-101/SC;Norte;Colisão Traseira;1;1;2;;;;1
10/10/2020;08:45:00;177;3 - Acidente com Danos Materiais;40,527;BR-101/SC;Sul;Saida de Pista;1;1;;;;;1
10/10/2020;10:23:00;218;3 - Acidente com Danos Materiais;97,5;BR-116/PR;Sul;Saida de Pista;1;1;;;;;1
10/10/2020;14:30:00;311;3 - Acidente com Danos Materiais;202,5;BR-101/SC;Sul;Colisão Traseira;2;2;;;;;1
10/10/2020;16:03:00;380;2 - Acidente com VITIMA;208,46;BR-101/SC;Norte;Colisão Traseira;1;1;2;;;;1
10/10/2020;19:40:00;468;2 - Acidente com VITIMA;205,5;BR-101/SC;Sul;Colisão Traseira;1;1;2;;;;1
11/10/2020;14:30:00;306;3 - Acidente com Danos Materiais;40,782;BR-101/SC;Norte;Colisão Lateral;1;2;;;;;1
11/10/2020;14:34:00;308;3 - Acidente com Danos Materiais;109,144;BR-101/SC;Norte;Colisão Traseira;1;2;;;;;1
11/10/2020;17:17:00;380;2 - Acidente com VITIMA;202,461;BR-101/SC;Sul;Colisão Lateral;1;2;1;;;;1
12/10/2020;07:58:00;108;3 - Acidente com Danos Materiais;652,409;BR-376/PR;Norte;Tombamento;1;1;;;;;1
12/10/2020;11:48:00;203;3 - Acidente com Danos Materiais;105,956;BR-116/PR;Norte;Colisão Lateral;1;2;;;;;1
12/10/2020;12:57:00;245;3 - Acidente com Danos Materiais;681,213;BR-376/PR;Norte;Colisão Traseira;2;2;;;;;1
12/10/2020;13:03:00;252;3 - Acidente com Danos Materiais;662,024;BR-376/PR;Norte;Colisão Traseira;1;2;;;;;1
12/10/2020;13:48:00;284;3 - Acidente com Danos Materiais;681,579;BR-376/PR;Norte;Engavetamento;1;4;;;;;1