data;horario;n_da_ocorrencia;tipo_de_ocorrencia;km;trecho;sentido;tipo_de_acidente;caminhao;ilesos;levemente_feridos;moderadamente_feridos;gravemente_feridos;mortos;3
12/10/2020;22:06:00;512;3 - Acidente com Danos Materiais;93,001;BR-101/SC;Norte;Colisão Traseira;1;4;;;;;1
12/10/2020;22:33:00;519;3 - Acidente com Danos Materiais;616,5;BR-376/PR;Norte;Colisão Lateral;1;2;;;;;1
12/10/2020;22:48:00;524;3 - Acidente com Danos Materiais;94,001;BR-101/SC;Norte;Colisão Traseira;1;2;;;;;1
13/10/2020;08:01:00;153;2 - Acidente com VITIMA;112,4;BR-116/PR;Sul;Engavetamento;1;2;;;1;;2
13/10/2020;09:39:00;219;3 - Acidente com Danos Materiais;57,175;BR-101/SC;Norte;Colisão Lateral;1;3;;;;;1
13/10/2020;13:31:00;337;3 - Acidente com Danos Materiais;93,133;BR-116/PR;Sul;Saida de Pista;1;1;;;;;1
14/10/2020;04:19:00;64;3 - Acidente com Danos Materiais;55,948;BR-101/SC;Norte;Colisão Traseira;2;2;;;;;1
14/10/2020;06:54:00;88;3 - Acidente com Danos Materiais;164,658;BR-101/SC;Sul;Colisão Lateral;1;2;;;;;1
14/10/2020;07:02:00;91;3 - Acidente com Danos Materiais;667,3;BR-376/PR;Sul;Saida de Pista;1;2;;;;;1
14/10/2020;09:22:00;196;3 - Acidente com Danos Materiais;118,306;BR-101/SC;Sul;Engavetamento;1;4;;;;;1
14/10/2020;10:48:00;228;3 - Acidente com Danos Materiais;117,341;BR-101/SC;Norte;Colisão Traseira;1;2;;;;;1
14/10/2020;12:44:00;279;3 - Acidente com Danos Materiais;667,3;BR-376/PR;Sul;Saida de Pista;1;1;;;;;1
14/10/2020;14:05:00;303;3 - Acidente com Danos Materiais;199,953;BR-101/SC;Norte;Colisão Lateral;1;2;;;;;1
14/10/2020;17:35:00;399;3 - Acidente com Danos Materiais;94,21;BR-101/SC;Sul;Colisão Traseira;1;2;;;;;1
14/10/2020;19:12:00;433;3 - Acidente com Danos Materiais;107,015;BR-101/SC;Norte;Saida de Pista;1;1;;;;;1
14/10/2020;20:03:00;460;3 - Acidente com Danos Materiais;93,575;BR-116/PR;Sul;Engavetamento;1;4;;;;;1
15/10/2020;04:39:00;69;3 - Acidente com Danos Materiais;658,1;BR-376/PR;Sul;Saida de Pista;1;1;;;;;1
15/10/2020;04:47:00;72;2 - Acidente com VITIMA;56,49;BR-101/SC;Norte;Colisão Traseira;2;1;1;;;;1
15/10/2020;12:17:00;244;3 - Acidente com Danos Materiais;207,595;BR-101/SC;Norte;Colisão Lateral;1;2;;;;;1
15/10/2020;15:13:00;325;2 - Acidente com VITIMA;209,752;BR-101/SC;Norte;Engavetamento;3;4;2;;;;1
15/10/2020;15:32:00;331;2 - Acidente com VITIMA;650,862;BR-376/PR;Sul;Saida de Pista;1;2;2;;;;1
15/10/2020;15:46:00;338;3 - Acidente com Danos Materiais;101,372;BR-116/PR;Sul;Engavetamento;3;3;;;;;1
15/10/2020;16:50:00;361;3 - Acidente com Danos Materiais;107,538;BR-116/PR;Sul;Colisão Traseira;1;2;;;;;1
15/10/2020;17:45:00;392;3 - Acidente com Danos Materiais;150,321;BR-101/SC;Sul;Colisão Lateral;1;2;;;;;1
15/10/2020;18:15:00;406;3 - Acidente com Danos Materiais;671,7;BR-376/PR;Sul;Saida de Pista;1;1;;;;;1
15/10/2020;18:36:00;413;3 - Acidente com Danos Materiais;104,935;BR-116/PR;Sul;Colisão Traseira;1;2;;;;;1
15/10/2020;19:56:00;442;3 - Acidente com Danos Materiais;207,723;BR-101/SC;Norte;Colisão Lateral;1;2;;;;;1
16/10/2020;07:18:00;104;3 - Acidente com Danos Materiais;90,95;BR-116/PR;Sul;Colisão Lateral;2;2;;;;;1
16/10/2020;11:06:00;243;3 - Acidente com Danos Materiais;147,001;BR-101/SC;Sul;Colisão Lateral;1;2;;;;;1
16/10/2020;11:08:00;244;3 - Acidente com Danos Materiais;213,359;BR-101/SC;Norte;Engavetamento;1;3;;;;;1
16/10/2020;12:25:00;275;1 - Acidente com Vitima Fatal;121,377;BR-101/SC;Norte;Colisão Traseira;2;1;;;;1;3
16/10/2020;12:59:00;290;3 - Acidente com Danos Materiais;215,872;BR-101/SC;Norte;Tombamento;1;1;;;;;1
16/10/2020;18:51:00;446;3 - Acidente com Danos Materiais;679,204;BR-376/PR;Sul;Colisão Traseira;1;2;;;;;1
16/10/2020;19:21:00;460;3 - Acidente com Danos Materiais;42,986;BR-101/SC;Sul;Colisão Traseira;1;2;;;;;1
16/10/2020;19:27:00;466;3 - Acidente com Danos Materiais;126,009;BR-101/SC;Sul;Colisão Traseira;1;2;;;;;1
16/10/2020;21:44:00;522;3 - Acidente com Danos Materiais;167,1;BR-101/SC;Norte;Choque - Defensa, barreira ou "submarino";1;1;;;;;1
17/10/2020;06:02:00;76;2 - Acidente com VITIMA;46,458;BR-101/SC;Sul;Colisão Traseira;2;1;;1;;;2
17/10/2020;06:39:00;85;3 - Acidente com Danos Materiais;156,379;BR-101/SC;Norte;Tombamento;1;1;;;;;1
17/10/2020;08:34:00;137;2 - Acidente com VITIMA;44,978;BR-101/SC;Sul;Colisão Transversal;1;3;1;;;;1
17/10/2020;08:52:00;144;2 - Acidente com VITIMA;41,443;BR-101/SC;Sul;Choque - Defensa, barreira ou "submarino";1;0;1;;;;1
17/10/2020;13:00:00;277;2 - Acidente com VITIMA;196,031;BR-101/SC;Norte;Atropelamento - Outros;1;1;;1;;;2
17/10/2020;15:45:00;346;3 - Acidente com Danos Materiais;37,8;BR-101/SC;Sul;Colisão Lateral;1;2;;;;;1
18/10/2020;08:29:00;136;2 - Acidente com VITIMA;116,767;BR-101/SC;Sul;Colisão Lateral;1;1;1;;;;1
18/10/2020;15:06:00;293;3 - Acidente com Danos Materiais;118,001;BR-101/SC;Norte;Colisão Lateral;1;2;;;;;1
18/10/2020;20:39:00;422;3 - Acidente com Danos Materiais;204,95;BR-101/SC;Sul;Saida de Pista;1;1;;;;;1
19/10/2020;07:43:00;108;3 - Acidente com Danos Materiais;665,627;BR-376/PR;Sul;Colisão Traseira;2;2;;;;;1
19/10/2020;08:20:00;131;3 - Acidente com Danos Materiais;127,398;BR-101/SC;Sul;Colisão Lateral;2;3;;;;;1
19/10/2020;08:40:00;138;3 - Acidente com Danos Materiais;127,602;BR-101/SC;Sul;Colisão Transversal;1;2;;;;;1
19/10/2020;09:45:00;198;3 - Acidente com Danos Materiais;157,4;BR-101/SC;Sul;Colisão Traseira;2;2;;;;;1
19/10/2020;13:03:00;277;3 - Acidente com Danos Materiais;205,2;BR-101/SC;Sul;Colisão Traseira;1;2;;;;;1
19/10/2020;14:13:00;298;3 - Acidente com Danos Materiais;151,054;BR-101/SC;Sul;Colisão Traseira;1;2;;;;;1
19/10/2020;14:16:00;299;3 - Acidente com Danos Materiais;53,655;BR-101/SC;Sul;Colisão Traseira;1;2;;;;;1
19/10/2020;17:55:00;415;2 - Acidente com VITIMA;44,264;BR-101/SC;Norte;Colisão Lateral;1;1;1;;;;1
19/10/2020;23:16:00;508;3 - Acidente com Danos Materiais;110,777;BR-116/PR;Norte;Colisão Traseira;2;2;;;;;1
20/10/2020;11:23:00;276;3 - Acidente com Danos Materiais;102,497;BR-116/PR;Norte;Engavetamento;2;3;;;;;1
20/10/2020;12:13:00;296;1 - Acidente com Vitima Fatal;124,874;BR-101/SC;Norte;Atropelamento - Usuário;2;2;;;;1;3
20/10/2020;13:55:00;344;3 - Acidente com Danos Materiais;666,123;BR-376/PR;Norte;Colisão Traseira;2;2;;;;;1
20/10/2020;16:54:00;439;3 - Acidente com Danos Materiais;134,777;BR-101/SC;Sul;Colisão Lateral;1;2;;;;;1
20/10/2020;19:19:00;496;2 - Acidente com VITIMA;68,609;BR-101/SC;Sul;Colisão Traseira;2;1;1;;;;1
20/10/2020;20:57:00;528;3 - Acidente com Danos Materiais;132,258;BR-101/SC;Norte;Colisão Lateral;1;3;;;;;1
21/10/2020;01:36:00;45;3 - Acidente com Danos Materiais;207,759;BR-101/SC;Sul;Colisão Traseira;1;2;;;;;1
21/10/2020;08:19:00;145;3 - Acidente com Danos Materiais;215,007;BR-101/SC;Norte;Colisão Lateral;1;2;;;;;1
21/10/2020;11:02:00;241;3 - Acidente com Danos Materiais;667,3;BR-376/PR;Sul;Saida de Pista;1;3;;;;;1
21/10/2020;13:27:00;315;3 - Acidente com Danos Materiais;208,622;BR-101/SC;Norte;Colisão Lateral;1;2;;;;;1
21/10/2020;14:05:00;326;2 - Acidente com VITIMA;137,4;BR-101/SC;Norte;Colisão Traseira;1;1;1;;;;1
21/10/2020;18:29:00;449;3 - Acidente com Danos Materiais;119,5;BR-101/SC;Norte;Colisão Traseira;2;2;;;;;1
21/10/2020;20:11:00;496;3 - Acidente com Danos Materiais;45,767;BR-101/SC;Sul;Colisão Traseira;1;3;;;;;1
21/10/2020;21:51:00;530;3 - Acidente com Danos Materiais;214,679;BR-101/SC;Sul;Colisão Traseira;1;2;;;;;1
21/10/2020;22:31:00;535;3 - Acidente com Danos Materiais;42,001;BR-101/SC;Norte;Engavetamento;2;5;;;;;1
22/10/2020;04:02:00;54;3 - Acidente com Danos Materiais;113,832;BR-116/PR;Sul;Colisão Traseira;1;2;;;;;1
22/10/2020;08:17:00;136;2 - Acidente com VITIMA;111,46;BR-116/PR;Sul;Colisão Lateral;1;1;1;;;;1
22/10/2020;12:03:00;254;3 - Acidente com Danos Materiais;140,2;BR-101/SC;Sul;Colisão Traseira;2;2;;;;;1
22/10/2020;15:00:00;317;2 - Acidente com VITIMA;137,393;BR-101/SC;Norte;Engavetamento;2;5;1;1;1;;2
22/10/2020;17:15:00;383;2 - Acidente com VITIMA;200,073;BR-101/SC;Norte;Colisão Traseira;1;1;1;;;;1
22/10/2020;18:19:00;404;3 - Acidente com Danos Materiais;216,001;BR-101/SC;Norte;Colisão Traseira;1;2;;;;;1
22/10/2020;18:30:00;411;3 - Acidente com Danos Materiais;0,959;BR-101/SC;Norte;Colisão Lateral;1;3;;;;;1
23/10/2020;00:41:00;24;3 - Acidente com Danos Materiais;121,1;BR-101/SC;Norte;Colisão Traseira;2;2;;;;;1
23/10/2020;05:39:00;91;3 - Acidente com Danos Materiais;671,7;BR-376/PR;Sul;Saida de Pista;1;1;;;;;1
23/10/2020;06:40:00;102;3 - Acidente com Danos Materiais;112,9;BR-101/SC;Sul;Colisão Lateral;1;2;;;;;1
23/10/2020;07:55:00;130;2 - Acidente com VITIMA;58,125;BR-101/SC;Sul;Colisão Lateral;1;2;1;;;;1
23/10/2020;08:47:00;158;3 - Acidente com Danos Materiais;105,97;BR-116/PR;Norte;Colisão Lateral;1;2;;;;;1
23/10/2020;11:39:00;242;3 - Acidente com Danos Materiais;102,532;BR-116/PR;Sul;Colisão Lateral;1;2;;;;;1
23/10/2020;15:47:00;343;3 - Acidente com Danos Materiais;215,001;BR-101/SC;Norte;Colisão Lateral;1;2;;;;;1
23/10/2020;20:35:00;465;3 - Acidente com Danos Materiais;134,927;BR-101/SC;Sul;Colisão Lateral;1;2;;;;;1
24/10/2020;07:45:00;108;3 - Acidente com Danos Materiais;646,001;BR-376/PR;Sul;Colisão Lateral;1;2;;;;;1
24/10/2020;13:56:00;241;3 - Acidente com Danos Materiais;647,9;BR-376/PR;Sul;Saida de Pista;1;1;;;;;1
25/10/2020;00:51:00;18;2 - Acidente com VITIMA;100,72;BR-116/PR;Norte;Colisão Traseira;1;3;1;;;;1
26/10/2020;14:23:00;303;2 - Acidente com VITIMA;44,955;BR-101/SC;Norte;Colisão Lateral;1;1;1;;;;1
26/10/2020;14:41:00;309;3 - Acidente com Danos Materiais;88,207;BR-101/SC;Sul;Colisão Traseira;2;2;;;;;1
26/10/2020;22:43:00;544;2 - Acidente com VITIMA;616,313;BR-376/PR;Norte;Tombamento;1;0;1;;;;1
27/10/2020;06:55:00;92;3 - Acidente com Danos Materiais;93,52;BR-116/PR;Norte;Colisão Lateral;1;2;;;;;1
27/10/2020;07:46:00;112;2 - Acidente com VITIMA;58,61;BR-101/SC;Sul;Colisão Lateral;1;2;2;;;;1
27/10/2020;09:31:00;159;3 - Acidente com Danos Materiais;216,481;BR-101/SC;Norte;Colisão Traseira;1;2;;;;;1
27/10/2020;09:34:00;166;3 - Acidente com Danos Materiais;102,001;BR-116/PR;Sul;Colisão Traseira;2;2;;;;;1
27/10/2020;11:33:00;237;2 - Acidente com VITIMA;32,065;BR-101/SC;Sul;Colisão Traseira;1;1;1;;;;1
27/10/2020;12:53:00;278;3 - Acidente com Danos Materiais;102,421;BR-101/SC;Norte;Colisão Traseira;1;3;;;;;1
27/10/2020;19:55:00;455;2 - Acidente com VITIMA;631,988;BR-376/PR;Sul;Colisão Traseira;2;1;;1;;;2
28/10/2020;07:18:00;117;2 - Acidente com VITIMA;117,273;BR-101/SC;Sul;Colisão Transversal;1;1;1;;;;1
28/10/2020;08:45:00;167;3 - Acidente com Danos Materiais;93,383;BR-116/PR;Sul;Saida de Pista;1;1;;;;;1
28/10/2020;09:51:00;198;3 - Acidente com Danos Materiais;206,462;BR-101/SC;Norte;Colisão Lateral;1;2;;;;;1
28/10/2020;10:16:00;208;3 - Acidente com Danos Materiais;92,583;BR-116/PR;Sul;Colisão Traseira;2;2;;;;;1
28/10/2020;11:29:00;224;3 - Acidente com Danos Materiais;47,766;BR-101/SC;Norte;Colisão Traseira;2;2;;;;;1
28/10/2020;11:58:00;239;3 - Acidente com Danos Materiais;673,001;BR-376/PR;Sul;Colisão Traseira;1;2;;;;;1
28/10/2020;15:37:00;350;3 - Acidente com Danos Materiais;55,448;BR-101/SC;Norte;Colisão Lateral;1;2;;;;;1
28/10/2020;17:51:00;412;3 - Acidente com Danos Materiais;622,67;BR-376/PR;Norte;Saida de Pista;1;1;;;;;1
28/10/2020;18:34:00;439;3 - Acidente com Danos Materiais;615,774;BR-376/PR;Sul;Colisão Lateral;1;2;;;;;1
28/10/2020;19:36:00;453;2 - Acidente com VITIMA;112,972;BR-101/SC;Sul;Colisão Traseira;1;1;;1;;;2
28/10/2020;20:29:00;479;3 - Acidente com Danos Materiais;663,382;BR-376/PR;Norte;Saida de Pista;1;3;;;;;1
28/10/2020;23:09:00;542;1 - Acidente com Vitima Fatal;24,65;BR-101/SC;Sul;Colisão Traseira;2;1;;1;;1;3
29/10/2020;00:23:00;19;3 - Acidente com Danos Materiais;140,326;BR-101/SC;Sul;Colisão Traseira;2;2;;;;;1
29/10/2020;01:33:00;42;2 - Acidente com VITIMA;172,353;BR-101/SC;Sul;Colisão Traseira;3;1;1;1;;;2
29/10/2020;03:01:00;61;3 - Acidente com Danos Materiais;672,3;BR-376/PR;Sul;Colisão Traseira;2;2;;;;;1
29/10/2020;03:49:00;67;3 - Acidente com Danos Materiais;204,3;BR-101/SC;Sul;Colisão Lateral;1;2;;;;;1
29/10/2020;08:23:00;155;3 - Acidente com Danos Materiais;216,97;BR-101/SC;Norte;Colisão Lateral;1;2;;;;;1
29/10/2020;09:47:00;206;3 - Acidente com Danos Materiais;101,326;BR-116/PR;Norte;Saida de Pista;1;1;;;;;1
29/10/2020;12:53:00;305;3 - Acidente com Danos Materiais;237,837;BR-101/SC;Sul;Saida de Pista;1;1;;;;;1
29/10/2020;17:16:00;429;2 - Acidente com VITIMA;206,796;BR-101/SC;Sul;Colisão Lateral;1;1;;1;;;2
29/10/2020;19:47:00;476;3 - Acidente com Danos Materiais;204,881;BR-101/SC;Norte;Choque - Defensa, barreira ou "submarino";1;2;;;;;1
29/10/2020;22:23:00;509;3 - Acidente com Danos Materiais;627,023;BR-376/PR;Sul;Tombamento;1;2;;;;;1
29/10/2020;22:50:00;521;3 - Acidente com Danos Materiais;206,077;BR-101/SC;Sul;Colisão Lateral;1;2;;;;;1
30/10/2020;02:07:00;35;2 - Acidente com VITIMA;656,001;BR-376/PR;Sul;Colisão Lateral;1;2;1;;;;1
30/10/2020;02:35:00;40;1 - Acidente com Vitima Fatal;117,98;BR-101/SC;Sul;Atropelamento - Sem Informação;1;1;;;;1;3
30/10/2020;04:45:00;55;3 - Acidente com Danos Materiais;35,952;BR-101/SC;Norte;Colisão Traseira;2;2;;;;;1
30/10/2020;05:24:00;60;3 - Acidente com Danos Materiais;101,989;BR-116/PR;Sul;Tombamento;1;1;;;;;1
30/10/2020;05:38:00;62;3 - Acidente com Danos Materiais;131,001;BR-101/SC;Norte;Choque - Objeto sobre a pista;1;1;;;;;1
30/10/2020;05:40:00;64;3 - Acidente com Danos Materiais;131,001;BR-101/SC;Sul;Choque - Defensa, barreira ou "submarino";1;1;;;;;1
30/10/2020;06:02:00;67;3 - Acidente com Danos Materiais;54,001;BR-101/SC;Sul;Colisão Traseira;1;2;;;;;1
30/10/2020;07:08:00;86;3 - Acidente com Danos Materiais;132,001;BR-101/SC;Norte;Engavetamento;2;3;;;;;1
30/10/2020;09:46:00;139;3 - Acidente com Danos Materiais;39,95;BR-101/SC;Sul;Colisão Traseira;2;2;;;;;1
30/10/2020;09:51:00;143;3 - Acidente com Danos Materiais;92,7;BR-116/PR;Sul;Colisão Lateral;1;2;;;;;1
30/10/2020;11:20:00;169;3 - Acidente com Danos Materiais;11,431;BR-101/SC;Sul;Colisão Traseira;2;2;;;;;1
30/10/2020;12:03:00;185;3 - Acidente com Danos Materiais;120,034;BR-101/SC;Norte;Colisão Traseira;1;2;;;;;1
30/10/2020;16:07:00;282;3 - Acidente com Danos Materiais;654,05;BR-376/PR;Norte;Colisão Traseira;1;2;;;;;1
30/10/2020;16:20:00;285;3 - Acidente com Danos Materiais;108,212;BR-116/PR;Sul;Colisão Traseira;1;2;;;;;1
30/10/2020;17:53:00;355;3 - Acidente com Danos Materiais;219,319;BR-101/SC;Norte;Colisão Traseira;1;2;;;;;1
30/10/2020;19:47:00;393;3 - Acidente com Danos Materiais;192,053;BR-101/SC;Norte;Colisão Transversal;2;2;;;;;1
30/10/2020;23:38:00;497;2 - Acidente com VITIMA;114,722;BR-101/SC;Sul;Colisão Traseira;1;3;1;1;;;2
31/10/2020;04:42:00;64;3 - Acidente com Danos Materiais;106,5;BR-116/PR;Sul;Saida de Pista;1;1;;;;;1
31/10/2020;04:50:00;65;3 - Acidente com Danos Materiais;106,871;BR-116/PR;Sul;Colisão Lateral;1;2;;;;;1
31/10/2020;22:12:00;442;3 - Acidente com Danos Materiais;127,9;BR-101/SC;Sul;Colisão Lateral;1;2;;;;;1
01/11/2020;08:50:00;129;3 - Acidente com Danos Materiais;178,4;BR-101/SC;Sul;Colisão Lateral;1;2;;;;;1
01/11/2020;13:29:00;218;2 - Acidente com VITIMA;21,341;BR-101/SC;Norte;Choque - Defensa, barreira ou "submarino";1;1;;2;;;2
02/11/2020;16:56:00;313;3 - Acidente com Danos Materiais;207,001;BR-101/SC;Sul;Colisão Lateral;1;2;;;;;1
02/11/2020;21:13:00;423;3 - Acidente com Danos Materiais;25,001;BR-101/SC;Sul;Colisão Lateral;1;4;;;;;1
03/11/2020;15:43:00;382;3 - Acidente com Danos Materiais;125,8;BR-101/SC;Norte;Colisão Traseira;1;2;;;;;1
03/11/2020;17:22:00;430;3 - Acidente com Danos Materiais;27,001;BR-101/SC;Norte;Colisão Frontal;2;2;;;;;1
03/11/2020;18:55:00;474;3 - Acidente com Danos Materiais;117,38;BR-101/SC;Sul;Engavetamento;1;7;;;;;1
03/11/2020;20:59:00;507;3 - Acidente com Danos Materiais;14,829;BR-101/SC;Norte;Choque - Defensa, barreira ou "submarino";1;2;;;;;1
03/11/2020;23:13:00;533;3 - Acidente com Danos Materiais;659,001;BR-376/PR;Sul;Colisão Traseira;3;3;;;;;1
04/11/2020;06:10:00;82;3 - Acidente com Danos Materiais;672,823;BR-376/PR;Sul;Tombamento;1;1;;;;;1
04/11/2020;07:01:00;101;3 - Acidente com Danos Materiais;142,8;BR-101/SC;Sul;Capotamento;1;2;;;;;1
04/11/2020;09:55:00;218;3 - Acidente com Danos Materiais;117,419;BR-101/SC;Sul;Colisão Transversal;1;2;;;;;1
04/11/2020;11:42:00;265;3 - Acidente com Danos Materiais;37,001;BR-101/SC;Sul;Colisão Lateral;1;2;;;;;1
04/11/2020;13:30:00;299;3 - Acidente com Danos Materiais;213,5;BR-101/SC;Norte;Colisão Lateral;1;2;;;;;1
04/11/2020;15:50:00;334;2 - Acidente com VITIMA;31,836;BR-101/SC;Norte;Saida de Pista;1;0;1;1;;;2
04/11/2020;16:51:00;353;3 - Acidente com Danos Materiais;228,377;BR-101/SC;Norte;Colisão Lateral;2;2;;;;;1
04/11/2020;19:03:00;392;1 - Acidente com Vitima Fatal;121,766;BR-101/SC;Norte;Engavetamento;3;2;;;;1;3
04/11/2020;22:44:00;437;3 - Acidente com Danos Materiais;122,001;BR-101/SC;Norte;Colisão Lateral;1;2;;;;;1
05/11/2020;02:05:00;47;3 - Acidente com Danos Materiais;77,44;BR-116/PR;Sul;Tombamento;1;1;;;;;1
05/11/2020;04:16:00;65;3 - Acidente com Danos Materiais;96,96;BR-116/PR;Sul;Tombamento;1;1;;;;;1
05/11/2020;07:47:00;109;3 - Acidente com Danos Materiais;101,686;BR-116/PR;Norte;Colisão Lateral;1;2;;;;;1
05/11/2020;07:58:00;111;3 - Acidente com Danos Materiais;136,2;BR-101/SC;Norte;Colisão Lateral;1;2;;;;;1
05/11/2020;11:25:00;174;3 - Acidente com Danos Materiais;92,446;BR-116/PR;Sul;Colisão Traseira;3;3;;;;;1
05/11/2020;13:41:00;235;3 - Acidente com Danos Materiais;102,025;BR-116/PR;Sul;Colisão Lateral;2;2;;;;;1
05/11/2020;14:46:00;252;3 - Acidente com Danos Materiais;17,531;BR-101/SC;Norte;Colisão Traseira;1;3;;;;;1
05/11/2020;15:30:00;267;2 - Acidente com VITIMA;100,915;BR-101/SC;Sul;Colisão Lateral;1;1;1;;;;1
05/11/2020;15:47:00;271;3 - Acidente com Danos Materiais;663,702;BR-376/PR;Sul;Colisão Traseira;2;2;;;;;1
05/11/2020;18:14:00;329;3 - Acidente com Danos Materiais;95,793;BR-116/PR;Norte;Colisão Traseira;2;2;;;;;1
05/11/2020;20:10:00;374;3 - Acidente com Danos Materiais;122,626;BR-101/SC;Norte;Colisão Traseira;1;2;;;;;1
06/11/2020;06:22:00;83;3 - Acidente com Danos Materiais;232,8;BR-101/SC;Norte;Choque - Defensa, barreira ou "submarino";1;1;;;;;1
06/11/2020;08:02:00;146;3 - Acidente com Danos Materiais;216,448;BR-101/SC;Norte;Colisão Traseira;1;2;;;;;1
06/11/2020;09:48:00;206;3 - Acidente com Danos Materiais;242,985;BR-101/SC;Sul;Colisão Traseira;2;2;;;;;1
06/11/2020;12:34:00;283;2 - Acidente com VITIMA;100,186;BR-116/PR;Norte;Colisão Traseira;2;1;1;;;;1
06/11/2020;14:43:00;324;2 - Acidente com VITIMA;667,3;BR-376/PR;Sul;Saida de Pista;1;0;1;;;;1
06/11/2020;16:57:00;377;3 - Acidente com Danos Materiais;117,414;BR-101/SC;Sul;Colisão Lateral;1;2;;;;;1
06/11/2020;17:52:00;397;3 - Acidente com Danos Materiais;53,001;BR-101/SC;Norte;Colisão Traseira;1;2;;;;;1
06/11/2020;19:18:00;436;3 - Acidente com Danos Materiais;671,5;BR-376/PR;Sul;Saida de Pista;1;1;;;;;1
06/11/2020;20:25:00;464;3 - Acidente com Danos Materiais;214,179;BR-101/SC;Norte;Colisão Traseira;1;2;;;;;1
06/11/2020;20:39:00;472;3 - Acidente com Danos Materiais;44,962;BR-101/SC;Sul;Colisão Traseira;1;3;;;;;1
06/11/2020;20:55:00;478;2 - Acidente com VITIMA;121,552;BR-101/SC;Norte;Engavetamento;2;3;2;;;;1
06/11/2020;23:10:00;523;3 - Acidente com Danos Materiais;185,001;BR-101/SC;Sul;Engavetamento;1;3;;;;;1
07/11/2020;01:58:00;24;3 - Acidente com Danos Materiais;216,351;BR-101/SC;Sul;Choque - Defensa, barreira ou "submarino";1;1;;;;;1
07/11/2020;08:45:00;155;2 - Acidente com VITIMA;168,5;BR-101/SC;Sul;Colisão Lateral;1;1;1;;;;1
07/11/2020;18:05:00;377;3 - Acidente com Danos Materiais;672,726;BR-376/PR;Sul;Colisão Traseira;1;3;;;;;1
07/11/2020;19:11:00;398;2 - Acidente com VITIMA;617,116;BR-376/PR;Norte;Colisão Traseira;1;1;1;;;;1
07/11/2020;23:01:00;463;3 - Acidente com Danos Materiais;27,862;BR-101/SC;Norte;Engavetamento;2;3;;;;;1
08/11/2020;04:48:00;60;2 - Acidente com VITIMA;112,549;BR-101/SC;Sul;Colisão Traseira;1;1;1;;;;1
08/11/2020;08:46:00;123;3 - Acidente com Danos Materiais;82,637;BR-101/SC;Norte;Colisão Lateral;1;2;;;;;1
08/11/2020;16:55:00;352;3 - Acidente com Danos Materiais;224,1;BR-101/SC;Norte;Colisão Traseira;1;2;;;;;1
08/11/2020;17:49:00;375;3 - Acidente com Danos Materiais;144,981;BR-101/SC;Norte;Colisão Lateral;1;2;;;;;1
08/11/2020;19:53:00;421;3 - Acidente com Danos Materiais;133,49;BR-101/SC;Norte;Choque - Defensa, barreira ou "submarino";1;2;;;;;1
08/11/2020;21:27:00;457;2 - Acidente com VITIMA;665,53;BR-376/PR;Sul;Tombamento;2;1;1;;;;1
09/11/2020;06:44:00;86;3 - Acidente com Danos Materiais;215,742;BR-101/SC;Norte;Colisão Traseira;1;2;;;;;1
09/11/2020;07:26:00;104;2 - Acidente com VITIMA;106,024;BR-116/PR;Sul;Colisão Traseira;2;2;1;;;;1
09/11/2020;07:49:00;122;3 - Acidente com Danos Materiais;10,292;BR-101/SC;Norte;Tombamento;1;1;;;;;1
09/11/2020;11:03:00;205;3 - Acidente com Danos Materiais;190,1;BR-101/SC;Norte;Choque - Defensa, barreira ou "submarino";1;1;;;;;1
09/11/2020;12:10:00;229;2 - Acidente com VITIMA;134,523;BR-101/SC;Sul;Colisão Traseira;1;1;1;;;;1
09/11/2020;16:37:00;382;3 - Acidente com Danos Materiais;658,827;BR-376/PR;Sul;Colisão Traseira;1;2;;;;;1
09/11/2020;16:48:00;387;3 - Acidente com Danos Materiais;170,1;BR-101/SC;Norte;Colisão Traseira;1;2;;;;;1
09/11/2020;19:56:00;440;2 - Acidente com VITIMA;3,537;BR-101/SC;Norte;Tombamento;1;0;1;;;;1
09/11/2020;21:59:00;465;3 - Acidente com Danos Materiais;651,302;BR-376/PR;Norte;Saida de Pista;1;1;;;;;1