data;horario;n_da_ocorrencia;tipo_de_ocorrencia;km;trecho;sentido;tipo_de_acidente;caminhao;ilesos;levemente_feridos;moderadamente_feridos;gravemente_feridos;mortos;3
09/11/2020;22:25:00;470;3 - Acidente com Danos Materiais;617,55;BR-376/PR;Norte;Engavetamento;4;5;;;;;1
10/11/2020;05:04:00;54;3 - Acidente com Danos Materiais;667,3;BR-376/PR;Sul;Saida de Pista;1;1;;;;;1
10/11/2020;07:16:00;80;3 - Acidente com Danos Materiais;170,112;BR-101/SC;Sul;Saida de Pista;1;1;;;;;1
10/11/2020;07:35:00;87;3 - Acidente com Danos Materiais;201,001;BR-101/SC;Sul;Colisão Lateral;1;2;;;;;1
10/11/2020;08:40:00;116;3 - Acidente com Danos Materiais;121,025;BR-101/SC;Norte;Colisão Traseira;1;2;;;;;1
10/11/2020;09:04:00;127;3 - Acidente com Danos Materiais;212,001;BR-101/SC;Sul;Colisão Traseira;1;2;;;;;1
10/11/2020;09:11:00;132;3 - Acidente com Danos Materiais;96,363;BR-101/SC;Sul;Colisão Traseira;1;2;;;;;1
10/11/2020;12:45:00;224;3 - Acidente com Danos Materiais;122,028;BR-101/SC;Norte;Saida de Pista;1;1;;;;;1
10/11/2020;14:29:00;272;3 - Acidente com Danos Materiais;678,9;BR-376/PR;Norte;Colisão Traseira;2;2;;;;;1
10/11/2020;16:10:00;315;3 - Acidente com Danos Materiais;213,2;BR-101/SC;Sul;Colisão Lateral;1;2;;;;;1
10/11/2020;18:04:00;361;3 - Acidente com Danos Materiais;116,001;BR-101/SC;Norte;Colisão Traseira;2;4;;;;;1
10/11/2020;22:24:00;430;3 - Acidente com Danos Materiais;202,12;BR-101/SC;Sul;Colisão Traseira;1;2;;;;;1
11/11/2020;02:52:00;49;3 - Acidente com Danos Materiais;97,166;BR-101/SC;Norte;Saida de Pista;1;2;;;;;1
11/11/2020;07:40:00;119;3 - Acidente com Danos Materiais;117,456;BR-101/SC;Sul;Colisão Lateral;1;2;;;;;1
11/11/2020;10:29:00;192;3 - Acidente com Danos Materiais;618,4;BR-376/PR;Sul;Outros;1;1;;;;;1
11/11/2020;11:47:00;215;3 - Acidente com Danos Materiais;128,823;BR-101/SC;Sul;Saida de Pista;1;1;;;;;1
11/11/2020;11:48:00;216;3 - Acidente com Danos Materiais;615,601;BR-376/PR;Norte;Tombamento;2;2;;;;;1
11/11/2020;14:12:00;264;3 - Acidente com Danos Materiais;212,8;BR-101/SC;Norte;Colisão Lateral;1;2;;;;;1
11/11/2020;14:38:00;273;3 - Acidente com Danos Materiais;112,001;BR-101/SC;Norte;Colisão Lateral;1;2;;;;;1
11/11/2020;15:09:00;283;3 - Acidente com Danos Materiais;137,001;BR-101/SC;Sul;Colisão Lateral;1;2;;;;;1
12/11/2020;06:46:00;80;3 - Acidente com Danos Materiais;215,001;BR-101/SC;Norte;Colisão Lateral;1;2;;;;;1
12/11/2020;07:12:00;87;3 - Acidente com Danos Materiais;218,5;BR-101/SC;Norte;Colisão Traseira;1;2;;;;;1
12/11/2020;07:30:00;92;3 - Acidente com Danos Materiais;212,7;BR-101/SC;Norte;Colisão Traseira;1;2;;;;;1
12/11/2020;08:16:00;114;2 - Acidente com VITIMA;164,19;BR-101/SC;Sul;Colisão Traseira;2;1;;2;;;2
12/11/2020;09:09:00;143;3 - Acidente com Danos Materiais;664,2;BR-376/PR;Sul;Saida de Pista;1;1;;;;;1
12/11/2020;11:23:00;220;3 - Acidente com Danos Materiais;213,001;BR-101/SC;Norte;Colisão Traseira;1;2;;;;;1
12/11/2020;12:56:00;266;3 - Acidente com Danos Materiais;210,13;BR-101/SC;Sul;Colisão Traseira;1;2;;;;;1
12/11/2020;14:17:00;296;3 - Acidente com Danos Materiais;183,91;BR-101/SC;Sul;Colisão Traseira;2;2;;;;;1
12/11/2020;16:55:00;373;3 - Acidente com Danos Materiais;162,957;BR-101/SC;Norte;Saida de Pista;1;1;;;;;1
13/11/2020;12:53:00;291;3 - Acidente com Danos Materiais;206,8;BR-101/SC;Norte;Colisão Traseira;2;3;;;;;1
13/11/2020;14:47:00;355;2 - Acidente com VITIMA;189,001;BR-101/SC;Sul;Engavetamento;1;3;1;;;;1
13/11/2020;17:18:00;433;3 - Acidente com Danos Materiais;653,218;BR-376/PR;Norte;Colisão Traseira;1;2;;;;;1
13/11/2020;17:45:00;450;3 - Acidente com Danos Materiais;126,249;BR-101/SC;Norte;Colisão Lateral;1;2;;;;;1
13/11/2020;20:22:00;502;3 - Acidente com Danos Materiais;213,706;BR-101/SC;Norte;Colisão Lateral;1;2;;;;;1
14/11/2020;02:23:00;27;3 - Acidente com Danos Materiais;74,29;BR-116/PR;Sul;Colisão Traseira;1;2;;;;;1
14/11/2020;04:33:00;57;3 - Acidente com Danos Materiais;634,092;BR-376/PR;Sul;Colisão Lateral;1;2;;;;;1
14/11/2020;19:54:00;388;3 - Acidente com Danos Materiais;635,47;BR-376/PR;Norte;Colisão Transversal;1;4;;;;;1
15/11/2020;11:45:00;230;3 - Acidente com Danos Materiais;171,001;BR-101/SC;Norte;Colisão Lateral;1;2;;;;;1
16/11/2020;13:05:00;280;3 - Acidente com Danos Materiais;104,899;BR-101/SC;Norte;Colisão Lateral;1;3;;;;;1
16/11/2020;15:03:00;332;3 - Acidente com Danos Materiais;3,746;BR-101/SC;Norte;Tombamento;1;1;;;;;1
16/11/2020;15:24:00;345;3 - Acidente com Danos Materiais;113,618;BR-116/PR;Norte;Engavetamento;3;3;;;;;1
16/11/2020;17:51:00;407;3 - Acidente com Danos Materiais;125,733;BR-101/SC;Sul;Engavetamento;1;3;;;;;1
16/11/2020;18:55:00;429;3 - Acidente com Danos Materiais;647,477;BR-376/PR;Norte;Colisão Traseira;2;2;;;;;1
16/11/2020;21:46:00;481;2 - Acidente com VITIMA;656,3;BR-376/PR;Norte;Colisão Lateral;1;1;1;;;;1
17/11/2020;07:36:00;120;3 - Acidente com Danos Materiais;198,4;BR-101/SC;Sul;Colisão Lateral;1;2;;;;;1
17/11/2020;09:05:00;171;2 - Acidente com VITIMA;47,785;BR-101/SC;Sul;Colisão Traseira;1;1;1;;;;1
17/11/2020;21:13:00;478;3 - Acidente com Danos Materiais;614,443;BR-376/PR;Sul;Colisão Traseira;1;2;;;;;1
17/11/2020;21:36:00;494;3 - Acidente com Danos Materiais;82,951;BR-101/SC;Norte;Tombamento;1;1;;;;;1
17/11/2020;22:31:00;506;3 - Acidente com Danos Materiais;639,4;BR-376/PR;Norte;Choque - Elemento de Drenagem;1;1;;;;;1
18/11/2020;02:02:00;22;2 - Acidente com VITIMA;79,12;BR-116/PR;Sul;Tombamento;1;0;;;1;;2
18/11/2020;03:23:00;44;1 - Acidente com Vitima Fatal;89,445;BR-101/SC;Norte;Colisão Traseira;1;2;2;;;1;3
18/11/2020;11:43:00;195;3 - Acidente com Danos Materiais;679,05;BR-376/PR;Sul;Saida de Pista;1;1;;;;;1
18/11/2020;13:20:00;230;3 - Acidente com Danos Materiais;47,001;BR-101/SC;Sul;Colisão Lateral;2;2;;;;;1
18/11/2020;19:33:00;371;3 - Acidente com Danos Materiais;122,5;BR-101/SC;Sul;Colisão Lateral;1;2;;;;;1
18/11/2020;22:27:00;419;3 - Acidente com Danos Materiais;99,8;BR-116/PR;Sul;Saida de Pista;1;2;;;;;1
19/11/2020;06:31:00;86;3 - Acidente com Danos Materiais;112,909;BR-101/SC;Sul;Colisão Lateral;1;3;;;;;1
19/11/2020;06:57:00;102;2 - Acidente com VITIMA;112,577;BR-101/SC;Sul;Engavetamento;1;2;1;;;;1
19/11/2020;08:37:00;140;3 - Acidente com Danos Materiais;216,758;BR-101/SC;Norte;Colisão Traseira;1;2;;;;;1
19/11/2020;09:49:00;170;3 - Acidente com Danos Materiais;99,8;BR-116/PR;Sul;Choque - Defensa, barreira ou "submarino";1;1;;;;;1
19/11/2020;09:56:00;174;2 - Acidente com VITIMA;32,694;BR-101/SC;Norte;Tombamento;1;2;1;;;;1
19/11/2020;09:58:00;177;2 - Acidente com VITIMA;155,997;BR-101/SC;Sul;Tombamento;1;1;3;1;;;2
19/11/2020;11:07:00;210;3 - Acidente com Danos Materiais;94,001;BR-101/SC;Sul;Colisão Traseira;1;2;;;;;1
19/11/2020;12:29:00;243;3 - Acidente com Danos Materiais;208,031;BR-101/SC;Norte;Colisão Traseira;1;2;;;;;1
19/11/2020;14:20:00;291;2 - Acidente com VITIMA;99,001;BR-116/PR;Norte;Queda de Moto;1;1;1;;;;1
19/11/2020;14:38:00;300;3 - Acidente com Danos Materiais;109,217;BR-101/SC;Norte;Colisão Traseira;1;2;;;;;1
19/11/2020;15:19:00;317;3 - Acidente com Danos Materiais;99,001;BR-116/PR;Norte;Colisão Traseira;2;2;;;;;1
19/11/2020;22:32:00;520;3 - Acidente com Danos Materiais;176,77;BR-101/SC;Norte;Tombamento;1;1;;;;;1
19/11/2020;22:48:00;523;3 - Acidente com Danos Materiais;74,914;BR-116/PR;Sul;Colisão Traseira;2;2;;;;;1
20/11/2020;02:54:00;33;3 - Acidente com Danos Materiais;667,3;BR-376/PR;Sul;Saida de Pista;1;2;;;;;1
20/11/2020;07:45:00;119;2 - Acidente com VITIMA;198,1;BR-101/SC;Sul;Engavetamento;1;3;2;;;;1
20/11/2020;10:26:00;209;2 - Acidente com VITIMA;153,001;BR-101/SC;Norte;Colisão Lateral;1;1;1;;;;1
20/11/2020;10:43:00;218;2 - Acidente com VITIMA;641,16;BR-376/PR;Sul;Colisão Traseira;2;2;1;;;;1
20/11/2020;11:10:00;239;3 - Acidente com Danos Materiais;103,5;BR-101/SC;Sul;Colisão Lateral;1;2;;;;;1
20/11/2020;12:31:00;283;3 - Acidente com Danos Materiais;42,605;BR-101/SC;Sul;Colisão Traseira;1;2;;;;;1
20/11/2020;12:46:00;290;3 - Acidente com Danos Materiais;62,001;BR-101/SC;Sul;Colisão Lateral;1;3;;;;;1
20/11/2020;13:00:00;294;3 - Acidente com Danos Materiais;208,2;BR-101/SC;Sul;Colisão Traseira;1;2;;;;;1
20/11/2020;13:14:00;303;2 - Acidente com VITIMA;102,053;BR-101/SC;Sul;Engavetamento;1;7;1;;2;;2
20/11/2020;14:43:00;332;1 - Acidente com Vitima Fatal;112,685;BR-116/PR;Norte;Colisão Lateral;1;1;;;;1;3
20/11/2020;15:38:00;367;3 - Acidente com Danos Materiais;112,705;BR-116/PR;Norte;Saida de Pista;1;1;;;;;1
20/11/2020;16:23:00;390;3 - Acidente com Danos Materiais;203,001;BR-101/SC;Norte;Choque - Defensa, barreira ou "submarino";1;2;;;;;1
20/11/2020;20:30:00;473;3 - Acidente com Danos Materiais;206,4;BR-101/SC;Sul;Colisão Lateral;1;2;;;;;1
21/11/2020;04:47:00;64;3 - Acidente com Danos Materiais;660,24;BR-376/PR;Norte;Choque - Defensa, barreira ou "submarino";2;2;;;;;1
21/11/2020;05:16:00;68;3 - Acidente com Danos Materiais;13,1;BR-101/SC;Norte;Colisão Transversal;1;2;;;;;1
21/11/2020;09:17:00;155;2 - Acidente com VITIMA;26,411;BR-101/SC;Sul;Tombamento;1;1;;1;;;2
21/11/2020;09:20:00;156;3 - Acidente com Danos Materiais;102,191;BR-116/PR;Sul;Colisão Traseira;2;2;;;;;1
21/11/2020;15:36:00;290;3 - Acidente com Danos Materiais;157,594;BR-101/SC;Sul;Colisão Lateral;1;2;;;;;1
21/11/2020;20:58:00;415;2 - Acidente com VITIMA;138,715;BR-101/SC;Norte;Choque - Outros;1;1;1;;;;1
22/11/2020;03:32:00;39;2 - Acidente com VITIMA;106,1;BR-116/PR;Norte;Colisão Traseira;1;1;;1;;;2
22/11/2020;05:17:00;54;3 - Acidente com Danos Materiais;121,316;BR-101/SC;Sul;Saida de Pista;1;1;;;;;1
22/11/2020;13:03:00;245;2 - Acidente com VITIMA;110,724;BR-116/PR;Sul;Colisão Traseira;1;1;;;1;;2
22/11/2020;15:11:00;286;2 - Acidente com VITIMA;621,442;BR-376/PR;Norte;Engavetamento;1;5;1;2;;;2
22/11/2020;21:54:00;453;2 - Acidente com VITIMA;162,459;BR-101/SC;Sul;Colisão Traseira;1;1;1;;;;1
22/11/2020;23:56:00;492;3 - Acidente com Danos Materiais;102,5;BR-101/SC;Sul;Colisão Traseira;2;2;;;;;1
23/11/2020;03:42:00;52;2 - Acidente com VITIMA;210,505;BR-101/SC;Norte;Tombamento;1;1;1;;;;1
23/11/2020;08:05:00;130;3 - Acidente com Danos Materiais;120,774;BR-101/SC;Sul;Colisão Lateral;2;2;;;;;1
23/11/2020;08:38:00;148;3 - Acidente com Danos Materiais;122,643;BR-101/SC;Sul;Colisão Lateral;1;2;;;;;1
23/11/2020;14:30:00;265;3 - Acidente com Danos Materiais;202,985;BR-101/SC;Sul;Colisão Traseira;1;2;;;;;1
23/11/2020;15:36:00;324;2 - Acidente com VITIMA;617,159;BR-376/PR;Sul;Colisão Lateral;1;1;1;;;;1
23/11/2020;16:50:00;369;2 - Acidente com VITIMA;103,15;BR-116/PR;Sul;Colisão Lateral;1;2;2;;;;1
24/11/2020;00:11:00;8;2 - Acidente com VITIMA;217,12;BR-101/SC;Sul;Colisão Lateral;2;2;1;;;;1
24/11/2020;04:11:00;68;2 - Acidente com VITIMA;622,703;BR-376/PR;Norte;Colisão Traseira;1;2;;1;;;2
24/11/2020;09:02:00;175;3 - Acidente com Danos Materiais;208,848;BR-101/SC;Norte;Colisão Traseira;1;2;;;;;1
24/11/2020;15:49:00;334;3 - Acidente com Danos Materiais;616,874;BR-376/PR;Norte;Saida de Pista;1;2;;;;;1
25/11/2020;08:23:00;155;2 - Acidente com VITIMA;136,893;BR-101/SC;Norte;Colisão Lateral;1;1;;;1;;2
25/11/2020;13:13:00;328;3 - Acidente com Danos Materiais;674,07;BR-376/PR;Norte;Colisão Traseira;2;2;;;;;1
25/11/2020;14:45:00;372;3 - Acidente com Danos Materiais;127,931;BR-101/SC;Norte;Colisão Lateral;1;2;;;;;1
25/11/2020;17:29:00;453;3 - Acidente com Danos Materiais;622,951;BR-376/PR;Norte;Engavetamento;2;3;;;;;1
25/11/2020;17:41:00;458;2 - Acidente com VITIMA;107,324;BR-116/PR;Sul;Colisão Traseira;1;2;1;;;;1
25/11/2020;22:34:00;554;2 - Acidente com VITIMA;634,8;BR-376/PR;Sul;Colisão Traseira;2;1;1;;;;1
26/11/2020;00:27:00;11;3 - Acidente com Danos Materiais;113,8;BR-101/SC;Norte;Colisão Lateral;1;2;;;;;1
26/11/2020;06:48:00;105;2 - Acidente com VITIMA;76,8;BR-116/PR;Norte;Atropelamento - Usuário;1;1;1;;;;1
26/11/2020;11:10:00;255;3 - Acidente com Danos Materiais;92,001;BR-101/SC;Sul;Colisão Traseira;1;2;;;;;1
26/11/2020;16:39:00;426;3 - Acidente com Danos Materiais;205,5;BR-101/SC;Sul;Colisão Lateral;1;2;;;;;1
26/11/2020;17:05:00;449;3 - Acidente com Danos Materiais;116,5;BR-101/SC;Norte;Colisão Traseira;1;2;;;;;1
26/11/2020;19:39:00;535;2 - Acidente com VITIMA;161,627;BR-101/SC;Norte;Colisão Traseira;1;1;1;;;;1
27/11/2020;02:44:00;37;3 - Acidente com Danos Materiais;181,808;BR-101/SC;Sul;Saida de Pista;1;1;;;;;1
27/11/2020;02:54:00;40;3 - Acidente com Danos Materiais;111,3;BR-101/SC;Norte;Saida de Pista;1;1;;;;;1
27/11/2020;04:24:00;63;2 - Acidente com VITIMA;109,95;BR-116/PR;Sul;Colisão Traseira;2;1;1;;;;1
27/11/2020;05:46:00;76;3 - Acidente com Danos Materiais;130,422;BR-101/SC;Norte;Colisão Lateral;1;2;;;;;1
27/11/2020;14:18:00;286;3 - Acidente com Danos Materiais;80,76;BR-101/SC;Norte;Saida de Pista;1;1;;;;;1
27/11/2020;14:46:00;301;3 - Acidente com Danos Materiais;86,328;BR-101/SC;Sul;Colisão Traseira;1;2;;;;;1
27/11/2020;17:08:00;393;3 - Acidente com Danos Materiais;121,001;BR-101/SC;Sul;Colisão Transversal;1;2;;;;;1
27/11/2020;18:12:00;428;2 - Acidente com VITIMA;213,056;BR-101/SC;Sul;Choque - Defensa, barreira ou "submarino";1;1;;1;;;2
27/11/2020;20:21:00;489;3 - Acidente com Danos Materiais;123,3;BR-101/SC;Sul;Colisão Traseira;1;2;;;;;1
27/11/2020;21:07:00;509;3 - Acidente com Danos Materiais;57,902;BR-101/SC;Sul;Colisão Lateral;1;2;;;;;1
27/11/2020;21:12:00;510;3 - Acidente com Danos Materiais;117,1;BR-101/SC;Sul;Colisão Lateral;1;2;;;;;1
27/11/2020;21:32:00;516;3 - Acidente com Danos Materiais;116,5;BR-101/SC;Sul;Colisão Lateral;1;2;;;;;1
28/11/2020;05:38:00;72;3 - Acidente com Danos Materiais;210,229;BR-101/SC;Norte;Colisão Traseira;1;2;;;;;1
28/11/2020;09:32:00;168;3 - Acidente com Danos Materiais;39,26;BR-101/SC;Norte;Colisão Lateral;1;2;;;;;1
28/11/2020;09:35:00;172;3 - Acidente com Danos Materiais;106,905;BR-116/PR;Sul;Colisão Traseira;1;2;;;;;1
28/11/2020;09:38:00;175;2 - Acidente com VITIMA;96,852;BR-116/PR;Norte;Tombamento;1;1;;1;;;2
28/11/2020;21:45:00;451;2 - Acidente com VITIMA;137,361;BR-101/SC;Norte;Colisão Lateral;1;3;;;1;;2
29/11/2020;01:52:00;22;1 - Acidente com Vitima Fatal;215,817;BR-101/SC;Norte;Colisão Traseira;1;1;;;;1;3
29/11/2020;09:33:00;137;3 - Acidente com Danos Materiais;664,329;BR-376/PR;Sul;Saida de Pista;1;1;;;;;1
29/11/2020;09:54:00;147;3 - Acidente com Danos Materiais;667,3;BR-376/PR;Sul;Saida de Pista;1;2;;;;;1
29/11/2020;15:55:00;292;2 - Acidente com VITIMA;214,227;BR-101/SC;Sul;Colisão Lateral;1;1;2;;;;1
29/11/2020;20:12:00;392;3 - Acidente com Danos Materiais;667,3;BR-376/PR;Sul;Saida de Pista;1;1;;;;;1
30/11/2020;07:57:00;103;3 - Acidente com Danos Materiais;157,73;BR-101/SC;Norte;Choque - Defensa, barreira ou "submarino";1;1;;;;;1
30/11/2020;12:36:00;247;3 - Acidente com Danos Materiais;658,001;BR-376/PR;Norte;Colisão Lateral;1;2;;;;;1
30/11/2020;14:08:00;278;3 - Acidente com Danos Materiais;207,684;BR-101/SC;Norte;Colisão Lateral;1;2;;;;;1
30/11/2020;17:04:00;354;3 - Acidente com Danos Materiais;117,433;BR-101/SC;Norte;Colisão Lateral;1;2;;;;;1
30/11/2020;23:56:00;467;2 - Acidente com VITIMA;111,984;BR-116/PR;Norte;Saida de Pista;1;0;1;;;;1
01/12/2020;07:40:00;100;3 - Acidente com Danos Materiais;212,4;BR-101/SC;Norte;Colisão Traseira;1;2;;;;;1
01/12/2020;14:04:00;293;3 - Acidente com Danos Materiais;120,837;BR-101/SC;Sul;Colisão Traseira;1;2;;;;;1
01/12/2020;14:34:00;306;3 - Acidente com Danos Materiais;71,574;BR-101/SC;Norte;Colisão Lateral;1;2;;;;;1
01/12/2020;16:25:00;345;3 - Acidente com Danos Materiais;206,513;BR-101/SC;Sul;Colisão Lateral;1;2;;;;;1
01/12/2020;17:53:00;372;3 - Acidente com Danos Materiais;81,625;BR-101/SC;Norte;Colisão Lateral;1;2;;;;;1
01/12/2020;23:15:00;457;3 - Acidente com Danos Materiais;242,7;BR-101/SC;Norte;Saida de Pista;1;2;;;;;1
02/12/2020;02:29:00;36;3 - Acidente com Danos Materiais;91,85;BR-116/PR;Norte;Saida de Pista;1;1;;;;;1
02/12/2020;08:01:00;119;3 - Acidente com Danos Materiais;42,9;BR-101/SC;Norte;Colisão Traseira;2;2;;;;;1
02/12/2020;09:47:00;185;3 - Acidente com Danos Materiais;215,001;BR-101/SC;Norte;Colisão Lateral;1;2;;;;;1
02/12/2020;15:09:00;297;3 - Acidente com Danos Materiais;145,01;BR-101/SC;Sul;Colisão Traseira;1;2;;;;;1
03/12/2020;02:12:00;44;3 - Acidente com Danos Materiais;627,803;BR-376/PR;Sul;Colisão Traseira;1;2;;;;;1
03/12/2020;06:50:00;90;3 - Acidente com Danos Materiais;665,208;BR-376/PR;Sul;Tombamento;1;3;;;;;1
03/12/2020;07:17:00;98;3 - Acidente com Danos Materiais;48,65;BR-101/SC;Sul;Colisão Traseira;1;1;;;;;1
03/12/2020;08:00:00;117;3 - Acidente com Danos Materiais;205,2;BR-101/SC;Norte;Colisão Traseira;1;2;;;;;1
03/12/2020;08:17:00;131;3 - Acidente com Danos Materiais;48,001;BR-101/SC;Sul;Colisão Traseira;1;2;;;;;1
03/12/2020;09:18:00;181;3 - Acidente com Danos Materiais;41,6;BR-101/SC;Norte;Colisão Traseira;2;2;;;;;1
03/12/2020;12:27:00;244;3 - Acidente com Danos Materiais;126,001;BR-101/SC;Norte;Engavetamento;2;3;;;;;1
03/12/2020;18:20:00;428;3 - Acidente com Danos Materiais;29,186;BR-101/SC;Norte;Saida de Pista;1;1;;;;;1
03/12/2020;20:30:00;475;3 - Acidente com Danos Materiais;676,783;BR-376/PR;Sul;Engavetamento;3;3;;;;;1
03/12/2020;22:22:00;495;3 - Acidente com Danos Materiais;615,5;BR-376/PR;Norte;Colisão Traseira;2;2;;;;;1
03/12/2020;22:49:00;499;3 - Acidente com Danos Materiais;110,4;BR-101/SC;Norte;Colisão Traseira;2;2;;;;;1
04/12/2020;07:00:00;118;2 - Acidente com VITIMA;201,001;BR-101/SC;Norte;Atropelamento - Ciclista;1;1;;1;;;2
04/12/2020;07:16:00;127;3 - Acidente com Danos Materiais;90,001;BR-116/PR;Sul;Engavetamento;2;3;;;;;1
04/12/2020;07:50:00;143;3 - Acidente com Danos Materiais;162,216;BR-101/SC;Norte;Colisão Lateral;2;3;;;;;1
04/12/2020;11:15:00;270;3 - Acidente com Danos Materiais;214,5;BR-101/SC;Norte;Colisão Lateral;1;2;;;;;1
04/12/2020;12:39:00;297;3 - Acidente com Danos Materiais;120,001;BR-101/SC;Norte;Colisão Traseira;2;2;;;;;1
04/12/2020;13:09:00;313;3 - Acidente com Danos Materiais;616,5;BR-376/PR;Norte;Choque - Defensa, barreira ou "submarino";1;1;;;;;1
04/12/2020;19:21:00;498;3 - Acidente com Danos Materiais;635,001;BR-376/PR;Sul;Colisão Traseira;1;2;;;;;1
04/12/2020;22:47:00;569;3 - Acidente com Danos Materiais;667,096;BR-376/PR;Sul;Colisão Traseira;2;2;;;;;1
05/12/2020;04:26:00;66;3 - Acidente com Danos Materiais;87,001;BR-101/SC;Norte;Colisão Traseira;1;2;;;;;1
05/12/2020;10:15:00;156;2 - Acidente com VITIMA;649,825;BR-376/PR;Sul;Colisão Traseira;1;4;1;;;;1
05/12/2020;14:09:00;234;1 - Acidente com Vitima Fatal;208,444;BR-101/SC;Norte;Colisão Traseira;1;3;1;;;1;3
05/12/2020;14:56:00;249;3 - Acidente com Danos Materiais;615,001;BR-376/PR;Norte;Colisão Lateral;1;2;;;;;1
05/12/2020;14:59:00;252;3 - Acidente com Danos Materiais;97,953;BR-116/PR;Sul;Choque - Defensa, barreira ou "submarino";1;1;;;;;1
05/12/2020;17:11:00;300;3 - Acidente com Danos Materiais;112,1;BR-101/SC;Norte;Colisão Traseira;1;2;;;;;1
05/12/2020;17:27:00;305;3 - Acidente com Danos Materiais;239,8;BR-101/SC;Sul;Colisão Lateral;1;2;;;;;1
06/12/2020;09:04:00;106;3 - Acidente com Danos Materiais;636,001;BR-376/PR;Norte;Saida de Pista;1;1;;;;;1
06/12/2020;12:33:00;144;3 - Acidente com Danos Materiais;92,734;BR-116/PR;Sul;Colisão Lateral;1;2;;;;;1
06/12/2020;11:19:00;150;3 - Acidente com Danos Materiais;206,189;BR-101/SC;Norte;Colisão Traseira;3;3;;;;;1
06/12/2020;14:14:00;204;3 - Acidente com Danos Materiais;659,523;BR-376/PR;Norte;Colisão Lateral;1;2;;;;;1
06/12/2020;15:14:00;229;3 - Acidente com Danos Materiais;210,214;BR-101/SC;Sul;Colisão Traseira;1;2;;;;;1
06/12/2020;16:47:00;284;2 - Acidente com VITIMA;660,128;BR-376/PR;Sul;Colisão Traseira;2;1;;1;;;2
06/12/2020;17:36:00;311;3 - Acidente com Danos Materiais;95,552;BR-101/SC;Norte;Colisão Lateral;2;2;;;;;1
07/12/2020;07:04:00;76;3 - Acidente com Danos Materiais;666,001;BR-376/PR;Norte;Colisão Traseira;1;2;;;;;1
07/12/2020;07:35:00;90;3 - Acidente com Danos Materiais;199,4;BR-101/SC;Norte;Colisão Traseira;1;2;;;;;1
07/12/2020;07:37:00;91;3 - Acidente com Danos Materiais;666,001;BR-376/PR;Norte;Colisão Lateral;1;2;;;;;1
07/12/2020;08:13:00;110;3 - Acidente com Danos Materiais;205,2;BR-101/SC;Sul;Colisão Traseira;1;2;;;;;1
07/12/2020;08:17:00;113;3 - Acidente com Danos Materiais;189,9;BR-101/SC;Sul;Colisão Lateral;1;2;;;;;1
07/12/2020;08:18:00;114;3 - Acidente com Danos Materiais;216,893;BR-101/SC;Norte;Colisão Traseira;1;2;;;;;1
07/12/2020;09:00:00;137;3 - Acidente com Danos Materiais;105,832;BR-101/SC;Sul;Engavetamento;1;3;;;;;1
07/12/2020;09:54:00;169;3 - Acidente com Danos Materiais;114,001;BR-116/PR;Norte;Engavetamento;1;4;;;;;1
07/12/2020;10:32:00;188;2 - Acidente com VITIMA;152,139;BR-101/SC;Norte;Colisão Traseira;3;2;1;;;;1
07/12/2020;10:42:00;192;3 - Acidente com Danos Materiais;215,001;BR-101/SC;Norte;Colisão Lateral;1;2;;;;;1
07/12/2020;11:38:00;223;2 - Acidente com VITIMA;216,446;BR-101/SC;Norte;Colisão Traseira;1;2;1;;;;1
07/12/2020;12:15:00;247;3 - Acidente com Danos Materiais;216,402;BR-101/SC;Sul;Engavetamento;1;3;;;;;1
07/12/2020;14:08:00;282;3 - Acidente com Danos Materiais;59,512;BR-101/SC;Sul;Choque - Defensa, barreira ou "submarino";1;1;;;;;1
07/12/2020;14:27:00;292;3 - Acidente com Danos Materiais;157,73;BR-101/SC;Sul;Colisão Lateral;1;2;;;;;1
07/12/2020;15:43:00;329;3 - Acidente com Danos Materiais;242,985;BR-101/SC;Norte;Colisão Traseira;1;2;;;;;1
07/12/2020;21:22:00;405;3 - Acidente com Danos Materiais;242,6;BR-101/SC;Norte;Tombamento;1;1;;;;;1