data;horario;n_da_ocorrencia;tipo_de_ocorrencia;km;trecho;sentido;tipo_de_acidente;caminhao;ilesos;levemente_feridos;moderadamente_feridos;gravemente_feridos;mortos;3
08/12/2020;06:03:00;46;2 - Acidente com VITIMA;91,001;BR-116/PR;Norte;Colisão Traseira;1;2;;1;;;2
08/12/2020;08:36:00;125;3 - Acidente com Danos Materiais;207,05;BR-101/SC;Sul;Colisão Traseira;1;2;;;;;1
08/12/2020;09:32:00;157;3 - Acidente com Danos Materiais;4,5;BR-101/SC;Norte;Colisão Lateral;2;2;;;;;1
08/12/2020;10:05:00;174;2 - Acidente com VITIMA;129,589;BR-101/SC;Norte;Tombamento;2;1;1;;;;1
08/12/2020;11:10:00;202;3 - Acidente com Danos Materiais;122,8;BR-101/SC;Sul;Colisão Traseira;1;2;;;;;1
08/12/2020;12:19:00;217;3 - Acidente com Danos Materiais;622,001;BR-376/PR;Sul;Colisão Lateral;1;3;;;;;1
08/12/2020;14:52:00;276;3 - Acidente com Danos Materiais;129,151;BR-101/SC;Sul;Choque - Defensa, barreira ou "submarino";2;2;;;;;1
08/12/2020;15:42:00;309;3 - Acidente com Danos Materiais;192,434;BR-101/SC;Sul;Colisão Traseira;1;2;;;;;1
08/12/2020;17:26:00;366;3 - Acidente com Danos Materiais;138,509;BR-101/SC;Norte;Choque - Elemento de Drenagem;1;1;;;;;1
08/12/2020;17:30:00;375;3 - Acidente com Danos Materiais;44,367;BR-101/SC;Norte;Colisão Lateral;1;2;;;;;1
08/12/2020;20:48:00;447;2 - Acidente com VITIMA;650,802;BR-376/PR;Sul;Tombamento;1;0;2;;;;1
09/12/2020;03:54:00;53;2 - Acidente com VITIMA;73,73;BR-116/PR;Sul;Colisão Traseira;2;0;2;;;;1
09/12/2020;04:52:00;61;3 - Acidente com Danos Materiais;667,3;BR-376/PR;Sul;Saida de Pista;1;2;;;;;1
09/12/2020;06:51:00;75;2 - Acidente com VITIMA;215,877;BR-101/SC;Norte;Colisão Traseira;1;2;1;;;;1
09/12/2020;07:42:00;105;2 - Acidente com VITIMA;42,053;BR-101/SC;Norte;Colisão Traseira;1;3;1;;;;1
09/12/2020;08:10:00;117;3 - Acidente com Danos Materiais;99,001;BR-116/PR;Sul;Colisão Lateral;1;2;;;;;1
09/12/2020;08:30:00;139;3 - Acidente com Danos Materiais;192,531;BR-101/SC;Norte;Colisão Lateral;1;2;;;;;1
09/12/2020;09:23:00;174;3 - Acidente com Danos Materiais;75,527;BR-101/SC;Sul;Colisão Traseira;1;2;;;;;1
09/12/2020;09:23:00;175;2 - Acidente com VITIMA;102,282;BR-116/PR;Sul;Colisão Traseira;2;1;;;1;;2
09/12/2020;11:26:00;228;3 - Acidente com Danos Materiais;664,6;BR-376/PR;Norte;Colisão Traseira;2;2;;;;;1
09/12/2020;14:32:00;299;2 - Acidente com VITIMA;205,89;BR-101/SC;Norte;Colisão Frontal;1;3;1;;;;1
09/12/2020;14:59:00;311;3 - Acidente com Danos Materiais;117,022;BR-101/SC;Norte;Colisão Traseira;2;2;;;;;1
09/12/2020;15:35:00;326;3 - Acidente com Danos Materiais;99,558;BR-116/PR;Sul;Engavetamento;3;3;;;;;1
09/12/2020;17:04:00;365;2 - Acidente com VITIMA;208,214;BR-101/SC;Norte;Engavetamento;1;3;1;;;;1
09/12/2020;19:00:00;412;3 - Acidente com Danos Materiais;188,82;BR-101/SC;Norte;Colisão Lateral;1;2;;;;;1
10/12/2020;05:02:00;59;2 - Acidente com VITIMA;666,001;BR-376/PR;Sul;Colisão Traseira;2;2;;1;;;2
10/12/2020;09:58:00;177;3 - Acidente com Danos Materiais;668,001;BR-376/PR;Norte;Colisão Traseira;2;2;;;;;1
10/12/2020;15:43:00;319;3 - Acidente com Danos Materiais;667,3;BR-376/PR;Sul;Saida de Pista;1;1;;;;;1
10/12/2020;21:04:00;446;3 - Acidente com Danos Materiais;78,425;BR-116/PR;Sul;Colisão Lateral;1;2;;;;;1
11/12/2020;03:50:00;55;3 - Acidente com Danos Materiais;667,6;BR-376/PR;Sul;Colisão Traseira;1;2;;;;;1
11/12/2020;06:17:00;87;3 - Acidente com Danos Materiais;635,4;BR-376/PR;Norte;Colisão Traseira;1;2;;;;;1
11/12/2020;12:15:00;275;3 - Acidente com Danos Materiais;104,269;BR-101/SC;Norte;Saida de Pista;1;1;;;;;1
11/12/2020;13:39:00;306;3 - Acidente com Danos Materiais;91,264;BR-101/SC;Sul;Engavetamento;1;3;;;;;1
11/12/2020;14:46:00;341;3 - Acidente com Danos Materiais;199,001;BR-101/SC;Sul;Colisão Lateral;1;2;;;;;1
11/12/2020;16:19:00;398;3 - Acidente com Danos Materiais;103,337;BR-116/PR;Sul;Saida de Pista;1;2;;;;;1
11/12/2020;17:06:00;426;3 - Acidente com Danos Materiais;215,075;BR-101/SC;Norte;Colisão Lateral;1;2;;;;;1
11/12/2020;17:30:00;440;3 - Acidente com Danos Materiais;208,001;BR-101/SC;Norte;Colisão Lateral;1;2;;;;;1
11/12/2020;17:22:00;442;3 - Acidente com Danos Materiais;102,35;BR-116/PR;Sul;Colisão Traseira;1;2;;;;;1
11/12/2020;18:23:00;456;3 - Acidente com Danos Materiais;212,8;BR-101/SC;Norte;Colisão Lateral;1;2;;;;;1
11/12/2020;20:33:00;509;3 - Acidente com Danos Materiais;207,915;BR-101/SC;Norte;Colisão Lateral;1;2;;;;;1
12/12/2020;02:37:00;56;3 - Acidente com Danos Materiais;651,03;BR-376/PR;Norte;Colisão Lateral;1;2;;;;;1
12/12/2020;10:22:00;219;3 - Acidente com Danos Materiais;218,348;BR-101/SC;Sul;Colisão Lateral;1;2;;;;;1
12/12/2020;13:23:00;311;3 - Acidente com Danos Materiais;127,2;BR-101/SC;Sul;Colisão Traseira;1;2;;;;;1
12/12/2020;14:12:00;326;3 - Acidente com Danos Materiais;669,4;BR-376/PR;Sul;Colisão Traseira;2;2;;;;;1
12/12/2020;15:06:00;357;3 - Acidente com Danos Materiais;59,531;BR-101/SC;Sul;Colisão Traseira;1;2;;;;;1
12/12/2020;19:01:00;481;2 - Acidente com VITIMA;137,287;BR-101/SC;Norte;Colisão Traseira;2;1;;1;1;;2
12/12/2020;20:20:00;510;3 - Acidente com Danos Materiais;111,391;BR-116/PR;Sul;Colisão Lateral;2;2;;;;;1
13/12/2020;14:48:00;274;3 - Acidente com Danos Materiais;668,9;BR-376/PR;Sul;Colisão Lateral;2;2;;;;;1
14/12/2020;09:53:00;180;3 - Acidente com Danos Materiais;208,001;BR-101/SC;Norte;Colisão Traseira;1;2;;;;;1
14/12/2020;10:05:00;189;3 - Acidente com Danos Materiais;671,7;BR-376/PR;Sul;Saida de Pista;1;1;;;;;1
14/12/2020;13:41:00;278;3 - Acidente com Danos Materiais;228,63;BR-101/SC;Norte;Tombamento;1;1;;;;;1
14/12/2020;16:51:00;354;3 - Acidente com Danos Materiais;653,538;BR-376/PR;Norte;Saida de Pista;1;1;;;;;1
14/12/2020;19:34:00;403;3 - Acidente com Danos Materiais;48,212;BR-101/SC;Sul;Choque - Defensa, barreira ou "submarino";1;1;;;;;1
14/12/2020;19:54:00;411;3 - Acidente com Danos Materiais;126,216;BR-101/SC;Norte;Engavetamento;1;3;;;;;1
14/12/2020;20:02:00;416;3 - Acidente com Danos Materiais;70,628;BR-101/SC;Norte;Colisão Lateral;1;2;;;;;1
14/12/2020;21:30:00;444;2 - Acidente com VITIMA;681,2;BR-376/PR;Sul;Saida de Pista;1;0;1;;;;1
14/12/2020;22:13:00;451;2 - Acidente com VITIMA;217,776;BR-101/SC;Norte;Colisão Lateral;1;1;1;;;;1
15/12/2020;07:58:00;74;3 - Acidente com Danos Materiais;216,648;BR-101/SC;Norte;Colisão Traseira;1;2;;;;;1
15/12/2020;09:24:00;123;3 - Acidente com Danos Materiais;98,001;BR-116/PR;Sul;Colisão Lateral;2;2;;;;;1
15/12/2020;10:54:00;162;3 - Acidente com Danos Materiais;243,001;BR-101/SC;Norte;Colisão Traseira;1;2;;;;;1
15/12/2020;14:17:00;236;3 - Acidente com Danos Materiais;1,35;BR-101/SC;Norte;Colisão Traseira;1;2;;;;;1
15/12/2020;14:45:00;246;3 - Acidente com Danos Materiais;219,021;BR-101/SC;Norte;Colisão Traseira;1;2;;;;;1
15/12/2020;14:52:00;248;3 - Acidente com Danos Materiais;59,01;BR-101/SC;Norte;Colisão Lateral;1;2;;;;;1
15/12/2020;15:01:00;253;2 - Acidente com VITIMA;121,557;BR-101/SC;Norte;Colisão Traseira;1;1;2;;;;1
15/12/2020;17:01:00;301;3 - Acidente com Danos Materiais;48,101;BR-101/SC;Norte;Saida de Pista;1;2;;;;;1
15/12/2020;17:10:00;303;3 - Acidente com Danos Materiais;119,9;BR-101/SC;Sul;Colisão Traseira;2;2;;;;;1
15/12/2020;18:45:00;345;3 - Acidente com Danos Materiais;27,191;BR-101/SC;Sul;Colisão Transversal;1;2;;;;;1
15/12/2020;19:48:00;373;3 - Acidente com Danos Materiais;204,984;BR-101/SC;Sul;Colisão Lateral;1;2;;;;;1
15/12/2020;22:58:00;440;2 - Acidente com VITIMA;105,3;BR-116/PR;Sul;Choque - Veiculo parado na pista;2;2;;;1;;2
16/12/2020;03:00:00;53;3 - Acidente com Danos Materiais;101,8;BR-116/PR;Norte;Colisão Lateral;1;2;;;;;1
16/12/2020;05:17:00;61;3 - Acidente com Danos Materiais;209,6;BR-101/SC;Sul;Colisão Traseira;1;2;;;;;1
16/12/2020;05:48:00;68;2 - Acidente com VITIMA;162,262;BR-101/SC;Sul;Tombamento;1;0;;1;;;2
16/12/2020;06:21:00;75;3 - Acidente com Danos Materiais;215,5;BR-101/SC;Norte;Colisão Traseira;2;2;;;;;1
16/12/2020;07:24:00;104;3 - Acidente com Danos Materiais;57,229;BR-101/SC;Norte;Tombamento;1;1;;;;;1
16/12/2020;07:42:00;122;2 - Acidente com VITIMA;117,001;BR-101/SC;Sul;Engavetamento;1;2;1;;;;1
16/12/2020;07:46:00;125;2 - Acidente com VITIMA;216,457;BR-101/SC;Norte;Colisão Lateral;1;1;;1;;;2
16/12/2020;08:05:00;137;3 - Acidente com Danos Materiais;100,325;BR-116/PR;Sul;Colisão Traseira;2;3;;;;;1
16/12/2020;08:38:00;161;2 - Acidente com VITIMA;216,627;BR-101/SC;Norte;Colisão Traseira;1;1;;1;;;2
16/12/2020;10:19:00;223;2 - Acidente com VITIMA;101,057;BR-101/SC;Sul;Engavetamento;4;5;1;3;;;2
16/12/2020;11:16:00;245;3 - Acidente com Danos Materiais;97,001;BR-101/SC;Sul;Colisão Traseira;1;3;;;;;1
16/12/2020;11:27:00;254;2 - Acidente com VITIMA;49,001;BR-101/SC;Sul;Colisão Traseira;1;2;1;;;;1
16/12/2020;11:33:00;258;3 - Acidente com Danos Materiais;679,1;BR-376/PR;Sul;Colisão Traseira;2;2;;;;;1
16/12/2020;11:55:00;270;3 - Acidente com Danos Materiais;212,7;BR-101/SC;Norte;Colisão Traseira;1;2;;;;;1
16/12/2020;15:47:00;358;3 - Acidente com Danos Materiais;204,2;BR-101/SC;Sul;Colisão Lateral;1;2;;;;;1
16/12/2020;16:56:00;379;3 - Acidente com Danos Materiais;15,099;BR-101/SC;Norte;Colisão Traseira;2;3;;;;;1
16/12/2020;18:09:00;409;3 - Acidente com Danos Materiais;56,304;BR-101/SC;Norte;Colisão Lateral;1;2;;;;;1
16/12/2020;18:44:00;422;3 - Acidente com Danos Materiais;202,125;BR-101/SC;Norte;Colisão Lateral;1;2;;;;;1
17/12/2020;00:00:00;1;3 - Acidente com Danos Materiais;235,373;BR-101/SC;Norte;Choque - Defensa, barreira ou "submarino";1;2;;;;;1
17/12/2020;08:54:00;167;3 - Acidente com Danos Materiais;117,001;BR-101/SC;Norte;Colisão Traseira;1;2;;;;;1
17/12/2020;10:30:00;219;3 - Acidente com Danos Materiais;117,001;BR-101/SC;Sul;Colisão Traseira;1;2;;;;;1
17/12/2020;12:59:00;282;2 - Acidente com VITIMA;209,657;BR-101/SC;Norte;Engavetamento;1;2;1;;;;1
17/12/2020;13:54:00;306;3 - Acidente com Danos Materiais;667,3;BR-376/PR;Sul;Saida de Pista;1;1;;;;;1
17/12/2020;13:58:00;310;3 - Acidente com Danos Materiais;621,622;BR-376/PR;Sul;Engavetamento;2;3;;;;;1
17/12/2020;14:15:00;319;3 - Acidente com Danos Materiais;655,1;BR-376/PR;Sul;Colisão Traseira;2;2;;;;;1
17/12/2020;14:15:00;322;3 - Acidente com Danos Materiais;110,021;BR-116/PR;Sul;Tombamento;1;2;;;;;1
17/12/2020;14:58:00;334;3 - Acidente com Danos Materiais;44,955;BR-101/SC;Norte;Choque - Poste;1;2;;;;;1
17/12/2020;18:15:00;432;2 - Acidente com VITIMA;223,01;BR-101/SC;Norte;Engavetamento;1;2;1;;;;1
17/12/2020;21:32:00;496;3 - Acidente com Danos Materiais;676,099;BR-376/PR;Sul;Choque - Suporte de Sinalização;1;1;;;;;1
18/12/2020;01:29:00;13;3 - Acidente com Danos Materiais;93,4;BR-101/SC;Sul;Saida de Pista;1;1;;;;;1
18/12/2020;05:43:00;68;3 - Acidente com Danos Materiais;667,01;BR-376/PR;Sul;Colisão Traseira;2;2;;;;;1
18/12/2020;07:39:00;117;3 - Acidente com Danos Materiais;44,09;BR-101/SC;Norte;Colisão Traseira;1;2;;;;;1
18/12/2020;07:51:00;120;3 - Acidente com Danos Materiais;215,5;BR-101/SC;Norte;Colisão Lateral;1;2;;;;;1
18/12/2020;10:34:00;210;3 - Acidente com Danos Materiais;79,4;BR-101/SC;Norte;Colisão Lateral;1;2;;;;;1
18/12/2020;12:27:00;252;3 - Acidente com Danos Materiais;667,3;BR-376/PR;Sul;Saida de Pista;1;3;;;;;1
18/12/2020;17:02:00;387;3 - Acidente com Danos Materiais;205,9;BR-101/SC;Sul;Colisão Traseira;1;2;;;;;1
18/12/2020;20:49:00;490;3 - Acidente com Danos Materiais;205,006;BR-101/SC;Norte;Colisão Traseira;1;2;;;;;1
18/12/2020;22:16:00;522;3 - Acidente com Danos Materiais;123,01;BR-101/SC;Sul;Colisão Lateral;1;2;;;;;1
18/12/2020;23:34:00;554;3 - Acidente com Danos Materiais;76,641;BR-101/SC;Norte;Engavetamento;3;4;;;;;1
18/12/2020;23:56:00;559;3 - Acidente com Danos Materiais;46,501;BR-101/SC;Norte;Colisão Lateral;1;3;;;;;1
19/12/2020;05:03:00;78;2 - Acidente com VITIMA;185,717;BR-101/SC;Sul;Colisão Lateral;1;4;1;;;;1
19/12/2020;16:00:00;376;3 - Acidente com Danos Materiais;672,516;BR-376/PR;Sul;Colisão Traseira;2;2;;;;;1
19/12/2020;16:16:00;385;2 - Acidente com VITIMA;88,077;BR-101/SC;Sul;Colisão Traseira;1;1;;1;;;2
19/12/2020;22:12:00;520;3 - Acidente com Danos Materiais;19,8;BR-101/SC;Sul;Colisão Traseira;1;7;;;;;1
19/12/2020;23:14:00;541;3 - Acidente com Danos Materiais;75,103;BR-116/PR;Sul;Colisão Traseira;2;2;;;;;1
20/12/2020;05:16:00;61;3 - Acidente com Danos Materiais;46,87;BR-101/SC;Norte;Colisão Lateral;1;3;;;;;1
20/12/2020;11:56:00;226;2 - Acidente com VITIMA;678,118;BR-376/PR;Norte;Colisão Traseira;1;1;;;1;;2
21/12/2020;04:16:00;54;3 - Acidente com Danos Materiais;138,001;BR-101/SC;Sul;Colisão Frontal;1;2;;;;;1
21/12/2020;06:23:00;80;2 - Acidente com VITIMA;119,001;BR-101/SC;Sul;Atropelamento - Ciclista;1;3;1;;;;1
21/12/2020;12:49:00;303;3 - Acidente com Danos Materiais;665,196;BR-376/PR;Sul;Saida de Pista;1;2;;;;;1
21/12/2020;14:43:00;347;3 - Acidente com Danos Materiais;115,108;BR-101/SC;Norte;Colisão Lateral;1;2;;;;;1
21/12/2020;16:24:00;395;3 - Acidente com Danos Materiais;93,759;BR-101/SC;Norte;Colisão Lateral;1;2;;;;;1
21/12/2020;17:03:00;412;3 - Acidente com Danos Materiais;665,5;BR-376/PR;Sul;Choque - Defensa, barreira ou "submarino";1;2;;;;;1
21/12/2020;17:52:00;434;3 - Acidente com Danos Materiais;15,4;BR-101/SC;Sul;Colisão Lateral;1;2;;;;;1
21/12/2020;22:13:00;516;3 - Acidente com Danos Materiais;110,5;BR-101/SC;Norte;Colisão Lateral;1;2;;;;;1
22/12/2020;07:24:00;103;2 - Acidente com VITIMA;111,208;BR-116/PR;Sul;Colisão Traseira;2;1;;1;;;2
22/12/2020;07:59:00;117;3 - Acidente com Danos Materiais;62,486;BR-101/SC;Sul;Tombamento;1;1;;;;;1
22/12/2020;11:53:00;244;3 - Acidente com Danos Materiais;135,001;BR-101/SC;Sul;Colisão Lateral;1;2;;;;;1
22/12/2020;12:04:00;250;3 - Acidente com Danos Materiais;209,001;BR-101/SC;Sul;Colisão Lateral;2;2;;;;;1
22/12/2020;15:26:00;334;3 - Acidente com Danos Materiais;216,196;BR-101/SC;Sul;Colisão Lateral;1;2;;;;;1
22/12/2020;15:49:00;345;3 - Acidente com Danos Materiais;216,192;BR-101/SC;Sul;Colisão Lateral;1;2;;;;;1
22/12/2020;16:49:00;369;3 - Acidente com Danos Materiais;9,129;BR-101/SC;Norte;Colisão Traseira;1;2;;;;;1
22/12/2020;18:31:00;418;3 - Acidente com Danos Materiais;208,1;BR-101/SC;Norte;Colisão Traseira;1;2;;;;;1
22/12/2020;20:09:00;454;3 - Acidente com Danos Materiais;206,882;BR-101/SC;Sul;Colisão Lateral;1;2;;;;;1
22/12/2020;20:10:00;455;3 - Acidente com Danos Materiais;206,882;BR-101/SC;Sul;Colisão Lateral;1;2;;;;;1
22/12/2020;20:49:00;472;2 - Acidente com VITIMA;124,728;BR-101/SC;Sul;Colisão Traseira;1;2;1;;;;1
22/12/2020;21:26:00;491;3 - Acidente com Danos Materiais;205,1;BR-101/SC;Sul;Colisão Lateral;1;2;;;;;1
22/12/2020;21:54:00;500;2 - Acidente com VITIMA;114,1;BR-101/SC;Sul;Colisão Traseira;1;1;1;1;;;2
23/12/2020;03:25:00;50;3 - Acidente com Danos Materiais;637,01;BR-376/PR;Norte;Saida de Pista;1;3;;;;;1
23/12/2020;06:40:00;84;3 - Acidente com Danos Materiais;614,811;BR-376/PR;Norte;Colisão Lateral;1;4;;;;;1
23/12/2020;14:44:00;302;3 - Acidente com Danos Materiais;102,159;BR-116/PR;Sul;Engavetamento;1;3;;;;;1
23/12/2020;15:34:00;325;3 - Acidente com Danos Materiais;15,233;BR-101/SC;Norte;Choque - Defensa, barreira ou "submarino";1;1;;;;;1
23/12/2020;16:20:00;345;3 - Acidente com Danos Materiais;48,368;BR-101/SC;Sul;Colisão Traseira;1;2;;;;;1
23/12/2020;18:34:00;414;3 - Acidente com Danos Materiais;217,704;BR-101/SC;Norte;Colisão Lateral;1;2;;;;;1
24/12/2020;00:57:00;25;3 - Acidente com Danos Materiais;33,307;BR-101/SC;Norte;Colisão Traseira;1;6;;;;;1
24/12/2020;03:52:00;50;3 - Acidente com Danos Materiais;650,08;BR-376/PR;Sul;Engavetamento;3;17;;;;;1
24/12/2020;05:26:00;67;2 - Acidente com VITIMA;142,335;BR-101/SC;Sul;Colisão Lateral;1;2;1;;;;1
24/12/2020;12:08:00;215;2 - Acidente com VITIMA;205,847;BR-101/SC;Sul;Engavetamento;1;2;1;;;;1
24/12/2020;15:07:00;282;3 - Acidente com Danos Materiais;634,268;BR-376/PR;Sul;Choque - Elemento de Drenagem;1;1;;;;;1
24/12/2020;19:00:00;380;3 - Acidente com Danos Materiais;667,3;BR-376/PR;Sul;Saida de Pista;1;1;;;;;1
24/12/2020;22:52:00;433;3 - Acidente com Danos Materiais;162,804;BR-101/SC;Sul;Saida de Pista;1;2;;;;;1
26/12/2020;21:40:00;386;3 - Acidente com Danos Materiais;640,208;BR-376/PR;Norte;Colisão Traseira;2;2;;;;;1
26/12/2020;22:57:00;406;3 - Acidente com Danos Materiais;13,645;BR-101/SC;Norte;Colisão Traseira;2;2;;;;;1
27/12/2020;15:09:00;304;3 - Acidente com Danos Materiais;671,7;BR-376/PR;Sul;Saida de Pista;1;1;;;;;1
27/12/2020;16:11:00;343;3 - Acidente com Danos Materiais;151,858;BR-101/SC;Norte;Colisão Traseira;1;3;;;;;1
27/12/2020;18:59:00;428;3 - Acidente com Danos Materiais;637,421;BR-376/PR;Norte;Colisão Traseira;1;2;;;;;1
27/12/2020;22:29:00;507;3 - Acidente com Danos Materiais;217,713;BR-101/SC;Norte;Colisão Lateral;1;2;;;;;1
28/12/2020;08:50:00;153;2 - Acidente com VITIMA;155,807;BR-101/SC;Norte;Colisão Traseira;1;3;1;;;;1
28/12/2020;10:31:00;210;3 - Acidente com Danos Materiais;209,4;BR-101/SC;Norte;Colisão Traseira;1;2;;;;;1
28/12/2020;14:46:00;296;3 - Acidente com Danos Materiais;113,9;BR-116/PR;Sul;Colisão Transversal;1;2;;;;;1
28/12/2020;16:51:00;356;3 - Acidente com Danos Materiais;623,253;BR-376/PR;Norte;Colisão Traseira;1;2;;;;;1
28/12/2020;17:28:00;368;3 - Acidente com Danos Materiais;623,253;BR-376/PR;Norte;Saida de Pista;1;1;;;;;1
28/12/2020;18:34:00;396;3 - Acidente com Danos Materiais;114,1;BR-101/SC;Sul;Colisão Lateral;1;2;;;;;1
28/12/2020;19:24:00;419;3 - Acidente com Danos Materiais;206,8;BR-101/SC;Norte;Colisão Traseira;1;2;;;;;1
28/12/2020;19:51:00;436;3 - Acidente com Danos Materiais;212,8;BR-101/SC;Norte;Colisão Traseira;1;2;;;;;1
29/12/2020;06:28:00;90;3 - Acidente com Danos Materiais;39,787;BR-101/SC;Sul;Colisão Traseira;1;2;;;;;1
29/12/2020;16:42:00;376;2 - Acidente com VITIMA;107,8;BR-116/PR;Sul;Colisão Traseira;1;1;1;;;;1
29/12/2020;16:56:00;389;2 - Acidente com VITIMA;662,5;BR-376/PR;Norte;Choque - Defensa, barreira ou "submarino";1;3;1;;1;;2
29/12/2020;17:30:00;405;2 - Acidente com VITIMA;89,842;BR-101/SC;Sul;Colisão Traseira;1;1;1;;;;1
29/12/2020;22:20:00;472;3 - Acidente com Danos Materiais;190,051;BR-101/SC;Sul;Engavetamento;3;3;;;;;1
30/12/2020;11:28:00;233;3 - Acidente com Danos Materiais;90,048;BR-101/SC;Sul;Colisão Traseira;1;2;;;;;1
30/12/2020;11:58:00;243;3 - Acidente com Danos Materiais;671,699;BR-376/PR;Sul;Saida de Pista;1;2;;;;;1
30/12/2020;15:59:00;366;2 - Acidente com VITIMA;677,2;BR-376/PR;Sul;Colisão Lateral;1;2;1;;;;1
30/12/2020;22:33:00;529;2 - Acidente com VITIMA;129,582;BR-101/SC;Norte;Colisão Lateral;1;1;;;1;;2
31/12/2020;06:57:00;98;3 - Acidente com Danos Materiais;141,792;BR-101/SC;Sul;Colisão Lateral;1;2;;;;;1
31/12/2020;09:44:00;164;3 - Acidente com Danos Materiais;100,2;BR-101/SC;Sul;Colisão Lateral;1;2;;;;;1
02/01/2021;11:38:00;208;3 - Acidente com Danos Materiais;197,798;BR-101/SC;Sul;Colisão Traseira;1;2;;;;;1
02/01/2021;14:17:00;253;3 - Acidente com Danos Materiais;205,722;BR-101/SC;Norte;Colisão Traseira;1;2;;;;;1
03/01/2021;08:06:00;121;3 - Acidente com Danos Materiais;151,717;BR-101/SC;Norte;Engavetamento;1;6;;;;;1
03/01/2021;10:12:00;166;3 - Acidente com Danos Materiais;635,18;BR-376/PR;Sul;Colisão Traseira;1;2;;;;;1
03/01/2021;15:00:00;314;3 - Acidente com Danos Materiais;114,903;BR-101/SC;Norte;Engavetamento;1;6;;;;;1
04/01/2021;05:17:00;68;3 - Acidente com Danos Materiais;62,465;BR-101/SC;Sul;Tombamento;1;1;;;;;1
04/01/2021;07:21:00;110;3 - Acidente com Danos Materiais;672,204;BR-376/PR;Sul;Colisão Traseira;2;3;;;;;1
04/01/2021;08:01:00;132;2 - Acidente com VITIMA;49,926;BR-101/SC;Norte;Colisão Traseira;1;2;1;;;;1
04/01/2021;12:33:00;252;3 - Acidente com Danos Materiais;9,82;BR-101/SC;Norte;Colisão Traseira;1;2;;;;;1
04/01/2021;22:14:00;501;1 - Acidente com Vitima Fatal;137,47;BR-101/SC;Sul;Colisão Traseira;1;1;;;;1;3
05/01/2021;10:20:00;237;2 - Acidente com VITIMA;681,14;BR-376/PR;Norte;Choque - Defensa, barreira ou "submarino";1;0;1;;;;1
05/01/2021;11:34:00;273;3 - Acidente com Danos Materiais;116,6;BR-101/SC;Sul;Engavetamento;1;4;;;;;1
05/01/2021;17:08:00;434;2 - Acidente com VITIMA;665,93;BR-376/PR;Norte;Outros;1;0;1;;;;1
05/01/2021;18:10:00;457;3 - Acidente com Danos Materiais;45,78;BR-101/SC;Norte;Colisão Lateral;1;2;;;;;1
06/01/2021;09:38:00;194;3 - Acidente com Danos Materiais;110,858;BR-116/PR;Sul;Colisão Lateral;1;2;;;;;1
06/01/2021;11:19:00;257;3 - Acidente com Danos Materiais;119,4;BR-101/SC;Sul;Colisão Lateral;1;2;;;;;1
06/01/2021;14:48:00;346;3 - Acidente com Danos Materiais;102,58;BR-116/PR;Sul;Saida de Pista;2;3;;;;;1
06/01/2021;17:52:00;457;3 - Acidente com Danos Materiais;81,001;BR-101/SC;Sul;Colisão Frontal;1;2;;;;;1
06/01/2021;22:19:00;553;3 - Acidente com Danos Materiais;207,2;BR-101/SC;Sul;Colisão Traseira;1;2;;;;;1
06/01/2021;23:48:00;591;3 - Acidente com Danos Materiais;206,891;BR-101/SC;Sul;Colisão Traseira;1;3;;;;;1
07/01/2021;04:35:00;91;2 - Acidente com VITIMA;242,141;BR-101/SC;Sul;Saida de Pista;1;1;1;;;;1
07/01/2021;07:37:00;145;2 - Acidente com VITIMA;198,762;BR-101/SC;Sul;Colisão Lateral;1;2;1;;;;1
07/01/2021;08:05:00;157;2 - Acidente com VITIMA;23,6;BR-101/SC;Sul;Colisão Lateral;1;1;1;;;;1
07/01/2021;10:25:00;238;3 - Acidente com Danos Materiais;49,095;BR-101/SC;Norte;Colisão Traseira;1;2;;;;;1
07/01/2021;11:35:00;295;3 - Acidente com Danos Materiais;215,715;BR-101/SC;Norte;Colisão Lateral;1;2;;;;;1
07/01/2021;12:52:00;347;3 - Acidente com Danos Materiais;72,5;BR-101/SC;Sul;Engavetamento;1;4;;;;;1
07/01/2021;13:33:00;369;3 - Acidente com Danos Materiais;659,932;BR-376/PR;Sul;Colisão Frontal;1;2;;;;;1