data;horario;n_da_ocorrencia;tipo_de_ocorrencia;km;trecho;sentido;tipo_de_acidente;caminhao;ilesos;levemente_feridos;moderadamente_feridos;gravemente_feridos;mortos;3
07/01/2021;16:39:00;465;3 - Acidente com Danos Materiais;61,809;BR-101/SC;Sul;Colisão Traseira;1;2;;;;;1
07/01/2021;23:04:00;600;3 - Acidente com Danos Materiais;131,8;BR-101/SC;Norte;Colisão Traseira;2;2;;;;;1
08/01/2021;07:25:00;88;3 - Acidente com Danos Materiais;101,508;BR-116/PR;Sul;Engavetamento;3;3;;;;;1
08/01/2021;10:12:00;175;3 - Acidente com Danos Materiais;207,8;BR-101/SC;Sul;Colisão Lateral;1;2;;;;;1
08/01/2021;11:32:00;226;3 - Acidente com Danos Materiais;71,501;BR-101/SC;Norte;Colisão Lateral;1;2;;;;;1
08/01/2021;12:50:00;274;3 - Acidente com Danos Materiais;678,403;BR-376/PR;Norte;Colisão Traseira;1;3;;;;;1
08/01/2021;12:58:00;280;3 - Acidente com Danos Materiais;1,35;BR-101/SC;Sul;Choque - Defensa, barreira ou "submarino";1;1;;;;;1
08/01/2021;14:58:00;334;3 - Acidente com Danos Materiais;29,086;BR-101/SC;Norte;Colisão Traseira;2;2;;;;;1
08/01/2021;15:46:00;363;2 - Acidente com VITIMA;151,265;BR-101/SC;Sul;Colisão Lateral;1;2;1;;;;1
08/01/2021;16:58:00;402;3 - Acidente com Danos Materiais;112,8;BR-101/SC;Sul;Saida de Pista;1;2;;;;;1
08/01/2021;17:47:00;425;3 - Acidente com Danos Materiais;110,214;BR-116/PR;Sul;Colisão Traseira;1;2;;;;;1
08/01/2021;18:21:00;439;2 - Acidente com VITIMA;136,814;BR-101/SC;Sul;Colisão Traseira;1;1;;1;;;2
09/01/2021;02:30:00;38;3 - Acidente com Danos Materiais;197,608;BR-101/SC;Norte;Choque - Defensa, barreira ou "submarino";1;2;;;;;1
09/01/2021;09:44:00;165;3 - Acidente com Danos Materiais;134,1;BR-101/SC;Sul;Colisão Traseira;1;2;;;;;1
09/01/2021;15:51:00;348;3 - Acidente com Danos Materiais;671,7;BR-376/PR;Sul;Saida de Pista;1;1;;;;;1
10/01/2021;15:24:00;315;3 - Acidente com Danos Materiais;214,571;BR-101/SC;Norte;Colisão Lateral;1;2;;;;;1
10/01/2021;16:21:00;342;3 - Acidente com Danos Materiais;199,278;BR-101/SC;Sul;Colisão Lateral;1;2;;;;;1
10/01/2021;16:40:00;359;3 - Acidente com Danos Materiais;108,51;BR-101/SC;Norte;Colisão Lateral;1;4;;;;;1
11/01/2021;07:12:00;90;3 - Acidente com Danos Materiais;660,1;BR-376/PR;Sul;Colisão Lateral;1;2;;;;;1
11/01/2021;08:48:00;138;3 - Acidente com Danos Materiais;133,204;BR-101/SC;Norte;Engavetamento;1;4;;;;;1
11/01/2021;09:05:00;143;3 - Acidente com Danos Materiais;119,27;BR-101/SC;Sul;Colisão Traseira;1;4;;;;;1
11/01/2021;14:09:00;275;3 - Acidente com Danos Materiais;86,473;BR-116/PR;Sul;Colisão Traseira;1;2;;;;;1
11/01/2021;14:42:00;282;3 - Acidente com Danos Materiais;153,94;BR-101/SC;Norte;Colisão Lateral;1;2;;;;;1
11/01/2021;15:51:00;310;2 - Acidente com VITIMA;218,372;BR-101/SC;Sul;Colisão Traseira;1;1;1;;;;1
11/01/2021;16:21:00;326;3 - Acidente com Danos Materiais;137,57;BR-101/SC;Norte;Colisão Traseira;2;2;;;;;1
11/01/2021;16:55:00;344;3 - Acidente com Danos Materiais;83,001;BR-101/SC;Sul;Colisão Lateral;1;2;;;;;1
11/01/2021;17:46:00;375;3 - Acidente com Danos Materiais;47,56;BR-101/SC;Norte;Colisão Traseira;2;2;;;;;1
11/01/2021;20:11:00;427;3 - Acidente com Danos Materiais;119,237;BR-101/SC;Norte;Tombamento;1;1;;;;;1
12/01/2021;02:55:00;71;3 - Acidente com Danos Materiais;203,18;BR-101/SC;Sul;Colisão Traseira;1;3;;;;;1
12/01/2021;07:02:00;117;1 - Acidente com Vitima Fatal;207,13;BR-101/SC;Norte;Colisão Lateral;2;2;;;;1;3
12/01/2021;08:48:00;177;3 - Acidente com Danos Materiais;209,7;BR-101/SC;Norte;Colisão Traseira;2;2;;;;;1
12/01/2021;09:47:00;200;3 - Acidente com Danos Materiais;203,901;BR-101/SC;Sul;Engavetamento;1;4;;;;;1
12/01/2021;11:02:00;231;3 - Acidente com Danos Materiais;635,18;BR-376/PR;Sul;Colisão Traseira;1;2;;;;;1
12/01/2021;11:55:00;248;3 - Acidente com Danos Materiais;212,455;BR-101/SC;Norte;Colisão Lateral;1;2;;;;;1
12/01/2021;16:03:00;354;3 - Acidente com Danos Materiais;672,505;BR-376/PR;Sul;Colisão Lateral;1;3;;;;;1
12/01/2021;17:21:00;402;3 - Acidente com Danos Materiais;671,7;BR-376/PR;Sul;Saida de Pista;1;1;;;;;1
12/01/2021;17:31:00;408;3 - Acidente com Danos Materiais;136,314;BR-101/SC;Sul;Atropelamento - Andarilho;1;2;;;;;1
13/01/2021;05:52:00;75;3 - Acidente com Danos Materiais;136,95;BR-101/SC;Sul;Saida de Pista;1;2;;;;;1
13/01/2021;07:30:00;103;2 - Acidente com VITIMA;222,879;BR-101/SC;Sul;Colisão Lateral;1;1;2;;;;1
13/01/2021;08:02:00;123;3 - Acidente com Danos Materiais;116,271;BR-101/SC;Norte;Saida de Pista;1;2;;;;;1
13/01/2021;15:35:00;326;3 - Acidente com Danos Materiais;120,797;BR-101/SC;Norte;Engavetamento;1;4;;;;;1
13/01/2021;17:23:00;371;3 - Acidente com Danos Materiais;205,153;BR-101/SC;Sul;Colisão Traseira;1;2;;;;;1
13/01/2021;19:41:00;418;2 - Acidente com VITIMA;660,644;BR-376/PR;Norte;Saida de Pista;1;1;1;;;;1
13/01/2021;22:02:00;454;3 - Acidente com Danos Materiais;22,463;BR-101/SC;Norte;Choque - Poste;1;1;;;;;1
14/01/2021;07:50:00;118;3 - Acidente com Danos Materiais;133,002;BR-101/SC;Norte;Colisão Traseira;1;2;;;;;1
14/01/2021;07:52:00;119;3 - Acidente com Danos Materiais;202,259;BR-101/SC;Sul;Colisão Traseira;1;2;;;;;1
14/01/2021;07:57:00;126;2 - Acidente com VITIMA;3,714;BR-101/SC;Norte;Tombamento;1;0;1;;1;;2
14/01/2021;09:29:00;186;2 - Acidente com VITIMA;99,808;BR-116/PR;Sul;Colisão Traseira;1;2;1;;;;1
14/01/2021;10:09:00;206;3 - Acidente com Danos Materiais;216,983;BR-101/SC;Norte;Colisão Lateral;1;2;;;;;1
15/01/2021;05:32:00;62;3 - Acidente com Danos Materiais;79,4;BR-101/SC;Norte;Colisão Traseira;1;2;;;;;1
15/01/2021;05:59:00;68;3 - Acidente com Danos Materiais;129,233;BR-101/SC;Norte;Tombamento;1;2;;;;;1
15/01/2021;07:35:00;100;3 - Acidente com Danos Materiais;215,001;BR-101/SC;Norte;Colisão Traseira;1;2;;;;;1
15/01/2021;10:05:00;211;3 - Acidente com Danos Materiais;117,488;BR-101/SC;Sul;Colisão Traseira;2;3;;;;;1
15/01/2021;10:16:00;214;3 - Acidente com Danos Materiais;24,12;BR-101/SC;Norte;Colisão Transversal;1;2;;;;;1
15/01/2021;11:40:00;246;3 - Acidente com Danos Materiais;106,303;BR-101/SC;Sul;Engavetamento;1;3;;;;;1
15/01/2021;11:53:00;252;2 - Acidente com VITIMA;184,794;BR-101/SC;Norte;Colisão Traseira;1;1;1;;;;1
15/01/2021;12:33:00;265;2 - Acidente com VITIMA;214,939;BR-101/SC;Sul;Colisão Traseira;2;1;1;;;;1
15/01/2021;14:19:00;317;3 - Acidente com Danos Materiais;11,9;BR-101/SC;Norte;Colisão Traseira;1;2;;;;;1
15/01/2021;16:17:00;376;3 - Acidente com Danos Materiais;123,841;BR-101/SC;Norte;Colisão Lateral;1;2;;;;;1
15/01/2021;16:32:00;387;3 - Acidente com Danos Materiais;102,962;BR-101/SC;Sul;Colisão Traseira;1;2;;;;;1
15/01/2021;17:24:00;412;3 - Acidente com Danos Materiais;94,159;BR-101/SC;Norte;Engavetamento;2;6;;;;;1
15/01/2021;22:06:00;555;3 - Acidente com Danos Materiais;89,302;BR-101/SC;Sul;Colisão Traseira;2;2;;;;;1
16/01/2021;02:54:00;66;3 - Acidente com Danos Materiais;153,319;BR-101/SC;Norte;Saida de Pista;1;2;;;;;1
16/01/2021;04:31:00;83;3 - Acidente com Danos Materiais;185,171;BR-101/SC;Sul;Colisão Lateral;1;2;;;;;1
16/01/2021;05:18:00;92;3 - Acidente com Danos Materiais;664,82;BR-376/PR;Sul;Tombamento;1;1;;;;;1
16/01/2021;11:19:00;258;3 - Acidente com Danos Materiais;93,568;BR-101/SC;Sul;Colisão Traseira;2;4;;;;;1
16/01/2021;12:30:00;293;3 - Acidente com Danos Materiais;242,364;BR-101/SC;Sul;Engavetamento;1;3;;;;;1
16/01/2021;13:19:00;310;3 - Acidente com Danos Materiais;664,82;BR-376/PR;Sul;Saida de Pista;1;1;;;;;1
16/01/2021;15:43:00;380;3 - Acidente com Danos Materiais;671,3;BR-376/PR;Sul;Colisão Traseira;2;2;;;;;1
16/01/2021;16:30:00;406;3 - Acidente com Danos Materiais;658,9;BR-376/PR;Sul;Colisão Lateral;1;2;;;;;1
17/01/2021;00:07:00;7;3 - Acidente com Danos Materiais;130,076;BR-101/SC;Norte;Engavetamento;1;4;;;;;1
17/01/2021;05:32:00;53;3 - Acidente com Danos Materiais;64,308;BR-101/SC;Norte;Colisão Traseira;1;2;;;;;1
17/01/2021;16:23:00;314;1 - Acidente com Vitima Fatal;201,173;BR-101/SC;Norte;Atropelamento - Outros;1;2;;;;1;3
17/01/2021;16:43:00;322;2 - Acidente com VITIMA;181,509;BR-101/SC;Sul;Choque - Elemento de Drenagem;1;2;;1;;;2
18/01/2021;02:10:00;39;2 - Acidente com VITIMA;207,6;BR-101/SC;Norte;Colisão Lateral;1;3;1;;;;1
18/01/2021;03:22:00;47;3 - Acidente com Danos Materiais;667,3;BR-376/PR;Sul;Saida de Pista;1;2;;;;;1
18/01/2021;03:35:00;49;2 - Acidente com VITIMA;121,27;BR-101/SC;Sul;Colisão Lateral;2;1;1;;;;1
18/01/2021;09:00:00;176;3 - Acidente com Danos Materiais;217,1;BR-101/SC;Norte;Colisão Transversal;1;2;;;;;1
18/01/2021;10:11:00;223;2 - Acidente com VITIMA;135,154;BR-101/SC;Norte;Colisão Lateral;1;1;1;;;;1
18/01/2021;14:07:00;305;3 - Acidente com Danos Materiais;145,071;BR-101/SC;Norte;Colisão Traseira;1;2;;;;;1
18/01/2021;18:22:00;381;3 - Acidente com Danos Materiais;117,98;BR-101/SC;Norte;Colisão Lateral;1;2;;;;;1
18/01/2021;19:02:00;390;3 - Acidente com Danos Materiais;32;BR-101/SC;Norte;Colisão Lateral;1;2;;;;;1
18/01/2021;21:15:00;441;3 - Acidente com Danos Materiais;121,01;BR-101/SC;Sul;Colisão Traseira;1;2;;;;;1
19/01/2021;10:43:00;181;3 - Acidente com Danos Materiais;101,341;BR-116/PR;Sul;Colisão Traseira;1;2;;;;;1
19/01/2021;11:26:00;199;3 - Acidente com Danos Materiais;108,06;BR-116/PR;Sul;Choque - Suporte de Sinalização;1;1;;;;;1
19/01/2021;12:24:00;218;3 - Acidente com Danos Materiais;107,73;BR-116/PR;Sul;Colisão Traseira;1;2;;;;;1
19/01/2021;13:55:00;260;3 - Acidente com Danos Materiais;140,812;BR-101/SC;Sul;Colisão Traseira;1;2;;;;;1
19/01/2021;14:46:00;277;3 - Acidente com Danos Materiais;127,01;BR-101/SC;Norte;Colisão Lateral;2;2;;;;;1
19/01/2021;16:47:00;326;3 - Acidente com Danos Materiais;211,226;BR-101/SC;Norte;Engavetamento;3;3;;;;;1
19/01/2021;20:21:00;401;3 - Acidente com Danos Materiais;192,861;BR-101/SC;Norte;Colisão Traseira;2;2;;;;;1
19/01/2021;22:07:00;418;3 - Acidente com Danos Materiais;198,24;BR-101/SC;Norte;Colisão Lateral;2;2;;;;;1
20/01/2021;00:13:00;4;3 - Acidente com Danos Materiais;192,43;BR-101/SC;Norte;Colisão Traseira;1;2;;;;;1
20/01/2021;07:52:00;112;3 - Acidente com Danos Materiais;677,068;BR-376/PR;Norte;Colisão Traseira;1;3;;;;;1
20/01/2021;11:48:00;198;3 - Acidente com Danos Materiais;657,978;BR-376/PR;Sul;Saida de Pista;1;1;;;;;1
20/01/2021;13:50:00;261;3 - Acidente com Danos Materiais;203,02;BR-101/SC;Norte;Colisão Lateral;1;2;;;;;1
20/01/2021;16:30:00;333;3 - Acidente com Danos Materiais;110,3;BR-116/PR;Sul;Engavetamento;1;3;;;;;1
20/01/2021;17:51:00;360;2 - Acidente com VITIMA;117,2;BR-101/SC;Sul;Colisão Lateral;1;1;1;;;;1
20/01/2021;18:52:00;380;3 - Acidente com Danos Materiais;212,001;BR-101/SC;Norte;Colisão Lateral;1;2;;;;;1
20/01/2021;19:37:00;400;3 - Acidente com Danos Materiais;206,701;BR-101/SC;Sul;Colisão Traseira;1;2;;;;;1
20/01/2021;21:11:00;439;3 - Acidente com Danos Materiais;212,2;BR-101/SC;Sul;Choque - Outros;1;3;;;;;1
20/01/2021;21:36:00;452;3 - Acidente com Danos Materiais;121,817;BR-101/SC;Norte;Engavetamento;2;3;;;;;1
21/01/2021;03:36:00;40;3 - Acidente com Danos Materiais;663,573;BR-376/PR;Sul;Colisão Traseira;2;2;;;;;1
21/01/2021;05:39:00;60;3 - Acidente com Danos Materiais;184,295;BR-101/SC;Sul;Colisão Traseira;1;3;;;;;1
21/01/2021;05:56:00;65;3 - Acidente com Danos Materiais;185,345;BR-101/SC;Sul;Colisão Traseira;2;2;;;;;1
21/01/2021;09:53:00;184;2 - Acidente com VITIMA;38,387;BR-101/SC;Norte;Capotamento;1;3;1;;;;1
21/01/2021;11:27:00;216;3 - Acidente com Danos Materiais;216,311;BR-101/SC;Norte;Colisão Traseira;1;2;;;;;1
21/01/2021;12:31:00;238;3 - Acidente com Danos Materiais;107,2;BR-101/SC;Norte;Colisão Lateral;1;2;;;;;1
21/01/2021;13:36:00;259;3 - Acidente com Danos Materiais;221,1;BR-101/SC;Sul;Colisão Traseira;1;2;;;;;1
22/01/2021;02:35:00;56;3 - Acidente com Danos Materiais;3,5;BR-101/SC;Norte;Tombamento;1;3;;;;;1
22/01/2021;08:00:00;149;3 - Acidente com Danos Materiais;195,559;BR-101/SC;Sul;Colisão Traseira;1;3;;;;;1
22/01/2021;08:15:00;159;3 - Acidente com Danos Materiais;79,46;BR-101/SC;Sul;Colisão Traseira;2;2;;;;;1
22/01/2021;09:49:00;229;3 - Acidente com Danos Materiais;48,8;BR-101/SC;Sul;Colisão Lateral;2;2;;;;;1
22/01/2021;15:07:00;388;3 - Acidente com Danos Materiais;142,293;BR-101/SC;Sul;Choque - Defensa, barreira ou "submarino";1;1;;;;;1
22/01/2021;17:43:00;449;3 - Acidente com Danos Materiais;57,792;BR-101/SC;Norte;Colisão Traseira;1;2;;;;;1
22/01/2021;18:02:00;458;3 - Acidente com Danos Materiais;94,869;BR-116/PR;Sul;Colisão Lateral;1;2;;;;;1
22/01/2021;18:10:00;462;3 - Acidente com Danos Materiais;53,053;BR-101/SC;Norte;Outros;1;2;;;;;1
23/01/2021;03:16:00;57;2 - Acidente com VITIMA;157,45;BR-101/SC;Norte;Engavetamento;2;2;1;;;;1
23/01/2021;08:29:00;138;3 - Acidente com Danos Materiais;632,096;BR-376/PR;Norte;Colisão Lateral;1;2;;;;;1
23/01/2021;16:31:00;352;3 - Acidente com Danos Materiais;82,45;BR-116/PR;Sul;Colisão Lateral;2;2;;;;;1
23/01/2021;23:49:00;484;3 - Acidente com Danos Materiais;147,593;BR-101/SC;Sul;Colisão Traseira;1;2;;;;;1
24/01/2021;14:29:00;217;3 - Acidente com Danos Materiais;114,227;BR-116/PR;Sul;Colisão Traseira;1;2;;;;;1
25/01/2021;05:04:00;46;3 - Acidente com Danos Materiais;206,918;BR-101/SC;Norte;Objeto lançado contra veículo;1;2;;;;;1
25/01/2021;07:19:00;86;3 - Acidente com Danos Materiais;232,888;BR-101/SC;Sul;Colisão Traseira;1;2;;;;;1
25/01/2021;09:19:00;151;3 - Acidente com Danos Materiais;39,7;BR-101/SC;Sul;Colisão Lateral;1;2;;;;;1
25/01/2021;12:37:00;223;3 - Acidente com Danos Materiais;209,197;BR-101/SC;Sul;Colisão Lateral;1;2;;;;;1
25/01/2021;19:36:00;367;2 - Acidente com VITIMA;133,8;BR-101/SC;Sul;Colisão Traseira;1;2;1;;;;1
25/01/2021;20:37:00;389;3 - Acidente com Danos Materiais;674,001;BR-376/PR;Sul;Colisão Frontal;2;2;;;;;1
26/01/2021;05:38:00;67;3 - Acidente com Danos Materiais;108,5;BR-116/PR;Norte;Colisão Traseira;1;2;;;;;1
26/01/2021;09:08:00;147;3 - Acidente com Danos Materiais;242,924;BR-101/SC;Sul;Colisão Traseira;1;2;;;;;1
26/01/2021;09:31:00;164;3 - Acidente com Danos Materiais;117,2;BR-101/SC;Sul;Tombamento;1;1;;;;;1
26/01/2021;10:05:00;185;3 - Acidente com Danos Materiais;185,576;BR-101/SC;Sul;Colisão Traseira;1;2;;;;;1
26/01/2021;10:29:00;189;3 - Acidente com Danos Materiais;206,8;BR-101/SC;Norte;Engavetamento;1;2;;;;;1
26/01/2021;10:50:00;194;3 - Acidente com Danos Materiais;119,184;BR-101/SC;Norte;Colisão Lateral;1;2;;;;;1
26/01/2021;11:48:00;226;3 - Acidente com Danos Materiais;621,001;BR-376/PR;Sul;Colisão Traseira;1;2;;;;;1
26/01/2021;11:57:00;231;3 - Acidente com Danos Materiais;658,4;BR-376/PR;Sul;Tombamento;2;2;;;;;1
26/01/2021;17:29:00;356;2 - Acidente com VITIMA;616,802;BR-376/PR;Norte;Colisão Lateral;1;2;1;;;;1
26/01/2021;23:54:00;468;3 - Acidente com Danos Materiais;667,3;BR-376/PR;Sul;Saida de Pista;1;1;;;;;1
27/01/2021;10:40:00;225;3 - Acidente com Danos Materiais;93,945;BR-116/PR;Sul;Saida de Pista;1;1;;;;;1
27/01/2021;11:14:00;241;3 - Acidente com Danos Materiais;662,085;BR-376/PR;Sul;Colisão Lateral;1;2;;;;;1
27/01/2021;15:54:00;358;3 - Acidente com Danos Materiais;671,7;BR-376/PR;Sul;Saida de Pista;1;1;;;;;1
28/01/2021;04:34:00;73;3 - Acidente com Danos Materiais;83,888;BR-116/PR;Sul;Saida de Pista;1;1;;;;;1
28/01/2021;07:51:00;154;2 - Acidente com VITIMA;111,28;BR-101/SC;Sul;Colisão Lateral;1;1;1;;;;1
28/01/2021;07:53:00;155;3 - Acidente com Danos Materiais;1,3;BR-101/SC;Sul;Choque - Defensa, barreira ou "submarino";1;1;;;;;1
28/01/2021;13:14:00;293;3 - Acidente com Danos Materiais;98,724;BR-101/SC;Norte;Saida de Pista;1;1;;;;;1
28/01/2021;14:37:00;322;3 - Acidente com Danos Materiais;111,045;BR-116/PR;Norte;Colisão Traseira;1;2;;;;;1
28/01/2021;18:29:00;419;3 - Acidente com Danos Materiais;92,8;BR-116/PR;Norte;Colisão Lateral;1;2;;;;;1
28/01/2021;19:51:00;450;3 - Acidente com Danos Materiais;235,01;BR-101/SC;Sul;Choque - Defensa, barreira ou "submarino";1;2;;;;;1
28/01/2021;19:53:00;451;3 - Acidente com Danos Materiais;83,489;BR-116/PR;Norte;Colisão Traseira;2;2;;;;;1
29/01/2021;07:43:00;108;3 - Acidente com Danos Materiais;114,45;BR-116/PR;Norte;Colisão Traseira;1;2;;;;;1
29/01/2021;09:38:00;187;3 - Acidente com Danos Materiais;29,967;BR-101/SC;Norte;Colisão Traseira;1;2;;;;;1
29/01/2021;14:54:00;313;3 - Acidente com Danos Materiais;110,292;BR-116/PR;Sul;Saida de Pista;1;1;;;;;1
29/01/2021;16:01:00;342;3 - Acidente com Danos Materiais;615,097;BR-376/PR;Sul;Saida de Pista;1;1;;;;;1
29/01/2021;16:27:00;353;3 - Acidente com Danos Materiais;108,518;BR-116/PR;Sul;Colisão Traseira;1;2;;;;;1
29/01/2021;17:20:00;376;3 - Acidente com Danos Materiais;87,55;BR-116/PR;Norte;Colisão Lateral;1;2;;;;;1
29/01/2021;17:24:00;379;3 - Acidente com Danos Materiais;81,09;BR-116/PR;Sul;Colisão Lateral;1;2;;;;;1
29/01/2021;18:16:00;406;3 - Acidente com Danos Materiais;105,365;BR-116/PR;Sul;Saida de Pista;1;1;;;;;1
29/01/2021;18:34:00;416;2 - Acidente com VITIMA;148,388;BR-101/SC;Sul;Objeto lançado contra veículo;1;1;1;;;;1
29/01/2021;21:52:00;502;3 - Acidente com Danos Materiais;112,001;BR-101/SC;Norte;Colisão Traseira;1;2;;;;;1
29/01/2021;22:12:00;508;2 - Acidente com VITIMA;647,8;BR-376/PR;Norte;Choque - Veiculo parado na pista;1;6;1;;;;1
29/01/2021;23:31:00;527;3 - Acidente com Danos Materiais;116,607;BR-101/SC;Sul;Colisão Lateral;1;2;;;;;1
30/01/2021;01:01:00;11;2 - Acidente com VITIMA;617,09;BR-376/PR;Sul;Colisão Frontal;1;1;;1;;;2
30/01/2021;06:13:00;78;3 - Acidente com Danos Materiais;122,62;BR-101/SC;Norte;Colisão Traseira;2;2;;;;;1
30/01/2021;07:01:00;87;3 - Acidente com Danos Materiais;141,751;BR-101/SC;Sul;Colisão Traseira;1;2;;;;;1
30/01/2021;14:20:00;294;3 - Acidente com Danos Materiais;207,303;BR-101/SC;Sul;Colisão Lateral;1;3;;;;;1
30/01/2021;15:49:00;335;1 - Acidente com Vitima Fatal;98,521;BR-116/PR;Sul;Colisão Traseira;2;3;1;;2;1;3
30/01/2021;17:12:00;373;3 - Acidente com Danos Materiais;668,791;BR-376/PR;Sul;Tombamento;2;2;;;;;1
30/01/2021;18:22:00;392;3 - Acidente com Danos Materiais;208,001;BR-101/SC;Sul;Colisão Lateral;1;2;;;;;1
30/01/2021;19:15:00;411;3 - Acidente com Danos Materiais;0,985;BR-101/SC;Norte;Colisão Traseira;1;2;;;;;1
30/01/2021;23:20:00;498;3 - Acidente com Danos Materiais;13,99;BR-101/SC;Norte;Colisão Traseira;2;2;;;;;1
31/01/2021;09:38:00;146;3 - Acidente com Danos Materiais;101,665;BR-116/PR;Norte;Saida de Pista;1;1;;;;;1
31/01/2021;16:52:00;348;3 - Acidente com Danos Materiais;674,169;BR-376/PR;Norte;Colisão Lateral;1;2;;;;;1
01/02/2021;08:20:00;108;3 - Acidente com Danos Materiais;105,12;BR-116/PR;Sul;Colisão Lateral;1;2;;;;;1
01/02/2021;09:23:00;159;3 - Acidente com Danos Materiais;1,3;BR-101/SC;Sul;Colisão Traseira;1;2;;;;;1
01/02/2021;11:47:00;221;3 - Acidente com Danos Materiais;616,373;BR-376/PR;Sul;Choque - Defensa, barreira ou "submarino";1;1;;;;;1
01/02/2021;16:44:00;353;3 - Acidente com Danos Materiais;671,7;BR-376/PR;Sul;Outros;1;1;;;;;1
02/02/2021;23:14:00;481;2 - Acidente com VITIMA;34,481;BR-101/SC;Norte;Colisão Traseira;3;2;;1;;;2
02/02/2021;22:46:00;471;3 - Acidente com Danos Materiais;33,461;BR-101/SC;Norte;Choque - Outros;3;3;;;;;1
02/02/2021;07:27:00;85;3 - Acidente com Danos Materiais;114,7;BR-101/SC;Sul;Colisão Lateral;1;3;;;;;1
02/02/2021;11:09:00;209;2 - Acidente com VITIMA;1,911;BR-101/SC;Sul;Colisão Traseira;1;1;1;;;;1
02/02/2021;11:21:00;215;3 - Acidente com Danos Materiais;145,1;BR-101/SC;Sul;Colisão Lateral;1;2;;;;;1
02/02/2021;11:35:00;219;2 - Acidente com VITIMA;17,811;BR-101/SC;Norte;Colisão Traseira;2;1;1;;;;1
02/02/2021;17:24:00;373;3 - Acidente com Danos Materiais;205,1;BR-101/SC;Sul;Colisão Traseira;1;2;;;;;1
02/02/2021;19:22:00;414;3 - Acidente com Danos Materiais;79,102;BR-116/PR;Sul;Saida de Pista;1;1;;;;;1
02/02/2021;07:36:00;90;3 - Acidente com Danos Materiais;665,416;BR-376/PR;Sul;Saida de Pista;1;1;;;;;1
03/02/2021;01:08:00;29;3 - Acidente com Danos Materiais;112,4;BR-101/SC;Norte;Colisão Frontal;1;3;;;;;1
03/02/2021;14:39:00;347;3 - Acidente com Danos Materiais;57,792;BR-101/SC;Norte;Colisão Lateral;1;2;;;;;1
03/02/2021;07:41:00;125;3 - Acidente com Danos Materiais;653,964;BR-376/PR;Norte;Choque - Defensa, barreira ou "submarino";1;2;;;;;1
03/02/2021;09:21:00;193;3 - Acidente com Danos Materiais;614,7;BR-376/PR;Sul;Engavetamento;1;3;;;;;1
03/02/2021;10:44:00;251;2 - Acidente com VITIMA;102,201;BR-116/PR;Sul;Colisão Lateral;1;1;1;;;;1
03/02/2021;12:26:00;297;3 - Acidente com Danos Materiais;112,085;BR-101/SC;Norte;Choque - Defensa, barreira ou "submarino";1;1;;;;;1
03/02/2021;09:30:00;197;3 - Acidente com Danos Materiais;79,46;BR-101/SC;Sul;Choque - Defensa, barreira ou "submarino";1;1;;;;;1
04/02/2021;04:30:00;74;3 - Acidente com Danos Materiais;80,044;BR-116/PR;Norte;Choque - Veiculo parado na pista;2;3;;;;;1
04/02/2021;07:46:00;148;3 - Acidente com Danos Materiais;112,8;BR-116/PR;Sul;Saida de Pista;1;2;;;;;1
04/02/2021;10:07:00;218;2 - Acidente com VITIMA;214,437;BR-101/SC;Norte;Colisão Traseira;1;2;1;;;;1
04/02/2021;11:53:00;247;2 - Acidente com VITIMA;212,275;BR-101/SC;Norte;Colisão Lateral;1;1;1;;;;1
04/02/2021;12:00:00;249;3 - Acidente com Danos Materiais;117,315;BR-101/SC;Sul;Colisão Lateral;2;2;;;;;1
04/02/2021;14:26:00;295;3 - Acidente com Danos Materiais;134,846;BR-101/SC;Sul;Colisão Traseira;1;2;;;;;1
04/02/2021;15:47:00;336;3 - Acidente com Danos Materiais;114,902;BR-101/SC;Norte;Outros;2;2;;;;;1
04/02/2021;15:56:00;343;3 - Acidente com Danos Materiais;106,8;BR-116/PR;Sul;Saida de Pista;1;1;;;;;1
04/02/2021;18:15:00;404;3 - Acidente com Danos Materiais;652,938;BR-376/PR;Norte;Colisão Traseira;1;2;;;;;1