data;horario;n_da_ocorrencia;tipo_de_ocorrencia;km;trecho;sentido;tipo_de_acidente;caminhao;ilesos;levemente_feridos;moderadamente_feridos;gravemente_feridos;mortos;3
08/04/2021;11:17:00;176;3 - Acidente com Danos Materiais;107,892;BR-116/PR;Sul;Colisão Traseira;1;3;;;;;1
08/04/2021;16:43:00;287;3 - Acidente com Danos Materiais;134,157;BR-101/SC;Norte;Engavetamento;1;5;;;;;1
08/04/2021;18:38:00;329;2 - Acidente com VITIMA;203,071;BR-101/SC;Sul;Colisão Lateral;1;2;1;;;;1
08/04/2021;21:49:00;393;2 - Acidente com VITIMA;103,759;BR-101/SC;Norte;Colisão Traseira;2;1;1;;;;1
09/04/2021;07:35:00;77;3 - Acidente com Danos Materiais;30,1;BR-101/SC;Sul;Colisão Traseira;2;2;;;;;1
09/04/2021;07:53:00;87;3 - Acidente com Danos Materiais;123,206;BR-101/SC;Sul;Colisão Lateral;1;2;;;;;1
09/04/2021;13:36:00;216;3 - Acidente com Danos Materiais;48,086;BR-101/SC;Sul;Colisão Traseira;1;2;;;;;1
09/04/2021;13:42:00;219;3 - Acidente com Danos Materiais;213,1;BR-101/SC;Norte;Colisão Lateral;1;2;;;;;1
09/04/2021;13:46:00;220;3 - Acidente com Danos Materiais;55,687;BR-101/SC;Norte;Colisão Traseira;2;2;;;;;1
09/04/2021;13:54:00;225;3 - Acidente com Danos Materiais;157,05;BR-101/SC;Norte;Colisão Lateral;1;2;;;;;1
09/04/2021;14:13:00;229;3 - Acidente com Danos Materiais;198,594;BR-101/SC;Sul;Colisão Traseira;1;2;;;;;1
09/04/2021;15:17:00;248;3 - Acidente com Danos Materiais;207,684;BR-101/SC;Norte;Colisão Lateral;1;2;;;;;1
09/04/2021;16:56:00;288;3 - Acidente com Danos Materiais;48,053;BR-101/SC;Norte;Colisão Traseira;1;2;;;;;1
09/04/2021;17:37:00;305;3 - Acidente com Danos Materiais;116,88;BR-101/SC;Sul;Colisão Traseira;1;2;;;;;1
09/04/2021;18:09:00;312;3 - Acidente com Danos Materiais;157,73;BR-101/SC;Sul;Colisão Traseira;2;2;;;;;1
10/04/2021;05:42:00;54;2 - Acidente com VITIMA;115,931;BR-101/SC;Norte;Colisão Traseira;1;1;1;2;;;2
10/04/2021;08:16:00;90;3 - Acidente com Danos Materiais;113,581;BR-101/SC;Sul;Colisão Lateral;1;2;;;;;1
10/04/2021;08:46:00;95;3 - Acidente com Danos Materiais;215,1;BR-101/SC;Sul;Colisão Lateral;1;2;;;;;1
10/04/2021;16:36:00;264;3 - Acidente com Danos Materiais;111,459;BR-116/PR;Norte;Colisão Lateral;1;2;;;;;1
10/04/2021;18:35:00;313;3 - Acidente com Danos Materiais;214,357;BR-101/SC;Norte;Engavetamento;1;5;;;;;1
11/04/2021;01:57:00;33;3 - Acidente com Danos Materiais;32,8;BR-101/SC;Sul;Saida de Pista;1;3;;;;;1
11/04/2021;07:49:00;85;3 - Acidente com Danos Materiais;79,4;BR-101/SC;Sul;Colisão Lateral;1;2;;;;;1
11/04/2021;22:46:00;353;3 - Acidente com Danos Materiais;230,001;BR-101/SC;Norte;Colisão Traseira;1;2;;;;;1
12/04/2021;18:35:00;297;2 - Acidente com VITIMA;215,238;BR-101/SC;Sul;Colisão Traseira;1;1;1;;;;1
12/04/2021;22:07:00;367;2 - Acidente com VITIMA;668,776;BR-376/PR;Sul;Tombamento;1;0;;1;;;2
13/04/2021;01:29:00;29;3 - Acidente com Danos Materiais;668,8;BR-376/PR;Sul;Saida de Pista;1;1;;;;;1
13/04/2021;07:26:00;78;3 - Acidente com Danos Materiais;106,3;BR-101/SC;Sul;Colisão Lateral;1;2;;;;;1
13/04/2021;09:15:00;141;3 - Acidente com Danos Materiais;667,3;BR-376/PR;Sul;Saida de Pista;1;1;;;;;1
13/04/2021;10:55:00;183;3 - Acidente com Danos Materiais;117,929;BR-101/SC;Sul;Engavetamento;3;3;;;;;1
13/04/2021;13:54:00;245;3 - Acidente com Danos Materiais;214,249;BR-101/SC;Sul;Colisão Lateral;1;2;;;;;1
13/04/2021;15:55:00;290;3 - Acidente com Danos Materiais;661,531;BR-376/PR;Norte;Colisão Traseira;2;2;;;;;1
13/04/2021;20:24:00;385;3 - Acidente com Danos Materiais;206,508;BR-101/SC;Norte;Colisão Lateral;1;2;;;;;1
14/04/2021;03:40:00;28;3 - Acidente com Danos Materiais;614,804;BR-376/PR;Sul;Tombamento;1;1;;;;;1
14/04/2021;16:53:00;248;3 - Acidente com Danos Materiais;157,067;BR-101/SC;Sul;Colisão Lateral;1;2;;;;;1
14/04/2021;23:34:00;357;3 - Acidente com Danos Materiais;665,78;BR-376/PR;Sul;Colisão Lateral;1;3;;;;;1
15/04/2021;11:10:00;177;3 - Acidente com Danos Materiais;108,955;BR-101/SC;Sul;Saida de Pista;1;1;;;;;1
16/04/2021;05:26:00;61;3 - Acidente com Danos Materiais;120,129;BR-101/SC;Sul;Colisão Lateral;1;2;;;;;1
16/04/2021;07:10:00;78;3 - Acidente com Danos Materiais;94,3;BR-116/PR;Norte;Colisão Lateral;1;2;;;;;1
16/04/2021;08:04:00;108;2 - Acidente com VITIMA;199,302;BR-101/SC;Sul;Colisão Lateral;1;1;1;;;;1
16/04/2021;08:15:00;112;3 - Acidente com Danos Materiais;117,1;BR-101/SC;Sul;Colisão Lateral;1;2;;;;;1
16/04/2021;13:42:00;210;3 - Acidente com Danos Materiais;109,295;BR-116/PR;Norte;Engavetamento;2;3;;;;;1
16/04/2021;18:27:00;319;2 - Acidente com VITIMA;215,231;BR-101/SC;Sul;Colisão Traseira;1;1;1;;;;1
16/04/2021;19:40:00;340;3 - Acidente com Danos Materiais;106,161;BR-116/PR;Sul;Engavetamento;1;4;;;;;1
16/04/2021;19:56:00;344;2 - Acidente com VITIMA;665,354;BR-376/PR;Norte;Capotamento;1;2;1;;;;1
17/04/2021;01:13:00;22;3 - Acidente com Danos Materiais;668,977;BR-376/PR;Sul;Colisão Lateral;2;4;;;;;1
17/04/2021;06:35:00;70;3 - Acidente com Danos Materiais;667,748;BR-376/PR;Sul;Choque - Defensa, barreira ou "submarino";1;1;;;;;1
17/04/2021;14:35:00;195;3 - Acidente com Danos Materiais;640,723;BR-376/PR;Sul;Colisão Traseira;2;2;;;;;1
17/04/2021;16:41:00;245;3 - Acidente com Danos Materiais;63,695;BR-101/SC;Norte;Colisão Traseira;1;2;;;;;1
18/04/2021;00:38:00;9;3 - Acidente com Danos Materiais;73,07;BR-116/PR;Norte;Atropelamento de Animal;1;1;;;;;1
18/04/2021;22:27:00;338;3 - Acidente com Danos Materiais;671,7;BR-376/PR;Sul;Saida de Pista;1;1;;;;;1
18/04/2021;23:49:00;358;3 - Acidente com Danos Materiais;205,16;BR-101/SC;Norte;Colisão Traseira;1;3;;;;;1
19/04/2021;05:12:00;55;2 - Acidente com VITIMA;104,6;BR-101/SC;Sul;Colisão Traseira;2;2;1;;;;1
19/04/2021;07:06:00;71;3 - Acidente com Danos Materiais;667,6;BR-376/PR;Sul;Colisão Traseira;1;2;;;;;1
19/04/2021;07:08:00;72;3 - Acidente com Danos Materiais;56,595;BR-101/SC;Sul;Colisão Lateral;1;2;;;;;1
19/04/2021;08:39:00;131;3 - Acidente com Danos Materiais;134,3;BR-101/SC;Norte;Colisão Traseira;1;2;;;;;1
19/04/2021;10:37:00;167;2 - Acidente com VITIMA;106,5;BR-116/PR;Sul;Colisão Lateral;1;3;1;;;;1
19/04/2021;15:11:00;244;3 - Acidente com Danos Materiais;630,963;BR-376/PR;Norte;Saida de Pista;1;1;;;;;1
19/04/2021;19:55:00;334;3 - Acidente com Danos Materiais;235,293;BR-101/SC;Norte;Colisão Lateral;1;2;;;;;1
19/04/2021;20:52:00;350;3 - Acidente com Danos Materiais;239,225;BR-101/SC;Sul;Capotamento;1;2;;;;;1
20/04/2021;04:25:00;41;2 - Acidente com VITIMA;653,944;BR-376/PR;Norte;Colisão Traseira;2;2;1;;;;1
20/04/2021;07:48:00;80;3 - Acidente com Danos Materiais;127,5;BR-101/SC;Sul;Colisão Transversal;1;2;;;;;1
20/04/2021;08:02:00;87;2 - Acidente com VITIMA;38,1;BR-101/SC;Sul;Colisão Lateral;1;1;;1;;;2
20/04/2021;08:36:00;114;3 - Acidente com Danos Materiais;114,952;BR-116/PR;Sul;Colisão Lateral;1;2;;;;;1
20/04/2021;08:48:00;124;3 - Acidente com Danos Materiais;79,4;BR-101/SC;Sul;Colisão Lateral;2;2;;;;;1
20/04/2021;09:07:00;134;3 - Acidente com Danos Materiais;113,9;BR-116/PR;Sul;Colisão Lateral;1;2;;;;;1
20/04/2021;10:32:00;160;3 - Acidente com Danos Materiais;643,261;BR-376/PR;Sul;Colisão Lateral;1;2;;;;;1
20/04/2021;12:11:00;199;3 - Acidente com Danos Materiais;206,525;BR-101/SC;Norte;Engavetamento;2;3;;;;;1
20/04/2021;12:32:00;209;2 - Acidente com VITIMA;108,623;BR-116/PR;Norte;Queda de Moto;1;1;;1;;;2
20/04/2021;18:31:00;326;2 - Acidente com VITIMA;209,8;BR-101/SC;Norte;Colisão Lateral;1;2;1;;;;1
20/04/2021;20:09:00;352;3 - Acidente com Danos Materiais;157,3;BR-101/SC;Norte;Colisão Traseira;1;2;;;;;1
21/04/2021;00:25:00;10;2 - Acidente com VITIMA;112,251;BR-101/SC;Norte;Colisão Traseira;1;1;1;;;;1
21/04/2021;08:28:00;80;3 - Acidente com Danos Materiais;1,3;BR-101/SC;Sul;Colisão Lateral;1;2;;;;;1
21/04/2021;09:16:00;103;2 - Acidente com VITIMA;235,247;BR-101/SC;Norte;Objeto lançado contra veículo;1;0;;;1;;2
21/04/2021;13:06:00;152;3 - Acidente com Danos Materiais;96,366;BR-116/PR;Norte;Colisão Traseira;1;2;;;;;1
21/04/2021;13:32:00;159;3 - Acidente com Danos Materiais;239,776;BR-101/SC;Norte;Engavetamento;2;3;;;;;1
21/04/2021;16:22:00;218;3 - Acidente com Danos Materiais;658,608;BR-376/PR;Norte;Colisão Traseira;1;2;;;;;1
21/04/2021;17:07:00;236;3 - Acidente com Danos Materiais;157,73;BR-101/SC;Sul;Colisão Traseira;1;2;;;;;1
21/04/2021;17:28:00;249;2 - Acidente com VITIMA;25,159;BR-101/SC;Norte;Choque - Defensa, barreira ou "submarino";1;1;2;;;;1
21/04/2021;18:51:00;272;3 - Acidente com Danos Materiais;233,092;BR-101/SC;Norte;Engavetamento;1;4;;;;;1
21/04/2021;20:48:00;295;2 - Acidente com VITIMA;229,114;BR-101/SC;Norte;Choque - Defensa, barreira ou "submarino";1;1;1;;;;1
22/04/2021;03:07:00;31;3 - Acidente com Danos Materiais;624,067;BR-376/PR;Sul;Saida de Pista;1;2;;;;;1
22/04/2021;11:24:00;179;3 - Acidente com Danos Materiais;176,7;BR-101/SC;Norte;Objeto lançado contra veículo;1;2;;;;;1
22/04/2021;11:34:00;185;2 - Acidente com VITIMA;150,083;BR-101/SC;Sul;Colisão Lateral;1;2;1;;;;1
22/04/2021;13:45:00;215;1 - Acidente com Vitima Fatal;8,548;BR-101/SC;Norte;Colisão Traseira;1;1;;;;1;3
22/04/2021;14:17:00;221;3 - Acidente com Danos Materiais;671,7;BR-376/PR;Sul;Saida de Pista;1;1;;;;;1
22/04/2021;15:12:00;240;3 - Acidente com Danos Materiais;151,068;BR-101/SC;Norte;Choque - Suporte de Sinalização;1;1;;;;;1
22/04/2021;17:19:00;288;3 - Acidente com Danos Materiais;133,85;BR-101/SC;Norte;Colisão Traseira;2;2;;;;;1
22/04/2021;19:24:00;315;3 - Acidente com Danos Materiais;117,745;BR-101/SC;Sul;Colisão Traseira;1;2;;;;;1
23/04/2021;06:29:00;59;3 - Acidente com Danos Materiais;157,73;BR-101/SC;Sul;Colisão Traseira;1;2;;;;;1
23/04/2021;11:07:00;183;3 - Acidente com Danos Materiais;194,835;BR-101/SC;Sul;Colisão Lateral;1;4;;;;;1
23/04/2021;11:17:00;184;3 - Acidente com Danos Materiais;42,1;BR-101/SC;Norte;Colisão Traseira;1;2;;;;;1
23/04/2021;11:55:00;191;3 - Acidente com Danos Materiais;51,1;BR-101/SC;Sul;Colisão Lateral;1;2;;;;;1
23/04/2021;14:28:00;239;3 - Acidente com Danos Materiais;62,048;BR-101/SC;Norte;Colisão Lateral;1;2;;;;;1
23/04/2021;20:33:00;370;3 - Acidente com Danos Materiais;117,921;BR-101/SC;Norte;Choque - Outros;1;1;;;;;1
23/04/2021;20:59:00;377;3 - Acidente com Danos Materiais;120,669;BR-101/SC;Norte;Colisão Traseira;2;2;;;;;1
23/04/2021;22:11:00;397;3 - Acidente com Danos Materiais;667,001;BR-376/PR;Norte;Colisão Traseira;2;2;;;;;1
24/04/2021;20:05:00;323;3 - Acidente com Danos Materiais;68,54;BR-101/SC;Norte;Engavetamento;1;3;;;;;1
24/04/2021;23:37:00;371;2 - Acidente com VITIMA;208,138;BR-101/SC;Norte;Colisão Lateral;1;1;1;;;;1
25/04/2021;02:53:00;31;2 - Acidente com VITIMA;114,1;BR-116/PR;Norte;Choque - Suporte de Sinalização;1;3;2;;;;1
25/04/2021;09:26:00;93;3 - Acidente com Danos Materiais;671,7;BR-376/PR;Sul;Saida de Pista;1;1;;;;;1
25/04/2021;10:10:00;99;3 - Acidente com Danos Materiais;667,3;BR-376/PR;Sul;Saida de Pista;1;2;;;;;1
25/04/2021;15:46:00;193;2 - Acidente com VITIMA;214,852;BR-101/SC;Sul;Colisão Lateral;1;1;5;;;;1
25/04/2021;18:28:00;263;3 - Acidente com Danos Materiais;145,164;BR-101/SC;Norte;Colisão Lateral;1;2;;;;;1
25/04/2021;20:42:00;307;3 - Acidente com Danos Materiais;208,3;BR-101/SC;Norte;Colisão Traseira;1;2;;;;;1
26/04/2021;05:25:00;34;3 - Acidente com Danos Materiais;97,705;BR-101/SC;Norte;Colisão Lateral;1;2;;;;;1
26/04/2021;08:29:00;102;3 - Acidente com Danos Materiais;201,6;BR-101/SC;Sul;Colisão Traseira;3;3;;;;;1
26/04/2021;15:13:00;218;3 - Acidente com Danos Materiais;208,403;BR-101/SC;Norte;Colisão Lateral;1;2;;;;;1
26/04/2021;17:29:00;269;3 - Acidente com Danos Materiais;115,814;BR-101/SC;Sul;Colisão Lateral;2;2;;;;;1
26/04/2021;17:48:00;274;3 - Acidente com Danos Materiais;142,337;BR-101/SC;Sul;Colisão Traseira;1;2;;;;;1
26/04/2021;19:45:00;299;2 - Acidente com VITIMA;115,233;BR-101/SC;Sul;Atropelamento - Ambulante;1;1;1;;;;1
27/04/2021;07:07:00;60;2 - Acidente com VITIMA;670,866;BR-376/PR;Sul;Tombamento;1;0;1;;;;1
27/04/2021;13:34:00;185;2 - Acidente com VITIMA;675,243;BR-376/PR;Sul;Colisão Traseira;2;2;3;;;;1
27/04/2021;18:18:00;261;3 - Acidente com Danos Materiais;131,553;BR-101/SC;Sul;Colisão Lateral;1;2;;;;;1
28/04/2021;06:24:00;59;2 - Acidente com VITIMA;209,09;BR-101/SC;Norte;Colisão Traseira;2;1;1;;;;1
28/04/2021;08:42:00;115;3 - Acidente com Danos Materiais;212,4;BR-101/SC;Sul;Colisão Traseira;1;2;;;;;1
28/04/2021;09:01:00;128;3 - Acidente com Danos Materiais;625,048;BR-376/PR;Sul;Colisão Traseira;2;3;;;;;1
28/04/2021;09:31:00;138;3 - Acidente com Danos Materiais;136,2;BR-101/SC;Sul;Colisão Lateral;1;2;;;;;1
28/04/2021;09:50:00;148;3 - Acidente com Danos Materiais;147,8;BR-101/SC;Norte;Colisão Traseira;1;3;;;;;1
28/04/2021;09:52:00;150;3 - Acidente com Danos Materiais;104,95;BR-101/SC;Norte;Colisão Lateral;1;2;;;;;1
28/04/2021;12:21:00;198;3 - Acidente com Danos Materiais;667,6;BR-376/PR;Sul;Colisão Lateral;1;2;;;;;1
28/04/2021;12:39:00;204;3 - Acidente com Danos Materiais;681,921;BR-376/PR;Sul;Engavetamento;3;3;;;;;1
28/04/2021;13:35:00;224;3 - Acidente com Danos Materiais;108,93;BR-101/SC;Norte;Saida de Pista;1;1;;;;;1
28/04/2021;14:07:00;233;3 - Acidente com Danos Materiais;666,256;BR-376/PR;Sul;Tombamento;1;1;;;;;1
29/04/2021;07:35:00;92;3 - Acidente com Danos Materiais;102,1;BR-116/PR;Sul;Colisão Traseira;1;2;;;;;1
29/04/2021;07:39:00;95;3 - Acidente com Danos Materiais;132,249;BR-101/SC;Sul;Engavetamento;1;5;;;;;1
29/04/2021;08:03:00;115;2 - Acidente com VITIMA;670,068;BR-376/PR;Norte;Queda de Moto;1;1;1;;;;1
29/04/2021;08:38:00;134;2 - Acidente com VITIMA;92,9;BR-116/PR;Norte;Colisão Traseira;1;1;1;;;;1
29/04/2021;10:57:00;196;3 - Acidente com Danos Materiais;149,586;BR-101/SC;Norte;Engavetamento;2;3;;;;;1
29/04/2021;15:16:00;273;3 - Acidente com Danos Materiais;671,7;BR-376/PR;Sul;Saida de Pista;1;1;;;;;1
29/04/2021;15:27:00;279;3 - Acidente com Danos Materiais;184,624;BR-101/SC;Norte;Colisão Lateral;1;3;;;;;1
29/04/2021;16:53:00;321;3 - Acidente com Danos Materiais;242,795;BR-101/SC;Norte;Colisão Lateral;2;2;;;;;1
29/04/2021;18:15:00;349;2 - Acidente com VITIMA;43,772;BR-101/SC;Sul;Colisão Lateral;1;1;1;;;;1
29/04/2021;18:15:00;350;3 - Acidente com Danos Materiais;52,097;BR-101/SC;Norte;Engavetamento;2;4;;;;;1
30/04/2021;05:04:00;33;3 - Acidente com Danos Materiais;210,93;BR-101/SC;Sul;Colisão Lateral;1;2;;;;;1
30/04/2021;09:17:00;120;3 - Acidente com Danos Materiais;665,05;BR-376/PR;Sul;Choque - Talude;1;1;;;;;1
30/04/2021;10:57:00;159;2 - Acidente com VITIMA;68,385;BR-101/SC;Sul;Colisão Traseira;1;2;1;;;;1
30/04/2021;15:29:00;241;2 - Acidente com VITIMA;644,414;BR-376/PR;Norte;Engavetamento;4;3;2;;;;1
30/04/2021;17:16:00;281;3 - Acidente com Danos Materiais;55,946;BR-101/SC;Norte;Saida de Pista;1;1;;;;;1
01/05/2021;18:26:00;262;1 - Acidente com Vitima Fatal;99,522;BR-101/SC;Norte;Atropelamento - Andarilho;1;2;;;;1;3
01/05/2021;08:52:00;88;3 - Acidente com Danos Materiais;127,664;BR-101/SC;Norte;Colisão Lateral;1;2;;;;;1
02/05/2021;08:06:00;73;3 - Acidente com Danos Materiais;85,884;BR-116/PR;Sul;Choque - Defensa, barreira ou "submarino";1;1;;;;;1
02/05/2021;06:25:00;52;3 - Acidente com Danos Materiais;167,389;BR-101/SC;Sul;Saida de Pista;1;1;;;;;1
02/05/2021;14:00:00;178;3 - Acidente com Danos Materiais;111,246;BR-101/SC;Norte;Colisão Lateral;1;2;;;;;1
03/05/2021;23:00:00;429;3 - Acidente com Danos Materiais;203,049;BR-101/SC;Norte;Colisão Lateral;1;2;;;;;1
03/05/2021;22:30:00;417;2 - Acidente com VITIMA;212,473;BR-101/SC;Norte;Colisão Lateral;1;4;1;;;;1
03/05/2021;12:28:00;195;2 - Acidente com VITIMA;208,127;BR-101/SC;Sul;Colisão Traseira;1;1;1;;;;1
03/05/2021;15:42:00;275;3 - Acidente com Danos Materiais;207,936;BR-101/SC;Sul;Colisão Lateral;1;2;;;;;1
03/05/2021;18:15:00;341;2 - Acidente com VITIMA;202,652;BR-101/SC;Norte;Engavetamento;1;4;;;1;;2
04/05/2021;11:00:00;157;2 - Acidente com VITIMA;25,624;BR-101/SC;Sul;Engavetamento;4;3;1;;;;1
04/05/2021;06:12:00;50;3 - Acidente com Danos Materiais;670,024;BR-376/PR;Norte;Colisão Traseira;2;2;;;;;1
04/05/2021;11:00:00;320;3 - Acidente com Danos Materiais;25,624;BR-101/SC;Sul;Colisão Traseira;2;2;;;;;1
05/05/2021;21:37:00;373;1 - Acidente com Vitima Fatal;137,593;BR-101/SC;Norte;Engavetamento;3;2;;1;1;1;3
05/05/2021;08:00:00;89;3 - Acidente com Danos Materiais;215,8;BR-101/SC;Norte;Colisão Traseira;1;2;;;;;1
05/05/2021;08:10:00;100;3 - Acidente com Danos Materiais;118,123;BR-101/SC;Sul;Colisão Traseira;1;2;;;;;1
05/05/2021;08:22:00;121;3 - Acidente com Danos Materiais;212,5;BR-101/SC;Norte;Colisão Traseira;1;2;;;;;1
05/05/2021;08:39:00;131;3 - Acidente com Danos Materiais;212,3;BR-101/SC;Norte;Colisão Traseira;1;2;;;;;1
05/05/2021;08:25:00;159;3 - Acidente com Danos Materiais;212,1;BR-101/SC;Norte;Colisão Traseira;1;2;;;;;1
05/05/2021;09:59:00;162;3 - Acidente com Danos Materiais;215,75;BR-101/SC;Norte;Colisão Traseira;1;2;;;;;1
05/05/2021;10:40:00;178;3 - Acidente com Danos Materiais;102,1;BR-116/PR;Sul;Colisão Traseira;2;2;;;;;1
06/05/2021;02:25:00;25;3 - Acidente com Danos Materiais;628,286;BR-376/PR;Norte;Choque - Elemento de Drenagem;1;1;;;;;1
06/05/2021;15:54:00;265;2 - Acidente com VITIMA;57,179;BR-101/SC;Sul;Engavetamento;2;2;2;;;;1
06/05/2021;14:18:00;229;3 - Acidente com Danos Materiais;242,793;BR-101/SC;Norte;Colisão Lateral;2;2;;;;;1
06/05/2021;17:05:00;289;3 - Acidente com Danos Materiais;151,243;BR-101/SC;Norte;Colisão Lateral;1;2;;;;;1
06/05/2021;16:43:00;282;3 - Acidente com Danos Materiais;212,72;BR-101/SC;Norte;Saida de Pista;1;1;;;;;1
06/05/2021;07:50:00;68;3 - Acidente com Danos Materiais;135,529;BR-101/SC;Norte;Engavetamento;1;3;;;;;1
06/05/2021;20:33:00;361;3 - Acidente com Danos Materiais;39,2;BR-101/SC;Norte;Colisão Traseira;2;2;;;;;1
06/05/2021;15:57:00;267;3 - Acidente com Danos Materiais;204,8;BR-101/SC;Sul;Colisão Lateral;1;2;;;;;1
06/05/2021;18:24:00;317;3 - Acidente com Danos Materiais;158,15;BR-101/SC;Norte;Colisão Lateral;1;2;;;;;1
06/05/2021;18:39:00;323;3 - Acidente com Danos Materiais;630,792;BR-376/PR;Sul;Tombamento;1;1;;;;;1
07/05/2021;00:54:00;14;3 - Acidente com Danos Materiais;114,681;BR-116/PR;Norte;Saida de Pista;1;1;;;;;1
07/05/2021;13:04:00;244;3 - Acidente com Danos Materiais;671,825;BR-376/PR;Sul;Colisão Lateral;2;2;;;;;1
07/05/2021;23:10:00;462;2 - Acidente com VITIMA;36,465;BR-101/SC;Norte;Colisão Traseira;2;1;;;1;;2
07/05/2021;07:09:00;78;3 - Acidente com Danos Materiais;198,686;BR-101/SC;Sul;Colisão Lateral;1;2;;;;;1
07/05/2021;07:38:00;93;3 - Acidente com Danos Materiais;198,686;BR-101/SC;Sul;Colisão Traseira;1;2;;;;;1
07/05/2021;08:38:00;142;3 - Acidente com Danos Materiais;212,433;BR-101/SC;Sul;Colisão Traseira;2;2;;;;;1
07/05/2021;14:00:00;256;2 - Acidente com VITIMA;28,81;BR-101/SC;Norte;Colisão Lateral;1;2;1;;;;1
07/05/2021;14:56:00;272;3 - Acidente com Danos Materiais;107,637;BR-116/PR;Sul;Colisão Traseira;1;2;;;;;1
07/05/2021;15:26:00;280;2 - Acidente com VITIMA;614,816;BR-376/PR;Norte;Colisão Lateral;1;2;1;;;;1
07/05/2021;16:45:00;324;3 - Acidente com Danos Materiais;210,12;BR-101/SC;Norte;Engavetamento;2;3;;;;;1
07/05/2021;18:04:00;368;3 - Acidente com Danos Materiais;215,643;BR-101/SC;Sul;Colisão Lateral;1;2;;;;;1
07/05/2021;18:40:00;381;3 - Acidente com Danos Materiais;92,292;BR-116/PR;Norte;Colisão Traseira;1;2;;;;;1
07/05/2021;19:11:00;386;3 - Acidente com Danos Materiais;95,854;BR-116/PR;Sul;Colisão Lateral;1;2;;;;;1
07/05/2021;19:12:00;387;3 - Acidente com Danos Materiais;194,843;BR-101/SC;Norte;Colisão Traseira;2;2;;;;;1
08/05/2021;00:15:00;6;3 - Acidente com Danos Materiais;55,888;BR-101/SC;Sul;Colisão Lateral;1;2;;;;;1
08/05/2021;00:52:00;15;3 - Acidente com Danos Materiais;42,266;BR-101/SC;Sul;Colisão Traseira;1;5;;;;;1
09/05/2021;02:12:00;28;3 - Acidente com Danos Materiais;244,355;BR-101/SC;Sul;Tombamento;1;1;;;;;1
09/05/2021;10:46:00;124;2 - Acidente com VITIMA;242,114;BR-101/SC;Norte;Colisão Traseira;1;1;;1;;;2
09/05/2021;19:53:00;291;3 - Acidente com Danos Materiais;203,92;BR-101/SC;Norte;Engavetamento;1;3;;;;;1
10/05/2021;10:43:00;182;2 - Acidente com VITIMA;109,526;BR-101/SC;Norte;Colisão Traseira;2;1;1;;;;1
10/05/2021;14:24:00;235;3 - Acidente com Danos Materiais;242,985;BR-101/SC;Sul;Colisão Traseira;3;3;;;;;1
10/05/2021;20:14:00;378;3 - Acidente com Danos Materiais;614,75;BR-376/PR;Norte;Colisão Lateral;1;2;;;;;1
10/05/2021;04:20:00;43;3 - Acidente com Danos Materiais;128,818;BR-101/SC;Sul;Colisão Lateral;1;1;;;;;1
10/05/2021;08:23:00;128;3 - Acidente com Danos Materiais;201,077;BR-101/SC;Sul;Colisão Lateral;1;2;;;;;1
10/05/2021;10:11:00;176;3 - Acidente com Danos Materiais;233,944;BR-101/SC;Sul;Choque - Defensa, barreira ou "submarino";1;2;;;;;1
10/05/2021;08:57:00;146;3 - Acidente com Danos Materiais;39,311;BR-101/SC;Norte;Colisão Lateral;1;2;;;;;1
10/05/2021;16:46:00;287;3 - Acidente com Danos Materiais;211,63;BR-101/SC;Norte;Colisão Traseira;1;2;;;;;1
10/05/2021;18:21:00;334;3 - Acidente com Danos Materiais;210,908;BR-101/SC;Sul;Colisão Traseira;1;2;;;;;1
10/05/2021;19:12:00;352;3 - Acidente com Danos Materiais;111,257;BR-116/PR;Sul;Colisão Traseira;1;2;;;;;1
10/05/2021;19:12:00;353;3 - Acidente com Danos Materiais;207,695;BR-101/SC;Norte;Colisão Traseira;1;2;;;;;1
10/05/2021;09:59:00;171;3 - Acidente com Danos Materiais;110,399;BR-101/SC;Sul;Choque - Defensa, barreira ou "submarino";1;1;;;;;1
11/05/2021;07:23:00;75;3 - Acidente com Danos Materiais;87,369;BR-116/PR;Norte;Colisão Lateral;1;2;;;;;1