data;horario;n_da_ocorrencia;tipo_de_ocorrencia;km;trecho;sentido;tipo_de_acidente;caminhao;ilesos;levemente_feridos;moderadamente_feridos;gravemente_feridos;mortos;3
11/05/2021;10:00:00;159;3 - Acidente com Danos Materiais;113,41;BR-101/SC;Norte;Colisão Traseira;1;2;;;;;1
11/05/2021;18:46:00;339;3 - Acidente com Danos Materiais;242,424;BR-101/SC;Sul;Colisão Traseira;2;2;;;;;1
11/05/2021;09:25:00;145;3 - Acidente com Danos Materiais;207,982;BR-101/SC;Norte;Colisão Lateral;1;2;;;;;1
11/05/2021;08:34:00;112;3 - Acidente com Danos Materiais;39,93;BR-101/SC;Sul;Colisão Lateral;2;2;;;;;1
11/05/2021;10:30:00;174;3 - Acidente com Danos Materiais;211,5;BR-101/SC;Norte;Colisão Lateral;1;2;;;;;1
11/05/2021;15:39:00;262;3 - Acidente com Danos Materiais;207,693;BR-101/SC;Norte;Colisão Lateral;1;2;;;;;1
11/05/2021;16:32:00;279;3 - Acidente com Danos Materiais;122,655;BR-101/SC;Norte;Colisão Traseira;2;2;;;;;1
11/05/2021;22:52:00;390;2 - Acidente com VITIMA;623,12;BR-376/PR;Norte;Colisão Traseira;1;3;1;;;;1
12/05/2021;05:03:00;44;3 - Acidente com Danos Materiais;36,497;BR-101/SC;Norte;Engavetamento;2;4;;;;;1
12/05/2021;13:14:00;144;3 - Acidente com Danos Materiais;615,745;BR-376/PR;Norte;Colisão Traseira;1;2;;;;;1
12/05/2021;15:27:00;191;3 - Acidente com Danos Materiais;671,713;BR-376/PR;Sul;Saida de Pista;1;1;;;;;1
12/05/2021;03:33:00;31;3 - Acidente com Danos Materiais;39,956;BR-101/SC;Sul;Colisão Traseira;2;2;;;;;1
12/05/2021;19:14:00;267;3 - Acidente com Danos Materiais;214,297;BR-101/SC;Norte;Colisão Lateral;1;2;;;;;1
12/05/2021;06:45:00;60;3 - Acidente com Danos Materiais;232,1;BR-101/SC;Sul;Choque - Defensa, barreira ou "submarino";1;2;;;;;1
12/05/2021;13:19:00;145;3 - Acidente com Danos Materiais;615,459;BR-376/PR;Norte;Colisão Traseira;2;2;;;;;1
12/05/2021;04:34:00;40;3 - Acidente com Danos Materiais;36,435;BR-101/SC;Norte;Colisão Lateral;1;2;;;;;1
12/05/2021;17:27:00;229;3 - Acidente com Danos Materiais;94,915;BR-116/PR;Norte;Colisão Traseira;1;2;;;;;1
12/05/2021;14:52:00;180;3 - Acidente com Danos Materiais;234,245;BR-101/SC;Sul;Saida de Pista;1;1;;;;;1
13/05/2021;11:16:00;193;3 - Acidente com Danos Materiais;676,244;BR-376/PR;Norte;Tombamento;2;2;;;;;1
13/05/2021;17:04:00;296;3 - Acidente com Danos Materiais;205,201;BR-101/SC;Sul;Colisão Lateral;1;2;;;;;1
13/05/2021;06:37:00;65;3 - Acidente com Danos Materiais;214,8;BR-101/SC;Sul;Colisão Lateral;1;2;;;;;1
13/05/2021;07:50:00;107;3 - Acidente com Danos Materiais;56,1;BR-101/SC;Norte;Colisão Transversal;1;2;;;;;1
13/05/2021;10:31:00;179;3 - Acidente com Danos Materiais;135,1;BR-101/SC;Norte;Colisão Traseira;1;2;;;;;1
13/05/2021;14:58:00;234;3 - Acidente com Danos Materiais;207,4;BR-101/SC;Sul;Colisão Lateral;1;2;;;;;1
13/05/2021;15:03:00;237;3 - Acidente com Danos Materiais;122,2;BR-101/SC;Sul;Engavetamento;1;4;;;;;1
13/05/2021;15:22:00;250;3 - Acidente com Danos Materiais;618,594;BR-376/PR;Norte;Colisão Lateral;1;2;;;;;1
13/05/2021;16:28:00;281;2 - Acidente com VITIMA;209,177;BR-101/SC;Norte;Colisão Traseira;1;1;1;;;;1
13/05/2021;19:52:00;362;2 - Acidente com VITIMA;35,301;BR-101/SC;Sul;Colisão Traseira;2;1;1;;;;1
14/05/2021;03:28:00;49;3 - Acidente com Danos Materiais;140,334;BR-101/SC;Sul;Tombamento;1;3;;;;;1
14/05/2021;09:12:00;142;2 - Acidente com VITIMA;664,784;BR-376/PR;Sul;Tombamento;1;0;;1;;;2
14/05/2021;12:23:00;213;3 - Acidente com Danos Materiais;667,3;BR-376/PR;Sul;Saida de Pista;1;1;;;;;1
14/05/2021;13:23:00;229;2 - Acidente com VITIMA;681,15;BR-376/PR;Norte;Colisão Traseira;1;2;2;;;;1
14/05/2021;17:50:00;331;3 - Acidente com Danos Materiais;94,7;BR-101/SC;Sul;Colisão Traseira;1;2;;;;;1
14/05/2021;19:38:00;367;3 - Acidente com Danos Materiais;209,942;BR-101/SC;Norte;Colisão Lateral;1;2;;;;;1
14/05/2021;21:48:00;420;3 - Acidente com Danos Materiais;223,871;BR-101/SC;Sul;Engavetamento;2;7;;;;;1
15/05/2021;00:39:00;14;2 - Acidente com VITIMA;124,708;BR-101/SC;Norte;Engavetamento;1;2;1;;;;1
15/05/2021;14:26:00;222;3 - Acidente com Danos Materiais;653,835;BR-376/PR;Sul;Saida de Pista;2;2;;;;;1
15/05/2021;06:29:00;58;2 - Acidente com VITIMA;211,5;BR-101/SC;Norte;Colisão Lateral;1;1;1;;;;1
15/05/2021;11:49:00;173;3 - Acidente com Danos Materiais;103,054;BR-116/PR;Norte;Colisão Lateral;1;2;;;;;1
16/05/2021;12:58:00;161;3 - Acidente com Danos Materiais;15,9;BR-101/SC;Norte;Saida de Pista;1;1;;;;;1
16/05/2021;17:08:00;239;3 - Acidente com Danos Materiais;127,264;BR-101/SC;Norte;Colisão Traseira;1;3;;;;;1
16/05/2021;10:38:00;121;3 - Acidente com Danos Materiais;209,8;BR-101/SC;Sul;Colisão Traseira;1;2;;;;;1
17/05/2021;12:39:00;171;3 - Acidente com Danos Materiais;113,821;BR-116/PR;Norte;Tombamento;1;2;;;;;1
17/05/2021;08:35:00;78;2 - Acidente com VITIMA;201,326;BR-101/SC;Sul;Saida de Pista;1;0;;1;;;2
18/05/2021;17:01:00;281;3 - Acidente com Danos Materiais;111,887;BR-101/SC;Sul;Tombamento;1;2;;;;;1
18/05/2021;11:07:00;156;2 - Acidente com VITIMA;214,4;BR-101/SC;Norte;Colisão Traseira;1;1;1;;;;1
18/05/2021;23:25:00;412;3 - Acidente com Danos Materiais;114,463;BR-101/SC;Sul;Colisão Traseira;2;2;;;;;1
18/05/2021;09:09:00;108;2 - Acidente com VITIMA;119,1;BR-101/SC;Norte;Colisão Traseira;1;1;1;;;;1
18/05/2021;10:25:00;130;3 - Acidente com Danos Materiais;123,1;BR-101/SC;Norte;Colisão Traseira;1;2;;;;;1
18/05/2021;11:30:00;169;3 - Acidente com Danos Materiais;673,78;BR-376/PR;Sul;Engavetamento;1;4;;;;;1
18/05/2021;17:12:00;284;3 - Acidente com Danos Materiais;156,187;BR-101/SC;Norte;Colisão Lateral;1;3;;;;;1
18/05/2021;18:38:00;308;2 - Acidente com VITIMA;97,373;BR-116/PR;Norte;Capotamento;1;1;;1;;;2
18/05/2021;19:15:00;326;3 - Acidente com Danos Materiais;203,574;BR-101/SC;Sul;Colisão Lateral;1;2;;;;;1
18/05/2021;07:48:00;78;3 - Acidente com Danos Materiais;92,186;BR-116/PR;Sul;Engavetamento;2;4;;;;;1
19/05/2021;16:22:00;253;3 - Acidente com Danos Materiais;133,637;BR-101/SC;Norte;Choque - Defensa, barreira ou "submarino";1;2;;;;;1
19/05/2021;07:41:00;75;3 - Acidente com Danos Materiais;198,7;BR-101/SC;Sul;Colisão Traseira;1;2;;;;;1
19/05/2021;08:04:00;81;3 - Acidente com Danos Materiais;151,6;BR-101/SC;Norte;Colisão Lateral;1;2;;;;;1
19/05/2021;14:04:00;202;3 - Acidente com Danos Materiais;90,225;BR-101/SC;Sul;Engavetamento;3;4;;;;;1
19/05/2021;17:05:00;273;3 - Acidente com Danos Materiais;217,125;BR-101/SC;Norte;Colisão Lateral;1;2;;;;;1
19/05/2021;18:56:00;316;3 - Acidente com Danos Materiais;154,299;BR-101/SC;Norte;Colisão Traseira;1;2;;;;;1
20/05/2021;07:35:00;77;2 - Acidente com VITIMA;37,219;BR-101/SC;Sul;Colisão Traseira;2;3;;1;;;2
20/05/2021;06:48:00;52;3 - Acidente com Danos Materiais;215,409;BR-101/SC;Norte;Colisão Lateral;1;3;;;;;1
20/05/2021;09:27:00;125;3 - Acidente com Danos Materiais;91,954;BR-116/PR;Norte;Colisão Lateral;1;2;;;;;1
20/05/2021;11:30:00;152;3 - Acidente com Danos Materiais;206,001;BR-101/SC;Norte;Colisão Traseira;1;3;;;;;1
20/05/2021;11:31:00;153;3 - Acidente com Danos Materiais;47,28;BR-101/SC;Sul;Colisão Lateral;2;2;;;;;1
20/05/2021;11:47:00;161;3 - Acidente com Danos Materiais;206,5;BR-101/SC;Norte;Colisão Traseira;1;2;;;;;1
20/05/2021;11:52:00;163;3 - Acidente com Danos Materiais;157,4;BR-101/SC;Sul;Colisão Traseira;2;2;;;;;1
20/05/2021;15:28:00;247;3 - Acidente com Danos Materiais;233,733;BR-101/SC;Norte;Colisão Lateral;1;2;;;;;1
20/05/2021;17:21:00;301;2 - Acidente com VITIMA;173,975;BR-101/SC;Norte;Colisão Traseira;2;2;1;;;;1
20/05/2021;20:28:00;355;3 - Acidente com Danos Materiais;142,178;BR-101/SC;Norte;Colisão Lateral;1;2;;;;;1
20/05/2021;20:47:00;362;2 - Acidente com VITIMA;143,41;BR-101/SC;Norte;Colisão Traseira;1;1;1;;;;1
20/05/2021;14:09:00;217;3 - Acidente com Danos Materiais;665,829;BR-376/PR;Sul;Colisão Traseira;1;4;;;;;1
21/05/2021;20:20:00;360;3 - Acidente com Danos Materiais;191,651;BR-101/SC;Norte;Engavetamento;1;3;;;;;1
21/05/2021;16:58:00;308;2 - Acidente com VITIMA;668,727;BR-376/PR;Sul;Tombamento;1;3;;;1;;2
21/05/2021;10:26:00;175;3 - Acidente com Danos Materiais;158,73;BR-101/SC;Sul;Colisão Lateral;1;2;;;;;1
21/05/2021;07:46:00;85;2 - Acidente com VITIMA;98,077;BR-116/PR;Sul;Colisão Lateral;1;2;1;;;;1
21/05/2021;14:28:00;242;2 - Acidente com VITIMA;201,413;BR-101/SC;Norte;Colisão Traseira;1;1;1;;;;1
21/05/2021;14:30:00;244;3 - Acidente com Danos Materiais;157,66;BR-101/SC;Sul;Choque - Veiculo parado na pista;2;2;;;;;1
22/05/2021;05:56:00;46;2 - Acidente com VITIMA;106,3;BR-116/PR;Sul;Saida de Pista;1;1;;1;;;2
22/05/2021;22:28:00;356;3 - Acidente com Danos Materiais;668,738;BR-376/PR;Sul;Tombamento;1;1;;;;;1
22/05/2021;20:09:00;326;3 - Acidente com Danos Materiais;671,7;BR-376/PR;Sul;Saida de Pista;1;1;;;;;1
22/05/2021;12:44:00;181;3 - Acidente com Danos Materiais;125,8;BR-101/SC;Norte;Engavetamento;2;3;;;;;1
23/05/2021;08:01:00;90;3 - Acidente com Danos Materiais;114,3;BR-116/PR;Norte;Saida de Pista;1;4;;;;;1
23/05/2021;00:25:00;6;2 - Acidente com VITIMA;207,512;BR-101/SC;Norte;Engavetamento;1;3;2;;;;1
23/05/2021;17:49:00;276;3 - Acidente com Danos Materiais;101,757;BR-116/PR;Sul;Colisão Traseira;1;2;;;;;1
24/05/2021;13:38:00;223;3 - Acidente com Danos Materiais;41,298;BR-101/SC;Norte;Colisão Lateral;1;2;;;;;1
24/05/2021;05:19:00;47;3 - Acidente com Danos Materiais;82,072;BR-116/PR;Sul;Colisão Traseira;2;2;;;;;1
24/05/2021;19:04:00;347;2 - Acidente com VITIMA;214,623;BR-101/SC;Norte;Colisão Traseira;1;1;1;;;;1
24/05/2021;10:20:00;161;3 - Acidente com Danos Materiais;203,124;BR-101/SC;Sul;Colisão Lateral;1;2;;;;;1
24/05/2021;07:55:00;82;2 - Acidente com VITIMA;112,4;BR-101/SC;Sul;Engavetamento;2;3;1;;;;1
24/05/2021;11:21:00;181;3 - Acidente com Danos Materiais;215,1;BR-101/SC;Norte;Colisão Lateral;1;2;;;;;1
24/05/2021;13:51:00;230;3 - Acidente com Danos Materiais;74,101;BR-101/SC;Sul;Colisão Lateral;1;2;;;;;1
24/05/2021;17:41:00;322;3 - Acidente com Danos Materiais;137,9;BR-101/SC;Norte;Engavetamento;1;4;;;;;1
24/05/2021;01:28:00;24;3 - Acidente com Danos Materiais;655,666;BR-376/PR;Sul;Tombamento;1;1;;;;;1
25/05/2021;21:08:00;367;2 - Acidente com VITIMA;679,306;BR-376/PR;Sul;Tombamento;1;0;1;;;;1
25/05/2021;06:32:00;43;3 - Acidente com Danos Materiais;161,2;BR-101/SC;Norte;Atropelamento - Ciclista;1;2;;;;;1
25/05/2021;20:05:00;341;3 - Acidente com Danos Materiais;150,646;BR-101/SC;Sul;Colisão Lateral;1;2;;;;;1
25/05/2021;14:23:00;233;3 - Acidente com Danos Materiais;624,14;BR-376/PR;Sul;Capotamento;1;3;;;;;1
25/05/2021;23:23:00;398;3 - Acidente com Danos Materiais;39,5;BR-101/SC;Norte;Choque - Defensa, barreira ou "submarino";1;2;;;;;1
25/05/2021;19:34:00;332;2 - Acidente com VITIMA;124,4;BR-101/SC;Sul;Engavetamento;1;3;1;;;;1
25/05/2021;02:48:00;26;2 - Acidente com VITIMA;638,345;BR-376/PR;Norte;Colisão Traseira;2;2;1;;;;1
25/05/2021;15:10:00;245;3 - Acidente com Danos Materiais;226,801;BR-101/SC;Sul;Colisão Lateral;1;2;;;;;1
25/05/2021;07:24:00;68;3 - Acidente com Danos Materiais;78,581;BR-101/SC;Sul;Colisão Lateral;1;2;;;;;1
25/05/2021;10:18:00;158;3 - Acidente com Danos Materiais;79,46;BR-101/SC;Norte;Colisão Traseira;1;2;;;;;1
25/05/2021;11:33:00;181;3 - Acidente com Danos Materiais;100,4;BR-116/PR;Sul;Colisão Traseira;1;2;;;;;1
26/05/2021;18:03:00;314;2 - Acidente com VITIMA;131,424;BR-101/SC;Sul;Choque - Objeto sobre a pista;1;1;1;;;;1
26/05/2021;00:25:00;8;3 - Acidente com Danos Materiais;139,457;BR-101/SC;Sul;Objeto lançado contra veículo;1;3;;;;;1
26/05/2021;17:45:00;307;3 - Acidente com Danos Materiais;139,725;BR-101/SC;Sul;Engavetamento;2;3;;;;;1
26/05/2021;17:59:00;312;3 - Acidente com Danos Materiais;203,2;BR-101/SC;Norte;Colisão Lateral;1;2;;;;;1
26/05/2021;06:34:00;57;3 - Acidente com Danos Materiais;127,1;BR-101/SC;Sul;Colisão Lateral;1;2;;;;;1
26/05/2021;14:30:00;241;2 - Acidente com VITIMA;213,141;BR-101/SC;Norte;Colisão Traseira;1;1;1;;;;1
26/05/2021;16:54:00;293;3 - Acidente com Danos Materiais;666,191;BR-376/PR;Sul;Saida de Pista;1;1;;;;;1
26/05/2021;11:27:00;199;3 - Acidente com Danos Materiais;671,5;BR-376/PR;Sul;Colisão Traseira;2;2;;;;;1
27/05/2021;18:39:00;331;3 - Acidente com Danos Materiais;213,912;BR-101/SC;Sul;Choque - Defensa, barreira ou "submarino";1;1;;;;;1
27/05/2021;07:13:00;69;3 - Acidente com Danos Materiais;209,449;BR-101/SC;Norte;Colisão Lateral;1;2;;;;;1
27/05/2021;07:27:00;72;3 - Acidente com Danos Materiais;213,621;BR-101/SC;Norte;Colisão Lateral;1;2;;;;;1
27/05/2021;11:36:00;181;3 - Acidente com Danos Materiais;157,7;BR-101/SC;Norte;Colisão Traseira;1;2;;;;;1
27/05/2021;09:43:00;140;2 - Acidente com VITIMA;659,8;BR-376/PR;Sul;Engavetamento;1;2;1;;;;1
27/05/2021;02:52:00;45;2 - Acidente com VITIMA;206,611;BR-101/SC;Norte;Colisão Traseira;1;2;2;;;;1
27/05/2021;16:05:00;262;2 - Acidente com VITIMA;211,436;BR-101/SC;Norte;Colisão Lateral;1;1;1;;;;1
28/05/2021;13:31:00;223;2 - Acidente com VITIMA;214,144;BR-101/SC;Sul;Engavetamento;2;3;2;;;;1
28/05/2021;17:50:00;340;3 - Acidente com Danos Materiais;119,421;BR-101/SC;Norte;Colisão Traseira;2;2;;;;;1
28/05/2021;12:27:00;205;2 - Acidente com VITIMA;66,995;BR-101/SC;Norte;Colisão Traseira;1;1;1;;;;1
28/05/2021;14:13:00;236;3 - Acidente com Danos Materiais;29,989;BR-101/SC;Sul;Colisão Lateral;1;2;;;;;1
28/05/2021;08:47:00;119;3 - Acidente com Danos Materiais;117,444;BR-101/SC;Sul;Colisão Traseira;2;2;;;;;1
28/05/2021;12:03:00;197;1 - Acidente com Vitima Fatal;218,681;BR-101/SC;Sul;Colisão Traseira;3;1;;;1;1;3
28/05/2021;21:24:00;408;3 - Acidente com Danos Materiais;57,857;BR-101/SC;Sul;Colisão Traseira;1;2;;;;;1
29/05/2021;01:12:00;17;3 - Acidente com Danos Materiais;126,6;BR-101/SC;Norte;Choque - Defensa, barreira ou "submarino";1;2;;;;;1
29/05/2021;04:11:00;42;3 - Acidente com Danos Materiais;667,3;BR-376/PR;Sul;Saida de Pista;1;1;;;;;1
29/05/2021;18:17:00;274;2 - Acidente com VITIMA;139,6;BR-101/SC;Sul;Engavetamento;1;2;1;;;;1
29/05/2021;05:24:00;55;3 - Acidente com Danos Materiais;116,5;BR-101/SC;Norte;Colisão Traseira;1;2;;;;;1
29/05/2021;01:35:00;25;3 - Acidente com Danos Materiais;114,3;BR-101/SC;Norte;Colisão Traseira;1;2;;;;;1
30/05/2021;01:29:00;21;2 - Acidente com VITIMA;145,188;BR-101/SC;Norte;Colisão Lateral;1;3;1;;;;1
31/05/2021;17:59:00;308;2 - Acidente com VITIMA;670,862;BR-376/PR;Sul;Capotamento;1;1;1;1;;;2
31/05/2021;08:40:00;113;3 - Acidente com Danos Materiais;216,464;BR-101/SC;Norte;Colisão Lateral;1;2;;;;;1
31/05/2021;16:16:00;265;3 - Acidente com Danos Materiais;39,199;BR-101/SC;Sul;Colisão Traseira;1;2;;;;;1
31/05/2021;18:46:00;323;3 - Acidente com Danos Materiais;205,001;BR-101/SC;Sul;Colisão Traseira;1;2;;;;;1
31/05/2021;19:32:00;337;3 - Acidente com Danos Materiais;212,434;BR-101/SC;Norte;Colisão Lateral;1;2;;;;;1
31/05/2021;21:07:00;360;2 - Acidente com VITIMA;123,165;BR-101/SC;Norte;Colisão Lateral;1;1;1;;;;1
01/06/2021;18:07:00;288;3 - Acidente com Danos Materiais;200,996;BR-101/SC;Sul;Colisão Traseira;1;2;;;;;1
01/06/2021;13:21:00;172;2 - Acidente com VITIMA;211,313;BR-101/SC;Norte;Queda de Moto;1;0;2;;;;1
01/06/2021;22:07:00;369;2 - Acidente com VITIMA;184,515;BR-101/SC;Norte;Tombamento;3;2;1;;;;1
01/06/2021;20:24:00;332;3 - Acidente com Danos Materiais;215,072;BR-101/SC;Norte;Saida de Pista;1;1;;;;;1
01/06/2021;19:52:00;322;3 - Acidente com Danos Materiais;653,623;BR-376/PR;Norte;Choque - Defensa, barreira ou "submarino";1;1;;;;;1
01/06/2021;06:08:00;37;3 - Acidente com Danos Materiais;239,3;BR-101/SC;Sul;Colisão Lateral;1;2;;;;;1
01/06/2021;06:31:00;39;2 - Acidente com VITIMA;161,973;BR-101/SC;Norte;Colisão Lateral;1;1;1;;;;1
01/06/2021;08:51:00;87;3 - Acidente com Danos Materiais;215,2;BR-101/SC;Sul;Colisão Lateral;1;2;;;;;1
01/06/2021;17:20:00;273;3 - Acidente com Danos Materiais;91,275;BR-116/PR;Norte;Colisão Lateral;1;2;;;;;1
02/06/2021;08:15:00;127;3 - Acidente com Danos Materiais;170,758;BR-101/SC;Sul;Colisão Lateral;1;3;;;;;1
02/06/2021;19:59:00;414;3 - Acidente com Danos Materiais;668,757;BR-376/PR;Sul;Colisão Traseira;2;2;;;;;1
02/06/2021;16:35:00;347;3 - Acidente com Danos Materiais;101,526;BR-116/PR;Sul;Colisão Traseira;1;2;;;;;1
02/06/2021;06:36:00;69;3 - Acidente com Danos Materiais;208,956;BR-101/SC;Norte;Colisão Lateral;1;2;;;;;1
02/06/2021;07:33:00;87;3 - Acidente com Danos Materiais;203,3;BR-101/SC;Sul;Colisão Lateral;1;2;;;;;1
02/06/2021;21:45:00;450;3 - Acidente com Danos Materiais;234,707;BR-101/SC;Norte;Colisão Traseira;1;4;;;;;1
02/06/2021;09:01:00;152;3 - Acidente com Danos Materiais;623,995;BR-376/PR;Sul;Saida de Pista;1;1;;;;;1
03/06/2021;09:05:00;141;3 - Acidente com Danos Materiais;103,102;BR-116/PR;Sul;Objeto lançado contra veículo;2;2;;;;;1
03/06/2021;10:35:00;173;2 - Acidente com VITIMA;214,429;BR-101/SC;Norte;Engavetamento;1;2;1;;;;1
04/06/2021;08:26:00;86;3 - Acidente com Danos Materiais;204,838;BR-101/SC;Sul;Engavetamento;1;3;;;;;1
04/06/2021;05:21:00;48;3 - Acidente com Danos Materiais;180,363;BR-101/SC;Norte;Colisão Traseira;1;2;;;;;1
04/06/2021;16:22:00;263;3 - Acidente com Danos Materiais;156,123;BR-101/SC;Norte;Colisão Traseira;2;2;;;;;1
04/06/2021;18:15:00;302;1 - Acidente com Vitima Fatal;114,28;BR-101/SC;Sul;Colisão Traseira;1;2;;;;1;3
05/06/2021;16:59:00;257;1 - Acidente com Vitima Fatal;41,376;BR-101/SC;Norte;Choque - Defensa, barreira ou "submarino";1;0;;;;1;3
05/06/2021;15:30:00;218;3 - Acidente com Danos Materiais;106,28;BR-101/SC;Sul;Colisão Traseira;1;3;;;;;1
05/06/2021;00:39:00;12;2 - Acidente com VITIMA;196,728;BR-101/SC;Sul;Colisão Traseira;1;2;1;;;;1
06/06/2021;06:40:00;61;1 - Acidente com Vitima Fatal;138,645;BR-101/SC;Sul;Tombamento;1;1;;;2;2;3
06/06/2021;13:52:00;199;3 - Acidente com Danos Materiais;114,548;BR-116/PR;Norte;Colisão Lateral;1;2;;;;;1
06/06/2021;14:51:00;208;2 - Acidente com VITIMA;134,9;BR-101/SC;Sul;Colisão Traseira;1;1;1;;;;1
07/06/2021;18:24:00;270;3 - Acidente com Danos Materiais;29,86;BR-101/SC;Norte;Colisão Lateral;1;2;;;;;1
07/06/2021;12:52:00;194;2 - Acidente com VITIMA;203,043;BR-101/SC;Norte;Colisão Lateral;1;1;2;;;;1
07/06/2021;19:18:00;287;2 - Acidente com VITIMA;206,717;BR-101/SC;Sul;Colisão Traseira;1;2;1;;;;1
07/06/2021;08:47:00;109;3 - Acidente com Danos Materiais;110,362;BR-116/PR;Sul;Colisão Traseira;1;2;;;;;1
07/06/2021;12:31:00;189;3 - Acidente com Danos Materiais;209,3;BR-101/SC;Norte;Colisão Traseira;1;2;;;;;1
07/06/2021;11:39:00;172;3 - Acidente com Danos Materiais;617,2;BR-376/PR;Sul;Engavetamento;1;3;;;;;1
07/06/2021;07:06:00;59;2 - Acidente com VITIMA;666,2;BR-376/PR;Sul;Colisão Lateral;1;2;2;;;;1
08/06/2021;23:57:00;408;3 - Acidente com Danos Materiais;654,1;BR-376/PR;Norte;Saida de Pista;1;1;;;;;1
08/06/2021;09:34:00;132;3 - Acidente com Danos Materiais;146,08;BR-101/SC;Norte;Colisão Lateral;1;2;;;;;1
08/06/2021;19:38:00;351;3 - Acidente com Danos Materiais;122,4;BR-101/SC;Sul;Colisão Traseira;2;2;;;;;1
08/06/2021;18:02:00;318;3 - Acidente com Danos Materiais;114,965;BR-101/SC;Norte;Colisão Traseira;2;2;;;;;1
08/06/2021;07:52:00;79;3 - Acidente com Danos Materiais;101,658;BR-101/SC;Sul;Colisão Lateral;1;2;;;;;1
08/06/2021;13:45:00;226;3 - Acidente com Danos Materiais;117,3;BR-101/SC;Sul;Colisão Transversal;1;2;;;;;1
08/06/2021;20:56:00;371;3 - Acidente com Danos Materiais;233,591;BR-101/SC;Norte;Colisão Traseira;1;2;;;;;1
08/06/2021;10:48:00;162;3 - Acidente com Danos Materiais;212,996;BR-101/SC;Norte;Engavetamento;1;3;;;;;1
08/06/2021;08:19:00;94;3 - Acidente com Danos Materiais;108,8;BR-116/PR;Norte;Engavetamento;2;3;;;;;1
08/06/2021;11:00:00;178;2 - Acidente com VITIMA;102,2;BR-116/PR;Norte;Engavetamento;2;3;1;;;;1
08/06/2021;17:56:00;316;3 - Acidente com Danos Materiais;215,232;BR-101/SC;Norte;Saida de Pista;1;1;;;;;1
09/06/2021;06:38:00;57;3 - Acidente com Danos Materiais;201,092;BR-101/SC;Sul;Engavetamento;1;3;;;;;1
09/06/2021;03:33:00;36;3 - Acidente com Danos Materiais;627,262;BR-376/PR;Norte;Colisão Traseira;1;2;;;;;1
09/06/2021;01:40:00;27;3 - Acidente com Danos Materiais;193,846;BR-101/SC;Norte;Saida de Pista;1;2;;;;;1
09/06/2021;13:18:00;248;3 - Acidente com Danos Materiais;671,7;BR-376/PR;Sul;Saida de Pista;1;1;;;;;1
09/06/2021;01:36:00;17;3 - Acidente com Danos Materiais;193,615;BR-101/SC;Norte;Saida de Pista;1;2;;;;;1
09/06/2021;04:35:00;39;3 - Acidente com Danos Materiais;235,252;BR-101/SC;Norte;Choque - Defensa, barreira ou "submarino";1;2;;;;;1
09/06/2021;09:19:00;162;2 - Acidente com VITIMA;114,1;BR-101/SC;Sul;Colisão Lateral;1;1;1;;;;1
09/06/2021;15:47:00;306;3 - Acidente com Danos Materiais;157,73;BR-101/SC;Sul;Colisão Traseira;1;2;;;;;1
09/06/2021;20:18:00;408;3 - Acidente com Danos Materiais;198,82;BR-101/SC;Sul;Colisão Traseira;1;2;;;;;1
09/06/2021;09:41:00;172;3 - Acidente com Danos Materiais;211,3;BR-101/SC;Norte;Colisão Traseira;1;2;;;;;1
09/06/2021;06:36:00;55;3 - Acidente com Danos Materiais;116,8;BR-101/SC;Norte;Saida de Pista;1;1;;;;;1
09/06/2021;09:08:00;153;3 - Acidente com Danos Materiais;204,12;BR-101/SC;Sul;Colisão Lateral;1;2;;;;;1
10/06/2021;06:06:00;47;3 - Acidente com Danos Materiais;215,751;BR-101/SC;Norte;Engavetamento;1;4;;;;;1
10/06/2021;23:50:00;426;3 - Acidente com Danos Materiais;38,388;BR-101/SC;Sul;Colisão Transversal;1;2;;;;;1
10/06/2021;00:03:00;4;3 - Acidente com Danos Materiais;679,245;BR-376/PR;Norte;Choque - Defensa, barreira ou "submarino";2;2;;;;;1
10/06/2021;10:18:00;176;2 - Acidente com VITIMA;659,89;BR-376/PR;Sul;Colisão Traseira;3;2;;1;;;2
10/06/2021;07:47:00;81;3 - Acidente com Danos Materiais;119,12;BR-101/SC;Sul;Colisão Lateral;1;2;;;;;1