data;horario;n_da_ocorrencia;tipo_de_ocorrencia;km;trecho;sentido;tipo_de_acidente;caminhao;ilesos;levemente_feridos;moderadamente_feridos;gravemente_feridos;mortos;3
10/06/2021;09:35:00;158;3 - Acidente com Danos Materiais;643,265;BR-376/PR;Norte;Colisão Lateral;1;2;;;;;1
10/06/2021;10:43:00;183;3 - Acidente com Danos Materiais;193,1;BR-101/SC;Norte;Colisão Lateral;1;2;;;;;1
10/06/2021;10:11:00;170;3 - Acidente com Danos Materiais;121,156;BR-101/SC;Norte;Colisão Traseira;1;2;;;;;1
11/06/2021;17:16:00;353;2 - Acidente com VITIMA;35,672;BR-101/SC;Sul;Colisão Lateral;1;1;1;;;;1
11/06/2021;23:19:00;481;3 - Acidente com Danos Materiais;83,883;BR-116/PR;Sul;Tombamento;1;1;;;;;1
11/06/2021;10:50:00;179;3 - Acidente com Danos Materiais;12,5;BR-101/SC;Norte;Colisão Lateral;2;2;;;;;1
11/06/2021;13:45:00;249;3 - Acidente com Danos Materiais;191,5;BR-101/SC;Sul;Colisão Lateral;1;2;;;;;1
11/06/2021;20:00:00;418;2 - Acidente com VITIMA;215,5;BR-101/SC;Norte;Queda de Moto;1;2;1;;;;1
12/06/2021;07:28:00;76;3 - Acidente com Danos Materiais;107,47;BR-116/PR;Norte;Choque - Outros;1;3;;;;;1
12/06/2021;12:58:00;173;2 - Acidente com VITIMA;110,12;BR-101/SC;Norte;Colisão Lateral;1;1;1;;;;1
12/06/2021;20:35:00;319;2 - Acidente com VITIMA;201,884;BR-101/SC;Norte;Atropelamento - Outros;1;1;1;;;;1
12/06/2021;12:41:00;168;3 - Acidente com Danos Materiais;126,32;BR-101/SC;Sul;Colisão Lateral;1;2;;;;;1
12/06/2021;05:49:00;62;3 - Acidente com Danos Materiais;131,5;BR-101/SC;Norte;Colisão Traseira;1;2;;;;;1
13/06/2021;17:34:00;270;3 - Acidente com Danos Materiais;131,134;BR-101/SC;Norte;Colisão Lateral;1;2;;;;;1
13/06/2021;16:05:00;229;3 - Acidente com Danos Materiais;163,135;BR-101/SC;Norte;Colisão Lateral;1;2;;;;;1
13/06/2021;02:56:00;51;2 - Acidente com VITIMA;100,073;BR-116/PR;Norte;Capotamento;1;0;1;;;;1
14/06/2021;15:32:00;277;3 - Acidente com Danos Materiais;45,459;BR-101/SC;Sul;Colisão Traseira;1;2;;;;;1
14/06/2021;02:09:00;25;3 - Acidente com Danos Materiais;97,101;BR-116/PR;Norte;Colisão Traseira;1;2;;;;;1
14/06/2021;07:31:00;84;3 - Acidente com Danos Materiais;163,579;BR-101/SC;Sul;Colisão Lateral;1;2;;;;;1
14/06/2021;11:02:00;217;3 - Acidente com Danos Materiais;94,7;BR-101/SC;Norte;Colisão Lateral;1;2;;;;;1
14/06/2021;02:29:00;28;3 - Acidente com Danos Materiais;1,38;BR-101/SC;Sul;Colisão Traseira;1;5;;;;;1
15/06/2021;05:27:00;62;3 - Acidente com Danos Materiais;131,6;BR-101/SC;Sul;Colisão Lateral;1;2;;;;;1
15/06/2021;00:19:00;10;3 - Acidente com Danos Materiais;207,787;BR-101/SC;Norte;Colisão Traseira;1;2;;;;;1
15/06/2021;23:39:00;445;3 - Acidente com Danos Materiais;667,3;BR-376/PR;Sul;Saida de Pista;1;1;;;;;1
15/06/2021;13:03:00;238;3 - Acidente com Danos Materiais;143,4;BR-101/SC;Norte;Colisão Lateral;1;2;;;;;1
15/06/2021;16:11:00;311;3 - Acidente com Danos Materiais;212,452;BR-101/SC;Norte;Colisão Lateral;1;2;;;;;1
15/06/2021;07:48:00;104;3 - Acidente com Danos Materiais;57,1;BR-101/SC;Sul;Colisão Traseira;2;2;;;;;1
15/06/2021;09:49:00;171;3 - Acidente com Danos Materiais;111,05;BR-101/SC;Norte;Tombamento;1;1;;;;;1
16/06/2021;06:02:00;56;3 - Acidente com Danos Materiais;667,3;BR-376/PR;Sul;Saida de Pista;1;1;;;;;1
16/06/2021;19:01:00;359;3 - Acidente com Danos Materiais;111,424;BR-101/SC;Sul;Colisão Traseira;2;2;;;;;1
16/06/2021;20:58:00;398;3 - Acidente com Danos Materiais;667,3;BR-376/PR;Sul;Saida de Pista;1;1;;;;;1
16/06/2021;07:15:00;82;3 - Acidente com Danos Materiais;139,22;BR-101/SC;Sul;Colisão Traseira;1;2;;;;;1
16/06/2021;11:04:00;184;3 - Acidente com Danos Materiais;673,059;BR-376/PR;Norte;Saida de Pista;1;4;;;;;1
16/06/2021;15:25:00;285;3 - Acidente com Danos Materiais;91,85;BR-116/PR;Norte;Colisão Lateral;1;2;;;;;1
16/06/2021;15:37:00;289;3 - Acidente com Danos Materiais;209,617;BR-101/SC;Sul;Colisão Traseira;1;2;;;;;1
16/06/2021;16:44:00;319;3 - Acidente com Danos Materiais;213,637;BR-101/SC;Norte;Colisão Traseira;1;3;;;;;1
16/06/2021;14:26:00;261;3 - Acidente com Danos Materiais;666,203;BR-376/PR;Sul;Choque - Defensa, barreira ou "submarino";1;3;;;;;1
16/06/2021;16:54:00;324;3 - Acidente com Danos Materiais;665,772;BR-376/PR;Norte;Colisão Lateral;1;2;;;;;1
17/06/2021;09:04:00;130;3 - Acidente com Danos Materiais;665,51;BR-376/PR;Sul;Colisão Lateral;2;3;;;;;1
17/06/2021;04:31:00;32;3 - Acidente com Danos Materiais;124,717;BR-101/SC;Norte;Colisão Lateral;2;3;;;;;1
17/06/2021;14:02:00;233;2 - Acidente com VITIMA;236,52;BR-101/SC;Sul;Colisão Lateral;1;1;1;;;;1
17/06/2021;18:57:00;349;3 - Acidente com Danos Materiais;214,061;BR-101/SC;Norte;Objeto lançado contra veículo;1;2;;;;;1
17/06/2021;10:09:00;159;2 - Acidente com VITIMA;53,1;BR-101/SC;Norte;Colisão Traseira;1;1;;1;;;2
17/06/2021;22:56:00;432;3 - Acidente com Danos Materiais;75,431;BR-101/SC;Norte;Colisão Traseira;2;2;;;;;1
17/06/2021;14:23:00;240;3 - Acidente com Danos Materiais;137,313;BR-101/SC;Norte;Choque - Defensa, barreira ou "submarino";1;1;;;;;1
17/06/2021;05:45:00;37;2 - Acidente com VITIMA;83,2;BR-101/SC;Norte;Colisão Traseira;1;1;1;;;;1
17/06/2021;10:39:00;172;3 - Acidente com Danos Materiais;80,1;BR-101/SC;Sul;Colisão Traseira;2;2;;;;;1
18/06/2021;23:40:00;432;2 - Acidente com VITIMA;672,845;BR-376/PR;Sul;Colisão Traseira;2;3;1;;;;1
18/06/2021;19:28:00;371;2 - Acidente com VITIMA;616,001;BR-376/PR;Norte;Colisão Traseira;1;2;1;;;;1
18/06/2021;16:42:00;318;3 - Acidente com Danos Materiais;35,127;BR-101/SC;Sul;Colisão Traseira;1;2;;;;;1
18/06/2021;16:50:00;323;3 - Acidente com Danos Materiais;215,563;BR-101/SC;Sul;Colisão Traseira;1;2;;;;;1
18/06/2021;18:19:00;351;3 - Acidente com Danos Materiais;43,277;BR-101/SC;Sul;Colisão Traseira;1;2;;;;;1
18/06/2021;14:40:00;277;3 - Acidente com Danos Materiais;60,366;BR-101/SC;Norte;Colisão Traseira;1;2;;;;;1
18/06/2021;13:59:00;267;2 - Acidente com VITIMA;57,864;BR-101/SC;Sul;Choque - Defensa, barreira ou "submarino";1;0;1;;;;1
19/06/2021;11:45:00;171;3 - Acidente com Danos Materiais;138,1;BR-101/SC;Norte;Choque - Defensa, barreira ou "submarino";1;1;;;;;1
19/06/2021;18:44:00;308;3 - Acidente com Danos Materiais;76,262;BR-101/SC;Sul;Colisão Lateral;1;2;;;;;1
19/06/2021;20:42:00;343;3 - Acidente com Danos Materiais;142,2;BR-101/SC;Sul;Colisão Traseira;1;2;;;;;1
19/06/2021;06:07:00;46;3 - Acidente com Danos Materiais;170,286;BR-101/SC;Norte;Colisão Traseira;1;2;;;;;1
19/06/2021;10:21:00;128;2 - Acidente com VITIMA;99,3;BR-116/PR;Sul;Engavetamento;2;2;;1;;;2
20/06/2021;12:51:00;150;2 - Acidente com VITIMA;223,55;BR-101/SC;Sul;Atropelamento - Usuário;1;2;1;;;;1
21/06/2021;00:51:00;11;3 - Acidente com Danos Materiais;207,01;BR-101/SC;Norte;Colisão Traseira;1;2;;;;;1
21/06/2021;19:16:00;323;3 - Acidente com Danos Materiais;103,416;BR-116/PR;Norte;Saida de Pista;1;2;;;;;1
21/06/2021;18:34:00;310;1 - Acidente com Vitima Fatal;618,677;BR-376/PR;Norte;Atropelamento - Usuário;2;2;;;;1;3
21/06/2021;00:04:00;2;1 - Acidente com Vitima Fatal;107,98;BR-101/SC;Sul;Colisão Traseira;1;1;;;;1;3
22/06/2021;11:02:00;214;2 - Acidente com VITIMA;33,407;BR-101/SC;Norte;Objeto lançado contra veículo;2;1;2;;;;1
22/06/2021;16:38:00;328;3 - Acidente com Danos Materiais;96,213;BR-116/PR;Norte;Saida de Pista;1;1;;;;;1
22/06/2021;16:19:00;320;3 - Acidente com Danos Materiais;171,6;BR-101/SC;Sul;Colisão Lateral;2;2;;;;;1
22/06/2021;08:01:00;88;2 - Acidente com VITIMA;199,15;BR-101/SC;Sul;Colisão Traseira;1;3;1;;;;1
22/06/2021;10:42:00;203;3 - Acidente com Danos Materiais;157,73;BR-101/SC;Sul;Colisão Traseira;2;3;;;;;1
23/06/2021;16:01:00;311;2 - Acidente com VITIMA;202,564;BR-101/SC;Norte;Engavetamento;2;2;1;;;;1
23/06/2021;18:11:00;352;3 - Acidente com Danos Materiais;51,548;BR-101/SC;Norte;Colisão Lateral;1;3;;;;;1
23/06/2021;15:27:00;296;2 - Acidente com VITIMA;96,462;BR-116/PR;Norte;Colisão Lateral;1;1;1;;;;1
23/06/2021;23:58:00;446;3 - Acidente com Danos Materiais;627,738;BR-376/PR;Norte;Tombamento;2;2;;;;;1
23/06/2021;19:51:00;377;3 - Acidente com Danos Materiais;217,2;BR-101/SC;Sul;Colisão Lateral;1;2;;;;;1
23/06/2021;01:35:00;23;3 - Acidente com Danos Materiais;113,63;BR-101/SC;Sul;Colisão Traseira;1;5;;;;;1
23/06/2021;06:40:00;68;3 - Acidente com Danos Materiais;615,432;BR-376/PR;Sul;Colisão Traseira;1;2;;;;;1
23/06/2021;11:03:00;201;2 - Acidente com VITIMA;204,03;BR-101/SC;Sul;Engavetamento;1;3;1;;;;1
24/06/2021;17:46:00;364;3 - Acidente com Danos Materiais;101,599;BR-116/PR;Norte;Engavetamento;2;3;;;;;1
24/06/2021;04:21:00;53;1 - Acidente com Vitima Fatal;617,1;BR-376/PR;Norte;Atropelamento - Usuário;1;2;;;1;1;3
24/06/2021;15:40:00;310;3 - Acidente com Danos Materiais;105,525;BR-116/PR;Norte;Choque - Elemento de Drenagem;1;1;;;;;1
24/06/2021;07:12:00;86;2 - Acidente com VITIMA;125,64;BR-101/SC;Sul;Engavetamento;2;3;2;;;;1
24/06/2021;06:37:00;74;3 - Acidente com Danos Materiais;213,5;BR-101/SC;Norte;Colisão Lateral;1;2;;;;;1
24/06/2021;09:01:00;143;3 - Acidente com Danos Materiais;216,2;BR-101/SC;Norte;Colisão Lateral;1;2;;;;;1
24/06/2021;15:20:00;303;3 - Acidente com Danos Materiais;230,254;BR-101/SC;Sul;Colisão Traseira;1;2;;;;;1
25/06/2021;18:40:00;359;3 - Acidente com Danos Materiais;668,781;BR-376/PR;Sul;Colisão Lateral;1;2;;;;;1
25/06/2021;18:12:00;347;3 - Acidente com Danos Materiais;110,5;BR-116/PR;Sul;Colisão Traseira;1;2;;;;;1
25/06/2021;07:44:00;78;3 - Acidente com Danos Materiais;651,198;BR-376/PR;Sul;Choque - Defensa, barreira ou "submarino";1;2;;;;;1
25/06/2021;19:41:00;385;3 - Acidente com Danos Materiais;242,985;BR-101/SC;Sul;Colisão Traseira;1;4;;;;;1
25/06/2021;11:21:00;187;3 - Acidente com Danos Materiais;150,22;BR-101/SC;Norte;Colisão Lateral;1;2;;;;;1
25/06/2021;10:13:00;152;3 - Acidente com Danos Materiais;123,3;BR-101/SC;Sul;Colisão Transversal;1;2;;;;;1
25/06/2021;07:16:00;70;2 - Acidente com VITIMA;210,08;BR-101/SC;Sul;Colisão Traseira;1;1;1;;;;1
25/06/2021;11:58:00;202;3 - Acidente com Danos Materiais;661,521;BR-376/PR;Sul;Colisão Traseira;2;3;;;;;1
25/06/2021;19:16:00;376;3 - Acidente com Danos Materiais;121,729;BR-101/SC;Norte;Colisão Traseira;1;2;;;;;1
25/06/2021;22:12:00;439;3 - Acidente com Danos Materiais;103,328;BR-116/PR;Sul;Colisão Traseira;1;2;;;;;1
26/06/2021;08:20:00;74;3 - Acidente com Danos Materiais;104,7;BR-101/SC;Norte;Saida de Pista;1;1;;;;;1
26/06/2021;09:30:00;109;3 - Acidente com Danos Materiais;233,085;BR-101/SC;Sul;Colisão Lateral;1;8;;;;;1
26/06/2021;01:32:00;20;2 - Acidente com VITIMA;621,907;BR-376/PR;Norte;Colisão Transversal;2;1;1;1;;;2
26/06/2021;11:30:00;148;2 - Acidente com VITIMA;10,3;BR-101/SC;Norte;Tombamento;1;0;1;;;;1
26/06/2021;12:38:00;163;2 - Acidente com VITIMA;213,238;BR-101/SC;Sul;Engavetamento;1;2;1;;;;1
27/06/2021;10:05:00;133;3 - Acidente com Danos Materiais;37,211;BR-101/SC;Sul;Colisão Traseira;1;2;;;;;1
27/06/2021;16:10:00;260;3 - Acidente com Danos Materiais;635,18;BR-376/PR;Norte;Colisão Traseira;1;2;;;;;1
27/06/2021;01:01:00;13;2 - Acidente com VITIMA;90,05;BR-116/PR;Sul;Colisão Traseira;1;1;;1;;;2
28/06/2021;22:23:00;333;3 - Acidente com Danos Materiais;74,081;BR-101/SC;Sul;Colisão Lateral;1;6;;;;;1
28/06/2021;08:05:00;80;3 - Acidente com Danos Materiais;137,085;BR-101/SC;Norte;Colisão Lateral;1;2;;;;;1
28/06/2021;13:22:00;190;2 - Acidente com VITIMA;631,241;BR-376/PR;Norte;Colisão Traseira;1;1;;;1;;2
28/06/2021;11:45:00;163;3 - Acidente com Danos Materiais;57,829;BR-101/SC;Sul;Colisão Traseira;1;2;;;;;1
28/06/2021;15:15:00;216;3 - Acidente com Danos Materiais;114,498;BR-101/SC;Sul;Colisão Traseira;1;2;;;;;1
28/06/2021;19:25:00;294;3 - Acidente com Danos Materiais;235,224;BR-101/SC;Norte;Colisão Traseira;1;2;;;;;1
28/06/2021;09:37:00;126;3 - Acidente com Danos Materiais;111,349;BR-101/SC;Norte;Colisão Lateral;1;2;;;;;1
28/06/2021;03:50:00;33;3 - Acidente com Danos Materiais;92,044;BR-101/SC;Sul;Colisão Lateral;1;2;;;;;1
28/06/2021;16:52:00;246;3 - Acidente com Danos Materiais;209,053;BR-101/SC;Norte;Colisão Traseira;1;2;;;;;1
29/06/2021;21:11:00;440;3 - Acidente com Danos Materiais;113,15;BR-101/SC;Norte;Colisão Traseira;2;3;;;;;1
29/06/2021;14:26:00;270;3 - Acidente com Danos Materiais;112,779;BR-101/SC;Norte;Engavetamento;2;4;;;;;1
29/06/2021;08:18:00;127;3 - Acidente com Danos Materiais;137,147;BR-101/SC;Norte;Choque - Defensa, barreira ou "submarino";1;2;;;;;1
29/06/2021;17:45:00;360;2 - Acidente com VITIMA;138,133;BR-101/SC;Norte;Colisão Traseira;1;1;;;1;;2
29/06/2021;00:00:00;1;2 - Acidente com VITIMA;56,904;BR-101/SC;Sul;Engavetamento;2;31;2;1;;;2
29/06/2021;10:13:00;159;3 - Acidente com Danos Materiais;119,1;BR-101/SC;Norte;Colisão Lateral;1;2;;;;;1
29/06/2021;20:55:00;434;3 - Acidente com Danos Materiais;672,581;BR-376/PR;Sul;Colisão Lateral;1;2;;;;;1
29/06/2021;08:06:00;123;3 - Acidente com Danos Materiais;92,707;BR-116/PR;Sul;Colisão Traseira;2;2;;;;;1
29/06/2021;00:51:00;19;2 - Acidente com VITIMA;106,697;BR-116/PR;Sul;Colisão Traseira;1;1;1;;;;1
30/06/2021;17:03:00;335;3 - Acidente com Danos Materiais;47,983;BR-101/SC;Sul;Colisão Traseira;3;4;;;;;1
30/06/2021;16:30:00;322;2 - Acidente com VITIMA;628,47;BR-376/PR;Norte;Colisão Traseira;1;1;1;;;;1
30/06/2021;07:21:00;83;3 - Acidente com Danos Materiais;213,2;BR-101/SC;Sul;Engavetamento;2;3;;;;;1
30/06/2021;11:16:00;218;3 - Acidente com Danos Materiais;94,1;BR-116/PR;Norte;Saida de Pista;1;1;;;;;1
30/06/2021;20:19:00;393;3 - Acidente com Danos Materiais;671,7;BR-376/PR;Sul;Saida de Pista;1;1;;;;;1
01/07/2021;00:06:00;3;3 - Acidente com Danos Materiais;191,1;BR-101/SC;Sul;Tombamento;1;1;;;;;1
01/07/2021;03:29:00;41;1 - Acidente com Vitima Fatal;87,491;BR-101/SC;Sul;Colisão Frontal;1;1;;;1;1;3
01/07/2021;06:23:00;64;3 - Acidente com Danos Materiais;40,922;BR-101/SC;Norte;Tombamento;1;1;;;;;1
01/07/2021;06:33:00;68;2 - Acidente com VITIMA;40,923;BR-101/SC;Sul;Choque - Defensa, barreira ou "submarino";1;0;;1;;;2
01/07/2021;08:15:00;116;3 - Acidente com Danos Materiais;39,103;BR-101/SC;Sul;Colisão Traseira;2;2;;;;;1
01/07/2021;09:45:00;160;3 - Acidente com Danos Materiais;202,5;BR-101/SC;Sul;Colisão Traseira;1;2;;;;;1
01/07/2021;13:21:00;228;3 - Acidente com Danos Materiais;211,953;BR-101/SC;Norte;Colisão Lateral;1;2;;;;;1
01/07/2021;13:58:00;239;3 - Acidente com Danos Materiais;49,158;BR-101/SC;Norte;Colisão Traseira;2;2;;;;;1
01/07/2021;16:58:00;298;3 - Acidente com Danos Materiais;57,9;BR-101/SC;Sul;Colisão Lateral;1;2;;;;;1
01/07/2021;19:02:00;340;3 - Acidente com Danos Materiais;126,842;BR-101/SC;Sul;Engavetamento;2;3;;;;;1
01/07/2021;21:39:00;392;3 - Acidente com Danos Materiais;673,298;BR-376/PR;Sul;Colisão Lateral;3;3;;;;;1
02/07/2021;10:00:00;171;3 - Acidente com Danos Materiais;101,5;BR-116/PR;Sul;Colisão Traseira;1;2;;;;;1
03/07/2021;01:20:00;16;2 - Acidente com VITIMA;64,587;BR-101/SC;Norte;Colisão Traseira;1;1;;1;;;2
03/07/2021;06:29:00;58;3 - Acidente com Danos Materiais;108,076;BR-101/SC;Sul;Colisão Traseira;1;2;;;;;1
03/07/2021;06:49:00;62;3 - Acidente com Danos Materiais;191,4;BR-101/SC;Norte;Colisão Traseira;1;2;;;;;1
03/07/2021;09:52:00;129;2 - Acidente com VITIMA;628,505;BR-376/PR;Sul;Colisão Traseira;1;2;1;;;;1
03/07/2021;10:16:00;137;2 - Acidente com VITIMA;211,8;BR-101/SC;Norte;Colisão Traseira;1;1;2;;;;1
03/07/2021;15:55:00;229;3 - Acidente com Danos Materiais;53,589;BR-101/SC;Sul;Colisão Lateral;1;2;;;;;1
03/07/2021;19:30:00;282;3 - Acidente com Danos Materiais;94,7;BR-101/SC;Sul;Engavetamento;2;5;;;;;1
03/07/2021;22:15:00;331;3 - Acidente com Danos Materiais;208,094;BR-101/SC;Norte;Colisão Traseira;1;2;;;;;1
04/07/2021;07:05:00;49;3 - Acidente com Danos Materiais;647,5;BR-376/PR;Norte;Colisão Traseira;1;2;;;;;1
04/07/2021;12:55:00;153;3 - Acidente com Danos Materiais;234,3;BR-101/SC;Norte;Colisão Lateral;1;2;;;;;1
04/07/2021;23:58:00;334;2 - Acidente com VITIMA;203,792;BR-101/SC;Norte;Colisão Traseira;1;1;1;;;;1
05/07/2021;07:35:00;72;3 - Acidente com Danos Materiais;157,73;BR-101/SC;Norte;Colisão Traseira;1;2;;;;;1
05/07/2021;10:33:00;169;3 - Acidente com Danos Materiais;635,18;BR-376/PR;Norte;Colisão Traseira;1;2;;;;;1
05/07/2021;15:00:00;250;3 - Acidente com Danos Materiais;616,916;BR-376/PR;Norte;Engavetamento;2;3;;;;;1
06/07/2021;03:22:00;41;2 - Acidente com VITIMA;95,468;BR-101/SC;Sul;Colisão Lateral;1;2;;;1;;2
06/07/2021;08:11:00;109;2 - Acidente com VITIMA;640,428;BR-376/PR;Norte;Colisão Traseira;1;2;1;;;;1
06/07/2021;10:32:00;154;3 - Acidente com Danos Materiais;132,066;BR-101/SC;Norte;Choque - Defensa, barreira ou "submarino";1;1;;;;;1
06/07/2021;13:16:00;191;3 - Acidente com Danos Materiais;62,45;BR-101/SC;Sul;Tombamento;1;1;;;;;1
06/07/2021;13:48:00;198;3 - Acidente com Danos Materiais;210,1;BR-101/SC;Norte;Colisão Lateral;1;2;;;;;1
06/07/2021;14:51:00;212;3 - Acidente com Danos Materiais;214,459;BR-101/SC;Norte;Colisão Traseira;1;2;;;;;1
06/07/2021;15:21:00;222;3 - Acidente com Danos Materiais;112,581;BR-101/SC;Norte;Colisão Traseira;1;2;;;;;1
06/07/2021;19:04:00;300;3 - Acidente com Danos Materiais;192,15;BR-101/SC;Norte;Colisão Traseira;1;2;;;;;1
06/07/2021;20:48:00;342;3 - Acidente com Danos Materiais;671,7;BR-376/PR;Sul;Saida de Pista;1;3;;;;;1
07/07/2021;03:47:00;41;1 - Acidente com Vitima Fatal;218,846;BR-101/SC;Sul;Colisão Traseira;1;2;;;;1;3
07/07/2021;07:53:00;75;3 - Acidente com Danos Materiais;108,042;BR-116/PR;Sul;Colisão Traseira;2;2;;;;;1
07/07/2021;09:45:00;130;3 - Acidente com Danos Materiais;187,092;BR-101/SC;Sul;Colisão Traseira;1;2;;;;;1
07/07/2021;11:07:00;151;3 - Acidente com Danos Materiais;95,725;BR-116/PR;Sul;Colisão Traseira;1;2;;;;;1
07/07/2021;15:34:00;252;3 - Acidente com Danos Materiais;80,029;BR-101/SC;Norte;Colisão Lateral;1;2;;;;;1
07/07/2021;15:58:00;267;3 - Acidente com Danos Materiais;657,878;BR-376/PR;Sul;Colisão Traseira;1;2;;;;;1
07/07/2021;16:53:00;291;3 - Acidente com Danos Materiais;233,245;BR-101/SC;Norte;Colisão Lateral;1;2;;;;;1
07/07/2021;17:17:00;298;3 - Acidente com Danos Materiais;104,59;BR-116/PR;Norte;Colisão Traseira;1;2;;;;;1
07/07/2021;18:20:00;319;3 - Acidente com Danos Materiais;201,087;BR-101/SC;Sul;Colisão Traseira;1;2;;;;;1
08/07/2021;02:51:00;28;2 - Acidente com VITIMA;136,787;BR-101/SC;Sul;Colisão Traseira;1;1;1;;;;1
08/07/2021;07:46:00;97;3 - Acidente com Danos Materiais;106,01;BR-101/SC;Norte;Colisão Traseira;1;2;;;;;1
08/07/2021;08:25:00;129;1 - Acidente com Vitima Fatal;667,1;BR-376/PR;Sul;Tombamento;1;6;10;8;3;1;3
08/07/2021;09:41:00;154;2 - Acidente com VITIMA;660,2;BR-376/PR;Sul;Engavetamento;5;8;3;1;;;2
08/07/2021;10:18:00;163;3 - Acidente com Danos Materiais;99,8;BR-101/SC;Sul;Colisão Traseira;2;2;;;;;1
08/07/2021;10:38:00;167;3 - Acidente com Danos Materiais;209,5;BR-101/SC;Sul;Colisão Lateral;1;2;;;;;1
08/07/2021;11:52:00;187;3 - Acidente com Danos Materiais;100,045;BR-116/PR;Sul;Colisão Lateral;1;2;;;;;1
08/07/2021;15:39:00;250;3 - Acidente com Danos Materiais;27,632;BR-101/SC;Sul;Colisão Traseira;2;2;;;;;1
08/07/2021;17:36:00;283;3 - Acidente com Danos Materiais;667,3;BR-376/PR;Sul;Saida de Pista;1;1;;;;;1
08/07/2021;17:56:00;288;2 - Acidente com VITIMA;43,272;BR-101/SC;Sul;Colisão Traseira;1;1;1;;;;1
08/07/2021;20:13:00;320;3 - Acidente com Danos Materiais;11,2;BR-101/SC;Norte;Colisão Lateral;1;2;;;;;1
09/07/2021;01:42:00;23;3 - Acidente com Danos Materiais;159,864;BR-101/SC;Sul;Tombamento;1;1;;;;;1
09/07/2021;03:52:00;37;3 - Acidente com Danos Materiais;96,83;BR-116/PR;Norte;Saida de Pista;1;1;;;;;1
09/07/2021;06:34:00;62;3 - Acidente com Danos Materiais;116,3;BR-101/SC;Norte;Colisão Traseira;2;2;;;;;1
09/07/2021;08:35:00;125;3 - Acidente com Danos Materiais;671,7;BR-376/PR;Sul;Saida de Pista;1;1;;;;;1
09/07/2021;09:03:00;136;3 - Acidente com Danos Materiais;232,973;BR-101/SC;Norte;Colisão Lateral;2;2;;;;;1
09/07/2021;13:16:00;213;3 - Acidente com Danos Materiais;109,5;BR-101/SC;Norte;Colisão Lateral;1;2;;;;;1
09/07/2021;14:30:00;235;3 - Acidente com Danos Materiais;120,071;BR-101/SC;Sul;Engavetamento;1;5;;;;;1
09/07/2021;16:05:00;271;3 - Acidente com Danos Materiais;667,3;BR-376/PR;Sul;Saida de Pista;1;1;;;;;1
09/07/2021;16:17:00;276;3 - Acidente com Danos Materiais;202,686;BR-101/SC;Sul;Choque - Suporte de Sinalização;1;2;;;;;1
09/07/2021;18:50:00;334;2 - Acidente com VITIMA;112,5;BR-101/SC;Sul;Queda de Moto;1;1;1;;;;1
09/07/2021;19:05:00;345;3 - Acidente com Danos Materiais;39,459;BR-101/SC;Norte;Engavetamento;1;3;;;;;1
09/07/2021;23:43:00;445;3 - Acidente com Danos Materiais;96,644;BR-101/SC;Norte;Colisão Lateral;1;5;;;;;1
10/07/2021;01:20:00;27;3 - Acidente com Danos Materiais;180,774;BR-101/SC;Norte;Colisão Traseira;1;2;;;;;1
10/07/2021;08:13:00;123;3 - Acidente com Danos Materiais;214,645;BR-101/SC;Norte;Colisão Traseira;1;2;;;;;1
11/07/2021;11:01:00;152;3 - Acidente com Danos Materiais;80,722;BR-116/PR;Norte;Colisão Lateral;1;2;;;;;1
11/07/2021;14:29:00;215;3 - Acidente com Danos Materiais;615,094;BR-376/PR;Sul;Colisão Lateral;1;2;;;;;1
11/07/2021;17:36:00;297;2 - Acidente com VITIMA;148,571;BR-101/SC;Norte;Engavetamento;1;3;1;;;;1
11/07/2021;19:36:00;340;3 - Acidente com Danos Materiais;127,853;BR-101/SC;Norte;Engavetamento;1;7;;;;;1
11/07/2021;22:40:00;405;2 - Acidente com VITIMA;103,265;BR-116/PR;Norte;Colisão Traseira;1;1;2;;;;1
12/07/2021;08:09:00;101;2 - Acidente com VITIMA;625,798;BR-376/PR;Norte;Tombamento;1;1;1;;;;1
12/07/2021;15:09:00;250;3 - Acidente com Danos Materiais;212,472;BR-101/SC;Norte;Colisão Lateral;1;2;;;;;1