data;horario;n_da_ocorrencia;tipo_de_ocorrencia;km;trecho;sentido;tipo_de_acidente;caminhao;ilesos;levemente_feridos;moderadamente_feridos;gravemente_feridos;mortos;3
12/07/2021;18:52:00;337;2 - Acidente com VITIMA;209,362;BR-101/SC;Norte;Queda de Moto;1;1;1;;;;1
12/07/2021;19:07:00;343;3 - Acidente com Danos Materiais;201,441;BR-101/SC;Sul;Colisão Lateral;1;2;;;;;1
13/07/2021;04:53:00;64;2 - Acidente com VITIMA;103,185;BR-116/PR;Sul;Tombamento;1;1;1;;;;1
13/07/2021;12:00:00;226;3 - Acidente com Danos Materiais;193,889;BR-101/SC;Norte;Colisão Lateral;1;2;;;;;1
13/07/2021;14:06:00;264;3 - Acidente com Danos Materiais;667,3;BR-376/PR;Sul;Saida de Pista;1;1;;;;;1
13/07/2021;15:22:00;290;3 - Acidente com Danos Materiais;216,485;BR-101/SC;Norte;Colisão Lateral;2;2;;;;;1
14/07/2021;08:05:00;91;3 - Acidente com Danos Materiais;211,001;BR-101/SC;Norte;Colisão Traseira;1;2;;;;;1
14/07/2021;09:49:00;146;3 - Acidente com Danos Materiais;213,8;BR-101/SC;Norte;Colisão Traseira;1;2;;;;;1
14/07/2021;09:51:00;147;3 - Acidente com Danos Materiais;102,863;BR-101/SC;Sul;Colisão Traseira;1;2;;;;;1
14/07/2021;11:28:00;188;2 - Acidente com VITIMA;213,939;BR-101/SC;Norte;Colisão Traseira;1;1;1;;;;1
14/07/2021;13:54:00;239;3 - Acidente com Danos Materiais;207,062;BR-101/SC;Norte;Colisão Lateral;1;2;;;;;1
14/07/2021;15:31:00;283;3 - Acidente com Danos Materiais;39,111;BR-101/SC;Sul;Engavetamento;2;6;;;;;1
14/07/2021;18:03:00;359;3 - Acidente com Danos Materiais;115,855;BR-101/SC;Norte;Engavetamento;2;8;;;;;1
14/07/2021;18:14:00;364;1 - Acidente com Vitima Fatal;50,938;BR-101/SC;Norte;Colisão Traseira;1;2;;;;1;3
14/07/2021;19:03:00;376;3 - Acidente com Danos Materiais;100,707;BR-116/PR;Sul;Saida de Pista;1;1;;;;;1
15/07/2021;00:02:00;2;2 - Acidente com VITIMA;232,655;BR-101/SC;Norte;Atropelamento - Ciclista;1;0;2;;;;1
15/07/2021;06:55:00;62;3 - Acidente com Danos Materiais;14,72;BR-101/SC;Sul;Choque - Defensa, barreira ou "submarino";1;2;;;;;1
15/07/2021;07:59:00;94;1 - Acidente com Vitima Fatal;211,32;BR-101/SC;Norte;Choque - Suporte de Sinalização;1;1;;;;1;3
15/07/2021;15:11:00;251;3 - Acidente com Danos Materiais;615,307;BR-376/PR;Sul;Colisão Lateral;1;2;;;;;1
15/07/2021;17:55:00;315;3 - Acidente com Danos Materiais;208,884;BR-101/SC;Norte;Colisão Traseira;1;2;;;;;1
15/07/2021;18:07:00;320;3 - Acidente com Danos Materiais;102,5;BR-116/PR;Sul;Colisão Traseira;2;2;;;;;1
15/07/2021;18:25:00;328;3 - Acidente com Danos Materiais;79,46;BR-101/SC;Sul;Colisão Traseira;2;2;;;;;1
15/07/2021;18:44:00;340;3 - Acidente com Danos Materiais;200,563;BR-101/SC;Norte;Colisão Lateral;1;2;;;;;1
15/07/2021;20:20:00;382;3 - Acidente com Danos Materiais;675,01;BR-376/PR;Sul;Engavetamento;1;4;;;;;1
15/07/2021;20:39:00;397;3 - Acidente com Danos Materiais;114,339;BR-101/SC;Norte;Tombamento;1;1;;;;;1
15/07/2021;23:49:00;457;1 - Acidente com Vitima Fatal;65,293;BR-101/SC;Sul;Atropelamento - Outros;1;1;;;;1;3
16/07/2021;00:00:00;1;3 - Acidente com Danos Materiais;100,693;BR-116/PR;Sul;Saida de Pista;1;1;;;;;1
16/07/2021;02:53:00;31;3 - Acidente com Danos Materiais;632,305;BR-376/PR;Norte;Colisão Traseira;1;2;;;;;1
16/07/2021;11:07:00;200;3 - Acidente com Danos Materiais;1,35;BR-101/SC;Sul;Colisão Traseira;2;2;;;;;1
16/07/2021;13:18:00;229;2 - Acidente com VITIMA;651,422;BR-376/PR;Norte;Choque - Defensa, barreira ou "submarino";1;1;1;;;;1
16/07/2021;14:49:00;253;3 - Acidente com Danos Materiais;655,793;BR-376/PR;Norte;Queda de Moto;1;2;;;;;1
16/07/2021;16:07:00;277;3 - Acidente com Danos Materiais;56,95;BR-101/SC;Sul;Colisão Lateral;1;2;;;;;1
16/07/2021;20:31:00;366;3 - Acidente com Danos Materiais;98,144;BR-116/PR;Norte;Saida de Pista;1;1;;;;;1
16/07/2021;20:30:00;375;3 - Acidente com Danos Materiais;212,9;BR-101/SC;Norte;Colisão Traseira;1;2;;;;;1
16/07/2021;21:48:00;401;1 - Acidente com Vitima Fatal;207,338;BR-101/SC;Norte;Colisão Lateral;1;2;;;;1;3
16/07/2021;22:23:00;404;3 - Acidente com Danos Materiais;83,522;BR-101/SC;Norte;Colisão Traseira;1;2;;;;;1
17/07/2021;04:26:00;59;3 - Acidente com Danos Materiais;135,14;BR-101/SC;Norte;Colisão Traseira;1;2;;;;;1
17/07/2021;05:15:00;64;3 - Acidente com Danos Materiais;104,8;BR-101/SC;Sul;Tombamento;1;1;;;;;1
17/07/2021;05:59:00;72;3 - Acidente com Danos Materiais;152,848;BR-101/SC;Sul;Choque - Defensa, barreira ou "submarino";1;1;;;;;1
17/07/2021;13:42:00;183;3 - Acidente com Danos Materiais;105,824;BR-101/SC;Sul;Choque - Defensa, barreira ou "submarino";1;1;;;;;1
17/07/2021;13:40:00;184;2 - Acidente com VITIMA;127,975;BR-101/SC;Norte;Colisão Traseira;1;1;;;1;;2
17/07/2021;15:55:00;230;3 - Acidente com Danos Materiais;111,447;BR-101/SC;Sul;Colisão Traseira;1;4;;;;;1
17/07/2021;18:34:00;285;2 - Acidente com VITIMA;117,59;BR-101/SC;Norte;Colisão Lateral;1;1;;1;1;;2
17/07/2021;19:54:00;316;3 - Acidente com Danos Materiais;663,522;BR-376/PR;Sul;Colisão Lateral;1;2;;;;;1
18/07/2021;00:22:00;6;3 - Acidente com Danos Materiais;82,153;BR-101/SC;Norte;Colisão Traseira;1;2;;;;;1
18/07/2021;02:38:00;36;3 - Acidente com Danos Materiais;667,3;BR-376/PR;Sul;Saida de Pista;1;1;;;;;1
18/07/2021;13:42:00;205;3 - Acidente com Danos Materiais;36,213;BR-101/SC;Sul;Colisão Traseira;2;3;;;;;1
18/07/2021;15:23:00;248;3 - Acidente com Danos Materiais;31,883;BR-101/SC;Norte;Colisão Lateral;1;2;;;;;1
19/07/2021;19:54:00;374;3 - Acidente com Danos Materiais;212,423;BR-101/SC;Norte;Colisão Traseira;1;2;;;;;1
20/07/2021;09:48:00;156;3 - Acidente com Danos Materiais;69,28;BR-101/SC;Norte;Colisão Traseira;2;2;;;;;1
20/07/2021;10:11:00;164;2 - Acidente com VITIMA;651,617;BR-376/PR;Sul;Colisão Lateral;1;4;2;;;;1
20/07/2021;14:59:00;232;3 - Acidente com Danos Materiais;203,758;BR-101/SC;Norte;Colisão Traseira;1;2;;;;;1
21/07/2021;05:09:00;58;3 - Acidente com Danos Materiais;640,65;BR-376/PR;Norte;Saida de Pista;1;1;;;;;1
21/07/2021;08:57:00;149;3 - Acidente com Danos Materiais;87,096;BR-116/PR;Norte;Saida de Pista;1;1;;;;;1
21/07/2021;12:24:00;222;2 - Acidente com VITIMA;37,045;BR-101/SC;Sul;Colisão Traseira;2;0;2;;1;;2
21/07/2021;15:59:00;302;3 - Acidente com Danos Materiais;212,034;BR-101/SC;Norte;Colisão Traseira;2;2;;;;;1
21/07/2021;16:41:00;317;3 - Acidente com Danos Materiais;104,263;BR-116/PR;Sul;Colisão Lateral;1;2;;;;;1
21/07/2021;18:21:00;348;3 - Acidente com Danos Materiais;94,475;BR-116/PR;Norte;Saida de Pista;1;1;;;;;1
21/07/2021;19:37:00;365;3 - Acidente com Danos Materiais;29,001;BR-101/SC;Norte;Colisão Lateral;1;2;;;;;1
21/07/2021;23:58:00;464;3 - Acidente com Danos Materiais;666,179;BR-376/PR;Sul;Engavetamento;2;6;;;;;1
22/07/2021;00:00:00;1;3 - Acidente com Danos Materiais;103,343;BR-101/SC;Sul;Colisão Traseira;1;2;;;;;1
22/07/2021;05:37:00;57;3 - Acidente com Danos Materiais;72,405;BR-116/PR;Sul;Saida de Pista;1;2;;;;;1
22/07/2021;07:02:00;69;3 - Acidente com Danos Materiais;98,602;BR-101/SC;Sul;Colisão Lateral;2;2;;;;;1
22/07/2021;07:48:00;88;3 - Acidente com Danos Materiais;191,192;BR-101/SC;Norte;Colisão Traseira;1;3;;;;;1
22/07/2021;08:32:00;118;3 - Acidente com Danos Materiais;198,775;BR-101/SC;Sul;Colisão Lateral;1;2;;;;;1
22/07/2021;09:44:00;142;3 - Acidente com Danos Materiais;114,796;BR-101/SC;Sul;Colisão Traseira;2;2;;;;;1
22/07/2021;11:59:00;188;3 - Acidente com Danos Materiais;214,087;BR-101/SC;Norte;Colisão Lateral;1;2;;;;;1
22/07/2021;13:47:00;218;3 - Acidente com Danos Materiais;151,682;BR-101/SC;Sul;Colisão Traseira;1;2;;;;;1
22/07/2021;14:55:00;239;3 - Acidente com Danos Materiais;216,353;BR-101/SC;Sul;Tombamento;1;1;;;;;1
22/07/2021;15:12:00;246;3 - Acidente com Danos Materiais;111,106;BR-116/PR;Norte;Engavetamento;3;3;;;;;1
22/07/2021;17:08:00;290;3 - Acidente com Danos Materiais;151,225;BR-101/SC;Sul;Colisão Lateral;1;2;;;;;1
23/07/2021;03:28:00;51;3 - Acidente com Danos Materiais;205,001;BR-101/SC;Norte;Colisão Traseira;1;2;;;;;1
23/07/2021;04:25:00;57;3 - Acidente com Danos Materiais;117,992;BR-101/SC;Sul;Colisão Traseira;1;2;;;;;1
23/07/2021;10:20:00;183;3 - Acidente com Danos Materiais;664,651;BR-376/PR;Sul;Colisão Lateral;2;2;;;;;1
23/07/2021;16:25:00;324;3 - Acidente com Danos Materiais;667,3;BR-376/PR;Sul;Saida de Pista;1;1;;;;;1
23/07/2021;16:37:00;329;3 - Acidente com Danos Materiais;108,716;BR-116/PR;Sul;Colisão Traseira;2;2;;;;;1
23/07/2021;17:00:00;336;3 - Acidente com Danos Materiais;667,3;BR-376/PR;Sul;Saida de Pista;1;1;;;;;1
23/07/2021;17:38:00;352;3 - Acidente com Danos Materiais;103,895;BR-116/PR;Sul;Colisão Traseira;2;2;;;;;1
23/07/2021;21:41:00;462;3 - Acidente com Danos Materiais;211,469;BR-101/SC;Norte;Colisão Lateral;1;2;;;;;1
23/07/2021;23:11:00;497;2 - Acidente com VITIMA;133,084;BR-101/SC;Norte;Colisão Traseira;1;1;1;;;;1
23/07/2021;23:52:00;511;3 - Acidente com Danos Materiais;1,656;BR-101/SC;Sul;Colisão Traseira;1;3;;;;;1
24/07/2021;00:03:00;1;3 - Acidente com Danos Materiais;129,621;BR-101/SC;Norte;Colisão Lateral;1;2;;;;;1
24/07/2021;12:23:00;215;2 - Acidente com VITIMA;56,375;BR-101/SC;Sul;Colisão Lateral;1;1;;;1;;2
25/07/2021;01:03:00;12;3 - Acidente com Danos Materiais;91,1;BR-116/PR;Sul;Choque - Elemento de Drenagem;1;1;;;;;1
26/07/2021;04:55:00;44;3 - Acidente com Danos Materiais;112,471;BR-101/SC;Sul;Colisão Traseira;1;3;;;;;1
26/07/2021;08:55:00;132;3 - Acidente com Danos Materiais;209,9;BR-101/SC;Norte;Colisão Lateral;1;2;;;;;1
26/07/2021;14:03:00;260;3 - Acidente com Danos Materiais;221,336;BR-101/SC;Norte;Colisão Lateral;1;2;;;;;1
27/07/2021;08:02:00;112;2 - Acidente com VITIMA;212,258;BR-101/SC;Sul;Colisão Traseira;1;1;1;;;;1
27/07/2021;09:21:00;155;2 - Acidente com VITIMA;231,104;BR-101/SC;Norte;Tombamento;1;0;1;;;;1
27/07/2021;10:43:00;196;3 - Acidente com Danos Materiais;102,722;BR-101/SC;Norte;Colisão Lateral;2;2;;;;;1
27/07/2021;10:43:00;220;2 - Acidente com VITIMA;102,722;BR-101/SC;Norte;Colisão Traseira;1;1;1;;;;1
27/07/2021;13:22:00;249;3 - Acidente com Danos Materiais;107,824;BR-116/PR;Sul;Saida de Pista;1;1;;;;;1
27/07/2021;14:11:00;263;2 - Acidente com VITIMA;45,495;BR-101/SC;Norte;Colisão Traseira;2;1;;1;;;2
27/07/2021;14:50:00;275;3 - Acidente com Danos Materiais;620,813;BR-376/PR;Norte;Colisão Traseira;1;2;;;;;1
27/07/2021;15:16:00;283;2 - Acidente com VITIMA;615,314;BR-376/PR;Norte;Engavetamento;2;2;;;1;;2
27/07/2021;16:47:00;322;3 - Acidente com Danos Materiais;115,754;BR-101/SC;Norte;Choque - Defensa, barreira ou "submarino";1;2;;;;;1
27/07/2021;18:30:00;345;3 - Acidente com Danos Materiais;207,557;BR-101/SC;Norte;Colisão Traseira;1;2;;;;;1
28/07/2021;00:41:00;10;1 - Acidente com Vitima Fatal;97,656;BR-101/SC;Sul;Tombamento;1;0;;;;1;3
28/07/2021;05:50:00;45;3 - Acidente com Danos Materiais;138,5;BR-101/SC;Norte;Atropelamento de Animal;1;1;;;;;1
28/07/2021;14:05:00;248;3 - Acidente com Danos Materiais;623,139;BR-376/PR;Norte;Saida de Pista;1;2;;;;;1
28/07/2021;14:57:00;262;2 - Acidente com VITIMA;144,476;BR-101/SC;Sul;Colisão Traseira;1;1;1;;;;1
28/07/2021;14:57:00;264;3 - Acidente com Danos Materiais;215,705;BR-101/SC;Norte;Colisão Lateral;1;2;;;;;1
28/07/2021;16:06:00;289;3 - Acidente com Danos Materiais;182,89;BR-101/SC;Sul;Colisão Traseira;2;2;;;;;1
28/07/2021;16:23:00;295;2 - Acidente com VITIMA;671,559;BR-376/PR;Sul;Choque - Poste;1;1;;1;;;2
28/07/2021;16:30:00;297;3 - Acidente com Danos Materiais;213,623;BR-101/SC;Norte;Colisão Traseira;1;2;;;;;1
28/07/2021;17:51:00;325;3 - Acidente com Danos Materiais;133,976;BR-101/SC;Norte;Colisão Lateral;1;2;;;;;1
29/07/2021;03:03:00;42;3 - Acidente com Danos Materiais;86,362;BR-116/PR;Norte;Colisão Traseira;1;2;;;;;1
29/07/2021;09:16:00;162;3 - Acidente com Danos Materiais;136,214;BR-101/SC;Norte;Colisão Lateral;1;2;;;;;1
29/07/2021;10:22:00;190;3 - Acidente com Danos Materiais;78,434;BR-101/SC;Sul;Colisão Traseira;2;2;;;;;1
29/07/2021;13:22:00;240;3 - Acidente com Danos Materiais;639,802;BR-376/PR;Sul;Colisão Traseira;1;2;;;;;1
29/07/2021;15:10:00;276;3 - Acidente com Danos Materiais;48,322;BR-101/SC;Norte;Colisão Lateral;1;2;;;;;1
29/07/2021;16:22:00;299;3 - Acidente com Danos Materiais;121,074;BR-101/SC;Norte;Colisão Lateral;1;2;;;;;1
29/07/2021;22:45:00;402;3 - Acidente com Danos Materiais;614,832;BR-376/PR;Sul;Colisão Traseira;1;3;;;;;1
29/07/2021;23:00:00;411;3 - Acidente com Danos Materiais;213,68;BR-101/SC;Norte;Colisão Lateral;1;2;;;;;1
30/07/2021;02:01:00;31;2 - Acidente com VITIMA;3,997;BR-101/SC;Sul;Colisão Traseira;2;1;;1;;;2
30/07/2021;08:11:00;131;3 - Acidente com Danos Materiais;202,654;BR-101/SC;Sul;Colisão Traseira;1;3;;;;;1
30/07/2021;09:28:00;168;2 - Acidente com VITIMA;622,312;BR-376/PR;Norte;Choque - Defensa, barreira ou "submarino";1;1;1;;;;1
30/07/2021;11:21:00;211;3 - Acidente com Danos Materiais;94,915;BR-116/PR;Sul;Colisão Traseira;2;2;;;;;1
30/07/2021;11:28:00;215;2 - Acidente com VITIMA;33,845;BR-101/SC;Sul;Colisão Traseira;1;1;;;2;;2
30/07/2021;11:32:00;217;3 - Acidente com Danos Materiais;95,388;BR-116/PR;Sul;Colisão Traseira;2;2;;;;;1
30/07/2021;15:15:00;292;3 - Acidente com Danos Materiais;117,339;BR-101/SC;Sul;Colisão Lateral;1;2;;;;;1
31/07/2021;02:48:00;46;3 - Acidente com Danos Materiais;656,928;BR-376/PR;Sul;Tombamento;1;2;;;;;1
31/07/2021;04:22:00;50;3 - Acidente com Danos Materiais;98,765;BR-101/SC;Norte;Colisão Traseira;1;3;;;;;1
31/07/2021;05:48:00;59;3 - Acidente com Danos Materiais;215,044;BR-101/SC;Sul;Colisão Lateral;1;2;;;;;1
31/07/2021;10:31:00;142;3 - Acidente com Danos Materiais;212,288;BR-101/SC;Norte;Colisão Lateral;1;2;;;;;1
31/07/2021;14:32:00;206;3 - Acidente com Danos Materiais;205,603;BR-101/SC;Norte;Colisão Lateral;1;3;;;;;1
31/07/2021;14:45:00;217;3 - Acidente com Danos Materiais;671,7;BR-376/PR;Sul;Saida de Pista;1;1;;;;;1
31/07/2021;16:39:00;273;3 - Acidente com Danos Materiais;215,1;BR-101/SC;Norte;Colisão Lateral;1;2;;;;;1
01/08/2021;17:20:00;281;3 - Acidente com Danos Materiais;233,805;BR-101/SC;Norte;Colisão Traseira;1;2;;;;;1
01/08/2021;20:49:00;338;3 - Acidente com Danos Materiais;147,017;BR-101/SC;Sul;Choque - Defensa, barreira ou "submarino";1;1;;;;;1
01/08/2021;20:59:00;339;3 - Acidente com Danos Materiais;213,644;BR-101/SC;Norte;Colisão Lateral;1;2;;;;;1
01/08/2021;21:37:00;349;3 - Acidente com Danos Materiais;243,536;BR-101/SC;Norte;Colisão Traseira;2;2;;;;;1
02/08/2021;06:53:00;71;1 - Acidente com Vitima Fatal;89,01;BR-116/PR;Sul;Colisão Lateral;1;1;;;;1;3
02/08/2021;19:39:00;351;3 - Acidente com Danos Materiais;205,633;BR-101/SC;Norte;Colisão Traseira;1;2;;;;;1
03/08/2021;04:14:00;41;3 - Acidente com Danos Materiais;150,887;BR-101/SC;Norte;Colisão Lateral;2;2;;;;;1
03/08/2021;06:29:00;58;3 - Acidente com Danos Materiais;209,369;BR-101/SC;Norte;Colisão Traseira;1;2;;;;;1
03/08/2021;10:00:00;178;3 - Acidente com Danos Materiais;102,5;BR-116/PR;Sul;Engavetamento;4;4;;;;;1
03/08/2021;15:05:00;260;3 - Acidente com Danos Materiais;111,265;BR-116/PR;Norte;Colisão Traseira;2;3;;;;;1
03/08/2021;15:09:00;261;2 - Acidente com VITIMA;213,922;BR-101/SC;Norte;Colisão Traseira;2;1;1;;;;1
03/08/2021;15:28:00;269;3 - Acidente com Danos Materiais;109,559;BR-116/PR;Sul;Colisão Traseira;2;2;;;;;1
03/08/2021;17:10:00;304;3 - Acidente com Danos Materiais;85,391;BR-116/PR;Sul;Colisão Traseira;1;2;;;;;1
03/08/2021;19:36:00;359;2 - Acidente com VITIMA;109,338;BR-116/PR;Norte;Tombamento;1;1;1;;;;1
03/08/2021;19:43:00;362;3 - Acidente com Danos Materiais;101,898;BR-116/PR;Sul;Colisão Traseira;1;2;;;;;1
04/08/2021;00:56:00;13;2 - Acidente com VITIMA;33,804;BR-101/SC;Sul;Colisão Traseira;4;3;1;;;;1
04/08/2021;02:07:00;30;3 - Acidente com Danos Materiais;654,052;BR-376/PR;Norte;Tombamento;1;1;;;;;1
04/08/2021;07:15:00;75;3 - Acidente com Danos Materiais;96,525;BR-101/SC;Sul;Choque - Defensa, barreira ou "submarino";1;1;;;;;1
04/08/2021;07:18:00;76;3 - Acidente com Danos Materiais;101,323;BR-101/SC;Sul;Colisão Traseira;1;2;;;;;1
04/08/2021;07:37:00;89;3 - Acidente com Danos Materiais;114,793;BR-116/PR;Norte;Colisão Traseira;1;2;;;;;1
04/08/2021;08:06:00;102;3 - Acidente com Danos Materiais;666,7;BR-376/PR;Norte;Tombamento;1;1;;;;;1
04/08/2021;09:22:00;165;3 - Acidente com Danos Materiais;214,417;BR-101/SC;Norte;Engavetamento;1;3;;;;;1
04/08/2021;11:02:00;196;2 - Acidente com VITIMA;149,66;BR-101/SC;Sul;Colisão Transversal;1;1;1;;;;1
04/08/2021;11:31:00;208;3 - Acidente com Danos Materiais;144,143;BR-101/SC;Norte;Colisão Transversal;1;2;;;;;1
04/08/2021;13:09:00;246;3 - Acidente com Danos Materiais;208,5;BR-101/SC;Sul;Colisão Lateral;1;2;;;;;1
04/08/2021;22:52:00;429;3 - Acidente com Danos Materiais;137,793;BR-101/SC;Norte;Colisão Traseira;1;3;;;;;1
05/08/2021;10:12:00;188;3 - Acidente com Danos Materiais;66,452;BR-101/SC;Norte;Colisão Traseira;1;2;;;;;1
05/08/2021;12:14:00;221;3 - Acidente com Danos Materiais;102,2;BR-116/PR;Sul;Colisão Traseira;1;2;;;;;1
05/08/2021;12:15:00;223;3 - Acidente com Danos Materiais;207,783;BR-101/SC;Norte;Colisão Transversal;1;2;;;;;1
05/08/2021;16:59:00;327;3 - Acidente com Danos Materiais;160,118;BR-101/SC;Sul;Colisão Lateral;1;2;;;;;1
05/08/2021;20:40:00;400;2 - Acidente com VITIMA;140,846;BR-101/SC;Norte;Colisão Lateral;1;1;1;;;;1
05/08/2021;21:38:00;419;3 - Acidente com Danos Materiais;143,788;BR-101/SC;Norte;Tombamento;1;1;;;;;1
05/08/2021;22:38:00;435;2 - Acidente com VITIMA;113,832;BR-116/PR;Sul;Colisão Traseira;1;2;1;;;;1
06/08/2021;05:56:00;55;2 - Acidente com VITIMA;8,88;BR-101/SC;Sul;Colisão Traseira;2;2;1;1;;;2
06/08/2021;06:48:00;74;3 - Acidente com Danos Materiais;139,482;BR-101/SC;Sul;Colisão Traseira;2;2;;;;;1
06/08/2021;08:39:00;133;3 - Acidente com Danos Materiais;676,5;BR-376/PR;Sul;Choque - Defensa, barreira ou "submarino";1;1;;;;;1
06/08/2021;14:10:00;231;3 - Acidente com Danos Materiais;216,493;BR-101/SC;Norte;Choque - Defensa, barreira ou "submarino";1;1;;;;;1
06/08/2021;17:41:00;307;3 - Acidente com Danos Materiais;135,163;BR-101/SC;Sul;Colisão Traseira;1;3;;;;;1
06/08/2021;18:39:00;327;3 - Acidente com Danos Materiais;100,943;BR-116/PR;Sul;Engavetamento;1;3;;;;;1
06/08/2021;21:23:00;388;3 - Acidente com Danos Materiais;664,259;BR-376/PR;Norte;Colisão Transversal;1;3;;;;;1
06/08/2021;21:32:00;392;3 - Acidente com Danos Materiais;233,294;BR-101/SC;Norte;Colisão Lateral;1;3;;;;;1
06/08/2021;22:12:00;398;2 - Acidente com VITIMA;83,949;BR-101/SC;Norte;Atropelamento - Andarilho;1;1;;;1;;2
07/08/2021;14:26:00;202;3 - Acidente com Danos Materiais;77,529;BR-116/PR;Sul;Colisão Traseira;1;4;;;;;1
08/08/2021;09:09:00;95;3 - Acidente com Danos Materiais;96,059;BR-116/PR;Sul;Colisão Traseira;1;2;;;;;1
08/08/2021;09:47:00;109;2 - Acidente com VITIMA;679,42;BR-376/PR;Sul;Tombamento;1;0;;;1;;2
08/08/2021;18:33:00;292;3 - Acidente com Danos Materiais;654,043;BR-376/PR;Norte;Colisão Traseira;1;2;;;;;1
08/08/2021;18:36:00;295;2 - Acidente com VITIMA;77,151;BR-116/PR;Sul;Saida de Pista;1;2;1;;;;1
08/08/2021;23:21:00;388;3 - Acidente com Danos Materiais;205,075;BR-101/SC;Norte;Colisão Traseira;1;2;;;;;1
09/08/2021;17:46:00;337;3 - Acidente com Danos Materiais;196,817;BR-101/SC;Sul;Colisão Traseira;1;2;;;;;1
09/08/2021;18:15:00;347;3 - Acidente com Danos Materiais;197,859;BR-101/SC;Norte;Colisão Traseira;1;2;;;;;1
09/08/2021;18:36:00;354;2 - Acidente com VITIMA;207,028;BR-101/SC;Sul;Colisão Traseira;1;2;1;;;;1
09/08/2021;22:51:00;425;3 - Acidente com Danos Materiais;70,172;BR-101/SC;Sul;Tombamento;1;1;;;;;1
10/08/2021;05:54:00;55;3 - Acidente com Danos Materiais;88,844;BR-116/PR;Norte;Colisão Traseira;1;2;;;;;1
10/08/2021;07:18:00;81;3 - Acidente com Danos Materiais;216,2;BR-101/SC;Norte;Colisão Lateral;1;2;;;;;1
10/08/2021;08:48:00;128;3 - Acidente com Danos Materiais;41,6;BR-101/SC;Norte;Colisão Traseira;1;5;;;;;1
10/08/2021;22:38:00;399;2 - Acidente com VITIMA;668,728;BR-376/PR;Norte;Choque - Defensa, barreira ou "submarino";1;0;1;;;;1
11/08/2021;07:08:00;85;3 - Acidente com Danos Materiais;616,572;BR-376/PR;Norte;Colisão Lateral;2;2;;;;;1
11/08/2021;10:04:00;165;3 - Acidente com Danos Materiais;90,745;BR-101/SC;Sul;Colisão Traseira;2;2;;;;;1
11/08/2021;10:46:00;175;2 - Acidente com VITIMA;57,803;BR-101/SC;Norte;Tombamento;1;0;1;;;;1
11/08/2021;11:09:00;178;3 - Acidente com Danos Materiais;664,5;BR-376/PR;Norte;Colisão Traseira;2;2;;;;;1
11/08/2021;13:36:00;218;3 - Acidente com Danos Materiais;162,874;BR-101/SC;Norte;Colisão Lateral;1;2;;;;;1
11/08/2021;15:50:00;269;3 - Acidente com Danos Materiais;94,024;BR-116/PR;Sul;Colisão Lateral;1;2;;;;;1
11/08/2021;16:57:00;293;3 - Acidente com Danos Materiais;645,077;BR-376/PR;Norte;Colisão Lateral;1;2;;;;;1
11/08/2021;18:12:00;310;2 - Acidente com VITIMA;22,224;BR-101/SC;Norte;Choque - Defensa, barreira ou "submarino";1;0;1;;;;1
11/08/2021;20:13:00;331;3 - Acidente com Danos Materiais;209,971;BR-101/SC;Norte;Colisão Lateral;1;2;;;;;1
12/08/2021;07:28:00;86;3 - Acidente com Danos Materiais;116,807;BR-101/SC;Norte;Colisão Traseira;1;2;;;;;1
12/08/2021;08:21:00;105;3 - Acidente com Danos Materiais;79,46;BR-101/SC;Sul;Colisão Traseira;1;2;;;;;1
12/08/2021;18:26:00;328;3 - Acidente com Danos Materiais;102,003;BR-116/PR;Norte;Colisão Lateral;1;2;;;;;1
12/08/2021;21:59:00;386;3 - Acidente com Danos Materiais;636,439;BR-376/PR;Norte;Saida de Pista;1;1;;;;;1
13/08/2021;05:24:00;46;3 - Acidente com Danos Materiais;219,445;BR-101/SC;Norte;Colisão Traseira;1;2;;;;;1
13/08/2021;06:09:00;50;3 - Acidente com Danos Materiais;201,068;BR-101/SC;Norte;Saida de Pista;1;1;;;;;1