data;horario;n_da_ocorrencia;tipo_de_ocorrencia;km;trecho;sentido;tipo_de_acidente;caminhao;ilesos;levemente_feridos;moderadamente_feridos;gravemente_feridos;mortos;3
17/09/2021;03:57:00;45;3 - Acidente com Danos Materiais;17,736;BR-101/SC;Sul;Colisão Traseira;1;2;;;;;1
17/09/2021;07:56:00;118;3 - Acidente com Danos Materiais;204,979;BR-101/SC;Sul;Colisão Lateral;1;2;;;;;1
17/09/2021;09:38:00;169;3 - Acidente com Danos Materiais;197,993;BR-101/SC;Sul;Colisão Lateral;2;2;;;;;1
17/09/2021;15:34:00;258;3 - Acidente com Danos Materiais;39,603;BR-101/SC;Sul;Colisão Traseira;2;2;;;;;1
17/09/2021;15:53:00;265;3 - Acidente com Danos Materiais;104,451;BR-116/PR;Norte;Saida de Pista;1;1;;;;;1
17/09/2021;15:55:00;267;3 - Acidente com Danos Materiais;198,464;BR-101/SC;Sul;Colisão Traseira;1;3;;;;;1
17/09/2021;16:01:00;271;2 - Acidente com VITIMA;206,877;BR-101/SC;Sul;Colisão Traseira;1;1;1;;;;1
17/09/2021;16:59:00;295;3 - Acidente com Danos Materiais;102,455;BR-116/PR;Sul;Colisão Lateral;1;2;;;;;1
17/09/2021;18:50:00;348;3 - Acidente com Danos Materiais;157,444;BR-101/SC;Sul;Colisão Lateral;1;2;;;;;1
17/09/2021;19:14:00;353;3 - Acidente com Danos Materiais;103,473;BR-116/PR;Norte;Colisão Lateral;1;2;;;;;1
17/09/2021;23:59:00;450;3 - Acidente com Danos Materiais;138,001;BR-101/SC;Norte;Colisão Traseira;1;2;;;;;1
18/09/2021;00:32:00;13;3 - Acidente com Danos Materiais;617,149;BR-376/PR;Sul;Colisão Lateral;1;2;;;;;1
18/09/2021;11:25:00;207;3 - Acidente com Danos Materiais;214,805;BR-101/SC;Norte;Colisão Lateral;1;2;;;;;1
18/09/2021;14:25:00;270;3 - Acidente com Danos Materiais;667,3;BR-376/PR;Sul;Saida de Pista;1;1;;;;;1
18/09/2021;16:22:00;318;3 - Acidente com Danos Materiais;209,635;BR-101/SC;Sul;Engavetamento;1;3;;;;;1
18/09/2021;17:47:00;363;3 - Acidente com Danos Materiais;117,9;BR-101/SC;Norte;Colisão Lateral;1;2;;;;;1
18/09/2021;18:41:00;377;1 - Acidente com Vitima Fatal;167,52;BR-101/SC;Norte;Queda de Moto;1;2;;;;2;3
18/09/2021;21:33:00;417;3 - Acidente com Danos Materiais;217,383;BR-101/SC;Norte;Colisão Traseira;1;2;;;;;1
19/09/2021;17:38:00;293;3 - Acidente com Danos Materiais;104,352;BR-101/SC;Sul;Colisão Lateral;1;2;;;;;1
20/09/2021;06:45:00;86;3 - Acidente com Danos Materiais;644,235;BR-376/PR;Sul;Tombamento;1;2;;;;;1
20/09/2021;10:50:00;210;3 - Acidente com Danos Materiais;116,8;BR-101/SC;Sul;Colisão Traseira;1;2;;;;;1
20/09/2021;11:41:00;227;2 - Acidente com VITIMA;215,4;BR-101/SC;Sul;Colisão Traseira;1;4;1;;;;1
20/09/2021;13:00:00;251;3 - Acidente com Danos Materiais;3,7;BR-101/SC;Sul;Colisão Traseira;2;2;;;;;1
20/09/2021;15:55:00;325;3 - Acidente com Danos Materiais;111,393;BR-101/SC;Norte;Engavetamento;3;3;;;;;1
20/09/2021;16:38:00;350;3 - Acidente com Danos Materiais;203,134;BR-101/SC;Sul;Colisão Lateral;1;2;;;;;1
20/09/2021;16:56:00;358;3 - Acidente com Danos Materiais;156,072;BR-101/SC;Norte;Colisão Lateral;1;2;;;;;1
20/09/2021;18:34:00;407;3 - Acidente com Danos Materiais;667,3;BR-376/PR;Sul;Saida de Pista;1;1;;;;;1
21/09/2021;04:12:00;58;3 - Acidente com Danos Materiais;667,3;BR-376/PR;Sul;Saida de Pista;1;1;;;;;1
21/09/2021;14:38:00;271;2 - Acidente com VITIMA;195,553;BR-101/SC;Norte;Colisão Traseira;1;1;;1;;;2
21/09/2021;17:50:00;352;2 - Acidente com VITIMA;34,465;BR-101/SC;Sul;Colisão Lateral;1;2;1;;;;1
21/09/2021;23:19:00;455;2 - Acidente com VITIMA;227,208;BR-101/SC;Norte;Engavetamento;3;2;1;;;;1
22/09/2021;04:39:00;67;3 - Acidente com Danos Materiais;117,679;BR-101/SC;Norte;Saida de Pista;1;1;;;;;1
22/09/2021;06:33:00;87;3 - Acidente com Danos Materiais;665,017;BR-376/PR;Norte;Colisão Lateral;1;2;;;;;1
22/09/2021;07:09:00;108;3 - Acidente com Danos Materiais;114,863;BR-101/SC;Sul;Colisão Lateral;1;2;;;;;1
22/09/2021;08:03:00;140;3 - Acidente com Danos Materiais;107,976;BR-116/PR;Sul;Tombamento;1;1;;;;;1
22/09/2021;08:07:00;141;3 - Acidente com Danos Materiais;198,05;BR-101/SC;Sul;Colisão Lateral;1;2;;;;;1
22/09/2021;10:42:00;209;3 - Acidente com Danos Materiais;79,15;BR-101/SC;Norte;Colisão Traseira;1;2;;;;;1
22/09/2021;10:52:00;214;3 - Acidente com Danos Materiais;100,228;BR-116/PR;Sul;Engavetamento;2;3;;;;;1
22/09/2021;11:08:00;218;3 - Acidente com Danos Materiais;102,4;BR-116/PR;Sul;Colisão Traseira;2;2;;;;;1
22/09/2021;11:48:00;228;3 - Acidente com Danos Materiais;92,818;BR-116/PR;Sul;Colisão Traseira;2;2;;;;;1
22/09/2021;13:25:00;259;3 - Acidente com Danos Materiais;130,025;BR-101/SC;Sul;Saida de Pista;1;1;;;;;1
22/09/2021;14:46:00;284;3 - Acidente com Danos Materiais;120,121;BR-101/SC;Norte;Colisão Traseira;2;2;;;;;1
22/09/2021;22:50:00;480;2 - Acidente com VITIMA;674,249;BR-376/PR;Sul;Engavetamento;2;2;;3;1;;2
23/09/2021;01:12:00;24;3 - Acidente com Danos Materiais;678,604;BR-376/PR;Norte;Colisão Traseira;2;2;;;;;1
23/09/2021;08:20:00;141;3 - Acidente com Danos Materiais;102,428;BR-116/PR;Sul;Colisão Traseira;1;2;;;;;1
23/09/2021;09:00:00;165;3 - Acidente com Danos Materiais;120,89;BR-101/SC;Norte;Choque - Defensa, barreira ou "submarino";1;1;;;;;1
23/09/2021;09:01:00;167;3 - Acidente com Danos Materiais;102,561;BR-116/PR;Sul;Colisão Traseira;1;2;;;;;1
23/09/2021;10:23:00;200;3 - Acidente com Danos Materiais;113,878;BR-101/SC;Sul;Colisão Traseira;1;2;;;;;1
23/09/2021;11:07:00;212;2 - Acidente com VITIMA;211,201;BR-101/SC;Norte;Colisão Lateral;1;1;;;1;;2
23/09/2021;14:48:00;272;3 - Acidente com Danos Materiais;107,449;BR-116/PR;Sul;Tombamento;1;1;;;;;1
23/09/2021;17:21:00;340;1 - Acidente com Vitima Fatal;211,474;BR-101/SC;Norte;Choque - Suporte de Sinalização;1;3;;;;2;3
24/09/2021;01:08:00;29;3 - Acidente com Danos Materiais;116,013;BR-101/SC;Norte;Colisão Traseira;2;2;;;;;1
24/09/2021;03:16:00;47;3 - Acidente com Danos Materiais;17,115;BR-101/SC;Sul;Colisão Lateral;2;2;;;;;1
24/09/2021;12:38:00;239;3 - Acidente com Danos Materiais;109,305;BR-101/SC;Sul;Saida de Pista;1;1;;;;;1
24/09/2021;14:39:00;287;3 - Acidente com Danos Materiais;649,545;BR-376/PR;Norte;Colisão Lateral;2;2;;;;;1
24/09/2021;15:07:00;299;3 - Acidente com Danos Materiais;205,538;BR-101/SC;Norte;Colisão Traseira;1;2;;;;;1
24/09/2021;16:30:00;335;3 - Acidente com Danos Materiais;99,569;BR-116/PR;Sul;Colisão Lateral;1;2;;;;;1
24/09/2021;17:22:00;362;3 - Acidente com Danos Materiais;107,394;BR-116/PR;Sul;Colisão Traseira;2;2;;;;;1
24/09/2021;18:13:00;385;3 - Acidente com Danos Materiais;49,011;BR-101/SC;Norte;Engavetamento;2;3;;;;;1
24/09/2021;18:31:00;393;2 - Acidente com VITIMA;101,567;BR-101/SC;Sul;Colisão Traseira;1;1;;1;;;2
25/09/2021;00:53:00;19;3 - Acidente com Danos Materiais;191,304;BR-101/SC;Norte;Tombamento;1;1;;;;;1
25/09/2021;10:05:00;167;1 - Acidente com Vitima Fatal;676,491;BR-376/PR;Sul;Choque - Defensa, barreira ou "submarino";1;0;;;;1;3
25/09/2021;11:40:00;199;1 - Acidente com Vitima Fatal;667,3;BR-376/PR;Sul;Outros;1;1;;;;1;3
25/09/2021;15:31:00;275;3 - Acidente com Danos Materiais;673,304;BR-376/PR;Sul;Saida de Pista;1;1;;;;;1
25/09/2021;16:30:00;299;3 - Acidente com Danos Materiais;39,4;BR-101/SC;Norte;Colisão Traseira;1;2;;;;;1
25/09/2021;19:18:00;358;3 - Acidente com Danos Materiais;106,095;BR-101/SC;Norte;Colisão Traseira;1;4;;;;;1
26/09/2021;11:25:00;190;3 - Acidente com Danos Materiais;157,24;BR-101/SC;Sul;Colisão Transversal;1;2;;;;;1
26/09/2021;12:51:00;227;2 - Acidente com VITIMA;227,316;BR-101/SC;Sul;Colisão Traseira;1;1;;;1;;2
26/09/2021;16:20:00;313;2 - Acidente com VITIMA;237,173;BR-101/SC;Norte;Colisão Traseira;1;1;1;;;;1
26/09/2021;19:11:00;394;2 - Acidente com VITIMA;134,781;BR-101/SC;Sul;Colisão Lateral;1;1;1;;;;1
27/09/2021;05:35:00;71;2 - Acidente com VITIMA;155,955;BR-101/SC;Sul;Colisão Lateral;2;1;1;;;;1
27/09/2021;09:35:00;192;3 - Acidente com Danos Materiais;204,12;BR-101/SC;Norte;Colisão Traseira;1;2;;;;;1
27/09/2021;11:45:00;249;3 - Acidente com Danos Materiais;207,329;BR-101/SC;Sul;Colisão Traseira;2;3;;;;;1
27/09/2021;18:39:00;392;3 - Acidente com Danos Materiais;38,461;BR-101/SC;Norte;Colisão Traseira;1;2;;;;;1
27/09/2021;23:30:00;504;1 - Acidente com Vitima Fatal;614,486;BR-376/PR;Sul;Colisão Lateral;2;28;;;;1;3
28/09/2021;04:56:00;66;3 - Acidente com Danos Materiais;122,573;BR-101/SC;Norte;Saida de Pista;1;1;;;;;1
28/09/2021;08:22:00;169;3 - Acidente com Danos Materiais;120,84;BR-101/SC;Sul;Colisão Traseira;1;2;;;;;1
28/09/2021;09:12:00;197;3 - Acidente com Danos Materiais;157,73;BR-101/SC;Sul;Saida de Pista;2;2;;;;;1
28/09/2021;09:14:00;200;3 - Acidente com Danos Materiais;667,3;BR-376/PR;Sul;Colisão Lateral;1;2;;;;;1
28/09/2021;09:33:00;207;3 - Acidente com Danos Materiais;122,755;BR-101/SC;Norte;Colisão Transversal;1;2;;;;;1
28/09/2021;09:51:00;218;3 - Acidente com Danos Materiais;57,392;BR-101/SC;Norte;Colisão Lateral;1;2;;;;;1
28/09/2021;10:09:00;224;3 - Acidente com Danos Materiais;114,421;BR-101/SC;Norte;Colisão Traseira;1;2;;;;;1
28/09/2021;13:17:00;302;3 - Acidente com Danos Materiais;212,837;BR-101/SC;Norte;Colisão Lateral;1;2;;;;;1
28/09/2021;13:45:00;313;3 - Acidente com Danos Materiais;670,192;BR-376/PR;Sul;Colisão Traseira;2;2;;;;;1
28/09/2021;15:09:00;353;3 - Acidente com Danos Materiais;107,075;BR-101/SC;Norte;Engavetamento;2;2;;;;;1
28/09/2021;16:26:00;402;2 - Acidente com VITIMA;147,276;BR-101/SC;Sul;Colisão Traseira;1;2;1;;;;1
29/09/2021;07:11:00;92;3 - Acidente com Danos Materiais;197,35;BR-101/SC;Norte;Saida de Pista;1;1;;;;;1
29/09/2021;08:05:00;123;3 - Acidente com Danos Materiais;94,979;BR-116/PR;Sul;Colisão Lateral;1;2;;;;;1
29/09/2021;10:42:00;187;2 - Acidente com VITIMA;665,245;BR-376/PR;Sul;Tombamento;2;1;1;;;;1
29/09/2021;14:00:00;258;3 - Acidente com Danos Materiais;99,009;BR-116/PR;Sul;Choque - Defensa, barreira ou "submarino";1;1;;;;;1
30/09/2021;05:03:00;40;2 - Acidente com VITIMA;661,633;BR-376/PR;Sul;Colisão Traseira;2;1;1;;;;1
30/09/2021;08:29:00;129;3 - Acidente com Danos Materiais;213,8;BR-101/SC;Norte;Colisão Traseira;1;2;;;;;1
30/09/2021;12:19:00;232;3 - Acidente com Danos Materiais;156,523;BR-101/SC;Sul;Colisão Traseira;1;2;;;;;1
30/09/2021;23:46:00;471;3 - Acidente com Danos Materiais;121,567;BR-101/SC;Norte;Colisão Traseira;1;2;;;;;1
01/10/2021;05:34:00;77;3 - Acidente com Danos Materiais;98,083;BR-101/SC;Sul;Engavetamento;3;5;;;;;1
01/10/2021;05:38:00;78;3 - Acidente com Danos Materiais;199,1;BR-101/SC;Sul;Colisão Traseira;1;2;;;;;1
01/10/2021;07:31:00;108;3 - Acidente com Danos Materiais;138,56;BR-101/SC;Sul;Engavetamento;1;4;;;;;1
01/10/2021;09:27:00;166;2 - Acidente com VITIMA;156,845;BR-101/SC;Sul;Colisão Traseira;1;2;1;;;;1
01/10/2021;14:22:00;277;3 - Acidente com Danos Materiais;127,75;BR-101/SC;Sul;Engavetamento;1;4;;;;;1
01/10/2021;14:46:00;308;3 - Acidente com Danos Materiais;79,494;BR-116/PR;Sul;Saida de Pista;1;1;;;;;1
01/10/2021;17:10:00;361;3 - Acidente com Danos Materiais;205,36;BR-101/SC;Norte;Colisão Lateral;1;2;;;;;1
01/10/2021;18:59:00;420;2 - Acidente com VITIMA;205,1;BR-101/SC;Sul;Colisão Traseira;1;1;;1;;;2
01/10/2021;20:35:00;474;3 - Acidente com Danos Materiais;105,091;BR-116/PR;Norte;Tombamento;1;2;;;;;1
02/10/2021;00:33:00;5;3 - Acidente com Danos Materiais;207,477;BR-101/SC;Sul;Colisão Traseira;1;2;;;;;1
02/10/2021;15:42:00;233;2 - Acidente com VITIMA;12,477;BR-101/SC;Norte;Engavetamento;1;2;1;;;;1
02/10/2021;17:38:00;276;3 - Acidente com Danos Materiais;616,605;BR-376/PR;Sul;Colisão Traseira;1;2;;;;;1
03/10/2021;06:59:00;72;2 - Acidente com VITIMA;660,575;BR-376/PR;Norte;Choque - Defensa, barreira ou "submarino";1;0;1;;;;1
03/10/2021;09:21:00;114;3 - Acidente com Danos Materiais;667,3;BR-376/PR;Sul;Saida de Pista;1;1;;;;;1
04/10/2021;07:58:00;95;3 - Acidente com Danos Materiais;658,3;BR-376/PR;Norte;Colisão Traseira;1;2;;;;;1
04/10/2021;13:03:00;219;3 - Acidente com Danos Materiais;79,1;BR-101/SC;Sul;Colisão Traseira;1;5;;;;;1
04/10/2021;13:07:00;221;3 - Acidente com Danos Materiais;667,3;BR-376/PR;Sul;Saida de Pista;1;1;;;;;1
04/10/2021;16:55:00;284;3 - Acidente com Danos Materiais;671,7;BR-376/PR;Sul;Saida de Pista;1;1;;;;;1
04/10/2021;19:02:00;318;3 - Acidente com Danos Materiais;227,3;BR-101/SC;Sul;Choque - Defensa, barreira ou "submarino";1;1;;;;;1
04/10/2021;19:30:00;321;3 - Acidente com Danos Materiais;47,647;BR-101/SC;Norte;Tombamento;1;2;;;;;1
04/10/2021;20:36:00;336;3 - Acidente com Danos Materiais;117,336;BR-101/SC;Sul;Colisão Lateral;1;2;;;;;1
04/10/2021;22:00:00;370;1 - Acidente com Vitima Fatal;213,623;BR-101/SC;Norte;Colisão Lateral;1;2;;;;1;3
05/10/2021;00:03:00;3;2 - Acidente com VITIMA;77,793;BR-116/PR;Sul;Saida de Pista;1;0;1;;;;1
05/10/2021;05:32:00;62;3 - Acidente com Danos Materiais;635,504;BR-376/PR;Sul;Colisão Traseira;1;2;;;;;1
05/10/2021;13:32:00;246;2 - Acidente com VITIMA;83,728;BR-101/SC;Sul;Colisão Traseira;1;2;1;;;;1
05/10/2021;14:25:00;267;3 - Acidente com Danos Materiais;146,942;BR-101/SC;Sul;Colisão Traseira;1;2;;;;;1
05/10/2021;14:49:00;274;3 - Acidente com Danos Materiais;123,162;BR-101/SC;Sul;Colisão Lateral;1;2;;;;;1
05/10/2021;15:00:00;276;3 - Acidente com Danos Materiais;106,393;BR-116/PR;Sul;Saida de Pista;1;2;;;;;1
05/10/2021;15:19:00;283;3 - Acidente com Danos Materiais;108,988;BR-116/PR;Sul;Saida de Pista;1;2;;;;;1
05/10/2021;15:37:00;294;3 - Acidente com Danos Materiais;111,619;BR-116/PR;Norte;Colisão Traseira;2;2;;;;;1
05/10/2021;17:32:00;335;3 - Acidente com Danos Materiais;223,419;BR-101/SC;Norte;Colisão Lateral;1;2;;;;;1
05/10/2021;17:43:00;339;3 - Acidente com Danos Materiais;644,373;BR-376/PR;Sul;Saida de Pista;1;1;;;;;1
05/10/2021;18:05:00;344;3 - Acidente com Danos Materiais;39,91;BR-101/SC;Sul;Colisão Lateral;1;2;;;;;1
05/10/2021;18:10:00;347;3 - Acidente com Danos Materiais;91,535;BR-101/SC;Sul;Engavetamento;1;3;;;;;1
05/10/2021;18:46:00;358;3 - Acidente com Danos Materiais;40,724;BR-101/SC;Norte;Engavetamento;1;4;;;;;1
05/10/2021;21:04:00;408;3 - Acidente com Danos Materiais;240,63;BR-101/SC;Sul;Tombamento;1;1;;;;;1
06/10/2021;06:17:00;82;3 - Acidente com Danos Materiais;667,3;BR-376/PR;Sul;Saida de Pista;1;1;;;;;1
06/10/2021;07:19:00;103;3 - Acidente com Danos Materiais;671,7;BR-376/PR;Sul;Saida de Pista;1;1;;;;;1
06/10/2021;07:23:00;104;2 - Acidente com VITIMA;118,417;BR-101/SC;Norte;Queda de Moto;1;1;1;;;;1
06/10/2021;09:11:00;163;3 - Acidente com Danos Materiais;103,782;BR-116/PR;Sul;Saida de Pista;1;1;;;;;1
06/10/2021;10:11:00;185;2 - Acidente com VITIMA;617,182;BR-376/PR;Norte;Colisão Traseira;1;1;1;;;;1
06/10/2021;11:12:00;206;3 - Acidente com Danos Materiais;103,72;BR-116/PR;Sul;Colisão Traseira;1;2;;;;;1
06/10/2021;19:13:00;378;3 - Acidente com Danos Materiais;62,22;BR-101/SC;Norte;Tombamento;1;2;;;;;1
06/10/2021;20:09:00;390;3 - Acidente com Danos Materiais;85,718;BR-116/PR;Sul;Saida de Pista;1;1;;;;;1
07/10/2021;07:41:00;86;3 - Acidente com Danos Materiais;43,01;BR-101/SC;Sul;Colisão Traseira;1;2;;;;;1
07/10/2021;08:59:00;148;3 - Acidente com Danos Materiais;201,15;BR-101/SC;Sul;Colisão Transversal;1;2;;;;;1
07/10/2021;09:08:00;155;3 - Acidente com Danos Materiais;671,7;BR-376/PR;Sul;Saida de Pista;1;1;;;;;1
07/10/2021;09:25:00;161;3 - Acidente com Danos Materiais;43,308;BR-101/SC;Sul;Colisão Lateral;1;2;;;;;1
07/10/2021;10:11:00;185;3 - Acidente com Danos Materiais;103,659;BR-116/PR;Sul;Colisão Traseira;2;2;;;;;1
07/10/2021;11:31:00;216;3 - Acidente com Danos Materiais;91,117;BR-101/SC;Sul;Choque - Defensa, barreira ou "submarino";1;1;;;;;1
07/10/2021;12:57:00;239;2 - Acidente com VITIMA;195,226;BR-101/SC;Norte;Colisão Traseira;1;1;1;;;;1
07/10/2021;19:00:00;392;3 - Acidente com Danos Materiais;101,386;BR-101/SC;Sul;Choque - Defensa, barreira ou "submarino";1;1;;;;;1
08/10/2021;09:07:00;165;3 - Acidente com Danos Materiais;212,841;BR-101/SC;Norte;Colisão Lateral;1;2;;;;;1
08/10/2021;09:15:00;168;3 - Acidente com Danos Materiais;154,511;BR-101/SC;Sul;Colisão Transversal;1;2;;;;;1
08/10/2021;10:49:00;197;3 - Acidente com Danos Materiais;618,23;BR-376/PR;Sul;Colisão Lateral;1;2;;;;;1
08/10/2021;12:18:00;221;3 - Acidente com Danos Materiais;233,991;BR-101/SC;Sul;Colisão Lateral;1;2;;;;;1
08/10/2021;19:56:00;412;3 - Acidente com Danos Materiais;111,326;BR-101/SC;Sul;Colisão Lateral;1;2;;;;;1
08/10/2021;23:04:00;461;3 - Acidente com Danos Materiais;232,586;BR-101/SC;Norte;Colisão Traseira;1;2;;;;;1
08/10/2021;23:14:00;465;3 - Acidente com Danos Materiais;117,192;BR-101/SC;Sul;Engavetamento;1;3;;;;;1
09/10/2021;07:27:00;87;3 - Acidente com Danos Materiais;35,368;BR-101/SC;Sul;Saida de Pista;1;1;;;;;1
09/10/2021;08:47:00;134;3 - Acidente com Danos Materiais;75,449;BR-101/SC;Sul;Colisão Lateral;1;2;;;;;1
09/10/2021;13:02:00;227;3 - Acidente com Danos Materiais;190,774;BR-101/SC;Sul;Colisão Lateral;1;3;;;;;1
09/10/2021;15:56:00;297;3 - Acidente com Danos Materiais;101,105;BR-116/PR;Sul;Engavetamento;3;3;;;;;1
10/10/2021;07:54:00;81;3 - Acidente com Danos Materiais;660,892;BR-376/PR;Sul;Colisão Lateral;1;2;;;;;1
10/10/2021;21:36:00;339;2 - Acidente com VITIMA;618,05;BR-376/PR;Sul;Engavetamento;1;4;1;;;;1
10/10/2021;23:47:00;366;1 - Acidente com Vitima Fatal;674,083;BR-376/PR;Sul;Colisão Traseira;2;1;;;;1;3
11/10/2021;00:44:00;10;3 - Acidente com Danos Materiais;620,291;BR-376/PR;Sul;Tombamento;1;1;;;;;1
11/10/2021;10:39:00;153;3 - Acidente com Danos Materiais;671,792;BR-376/PR;Sul;Saida de Pista;1;1;;;;;1
11/10/2021;16:39:00;257;3 - Acidente com Danos Materiais;79,294;BR-101/SC;Sul;Colisão Traseira;1;3;;;;;1
11/10/2021;17:51:00;287;3 - Acidente com Danos Materiais;215,775;BR-101/SC;Norte;Colisão Lateral;1;2;;;;;1
11/10/2021;19:35:00;326;3 - Acidente com Danos Materiais;159,119;BR-101/SC;Norte;Colisão Lateral;1;2;;;;;1
11/10/2021;22:29:00;382;3 - Acidente com Danos Materiais;104,631;BR-116/PR;Sul;Choque - Defensa, barreira ou "submarino";1;1;;;;;1
12/10/2021;09:23:00;127;3 - Acidente com Danos Materiais;235,344;BR-101/SC;Norte;Colisão Traseira;1;3;;;;;1
12/10/2021;10:47:00;160;3 - Acidente com Danos Materiais;668,12;BR-376/PR;Norte;Colisão Frontal;1;2;;;;;1
12/10/2021;10:53:00;164;3 - Acidente com Danos Materiais;132,147;BR-101/SC;Norte;Colisão Traseira;1;4;;;;;1
13/10/2021;09:16:00;142;3 - Acidente com Danos Materiais;132,12;BR-101/SC;Norte;Colisão Traseira;1;2;;;;;1
13/10/2021;11:02:00;187;3 - Acidente com Danos Materiais;198,289;BR-101/SC;Sul;Colisão Traseira;2;3;;;;;1
13/10/2021;12:03:00;201;2 - Acidente com VITIMA;46,375;BR-101/SC;Norte;Colisão Traseira;2;1;1;;;;1
13/10/2021;15:49:00;286;2 - Acidente com VITIMA;57,5;BR-101/SC;Norte;Tombamento;1;0;1;;;;1
13/10/2021;16:05:00;297;3 - Acidente com Danos Materiais;211,562;BR-101/SC;Norte;Colisão Transversal;1;2;;;;;1
13/10/2021;17:43:00;340;3 - Acidente com Danos Materiais;94,3;BR-116/PR;Norte;Colisão Traseira;2;2;;;;;1
13/10/2021;18:00:00;349;3 - Acidente com Danos Materiais;93,64;BR-116/PR;Norte;Colisão Traseira;2;3;;;;;1
13/10/2021;20:00:00;388;3 - Acidente com Danos Materiais;121,686;BR-101/SC;Sul;Colisão Lateral;1;2;;;;;1
13/10/2021;21:15:00;405;1 - Acidente com Vitima Fatal;636,004;BR-376/PR;Sul;Atropelamento - Andarilho;1;1;;;;1;3
14/10/2021;02:49:00;41;1 - Acidente com Vitima Fatal;101,732;BR-116/PR;Norte;Atropelamento - Andarilho;1;1;;;;1;3
14/10/2021;05:12:00;55;3 - Acidente com Danos Materiais;112,572;BR-101/SC;Sul;Colisão Traseira;2;2;;;;;1
14/10/2021;06:47:00;79;3 - Acidente com Danos Materiais;215,2;BR-101/SC;Norte;Colisão Lateral;1;2;;;;;1
14/10/2021;08:12:00;118;3 - Acidente com Danos Materiais;43,8;BR-101/SC;Norte;Colisão Traseira;2;2;;;;;1
14/10/2021;17:02:00;360;3 - Acidente com Danos Materiais;80,534;BR-101/SC;Norte;Colisão Traseira;1;3;;;;;1
14/10/2021;17:24:00;371;3 - Acidente com Danos Materiais;210,214;BR-101/SC;Norte;Colisão Traseira;1;2;;;;;1
15/10/2021;00:59:00;21;3 - Acidente com Danos Materiais;667,3;BR-376/PR;Sul;Saida de Pista;1;1;;;;;1
15/10/2021;01:36:00;29;3 - Acidente com Danos Materiais;627,95;BR-376/PR;Sul;Atropelamento de Animal;1;1;;;;;1
15/10/2021;03:30:00;43;3 - Acidente com Danos Materiais;168,681;BR-101/SC;Sul;Colisão Traseira;2;2;;;;;1
15/10/2021;06:18:00;56;3 - Acidente com Danos Materiais;157,73;BR-101/SC;Sul;Colisão Traseira;1;2;;;;;1
15/10/2021;07:42:00;86;3 - Acidente com Danos Materiais;670,12;BR-376/PR;Norte;Colisão Lateral;1;2;;;;;1
15/10/2021;08:19:00;101;2 - Acidente com VITIMA;617,8;BR-376/PR;Norte;Colisão Lateral;1;2;;1;;;2
15/10/2021;15:25:00;233;3 - Acidente com Danos Materiais;239,236;BR-101/SC;Norte;Colisão Lateral;1;2;;;;;1
15/10/2021;17:30:00;272;3 - Acidente com Danos Materiais;651,61;BR-376/PR;Norte;Choque - Defensa, barreira ou "submarino";1;2;;;;;1
15/10/2021;18:21:00;292;3 - Acidente com Danos Materiais;140,2;BR-101/SC;Sul;Colisão Lateral;1;2;;;;;1
15/10/2021;18:33:00;298;3 - Acidente com Danos Materiais;103,607;BR-116/PR;Sul;Engavetamento;1;3;;;;;1
15/10/2021;20:25:00;334;3 - Acidente com Danos Materiais;199,632;BR-101/SC;Norte;Colisão Traseira;2;2;;;;;1
16/10/2021;06:52:00;75;3 - Acidente com Danos Materiais;227,5;BR-101/SC;Norte;Colisão Lateral;2;2;;;;;1
16/10/2021;09:18:00;141;3 - Acidente com Danos Materiais;149,814;BR-101/SC;Sul;Colisão Lateral;1;2;;;;;1
16/10/2021;11:35:00;186;3 - Acidente com Danos Materiais;50,089;BR-101/SC;Norte;Colisão Lateral;1;2;;;;;1
16/10/2021;16:47:00;321;2 - Acidente com VITIMA;677,134;BR-376/PR;Norte;Tombamento;1;0;1;;;;1
16/10/2021;18:53:00;377;3 - Acidente com Danos Materiais;54,298;BR-101/SC;Norte;Colisão Lateral;1;2;;;;;1