data;horario;n_da_ocorrencia;tipo_de_ocorrencia;km;trecho;sentido;tipo_de_acidente;caminhao;ilesos;levemente_feridos;moderadamente_feridos;gravemente_feridos;mortos;3
16/10/2021;22:08:00;442;3 - Acidente com Danos Materiais;222,157;BR-101/SC;Sul;Atropelamento de Animal;1;1;;;;;1
17/10/2021;19:17:00;299;2 - Acidente com VITIMA;629,577;BR-376/PR;Sul;Colisão Traseira;1;1;;;1;;2
18/10/2021;03:11:00;46;3 - Acidente com Danos Materiais;115,001;BR-116/PR;Norte;Choque - Defensa, barreira ou "submarino";1;1;;;;;1
18/10/2021;04:36:00;57;2 - Acidente com VITIMA;104,597;BR-101/SC;Sul;Colisão Traseira;1;0;1;1;;;2
18/10/2021;07:01:00;82;3 - Acidente com Danos Materiais;109,037;BR-101/SC;Norte;Saida de Pista;1;2;;;;;1
18/10/2021;09:15:00;162;3 - Acidente com Danos Materiais;126,039;BR-101/SC;Norte;Engavetamento;1;4;;;;;1
18/10/2021;09:15:00;163;3 - Acidente com Danos Materiais;189,467;BR-101/SC;Sul;Choque - Defensa, barreira ou "submarino";1;2;;;;;1
18/10/2021;16:13:00;302;2 - Acidente com VITIMA;3,292;BR-101/SC;Norte;Choque - Defensa, barreira ou "submarino";1;1;1;;;;1
18/10/2021;20:06:00;385;2 - Acidente com VITIMA;212,663;BR-101/SC;Sul;Colisão Lateral;1;2;1;;;;1
18/10/2021;21:55:00;416;3 - Acidente com Danos Materiais;673,259;BR-376/PR;Norte;Outros;1;1;;;;;1
18/10/2021;23:16:00;436;3 - Acidente com Danos Materiais;115,586;BR-101/SC;Sul;Saida de Pista;1;1;;;;;1
19/10/2021;02:22:00;43;3 - Acidente com Danos Materiais;632,67;BR-376/PR;Norte;Colisão Traseira;2;2;;;;;1
19/10/2021;07:44:00;109;3 - Acidente com Danos Materiais;117,779;BR-101/SC;Norte;Colisão Lateral;1;2;;;;;1
19/10/2021;08:35:00;129;2 - Acidente com VITIMA;139,825;BR-101/SC;Sul;Colisão Lateral;1;1;2;;;;1
19/10/2021;10:24:00;177;2 - Acidente com VITIMA;192,418;BR-101/SC;Norte;Colisão Traseira;1;1;1;;;;1
19/10/2021;13:39:00;226;3 - Acidente com Danos Materiais;211,952;BR-101/SC;Norte;Colisão Lateral;1;2;;;;;1
19/10/2021;14:53:00;252;3 - Acidente com Danos Materiais;671,44;BR-376/PR;Sul;Saida de Pista;1;1;;;;;1
19/10/2021;16:15:00;288;3 - Acidente com Danos Materiais;213,42;BR-101/SC;Sul;Colisão Traseira;1;2;;;;;1
19/10/2021;17:34:00;333;3 - Acidente com Danos Materiais;206,73;BR-101/SC;Sul;Colisão Lateral;1;4;;;;;1
19/10/2021;17:54:00;340;3 - Acidente com Danos Materiais;215,08;BR-101/SC;Norte;Colisão Traseira;1;2;;;;;1
19/10/2021;19:51:00;386;2 - Acidente com VITIMA;29,933;BR-101/SC;Norte;Colisão Traseira;1;1;1;;;;1
20/10/2021;08:56:00;156;3 - Acidente com Danos Materiais;103,5;BR-116/PR;Norte;Colisão Traseira;1;2;;;;;1
20/10/2021;09:06:00;161;3 - Acidente com Danos Materiais;92,524;BR-116/PR;Norte;Tombamento;1;1;;;;;1
20/10/2021;14:18:00;275;3 - Acidente com Danos Materiais;85,202;BR-101/SC;Sul;Colisão Lateral;1;2;;;;;1
20/10/2021;14:53:00;285;3 - Acidente com Danos Materiais;637,75;BR-376/PR;Norte;Colisão Traseira;2;2;;;;;1
20/10/2021;15:18:00;296;3 - Acidente com Danos Materiais;81,633;BR-101/SC;Norte;Colisão Traseira;2;2;;;;;1
20/10/2021;15:54:00;309;3 - Acidente com Danos Materiais;157,4;BR-101/SC;Sul;Colisão Traseira;2;2;;;;;1
20/10/2021;16:11:00;313;3 - Acidente com Danos Materiais;36,655;BR-101/SC;Norte;Saida de Pista;1;1;;;;;1
20/10/2021;17:23:00;336;3 - Acidente com Danos Materiais;144,137;BR-101/SC;Norte;Colisão Lateral;1;2;;;;;1
20/10/2021;19:00:00;367;3 - Acidente com Danos Materiais;210,418;BR-101/SC;Sul;Colisão Lateral;1;2;;;;;1
20/10/2021;19:12:00;370;3 - Acidente com Danos Materiais;142,6;BR-101/SC;Sul;Colisão Lateral;3;4;;;;;1
20/10/2021;20:29:00;396;3 - Acidente com Danos Materiais;33,03;BR-101/SC;Norte;Colisão Lateral;1;2;;;;;1
20/10/2021;21:38:00;423;3 - Acidente com Danos Materiais;73,11;BR-101/SC;Sul;Choque - Objeto sobre a pista;1;2;;;;;1
20/10/2021;22:01:00;436;2 - Acidente com VITIMA;674,482;BR-376/PR;Sul;Tombamento;1;2;2;;;;1
20/10/2021;22:47:00;453;3 - Acidente com Danos Materiais;78,1;BR-101/SC;Sul;Atropelamento de Animal;1;1;;;;;1
21/10/2021;08:34:00;123;3 - Acidente com Danos Materiais;661,8;BR-376/PR;Sul;Colisão Lateral;1;2;;;;;1
21/10/2021;09:22:00;159;3 - Acidente com Danos Materiais;111,9;BR-116/PR;Sul;Colisão Traseira;1;3;;;;;1
21/10/2021;09:28:00;173;3 - Acidente com Danos Materiais;105,1;BR-116/PR;Sul;Colisão Traseira;1;2;;;;;1
21/10/2021;11:20:00;224;3 - Acidente com Danos Materiais;72,843;BR-101/SC;Sul;Colisão Traseira;1;2;;;;;1
21/10/2021;11:57:00;234;3 - Acidente com Danos Materiais;640,904;BR-376/PR;Sul;Engavetamento;1;3;;;;;1
22/10/2021;04:13:00;67;3 - Acidente com Danos Materiais;677,891;BR-376/PR;Sul;Colisão Traseira;1;2;;;;;1
22/10/2021;06:34:00;105;3 - Acidente com Danos Materiais;43,349;BR-101/SC;Norte;Colisão Lateral;1;2;;;;;1
22/10/2021;07:02:00;115;3 - Acidente com Danos Materiais;122,753;BR-101/SC;Sul;Engavetamento;1;4;;;;;1
22/10/2021;07:46:00;132;3 - Acidente com Danos Materiais;201,06;BR-101/SC;Sul;Colisão Lateral;1;2;;;;;1
22/10/2021;09:18:00;198;3 - Acidente com Danos Materiais;94,6;BR-116/PR;Sul;Colisão Lateral;1;2;;;;;1
22/10/2021;09:52:00;209;3 - Acidente com Danos Materiais;104,978;BR-101/SC;Sul;Colisão Traseira;1;2;;;;;1
22/10/2021;10:20:00;236;3 - Acidente com Danos Materiais;117,517;BR-101/SC;Sul;Engavetamento;1;3;;;;;1
22/10/2021;10:56:00;248;3 - Acidente com Danos Materiais;117,692;BR-101/SC;Sul;Colisão Transversal;1;2;;;;;1
22/10/2021;11:44:00;269;3 - Acidente com Danos Materiais;139,016;BR-101/SC;Sul;Colisão Traseira;1;2;;;;;1
22/10/2021;14:56:00;354;3 - Acidente com Danos Materiais;38,45;BR-101/SC;Norte;Colisão Lateral;1;2;;;;;1
23/10/2021;03:05:00;49;3 - Acidente com Danos Materiais;225,283;BR-101/SC;Norte;Colisão Traseira;1;2;;;;;1
23/10/2021;03:15:00;57;2 - Acidente com VITIMA;40,653;BR-101/SC;Norte;Colisão Traseira;2;2;1;;;;1
23/10/2021;06:05:00;92;3 - Acidente com Danos Materiais;60,928;BR-101/SC;Sul;Colisão Frontal;1;2;;;;;1
23/10/2021;09:00:00;155;3 - Acidente com Danos Materiais;667,3;BR-376/PR;Sul;Saida de Pista;1;1;;;;;1
23/10/2021;14:27:00;273;2 - Acidente com VITIMA;101,074;BR-101/SC;Sul;Colisão Lateral;1;1;1;;;;1
23/10/2021;16:09:00;322;2 - Acidente com VITIMA;31,417;BR-101/SC;Norte;Colisão Lateral;1;1;1;;;;1
23/10/2021;16:33:00;333;3 - Acidente com Danos Materiais;190,346;BR-101/SC;Norte;Colisão Lateral;1;2;;;;;1
23/10/2021;18:31:00;376;3 - Acidente com Danos Materiais;158,637;BR-101/SC;Sul;Colisão Lateral;1;2;;;;;1
23/10/2021;19:27:00;390;3 - Acidente com Danos Materiais;209,399;BR-101/SC;Norte;Colisão Lateral;1;2;;;;;1
24/10/2021;03:03:00;44;2 - Acidente com VITIMA;40,476;BR-101/SC;Sul;Colisão Traseira;2;1;1;;;;1
24/10/2021;04:59:00;60;3 - Acidente com Danos Materiais;215,696;BR-101/SC;Norte;Capotamento;1;2;;;;;1
24/10/2021;15:48:00;268;3 - Acidente com Danos Materiais;664,746;BR-376/PR;Sul;Colisão Traseira;2;2;;;;;1
24/10/2021;18:20:00;327;2 - Acidente com VITIMA;99,081;BR-101/SC;Sul;Colisão Lateral;1;2;1;;;;1
25/10/2021;02:31:00;30;3 - Acidente com Danos Materiais;212,941;BR-101/SC;Norte;Colisão Traseira;1;4;;;;;1
25/10/2021;06:18:00;60;3 - Acidente com Danos Materiais;671,7;BR-376/PR;Sul;Saida de Pista;1;1;;;;;1
25/10/2021;07:53:00;103;2 - Acidente com VITIMA;41,957;BR-101/SC;Norte;Engavetamento;1;3;1;;;;1
25/10/2021;08:04:00;111;3 - Acidente com Danos Materiais;118,556;BR-101/SC;Norte;Colisão Transversal;1;2;;;;;1
25/10/2021;09:17:00;162;3 - Acidente com Danos Materiais;210,934;BR-101/SC;Norte;Colisão Traseira;1;3;;;;;1
25/10/2021;09:49:00;183;2 - Acidente com VITIMA;45,92;BR-101/SC;Norte;Colisão Lateral;1;2;;;1;;2
25/10/2021;12:12:00;240;2 - Acidente com VITIMA;209,898;BR-101/SC;Norte;Colisão Lateral;1;1;1;;;;1
25/10/2021;14:29:00;286;3 - Acidente com Danos Materiais;164,39;BR-101/SC;Norte;Colisão Transversal;1;2;;;;;1
25/10/2021;18:00:00;388;3 - Acidente com Danos Materiais;85,692;BR-101/SC;Sul;Colisão Lateral;1;2;;;;;1
25/10/2021;23:56:00;497;3 - Acidente com Danos Materiais;198,1;BR-101/SC;Norte;Colisão Lateral;2;2;;;;;1
26/10/2021;06:35:00;68;2 - Acidente com VITIMA;131,579;BR-101/SC;Norte;Colisão Traseira;2;1;1;;;;1
26/10/2021;06:51:00;77;3 - Acidente com Danos Materiais;57,87;BR-101/SC;Sul;Colisão Lateral;1;2;;;;;1
26/10/2021;07:42:00;106;3 - Acidente com Danos Materiais;674,084;BR-376/PR;Sul;Colisão Traseira;2;2;;;;;1
26/10/2021;07:42:00;107;3 - Acidente com Danos Materiais;108,688;BR-116/PR;Norte;Engavetamento;1;5;;;;;1
26/10/2021;08:30:00;127;3 - Acidente com Danos Materiais;102,199;BR-116/PR;Sul;Colisão Lateral;1;2;;;;;1
26/10/2021;08:50:00;131;3 - Acidente com Danos Materiais;102,302;BR-116/PR;Sul;Engavetamento;3;3;;;;;1
26/10/2021;13:29:00;257;3 - Acidente com Danos Materiais;174,77;BR-101/SC;Sul;Colisão Traseira;2;2;;;;;1
26/10/2021;16:03:00;324;3 - Acidente com Danos Materiais;215,1;BR-101/SC;Norte;Choque - Outros;1;3;;;;;1
26/10/2021;22:48:00;474;2 - Acidente com VITIMA;232,321;BR-101/SC;Norte;Colisão Traseira;1;1;1;;;;1
27/10/2021;06:46:00;103;3 - Acidente com Danos Materiais;667,4;BR-376/PR;Norte;Saida de Pista;1;1;;;;;1
27/10/2021;08:12:00;147;3 - Acidente com Danos Materiais;201,117;BR-101/SC;Sul;Colisão Traseira;1;2;;;;;1
27/10/2021;09:57:00;214;3 - Acidente com Danos Materiais;213,924;BR-101/SC;Norte;Colisão Lateral;1;2;;;;;1
27/10/2021;14:10:00;287;3 - Acidente com Danos Materiais;621,473;BR-376/PR;Sul;Colisão Lateral;1;2;;;;;1
27/10/2021;19:39:00;422;3 - Acidente com Danos Materiais;95,98;BR-116/PR;Sul;Colisão Traseira;1;2;;;;;1
27/10/2021;20:27:00;437;3 - Acidente com Danos Materiais;26,273;BR-101/SC;Norte;Colisão Traseira;2;2;;;;;1
27/10/2021;21:25:00;470;2 - Acidente com VITIMA;224,672;BR-101/SC;Sul;Tombamento;1;0;1;;;;1
27/10/2021;22:54:00;498;3 - Acidente com Danos Materiais;648,45;BR-376/PR;Norte;Colisão Lateral;2;2;;;;;1
28/10/2021;14:51:00;304;3 - Acidente com Danos Materiais;674,107;BR-376/PR;Sul;Saida de Pista;1;1;;;;;1
28/10/2021;21:18:00;438;3 - Acidente com Danos Materiais;195,216;BR-101/SC;Sul;Colisão Traseira;2;2;;;;;1
29/10/2021;01:34:00;33;2 - Acidente com VITIMA;146,8;BR-101/SC;Norte;Choque - Veiculo parado na pista;2;4;1;1;;;2
29/10/2021;05:49:00;65;3 - Acidente com Danos Materiais;113,2;BR-116/PR;Sul;Saida de Pista;1;1;;;;;1
29/10/2021;10:49:00;208;3 - Acidente com Danos Materiais;205,001;BR-101/SC;Sul;Engavetamento;1;3;;;;;1
29/10/2021;10:52:00;209;2 - Acidente com VITIMA;109,525;BR-116/PR;Norte;Colisão Traseira;2;1;;1;;;2
29/10/2021;11:12:00;216;3 - Acidente com Danos Materiais;219,1;BR-101/SC;Norte;Colisão Transversal;2;2;;;;;1
29/10/2021;11:43:00;225;3 - Acidente com Danos Materiais;89,002;BR-101/SC;Sul;Colisão Traseira;1;2;;;;;1
29/10/2021;12:49:00;255;3 - Acidente com Danos Materiais;216,884;BR-101/SC;Norte;Colisão Traseira;1;2;;;;;1
29/10/2021;14:58:00;291;3 - Acidente com Danos Materiais;100,449;BR-101/SC;Sul;Colisão Traseira;1;2;;;;;1
29/10/2021;16:14:00;323;2 - Acidente com VITIMA;104,276;BR-101/SC;Sul;Colisão Traseira;1;2;;1;;;2
29/10/2021;16:39:00;334;3 - Acidente com Danos Materiais;21,296;BR-101/SC;Sul;Saida de Pista;1;1;;;;;1
29/10/2021;17:00:00;342;2 - Acidente com VITIMA;106,303;BR-101/SC;Sul;Colisão Traseira;2;3;;;1;;2
29/10/2021;18:07:00;365;3 - Acidente com Danos Materiais;668,95;BR-376/PR;Norte;Colisão Lateral;1;2;;;;;1
29/10/2021;18:57:00;387;3 - Acidente com Danos Materiais;17,4;BR-101/SC;Norte;Colisão Lateral;1;2;;;;;1
29/10/2021;23:20:00;459;3 - Acidente com Danos Materiais;118,684;BR-101/SC;Norte;Colisão Transversal;1;2;;;;;1
29/10/2021;23:37:00;465;2 - Acidente com VITIMA;101,227;BR-116/PR;Sul;Engavetamento;1;4;1;;;;1
29/10/2021;23:57:00;472;2 - Acidente com VITIMA;100,2;BR-116/PR;Sul;Colisão Traseira;3;2;1;;;;1
30/10/2021;00:24:00;9;3 - Acidente com Danos Materiais;201,219;BR-101/SC;Norte;Choque - Elemento de Drenagem;1;1;;;;;1
30/10/2021;03:44:00;59;2 - Acidente com VITIMA;225,15;BR-101/SC;Sul;Engavetamento;1;2;1;;;;1
30/10/2021;11:35:00;223;3 - Acidente com Danos Materiais;217,8;BR-101/SC;Norte;Colisão Traseira;2;2;;;;;1
30/10/2021;11:41:00;225;3 - Acidente com Danos Materiais;660,265;BR-376/PR;Sul;Colisão Traseira;1;3;;;;;1
30/10/2021;12:53:00;251;3 - Acidente com Danos Materiais;55,7;BR-101/SC;Sul;Colisão Lateral;1;2;;;;;1
30/10/2021;13:11:00;257;3 - Acidente com Danos Materiais;657,432;BR-376/PR;Sul;Colisão Traseira;1;3;;;;;1
30/10/2021;23:16:00;464;3 - Acidente com Danos Materiais;233,611;BR-101/SC;Sul;Saida de Pista;1;1;;;;;1
31/10/2021;00:38:00;11;3 - Acidente com Danos Materiais;675,248;BR-376/PR;Sul;Tombamento;1;1;;;;;1
31/10/2021;03:58:00;52;2 - Acidente com VITIMA;221,648;BR-101/SC;Norte;Colisão Traseira;1;1;1;;;;1
31/10/2021;04:32:00;58;3 - Acidente com Danos Materiais;56,61;BR-101/SC;Sul;Colisão Traseira;1;4;;;;;1
31/10/2021;07:00:00;83;3 - Acidente com Danos Materiais;193,611;BR-101/SC;Norte;Colisão Traseira;1;2;;;;;1
31/10/2021;15:48:00;247;3 - Acidente com Danos Materiais;101,995;BR-116/PR;Sul;Tombamento;1;2;;;;;1
31/10/2021;20:25:00;338;3 - Acidente com Danos Materiais;665,164;BR-376/PR;Sul;Choque - Defensa, barreira ou "submarino";1;2;;;;;1
01/11/2021;03:26:12;36;Sem vítima;84,300;BR-116/SC;Decrescente;Saída de pista;1;1;0;0;0;0;1
02/11/2021;12:58:30;228;Sem vítima;111,410;BR-116/SC;Crescente;Saída de pista;1;0;0;0;0;0;1
02/11/2021;13:35:44;239;Sem vítima;649,786;BR-376/SC;Crescente;Colisão traseira;1;1;0;0;0;0;1
03/11/2021;09:21:45;159;Sem vítima;216,620;BR-101/SC;Crescente;Colisão traseira;1;0;0;0;0;0;1
03/11/2021;23:32:49;483;Sem vítima;671,178;BR-376/SC;Crescente;Colisão lateral no mesmo sentido;1;1;0;0;0;0;1
05/11/2021;06:05:04;58;Com vítima;41,181;BR-101/SC;Decrescente;Colisão transversal;1;1;0;0;0;0;1
05/11/2021;07:20:59;80;Sem vítima;133,301;BR-101/SC;Decrescente;Choque;1;1;0;0;0;0;1
06/11/2021;00:24:05;17;Com vítima;660,356;BR-376/SC;Decrescente;Tombamento;1;0;0;1;0;0;2
06/11/2021;06:16:26;73;Sem vítima;157,480;BR-101/SC;Crescente;Colisão traseira;2;2;0;0;0;0;1
06/11/2021;10:37:17;184;Sem vítima;70,805;BR-101/SC;Decrescente;Colisão lateral no mesmo sentido;1;5;0;0;0;0;1
06/11/2021;12:41:33;215;Sem vítima;203,100;BR-101/SC;Decrescente;Colisão traseira;1;1;0;0;0;0;1
06/11/2021;14:11:56;244;Sem vítima;139,777;BR-101/SC;Decrescente;Colisão lateral no mesmo sentido;1;2;0;0;0;0;1
06/11/2021;15:20:34;269;Sem vítima;118,495;BR-101/SC;Crescente;Colisão lateral no mesmo sentido;1;2;0;0;0;0;1
06/11/2021;16:23:41;291;Sem vítima;119,591;BR-101/SC;Crescente;Colisão traseira;1;2;0;0;0;0;1
06/11/2021;19:59:15;336;Com vítima;131,252;BR-101/SC;Crescente;Colisão traseira;1;1;1;0;1;0;2
07/11/2021;04:55:37;49;Sem vítima;672,379;BR-376/SC;Crescente;Colisão traseira;1;1;0;0;0;0;1
07/11/2021;21:50:57;376;Sem vítima;635,180;BR-376/SC;Crescente;Colisão lateral no mesmo sentido;1;1;0;0;0;0;1
08/11/2021;12:53:07;238;Sem vítima;120,447;BR-101/SC;Crescente;Colisão traseira;1;1;0;0;0;0;1
09/11/2021;04:03:10;63;Com vítima;114,178;BR-116/SC;Decrescente;Colisão frontal;1;1;0;1;0;0;2
09/11/2021;11:05:22;235;Sem vítima;212,231;BR-101/SC;Crescente;Colisão traseira;1;1;0;0;0;0;1
09/11/2021;11:19:57;240;Com vítima;218,300;BR-101/SC;Crescente;Colisão lateral no mesmo sentido;1;1;0;0;0;0;1
10/11/2021;01:29:29;38;Sem vítima;200,483;BR-101/SC;Decrescente;Choque;1;1;0;0;0;0;1
10/11/2021;16:26:00;370;Com vítima;77,493;BR-101/SC;Decrescente;Colisão traseira;1;1;0;0;0;0;1
11/11/2021;11:28:52;229;Sem vítima;27,210;BR-101/SC;Crescente;Engavetamento;1;1;0;0;0;0;1
11/11/2021;11:49:58;234;Sem vítima;31,697;BR-101/SC;Crescente;Colisão traseira;1;1;0;0;0;0;1
11/11/2021;14:40:54;292;Com vítima;120,646;BR-101/SC;Crescente;Colisão traseira;1;0;1;0;0;0;1
11/11/2021;16:52:17;356;Sem vítima;148,818;BR-101/SC;Crescente;Colisão traseira;1;1;0;0;0;0;1
11/11/2021;17:31:39;370;Sem vítima;1,300;BR-101/SC;Decrescente;Colisão traseira;1;1;0;0;0;0;1
12/11/2021;01:38:05;36;Sem vítima;679,419;BR-376/SC;Decrescente;Saída de pista;1;1;0;0;0;0;1
12/11/2021;09:20:12;165;Sem vítima;675,375;BR-376/SC;Crescente;Tombamento;1;1;0;0;0;0;1
12/11/2021;12:24:03;232;Com vítima;97,630;BR-101/SC;Decrescente;Colisão traseira;1;1;0;0;1;0;2
12/11/2021;19:18:00;431;Sem vítima;636,444;BR-376/SC;Decrescente;Saída de pista;1;1;0;0;0;0;1
12/11/2021;23:57:20;541;Sem vítima;666,487;BR-376/SC;Decrescente;Colisão traseira;1;1;0;0;0;0;1
15/11/2021;16:22:52;286;Sem vítima;208,539;BR-101/SC;Decrescente;Colisão traseira;1;1;0;0;0;0;1
15/11/2021;19:46:08;375;Sem vítima;99,230;BR-116/SC;Decrescente;Choque;1;1;0;0;0;0;1
17/11/2021;05:41:51;59;Sem vítima;36,656;BR-101/SC;Decrescente;Colisão traseira;1;1;0;0;0;0;1
17/11/2021;07:22:45;93;Sem vítima;121,512;BR-101/SC;Decrescente;Colisão traseira;1;1;0;0;0;0;1
17/11/2021;08:07:13;133;Com vítima;217,132;BR-101/SC;Decrescente;Colisão transversal;1;1;0;0;0;0;1
17/11/2021;08:39:33;173;Sem vítima;101,920;BR-116/SC;Decrescente;Colisão lateral no mesmo sentido;1;1;0;0;0;0;1
17/11/2021;12:20:05;254;Com vítima;87,120;BR-116/SC;Crescente;Colisão lateral no mesmo sentido;1;1;0;0;0;0;1
17/11/2021;18:35:27;393;Com vítima;106,698;BR-101/SC;Crescente;Colisão traseira;1;1;0;0;0;0;1
18/11/2021;00:15:14;8;Sem vítima;8,100;BR-101/SC;Crescente;Colisão traseira;1;1;0;0;0;0;1
18/11/2021;04:47:09;39;Sem vítima;675,466;BR-376/SC;Crescente;Colisão traseira;2;2;0;0;0;0;1
18/11/2021;04:59:01;40;Sem vítima;111,340;BR-116/SC;Crescente;Colisão lateral no mesmo sentido;1;1;0;0;0;0;1
18/11/2021;05:37:23;44;Sem vítima;45,243;BR-101/SC;Decrescente;Choque;1;1;0;0;0;0;1
18/11/2021;06:49:09;63;Sem vítima;157,350;BR-101/SC;Decrescente;Colisão traseira;1;2;0;0;0;0;1
18/11/2021;14:35:11;257;Sem vítima;40,121;BR-101/SC;Decrescente;Colisão traseira;1;1;0;0;0;0;1
18/11/2021;15:24:56;277;Com vítima;618,430;BR-376/SC;Crescente;Choque;1;0;1;0;0;0;1
18/11/2021;17:16:17;321;Com vítima;206,669;BR-101/SC;Decrescente;Engavetamento;1;1;0;0;0;0;1
18/11/2021;22:14:34;435;Sem vítima;142,600;BR-101/SC;Decrescente;Tombamento;1;1;0;0;0;0;1
19/11/2021;12:48:57;262;Sem vítima;58,185;BR-101/SC;Crescente;Engavetamento;2;2;0;0;0;0;1
19/11/2021;15:18:58;316;Sem vítima;183,606;BR-101/SC;Decrescente;Colisão traseira;1;1;0;0;0;0;1
19/11/2021;18:13:39;394;Sem vítima;25,870;BR-101/SC;Decrescente;Colisão traseira;1;1;0;0;0;0;1
20/11/2021;00:03:42;2;Sem vítima;100,670;BR-101/SC;Decrescente;Colisão traseira;1;1;0;0;0;0;1
20/11/2021;01:43:10;34;Sem vítima;201,800;BR-101/SC;Decrescente;Colisão traseira;1;1;0;0;0;0;1
20/11/2021;06:57:34;91;Com vítima;674,180;BR-376/SC;Crescente;Engavetamento;1;1;0;0;0;0;1
20/11/2021;21:03:00;352;Sem vítima;134,770;BR-101/SC;Crescente;Colisão lateral no mesmo sentido;1;1;0;0;0;0;1
20/11/2021;22:55:28;390;Sem vítima;138,250;BR-101/SC;Decrescente;Colisão lateral no mesmo sentido;1;1;0;0;0;0;1
21/11/2021;16:57:09;263;Com vítima;106,963;BR-101/SC;Decrescente;Colisão lateral no mesmo sentido;1;1;0;0;0;0;1
22/11/2021;04:57:31;70;Sem vítima;163,455;BR-101/SC;Crescente;Colisão lateral no mesmo sentido;1;0;0;0;0;0;1
22/11/2021;09:42:46;196;Sem vítima;117,213;BR-101/SC;Decrescente;Colisão traseira;1;1;0;0;0;0;1
23/11/2021;17:08:52;414;Sem vítima;122,551;BR-101/SC;Crescente;Colisão traseira;1;1;0;0;0;0;1
25/11/2021;06:48:30;71;Sem vítima;174,592;BR-101/SC;Decrescente;Colisão lateral no mesmo sentido;1;1;0;0;0;0;1
26/11/2021;10:08:54;185;Com vítima;107,650;BR-116/SC;Decrescente;Engavetamento;1;1;0;0;0;0;1
26/11/2021;22:29:27;553;Com vítima;632,192;BR-376/SC;Decrescente;Colisão traseira;1;0;0;0;0;1;3
26/11/2021;23:07:24;562;Sem vítima;129,231;BR-101/SC;Crescente;Colisão traseira;2;2;0;0;0;0;1
27/11/2021;05:13:18;68;Sem vítima;200,280;BR-101/SC;Crescente;Choque;1;1;0;0;0;0;1
27/11/2021;19:29:22;407;Sem vítima;168,884;BR-101/SC;Decrescente;Saída de pista;1;1;0;0;0;0;1
28/11/2021;16:40:28;274;Sem vítima;104,332;BR-101/SC;Crescente;Colisão traseira;1;1;0;0;0;0;1
29/11/2021;06:50:55;82;Sem vítima;198,558;BR-101/SC;Decrescente;Engavetamento;1;2;0;0;0;0;1
29/11/2021;12:03:54;278;Com vítima;123,100;BR-101/SC;Crescente;Colisão traseira;1;0;0;0;0;0;1
01/12/2021;11:11:15;277;Sem vítima;157,350;BR-101/SC;Crescente;Engavetamento;1;1;0;0;0;0;1
01/12/2021;16:38:03;409;Sem vítima;667,800;BR-376/SC;Crescente;Colisão lateral no mesmo sentido;1;1;0;0;0;0;1
02/12/2021;13:34:22;244;Sem vítima;40,812;BR-101/SC;Decrescente;Colisão lateral no mesmo sentido;1;2;0;0;0;0;1
03/12/2021;13:13:07;260;Sem vítima;24,590;BR-101/SC;Crescente;Colisão lateral no mesmo sentido;1;1;0;0;0;0;1
03/12/2021;13:56:51;273;Sem vítima;242,985;BR-101/SC;Decrescente;Colisão traseira;2;2;0;0;0;0;1
03/12/2021;14:07:37;277;Sem vítima;23,907;BR-101/SC;Decrescente;Choque;1;1;0;0;0;0;1
04/12/2021;06:05:49;64;Sem vítima;215,280;BR-101/SC;Crescente;Colisão traseira;1;1;0;0;0;0;1
05/12/2021;07:42:18;80;Sem vítima;25,796;BR-101/SC;Decrescente;Colisão traseira;1;2;0;0;0;0;1
05/12/2021;15:25:57;251;Sem vítima;152,984;BR-101/SC;Crescente;Colisão lateral no mesmo sentido;1;1;0;0;0;0;1
05/12/2021;15:46:39;262;Com vítima;136,908;BR-101/SC;Crescente;Colisão lateral no mesmo sentido;1;1;0;0;0;1;3
06/12/2021;11:56:20;228;Sem vítima;121,392;BR-101/SC;Crescente;Engavetamento;1;2;0;0;0;0;1
07/12/2021;01:35:03;27;Sem vítima;1,270;BR-101/SC;Decrescente;Colisão traseira;1;1;0;0;0;0;1
08/12/2021;07:04:26;85;Sem vítima;132,400;BR-101/SC;Crescente;Colisão traseira;1;1;0;0;0;0;1
08/12/2021;09:58:02;198;Sem vítima;34,212;BR-101/SC;Decrescente;Colisão traseira;1;2;0;0;0;0;1
08/12/2021;10:07:14;201;Sem vítima;116,136;BR-101/SC;Decrescente;Engavetamento;1;1;0;0;0;0;1
08/12/2021;11:32:55;223;Sem vítima;198,130;BR-101/SC;Crescente;Colisão traseira;2;2;0;0;0;0;1