data;horario;n_da_ocorrencia;tipo_de_ocorrencia;km;trecho;sentido;tipo_de_acidente;caminhao;ilesos;levemente_feridos;moderadamente_feridos;gravemente_feridos;mortos;3
08/12/2021;11:49:41;226;Sem vítima;180,492;BR-101/SC;Crescente;Choque;1;1;0;0;0;0;1
08/12/2021;13:54:26;262;Sem vítima;204,779;BR-101/SC;Crescente;Engavetamento;1;2;0;0;0;0;1
08/12/2021;13:54:39;263;Com vítima;199,144;BR-101/SC;Crescente;Choque;1;0;1;0;0;0;1
08/12/2021;15:35:42;296;Sem vítima;114,644;BR-116/SC;Crescente;Colisão traseira;1;1;0;0;0;0;1
09/12/2021;06:27:18;64;Sem vítima;50,300;BR-101/SC;Decrescente;Colisão lateral no mesmo sentido;2;3;0;0;0;0;1
09/12/2021;06:38:08;73;Sem vítima;109,236;BR-116/SC;Crescente;Colisão traseira;1;1;0;0;0;0;1
09/12/2021;06:44:42;74;Sem vítima;215,694;BR-101/SC;Crescente;Colisão traseira;1;2;0;0;0;0;1
09/12/2021;11:30:09;200;Sem vítima;116,800;BR-101/SC;Decrescente;Colisão traseira;2;2;0;0;0;0;1
10/12/2021;18:29:47;411;Sem vítima;113,709;BR-101/SC;Decrescente;Colisão lateral no mesmo sentido;1;0;0;0;0;0;1
12/12/2021;12:11:45;196;Com vítima;113,852;BR-116/SC;Crescente;Colisão traseira;2;1;1;0;0;0;1
13/12/2021;10:26:14;192;Sem vítima;101,316;BR-116/SC;Crescente;Colisão traseira;2;2;0;0;0;0;1
13/12/2021;19:14:39;419;Sem vítima;189,684;BR-101/SC;Decrescente;Colisão traseira;1;1;0;0;0;0;1
14/12/2021;01:15:08;20;Sem vítima;215,226;BR-101/SC;Crescente;Colisão lateral no mesmo sentido;1;1;0;0;0;0;1
14/12/2021;07:00:11;70;Sem vítima;114,738;BR-116/SC;Decrescente;Engavetamento;1;1;0;0;0;0;1
14/12/2021;12:06:21;195;Sem vítima;665,934;BR-376/SC;Crescente;Colisão transversal;1;2;0;0;0;0;1
14/12/2021;15:32:24;271;Sem vítima;93,896;BR-116/SC;Crescente;Colisão lateral no mesmo sentido;1;1;0;0;0;0;1
14/12/2021;21:57:36;411;Sem vítima;674,380;BR-376/SC;Crescente;Choque;1;1;0;0;0;0;1
15/12/2021;01:17:07;19;Com vítima;213,304;BR-101/SC;Decrescente;Colisão frontal;1;1;0;0;0;0;1
15/12/2021;05:17:12;55;Com vítima;617,900;BR-376/SC;Crescente;Saída de pista;1;0;1;0;0;0;1
15/12/2021;05:30:03;57;Sem vítima;180,125;BR-101/SC;Decrescente;Colisão traseira;2;2;0;0;0;0;1
15/12/2021;11:59:25;225;Sem vítima;79,460;BR-101/SC;Decrescente;Colisão traseira;1;1;0;0;0;0;1
15/12/2021;13:29:38;262;Com vítima;638,850;BR-376/SC;Decrescente;Colisão traseira;1;1;0;0;0;0;1
15/12/2021;19:45:12;388;Sem vítima;110,235;BR-116/SC;Decrescente;Colisão traseira;1;1;0;0;0;0;1
16/12/2021;01:48:56;31;Com vítima;217,299;BR-101/SC;Crescente;Engavetamento;3;1;3;0;1;2;3
16/12/2021;03:31:26;50;Sem vítima;670,698;BR-376/SC;Crescente;Tombamento;1;1;0;0;0;0;1
16/12/2021;04:00:41;55;Sem vítima;218,720;BR-101/SC;Crescente;Colisão traseira;1;1;0;0;0;0;1
16/12/2021;10:36:18;209;Sem vítima;623,500;BR-376/SC;Crescente;Choque;1;1;0;0;0;0;1
16/12/2021;11:38:07;235;Sem vítima;673,400;BR-376/SC;Decrescente;Engavetamento;2;2;0;0;0;0;1
16/12/2021;12:27:24;255;Sem vítima;111,300;BR-116/SC;Crescente;Engavetamento;1;1;0;0;0;0;1
16/12/2021;14:17:23;293;Com vítima;116,715;BR-101/SC;Crescente;Colisão traseira;1;1;2;0;0;0;1
16/12/2021;17:51:53;388;Sem vítima;108,577;BR-116/SC;Crescente;Colisão lateral no mesmo sentido;1;1;0;0;0;0;1
16/12/2021;17:55:30;389;Com vítima;136,385;BR-101/SC;Decrescente;Colisão lateral no mesmo sentido;1;1;1;0;0;0;1
17/12/2021;06:09:47;78;Sem vítima;200,423;BR-101/SC;Crescente;Choque;1;1;0;0;0;0;1
18/12/2021;13:21:24;252;Sem vítima;6,490;BR-101/SC;Decrescente;Engavetamento;1;1;0;0;0;0;1
19/12/2021;18:18:15;353;Sem vítima;637,580;BR-376/SC;Crescente;Engavetamento;1;6;0;0;0;0;1
20/12/2021;06:07:34;65;Sem vítima;192,126;BR-101/SC;Decrescente;Colisão traseira;2;2;0;0;0;0;1
21/12/2021;16:58:29;397;Com vítima;113,124;BR-101/SC;Crescente;Colisão lateral no mesmo sentido;1;1;0;0;0;0;1
21/12/2021;21:07:21;483;Sem vítima;1,300;BR-101/SC;Decrescente;Colisão lateral no mesmo sentido;1;1;0;0;0;0;1
21/12/2021;21:34:12;496;Sem vítima;242,985;BR-101/SC;Decrescente;Colisão traseira;1;0;0;0;0;0;1
22/12/2021;03:15:10;58;Com vítima;665,200;BR-376/SC;Crescente;Colisão traseira;1;1;0;0;0;0;1
22/12/2021;23:31:50;501;Sem vítima;37,300;BR-101/SC;Decrescente;Colisão lateral no mesmo sentido;2;2;0;0;0;0;1
23/12/2021;13:39:51;317;Sem vítima;215,252;BR-101/SC;Decrescente;Colisão lateral no mesmo sentido;1;1;0;0;0;0;1
24/12/2021;10:41:45;172;Com vítima;37,160;BR-101/SC;Crescente;Colisão traseira;1;2;0;1;0;0;2
24/12/2021;15:15:15;264;Sem vítima;79,353;BR-101/SC;Decrescente;Colisão traseira;1;2;0;0;0;0;1
26/12/2021;10:15:30;143;Sem vítima;242,985;BR-101/SC;Crescente;Colisão traseira;1;2;0;0;0;0;1
26/12/2021;22:28:55;511;Sem vítima;94,790;BR-101/SC;Decrescente;Colisão traseira;1;4;0;0;0;0;1
27/12/2021;06:47:16;87;Com vítima;222,747;BR-101/SC;Decrescente;Colisão lateral no mesmo sentido;1;2;1;0;0;0;1
27/12/2021;06:58:01;95;Sem vítima;40,528;BR-101/SC;Decrescente;Colisão traseira;1;3;0;0;0;0;1
27/12/2021;10:13:55;183;Com vítima;216,106;BR-101/SC;Decrescente;Colisão lateral no mesmo sentido;1;1;1;0;0;0;1
27/12/2021;16:56:06;415;Sem vítima;672,156;BR-376/SC;Decrescente;Colisão lateral no mesmo sentido;2;2;0;0;0;0;1
27/12/2021;16:59:10;416;Sem vítima;79,600;BR-101/SC;Decrescente;Colisão lateral no mesmo sentido;1;2;0;0;0;0;1
28/12/2021;07:18:59;86;Sem vítima;203,100;BR-101/SC;Decrescente;Colisão traseira;1;1;0;0;0;0;1
28/12/2021;08:04:30;106;Sem vítima;629,265;BR-376/SC;Crescente;Colisão traseira;2;2;0;0;0;0;1
28/12/2021;08:19:42;113;Com vítima;121,172;BR-101/SC;Decrescente;Colisão traseira;1;1;1;0;0;0;1
28/12/2021;09:39:03;150;Sem vítima;119,819;BR-101/SC;Crescente;Colisão traseira;1;2;0;0;0;0;1
28/12/2021;10:06:18;161;Sem vítima;119,812;BR-101/SC;Crescente;Colisão traseira;1;1;0;0;0;0;1
28/12/2021;12:43:51;220;Sem vítima;17,136;BR-101/SC;Crescente;Colisão traseira;1;2;0;0;0;0;1
28/12/2021;13:45:24;276;Sem vítima;127,350;BR-101/SC;Decrescente;Colisão traseira;1;2;0;0;0;0;1
28/12/2021;14:50:44;294;Sem vítima;146,648;BR-101/SC;Crescente;Engavetamento;2;3;0;0;0;0;1
28/12/2021;17:16:00;383;Sem vítima;92,722;BR-101/SC;Decrescente;Colisão traseira;1;2;0;0;0;0;1
28/12/2021;22:32:44;490;Sem vítima;106,266;BR-116/SC;Crescente;Colisão lateral no mesmo sentido;2;2;0;0;0;0;1
29/12/2021;09:19:20;147;Sem vítima;137,318;BR-101/SC;Crescente;Colisão traseira;1;2;0;0;0;0;1
29/12/2021;09:54:39;157;Com vítima;81,393;BR-101/SC;Decrescente;Queda de moto;1;1;0;0;0;1;3
29/12/2021;16:55:23;317;Com vítima;128,173;BR-101/SC;Decrescente;Colisão traseira;1;1;0;0;0;1;3
29/12/2021;19:00:10;374;Sem vítima;130,904;BR-101/SC;Crescente;Colisão traseira;1;2;0;0;0;0;1
29/12/2021;22:30:38;445;Sem vítima;238,600;BR-101/SC;Decrescente;Choque;2;7;0;0;0;0;1
30/12/2021;06:22:34;68;Sem vítima;57,828;BR-101/SC;Decrescente;Engavetamento;1;3;0;0;0;0;1
30/12/2021;14:16:25;288;Sem vítima;660,329;BR-376/SC;Crescente;Choque;1;1;0;0;0;0;1
30/12/2021;14:32:41;298;Sem vítima;635,180;BR-376/SC;Decrescente;Colisão traseira;1;3;0;0;0;0;1
30/12/2021;14:57:56;305;Sem vítima;622,414;BR-376/SC;Crescente;Colisão traseira;1;2;0;0;0;0;1
30/12/2021;17:57:34;399;Sem vítima;237,439;BR-101/SC;Crescente;Colisão lateral no mesmo sentido;1;2;0;0;0;0;1
31/12/2021;03:39:25;54;Sem vítima;74,304;BR-101/SC;Decrescente;Colisão traseira;1;2;0;0;0;0;1
31/12/2021;05:18:24;79;Sem vítima;100,894;BR-101/SC;Decrescente;Colisão lateral no mesmo sentido;1;4;0;0;0;0;1
31/12/2021;11:49:48;224;Com vítima;10,210;BR-101/SC;Decrescente;Tombamento;1;0;1;0;0;0;1
01/01/2022;09:19:08;128;Sem vítima;665,492;BR-376/SC;Crescente;Colisão traseira;1;2;0;0;0;0;1
01/01/2022;12:35:19;198;Com vítima;139,876;BR-101/SC;Decrescente;Colisão traseira;1;3;1;0;0;0;1
02/01/2022;23:04:46;639;Com vítima;118,680;BR-101/SC;Crescente;Colisão traseira;1;1;1;0;0;0;1
03/01/2022;13:16:34;381;Sem vítima;671,188;BR-376/SC;Decrescente;Colisão traseira;1;2;0;0;0;0;1
03/01/2022;13:35:07;397;Sem vítima;129,930;BR-101/SC;Crescente;Colisão lateral no mesmo sentido;1;2;0;0;0;0;1
03/01/2022;15:35:09;492;Com vítima;238,384;BR-101/SC;Decrescente;Colisão lateral no mesmo sentido;1;1;1;0;0;0;1
03/01/2022;15:42:06;495;Com vítima;122,846;BR-101/SC;Crescente;Colisão traseira;1;1;1;0;0;0;1
04/01/2022;09:33:35;218;Sem vítima;135,345;BR-101/SC;Crescente;Engavetamento;1;3;0;0;0;0;1
04/01/2022;11:21:02;269;Sem vítima;151,227;BR-101/SC;Crescente;Colisão traseira;1;2;0;0;0;0;1
04/01/2022;12:55:10;308;Sem vítima;146,471;BR-101/SC;Crescente;Colisão lateral no mesmo sentido;1;2;0;0;0;0;1
04/01/2022;13:00:14;312;Sem vítima;633,970;BR-376/SC;Decrescente;Saída de pista;1;1;0;0;0;0;1
04/01/2022;13:20:36;321;Sem vítima;224,982;BR-101/SC;Decrescente;Colisão lateral no mesmo sentido;2;2;0;0;0;0;1
04/01/2022;13:35:58;331;Sem vítima;242,864;BR-101/SC;Decrescente;Colisão traseira;1;2;0;0;0;0;1
04/01/2022;15:00:01;373;Sem vítima;155,124;BR-101/SC;Crescente;Colisão frontal;1;2;0;0;0;0;1
04/01/2022;15:11:47;380;Sem vítima;79,630;BR-101/SC;Crescente;Colisão lateral no mesmo sentido;1;2;0;0;0;0;1
04/01/2022;16:22:55;432;Sem vítima;119,344;BR-101/SC;Decrescente;Colisão traseira;1;2;0;0;0;0;1
04/01/2022;20:10:44;537;Sem vítima;620,940;BR-376/SC;Decrescente;Tombamento;1;1;0;0;0;0;1
04/01/2022;20:18:48;541;Sem vítima;87,352;BR-101/SC;Crescente;Colisão lateral no mesmo sentido;1;2;0;0;0;0;1
04/01/2022;22:23:47;582;Com vítima;151,530;BR-101/SC;Crescente;Engavetamento;2;1;2;0;2;0;2
05/01/2022;00:38:25;9;Com vítima;38,869;BR-101/SC;Decrescente;Engavetamento;1;4;2;0;0;0;1
05/01/2022;00:47:53;13;Sem vítima;38,948;BR-101/SC;Decrescente;Choque;1;1;0;0;0;0;1
05/01/2022;07:56:18;129;Sem vítima;37,150;BR-101/SC;Decrescente;Colisão lateral no mesmo sentido;1;2;0;0;0;0;1
05/01/2022;13:57:55;314;Sem vítima;123,234;BR-101/SC;Crescente;Engavetamento;2;3;0;0;0;0;1
05/01/2022;14:30:13;326;Com vítima;11,821;BR-101/SC;Decrescente;Engavetamento;1;5;1;0;0;0;1
05/01/2022;15:16:42;355;Sem vítima;193,877;BR-101/SC;Crescente;Choque;1;1;0;0;0;0;1
05/01/2022;18:11:26;442;Sem vítima;116,835;BR-101/SC;Decrescente;Colisão transversal;1;2;0;0;0;0;1
06/01/2022;09:48:20;167;Com vítima;233,635;BR-101/SC;Decrescente;Colisão traseira;1;2;2;0;0;0;1
06/01/2022;11:33:46;202;Sem vítima;141,407;BR-101/SC;Decrescente;Choque;1;1;0;0;0;0;1
06/01/2022;12:44:45;242;Sem vítima;152,668;BR-101/SC;Crescente;Choque;1;1;0;0;0;0;1
06/01/2022;12:50:59;245;Sem vítima;243,273;BR-101/SC;Decrescente;Choque;1;1;0;0;0;0;1
06/01/2022;17:18:09;341;Sem vítima;103,310;BR-101/SC;Decrescente;Colisão lateral no mesmo sentido;1;2;0;0;0;0;1
07/01/2022;03:30:14;35;Sem vítima;207,690;BR-101/SC;Decrescente;Colisão traseira;1;1;0;0;0;0;1
07/01/2022;05:22:06;54;Sem vítima;667,100;BR-376/SC;Decrescente;Colisão lateral no mesmo sentido;2;2;0;0;0;0;1
07/01/2022;07:53:46;84;Com vítima;677,140;BR-376/SC;Crescente;Atropelamento de pedestre;1;4;2;0;0;0;1
07/01/2022;12:10:54;181;Sem vítima;671,554;BR-376/SC;Decrescente;Colisão traseira;1;3;0;0;0;0;1
07/01/2022;17:25:15;323;Com vítima;119,451;BR-101/SC;Decrescente;Colisão lateral no mesmo sentido;1;1;1;0;0;0;1
07/01/2022;19:20:52;369;Com vítima;128,113;BR-101/SC;Decrescente;Colisão traseira;1;1;1;0;0;0;1
08/01/2022;10:09:41;153;Sem vítima;112,907;BR-101/SC;Crescente;Colisão traseira;1;2;0;0;0;0;1
08/01/2022;15:53:09;258;Sem vítima;233,668;BR-101/SC;Decrescente;Tombamento;1;1;0;0;0;0;1
09/01/2022;01:25:23;21;Sem vítima;79,594;BR-101/SC;Decrescente;Colisão transversal;1;5;0;0;0;0;1
09/01/2022;04:37:02;42;Sem vítima;674,340;BR-376/SC;Decrescente;Tombamento;1;1;0;0;0;0;1
09/01/2022;15:15:16;248;Sem vítima;635,180;BR-376/SC;Crescente;Colisão traseira;1;4;0;0;0;0;1
09/01/2022;17:26:26;307;Sem vítima;669,230;BR-376/SC;Crescente;Colisão lateral no mesmo sentido;1;2;0;0;0;0;1
09/01/2022;20:52:46;362;Sem vítima;116,753;BR-101/SC;Decrescente;Engavetamento;2;2;0;0;0;0;1
10/01/2022;05:59:22;57;Sem vítima;63,720;BR-101/SC;Decrescente;Choque;1;1;0;0;0;0;1
10/01/2022;08:15:30;96;Sem vítima;157,730;BR-101/SC;Crescente;Colisão traseira;1;2;0;0;0;0;1
10/01/2022;08:29:45;106;Sem vítima;50,438;BR-101/SC;Decrescente;Colisão frontal;1;2;0;0;0;0;1
10/01/2022;13:20:41;236;Sem vítima;156,300;BR-101/SC;Crescente;Colisão traseira;1;2;0;0;0;0;1
10/01/2022;16:34:10;312;Sem vítima;638,790;BR-376/SC;Crescente;Colisão traseira;1;2;0;0;0;0;1
10/01/2022;20:04:13;401;Sem vítima;648,250;BR-376/SC;Crescente;Colisão traseira;1;1;0;0;0;0;1
10/01/2022;22:33:32;441;Sem vítima;139,418;BR-101/SC;Decrescente;Colisão traseira;2;2;0;0;0;0;1
11/01/2022;05:13:35;41;Sem vítima;168,697;BR-101/SC;Crescente;Tombamento;1;2;0;0;0;0;1
11/01/2022;05:15:01;42;Sem vítima;233,600;BR-101/SC;Crescente;Colisão lateral no mesmo sentido;1;2;0;0;0;0;1
11/01/2022;06:57:54;60;Sem vítima;111,270;BR-101/SC;Crescente;Colisão traseira;1;2;0;0;0;0;1
11/01/2022;11:57:53;199;Sem vítima;145,300;BR-101/SC;Crescente;Engavetamento;1;4;0;0;0;0;1
11/01/2022;15:36:52;282;Sem vítima;122,150;BR-101/SC;Crescente;Colisão lateral no mesmo sentido;1;2;0;0;0;0;1
11/01/2022;16:23:54;304;Sem vítima;49,280;BR-101/SC;Decrescente;Colisão traseira;1;2;0;0;0;0;1
12/01/2022;06:14:44;50;Com vítima;217,200;BR-101/SC;Decrescente;Colisão lateral no mesmo sentido;1;1;1;0;0;0;1
12/01/2022;07:33:50;90;Com vítima;131,614;BR-101/SC;Crescente;Engavetamento;1;5;2;0;0;0;1
12/01/2022;08:03:21;118;Com vítima;674,500;BR-376/SC;Decrescente;Colisão frontal;1;1;1;1;1;0;2
12/01/2022;10:45:25;203;Sem vítima;125,486;BR-101/SC;Crescente;Colisão lateral no mesmo sentido;1;2;0;0;0;0;1
13/01/2022;07:17:26;85;Sem vítima;5,619;BR-101/SC;Decrescente;Tombamento;1;1;0;0;0;0;1
13/01/2022;09:24:28;152;Com vítima;115,787;BR-101/SC;Crescente;Colisão lateral no mesmo sentido;1;1;1;0;0;0;1
13/01/2022;12:37:37;240;Com vítima;108,696;BR-116/SC;Decrescente;Engavetamento;1;1;0;0;0;0;1
13/01/2022;17:58:49;381;Sem vítima;90,270;BR-116/SC;Decrescente;Colisão lateral no mesmo sentido;1;1;0;0;0;0;1
13/01/2022;19:19:24;395;Sem vítima;119,464;BR-101/SC;Decrescente;Colisão traseira;1;2;0;0;0;0;1
14/01/2022;11:57:04;226;Sem vítima;0,391;BR-101/SC;Decrescente;Colisão traseira;2;2;0;0;0;0;1
14/01/2022;15:31:10;305;Sem vítima;1,300;BR-101/SC;Crescente;Colisão traseira;1;2;0;0;0;0;1
14/01/2022;17:08:11;365;Sem vítima;668,791;BR-376/SC;Decrescente;Choque;1;1;0;0;0;0;1
14/01/2022;19:49:33;398;Sem vítima;79,460;BR-101/SC;Decrescente;Colisão traseira;1;4;0;0;0;0;1
14/01/2022;22:25:56;453;Sem vítima;664,744;BR-376/SC;Crescente;Saída de pista;1;1;0;0;0;0;1
15/01/2022;04:46:23;56;Sem vítima;129,772;BR-101/SC;Crescente;Colisão traseira;1;2;0;0;0;0;1
15/01/2022;06:32:32;66;Sem vítima;79,400;BR-101/SC;Decrescente;Choque;1;1;0;0;0;0;1
15/01/2022;12:38:37;219;Com vítima;113,851;BR-101/SC;Crescente;Engavetamento;1;4;2;1;0;0;2
15/01/2022;18:00:36;363;Com vítima;679,225;BR-376/SC;Crescente;Choque;1;0;0;1;0;0;2
15/01/2022;18:01:57;364;Com vítima;679,225;BR-376/SC;Decrescente;Colisão frontal;1;1;0;1;0;0;2
15/01/2022;21:13:31;415;Com vítima;655,206;BR-376/SC;Crescente;Tombamento;1;0;1;0;0;0;1
15/01/2022;22:58:22;445;Sem vítima;57,825;BR-101/SC;Decrescente;Colisão lateral no mesmo sentido;1;3;0;0;0;0;1
16/01/2022;01:35:50;19;Sem vítima;665,708;BR-376/SC;Crescente;Saída de pista;1;2;0;0;0;0;1
17/01/2022;06:04:44;70;Sem vítima;673,302;BR-376/SC;Decrescente;Saída de pista;1;2;0;0;0;0;1
17/01/2022;09:16:16;162;Sem vítima;94,100;BR-101/SC;Decrescente;Colisão traseira;2;2;0;0;0;0;1
17/01/2022;09:38:24;177;Sem vítima;92,600;BR-101/SC;Decrescente;Colisão traseira;1;2;0;0;0;0;1
17/01/2022;10:53:22;213;Sem vítima;126,182;BR-101/SC;Crescente;Colisão traseira;1;2;0;0;0;0;1
17/01/2022;11:34:08;223;Sem vítima;202,557;BR-101/SC;Crescente;Colisão lateral no mesmo sentido;1;2;0;0;0;0;1
17/01/2022;13:38:47;283;Com vítima;59,450;BR-101/SC;Decrescente;Colisão traseira;1;1;2;0;0;0;1
17/01/2022;13:45:57;286;Sem vítima;114,286;BR-101/SC;Crescente;Colisão traseira;2;2;0;0;0;0;1
17/01/2022;14:25:03;300;Com vítima;213,160;BR-101/SC;Crescente;Engavetamento;1;2;2;0;0;0;1
17/01/2022;15:29:35;335;Sem vítima;235,120;BR-101/SC;Crescente;Colisão lateral no mesmo sentido;1;2;0;0;0;0;1
17/01/2022;16:57:08;389;Sem vítima;202,120;BR-101/SC;Crescente;Colisão traseira;1;2;0;0;0;0;1
17/01/2022;17:10:50;398;Sem vítima;671,496;BR-376/SC;Crescente;Colisão traseira;1;2;0;0;0;0;1
17/01/2022;22:52:55;538;Sem vítima;203,346;BR-101/SC;Crescente;Colisão traseira;2;2;0;0;0;0;1
18/01/2022;07:13:34;79;Com vítima;126,701;BR-101/SC;Crescente;Capotamento;1;1;0;1;0;0;2
18/01/2022;15:30:28;308;Sem vítima;651,659;BR-376/SC;Crescente;Colisão lateral no mesmo sentido;1;2;0;0;0;0;1
18/01/2022;17:04:12;373;Sem vítima;118,624;BR-101/SC;Decrescente;Engavetamento;1;3;0;0;0;0;1
18/01/2022;17:14:02;376;Sem vítima;108,158;BR-116/SC;Crescente;Colisão lateral no mesmo sentido;1;2;0;0;0;0;1
19/01/2022;08:59:53;137;Sem vítima;614,811;BR-376/SC;Decrescente;Choque;1;1;0;0;0;0;1
19/01/2022;09:25:35;149;Com vítima;208,988;BR-101/SC;Crescente;Colisão traseira;1;1;1;0;0;0;1
19/01/2022;10:30:21;177;Sem vítima;111,421;BR-101/SC;Crescente;Colisão lateral no mesmo sentido;1;2;0;0;0;0;1
19/01/2022;12:25:17;213;Sem vítima;115,166;BR-101/SC;Crescente;Colisão traseira;1;1;0;0;0;0;1
19/01/2022;13:06:29;224;Com vítima;120,828;BR-101/SC;Crescente;Colisão traseira;1;2;0;1;0;0;2
19/01/2022;13:51:03;235;Sem vítima;118,400;BR-101/SC;Crescente;Colisão traseira;1;2;0;0;0;0;1
19/01/2022;15:35:43;287;Sem vítima;111,879;BR-101/SC;Crescente;Colisão traseira;2;2;0;0;0;0;1
19/01/2022;16:24:23;308;Com vítima;125,710;BR-101/SC;Crescente;Colisão traseira;1;1;1;0;0;0;1
19/01/2022;19:47:27;385;Sem vítima;99,935;BR-101/SC;Crescente;Colisão lateral no mesmo sentido;1;2;0;0;0;0;1
20/01/2022;09:18:33;135;Com vítima;215,320;BR-101/SC;Decrescente;Colisão transversal;1;1;0;0;0;0;1
20/01/2022;11:43:27;207;Sem vítima;88,810;BR-101/SC;Decrescente;Colisão lateral no mesmo sentido;1;2;0;0;0;0;1
20/01/2022;12:30:16;222;Sem vítima;79,452;BR-101/SC;Crescente;Colisão lateral no mesmo sentido;1;2;0;0;0;0;1
20/01/2022;14:43:14;264;Sem vítima;86,372;BR-101/SC;Decrescente;Colisão traseira;1;2;0;0;0;0;1
20/01/2022;14:51:32;269;Com vítima;153,363;BR-101/SC;Crescente;Colisão traseira;2;2;1;0;0;0;1
20/01/2022;16:35:07;324;Sem vítima;143,600;BR-101/SC;Crescente;Colisão lateral no mesmo sentido;1;2;0;0;0;0;1
20/01/2022;19:20:17;379;Sem vítima;122,400;BR-101/SC;Decrescente;Colisão lateral no mesmo sentido;1;2;0;0;0;0;1
21/01/2022;00:31:55;14;Sem vítima;226,104;BR-101/SC;Crescente;Saída de pista;1;1;0;0;0;0;1
21/01/2022;02:35:08;35;Com vítima;614,832;BR-376/SC;Crescente;Tombamento;1;0;2;0;0;0;1
21/01/2022;07:55:05;108;Sem vítima;113,174;BR-116/SC;Decrescente;Engavetamento;1;1;0;0;0;0;1
21/01/2022;08:50:02;152;Sem vítima;120,150;BR-101/SC;Crescente;Colisão traseira;1;2;0;0;0;0;1
21/01/2022;16:05:47;334;Sem vítima;106,189;BR-116/SC;Decrescente;Colisão traseira;1;1;0;0;0;0;1
21/01/2022;16:23:37;344;Sem vítima;1,300;BR-101/SC;Crescente;Colisão traseira;1;2;0;0;0;0;1
22/01/2022;13:43:19;213;Com vítima;57,798;BR-101/SC;Crescente;Tombamento;1;0;1;0;0;0;1
22/01/2022;15:42:01;268;Com vítima;181,883;BR-101/SC;Decrescente;Colisão traseira;1;1;1;0;0;0;1
22/01/2022;18:27:51;345;Com vítima;100,990;BR-116/SC;Crescente;Choque;1;0;1;0;0;0;1
23/01/2022;03:13:15;49;Com vítima;139,780;BR-101/SC;Decrescente;Colisão traseira;1;2;1;0;0;0;1
23/01/2022;12:06:42;170;Sem vítima;108,900;BR-101/SC;Crescente;Colisão lateral no mesmo sentido;1;2;0;0;0;0;1
23/01/2022;16:29:19;272;Sem vítima;96,261;BR-101/SC;Decrescente;Colisão traseira;1;2;0;0;0;0;1
23/01/2022;23:00:32;458;Sem vítima;243,500;BR-101/SC;Crescente;Colisão traseira;1;2;0;0;0;0;1
24/01/2022;07:37:38;79;Sem vítima;110,600;BR-101/SC;Decrescente;Colisão traseira;2;2;0;0;0;0;1
24/01/2022;12:39:56;214;Sem vítima;137,157;BR-101/SC;Crescente;Colisão lateral no mesmo sentido;1;2;0;0;0;0;1
24/01/2022;14:02:58;250;Sem vítima;104,957;BR-101/SC;Crescente;Engavetamento;2;3;0;0;0;0;1
24/01/2022;16:21:31;306;Sem vítima;242,985;BR-101/SC;Decrescente;Colisão traseira;1;2;0;0;0;0;1
24/01/2022;19:01:31;384;Sem vítima;116,550;BR-101/SC;Crescente;Colisão traseira;1;2;0;0;0;0;1
25/01/2022;11:22:08;235;Sem vítima;144,171;BR-101/SC;Crescente;Colisão traseira;1;3;0;0;0;0;1
25/01/2022;12:56:25;260;Com vítima;148,807;BR-101/SC;Crescente;Colisão traseira;2;1;0;1;0;0;2
25/01/2022;13:59:27;289;Com vítima;125,718;BR-101/SC;Decrescente;Colisão lateral no mesmo sentido;1;1;1;0;0;0;1
25/01/2022;14:35:00;299;Sem vítima;39,195;BR-101/SC;Crescente;Colisão lateral no mesmo sentido;1;2;0;0;0;0;1
25/01/2022;16:27:34;353;Sem vítima;123,990;BR-101/SC;Decrescente;Colisão lateral no mesmo sentido;1;2;0;0;0;0;1
26/01/2022;02:32:33;42;Sem vítima;130,930;BR-101/SC;Crescente;Saída de pista;1;1;0;0;0;0;1
26/01/2022;06:27:11;84;Sem vítima;79,460;BR-101/SC;Crescente;Colisão traseira;1;2;0;0;0;0;1
26/01/2022;11:50:25;216;Sem vítima;678,200;BR-376/SC;Decrescente;Colisão traseira;2;2;0;0;0;0;1
26/01/2022;14:13:00;273;Com vítima;616,489;BR-376/SC;Crescente;Choque;1;1;2;0;0;0;1
26/01/2022;16:52:45;341;Sem vítima;101,474;BR-101/SC;Crescente;Colisão traseira;1;2;0;0;0;0;1
26/01/2022;23:26:35;485;Com vítima;83,539;BR-116/SC;Crescente;Tombamento;1;0;1;0;0;0;1
27/01/2022;05:26:49;46;Sem vítima;645,577;BR-376/SC;Decrescente;Colisão lateral no mesmo sentido;2;2;0;0;0;0;1
27/01/2022;10:01:39;171;Sem vítima;122,700;BR-101/SC;Decrescente;Colisão lateral no mesmo sentido;1;2;0;0;0;0;1
27/01/2022;14:39:38;269;Sem vítima;14,786;BR-101/SC;Crescente;Colisão traseira;2;2;0;0;0;0;1