data;horario;n_da_ocorrencia;tipo_de_ocorrencia;km;trecho;sentido;tipo_de_acidente;caminhao;ilesos;levemente_feridos;moderadamente_feridos;gravemente_feridos;mortos;3
27/01/2022;19:55:13;390;Sem vítima;141,870;BR-101/SC;Decrescente;Choque;1;2;0;0;0;0;1
27/01/2022;21:45:17;437;Sem vítima;629,412;BR-376/SC;Crescente;Tombamento;1;1;0;0;0;0;1
28/01/2022;07:55:30;106;Com vítima;651,210;BR-376/SC;Crescente;Colisão traseira;1;1;1;0;0;0;1
28/01/2022;09:31:12;159;Sem vítima;206,557;BR-101/SC;Crescente;Colisão traseira;1;2;0;0;0;0;1
28/01/2022;10:32:29;176;Sem vítima;208,882;BR-101/SC;Decrescente;Colisão lateral no mesmo sentido;1;1;0;0;0;0;1
28/01/2022;11:26:46;188;Com vítima;209,766;BR-101/SC;Crescente;Colisão lateral no mesmo sentido;1;1;1;0;0;0;1
28/01/2022;14:16:04;250;Sem vítima;117,366;BR-101/SC;Crescente;Choque;1;2;0;0;0;0;1
28/01/2022;16:03:28;297;Sem vítima;665,696;BR-376/SC;Decrescente;Colisão lateral no mesmo sentido;1;3;0;0;0;0;1
28/01/2022;19:45:10;378;Sem vítima;192,798;BR-101/SC;Crescente;Colisão lateral no mesmo sentido;1;2;0;0;0;0;1
28/01/2022;23:30:44;469;Sem vítima;102,200;BR-116/SC;Crescente;Colisão traseira;1;2;0;0;0;0;1
29/01/2022;03:59:16;49;Sem vítima;83,480;BR-116/SC;Decrescente;Saída de pista;1;1;0;0;0;0;1
29/01/2022;07:25:29;96;Sem vítima;57,482;BR-101/SC;Decrescente;Choque;1;1;0;0;0;0;1
29/01/2022;08:43:02;125;Com vítima;623,336;BR-376/SC;Decrescente;Engavetamento;1;1;0;1;0;0;2
30/01/2022;08:23:27;77;Com vítima;177,658;BR-101/SC;Crescente;Colisão traseira;1;2;1;0;0;0;1
31/01/2022;06:49:48;69;Com vítima;102,591;BR-101/SC;Decrescente;Colisão traseira;1;1;1;0;0;0;1
31/01/2022;07:28:09;83;Com vítima;665,213;BR-376/SC;Decrescente;Colisão traseira;1;1;1;0;0;0;1
31/01/2022;10:34:25;150;Sem vítima;32,895;BR-101/SC;Crescente;Colisão lateral no mesmo sentido;1;3;0;0;0;0;1
31/01/2022;13:23:30;196;Sem vítima;82,874;BR-101/SC;Crescente;Colisão lateral no mesmo sentido;1;2;0;0;0;0;1
31/01/2022;15:00:48;235;Com vítima;193,320;BR-101/SC;Decrescente;Colisão traseira;1;2;0;0;0;0;1
31/01/2022;15:38:53;254;Com vítima;221,749;BR-101/SC;Decrescente;Colisão lateral no mesmo sentido;1;1;0;0;0;0;1
31/01/2022;16:14:36;267;Sem vítima;205,163;BR-101/SC;Decrescente;Colisão traseira;1;1;0;0;0;0;1
31/01/2022;17:51:27;309;Com vítima;113,878;BR-101/SC;Crescente;Colisão lateral no mesmo sentido;1;1;0;0;0;1;3
01/02/2022;01:29:49;18;Sem vítima;199,950;BR-101/SC;Decrescente;Colisão traseira;1;1;0;0;0;0;1
01/02/2022;07:19:02;93;Sem vítima;180,417;BR-101/SC;Crescente;Colisão traseira;1;2;0;0;0;0;1
01/02/2022;16:14:19;324;Sem vítima;135,374;BR-101/SC;Decrescente;Engavetamento;1;5;0;0;0;0;1
01/02/2022;18:57:26;380;Sem vítima;123,410;BR-101/SC;Decrescente;Colisão traseira;1;2;0;0;0;0;1
01/02/2022;19:49:24;396;Sem vítima;126,698;BR-101/SC;Decrescente;Colisão lateral no mesmo sentido;1;2;0;0;0;0;1
01/02/2022;22:10:48;449;Com vítima;232,800;BR-101/SC;Decrescente;Choque;1;1;1;0;0;0;1
01/02/2022;22:49:03;454;Sem vítima;210,500;BR-101/SC;Crescente;Colisão traseira;2;2;0;0;0;0;1
02/02/2022;09:23:04;160;Sem vítima;233,200;BR-101/SC;Decrescente;Colisão traseira;1;2;0;0;0;0;1
02/02/2022;11:34:14;216;Sem vítima;144,230;BR-101/SC;Crescente;Colisão lateral no mesmo sentido;1;2;0;0;0;0;1
02/02/2022;12:24:19;232;Sem vítima;142,400;BR-101/SC;Decrescente;Colisão lateral no mesmo sentido;1;2;0;0;0;0;1
02/02/2022;15:08:19;289;Sem vítima;64,191;BR-101/SC;Decrescente;Colisão lateral no mesmo sentido;1;2;0;0;0;0;1
02/02/2022;18:08:03;367;Sem vítima;101,903;BR-116/SC;Decrescente;Colisão traseira;1;1;0;0;0;0;1
03/02/2022;01:39:44;28;Sem vítima;626,420;BR-376/SC;Decrescente;Choque;1;1;0;0;0;0;1
03/02/2022;07:15:45;89;Sem vítima;145,749;BR-101/SC;Crescente;Engavetamento;1;3;0;0;0;0;1
03/02/2022;08:49:31;148;Sem vítima;652,975;BR-376/SC;Decrescente;Colisão traseira;2;2;0;0;0;0;1
03/02/2022;14:26:48;274;Sem vítima;41,643;BR-101/SC;Crescente;Colisão traseira;1;2;0;0;0;0;1
04/02/2022;08:18:27;128;Com vítima;666,300;BR-376/SC;Decrescente;Tombamento;1;0;0;1;0;0;2
04/02/2022;08:58:13;152;Sem vítima;194,100;BR-101/SC;Decrescente;Colisão lateral no mesmo sentido;1;2;0;0;0;0;1
04/02/2022;10:21:55;176;Sem vítima;211,200;BR-101/SC;Decrescente;Colisão lateral no mesmo sentido;1;1;0;0;0;0;1
04/02/2022;14:57:29;270;Sem vítima;140,210;BR-101/SC;Decrescente;Colisão lateral no mesmo sentido;2;2;0;0;0;0;1
04/02/2022;14:58:51;272;Com vítima;203,301;BR-101/SC;Crescente;Colisão lateral no mesmo sentido;1;1;1;0;0;0;1
04/02/2022;18:12:13;367;Sem vítima;104,389;BR-101/SC;Decrescente;Colisão traseira;1;2;0;0;0;0;1
04/02/2022;19:44:41;402;Sem vítima;79,967;BR-101/SC;Crescente;Colisão traseira;1;2;0;0;0;0;1
05/02/2022;08:50:56;106;Com vítima;146,201;BR-101/SC;Decrescente;Choque;1;0;1;0;0;0;1
05/02/2022;11:40:23;186;Sem vítima;212,987;BR-101/SC;Crescente;Colisão transversal;1;2;0;0;0;0;1
05/02/2022;12:46:29;227;Sem vítima;28,728;BR-101/SC;Crescente;Colisão lateral no mesmo sentido;1;2;0;0;0;0;1
05/02/2022;17:16:16;343;Com vítima;614,717;BR-376/SC;Crescente;Colisão traseira;1;1;0;0;1;0;2
06/02/2022;03:30:23;35;Sem vítima;636,510;BR-376/SC;Crescente;Saída de pista;1;2;0;0;0;0;1
06/02/2022;11:52:15;169;Com vítima;233,855;BR-101/SC;Decrescente;Tombamento;1;0;1;0;0;0;1
07/02/2022;06:40:06;75;Sem vítima;668,898;BR-376/SC;Crescente;Colisão lateral no mesmo sentido;1;5;0;0;0;0;1
07/02/2022;07:45:05;95;Sem vítima;98,370;BR-101/SC;Decrescente;Saída de pista;1;1;0;0;0;0;1
07/02/2022;08:47:08;120;Sem vítima;214,816;BR-101/SC;Decrescente;Colisão transversal;1;2;0;0;0;0;1
07/02/2022;09:39:41;139;Sem vítima;133,940;BR-101/SC;Crescente;Capotamento;1;2;0;0;0;0;1
07/02/2022;12:47:59;207;Sem vítima;100,703;BR-101/SC;Crescente;Colisão traseira;2;2;0;0;0;0;1
07/02/2022;15:52:40;282;Sem vítima;157,284;BR-101/SC;Crescente;Colisão lateral no mesmo sentido;1;2;0;0;0;0;1
08/02/2022;08:54:59;131;Com vítima;198,121;BR-101/SC;Decrescente;Colisão traseira;1;1;1;0;0;0;1
08/02/2022;10:22:05;171;Sem vítima;239,800;BR-101/SC;Decrescente;Colisão traseira;1;2;0;0;0;0;1
08/02/2022;12:52:27;214;Sem vítima;78,248;BR-101/SC;Decrescente;Colisão traseira;1;2;0;0;0;0;1
08/02/2022;13:07:59;219;Com vítima;119,288;BR-101/SC;Crescente;Atropelamento de pedestre;1;1;0;0;0;0;1
10/02/2022;06:39:29;74;Sem vítima;79,400;BR-101/SC;Decrescente;Choque;1;1;0;0;0;0;1
10/02/2022;14:51:20;246;Sem vítima;61,948;BR-101/SC;Decrescente;Colisão traseira;2;2;0;0;0;0;1
10/02/2022;16:02:22;276;Sem vítima;89,670;BR-101/SC;Crescente;Colisão traseira;1;2;0;0;0;0;1
11/02/2022;00:32:46;15;Sem vítima;97,141;BR-101/SC;Decrescente;Colisão traseira;1;2;0;0;0;0;1
11/02/2022;06:25:48;70;Sem vítima;199,300;BR-101/SC;Crescente;Colisão traseira;1;2;0;0;0;0;1
11/02/2022;06:59:41;77;Sem vítima;664,600;BR-376/SC;Crescente;Colisão lateral no mesmo sentido;1;2;0;0;0;0;1
11/02/2022;11:38:58;194;Sem vítima;620,963;BR-376/SC;Decrescente;Colisão transversal;1;2;0;0;0;0;1
11/02/2022;15:08:38;268;Sem vítima;139,540;BR-101/SC;Decrescente;Colisão lateral no mesmo sentido;1;2;0;0;0;0;1
12/02/2022;03:07:49;46;Sem vítima;232,957;BR-101/SC;Decrescente;Choque;1;1;0;0;0;0;1
12/02/2022;06:57:50;81;Com vítima;135,367;BR-101/SC;Crescente;Engavetamento;1;1;2;0;0;0;1
12/02/2022;09:04:16;127;Com vítima;129,900;BR-101/SC;Crescente;Atropelamento de pedestre;1;1;0;0;0;0;1
12/02/2022;10:52:26;174;Sem vítima;116,215;BR-101/SC;Decrescente;Colisão lateral no mesmo sentido;1;3;0;0;0;0;1
12/02/2022;14:16:50;249;Sem vítima;111,492;BR-116/SC;Decrescente;Colisão lateral no mesmo sentido;2;2;0;0;0;0;1
12/02/2022;16:16:05;297;Sem vítima;127,612;BR-101/SC;Decrescente;Colisão lateral no mesmo sentido;1;2;0;0;0;0;1
13/02/2022;06:13:55;74;Sem vítima;663,745;BR-376/SC;Crescente;Choque;1;1;0;0;0;0;1
13/02/2022;23:05:58;451;Com vítima;644,942;BR-376/SC;Decrescente;Colisão traseira;1;1;0;1;0;0;2
14/02/2022;13:03:51;252;Sem vítima;205,200;BR-101/SC;Decrescente;Colisão traseira;1;1;0;0;0;0;1
14/02/2022;13:06:25;255;Sem vítima;102,849;BR-116/SC;Decrescente;Colisão traseira;1;1;0;0;0;0;1
15/02/2022;10:28:11;154;Com vítima;147,199;BR-101/SC;Crescente;Engavetamento;1;2;1;0;0;0;1
15/02/2022;14:40:30;222;Sem vítima;214,670;BR-101/SC;Decrescente;Colisão traseira;1;2;0;0;0;0;1
16/02/2022;06:29:16;66;Sem vítima;102,700;BR-116/SC;Crescente;Colisão traseira;1;1;0;0;0;0;1
16/02/2022;08:08:40;113;Com vítima;667,783;BR-376/SC;Decrescente;Tombamento;1;0;0;0;0;1;3
16/02/2022;10:26:55;161;Sem vítima;652,849;BR-376/SC;Decrescente;Colisão traseira;3;3;0;0;0;0;1
16/02/2022;18:12:25;343;Sem vítima;119,640;BR-101/SC;Decrescente;Colisão traseira;1;2;0;0;0;0;1
16/02/2022;19:02:08;356;Com vítima;47,188;BR-101/SC;Crescente;Choque;1;0;2;0;0;0;1
16/02/2022;23:50:10;433;Sem vítima;55,880;BR-101/SC;Decrescente;Colisão traseira;1;3;0;0;0;0;1
17/02/2022;07:46:15;100;Sem vítima;118,400;BR-101/SC;Crescente;Colisão traseira;1;2;0;0;0;0;1
17/02/2022;14:09:50;269;Sem vítima;96,733;BR-101/SC;Decrescente;Colisão traseira;2;2;0;0;0;0;1
17/02/2022;14:41:57;273;Sem vítima;672,750;BR-376/SC;Decrescente;Choque;1;2;0;0;0;0;1
17/02/2022;15:40:17;292;Sem vítima;666,380;BR-376/SC;Decrescente;Colisão traseira;2;2;0;0;0;0;1
17/02/2022;17:36:45;345;Sem vítima;650,417;BR-376/SC;Crescente;Colisão lateral no mesmo sentido;1;2;0;0;0;0;1
17/02/2022;18:02:07;353;Sem vítima;108,468;BR-116/SC;Decrescente;Saída de pista;1;1;0;0;0;0;1
17/02/2022;22:02:07;420;Com vítima;226,871;BR-101/SC;Decrescente;Colisão traseira;1;6;1;0;0;0;1
18/02/2022;06:29:45;62;Sem vítima;160,330;BR-101/SC;Decrescente;Colisão traseira;1;2;0;0;0;0;1
18/02/2022;06:59:01;68;Sem vítima;196,180;BR-101/SC;Decrescente;Colisão lateral no mesmo sentido;1;2;0;0;0;0;1
18/02/2022;09:00:34;118;Sem vítima;126,148;BR-101/SC;Decrescente;Colisão traseira;1;2;0;0;0;0;1
18/02/2022;10:03:31;154;Sem vítima;0,300;BR-101/SC;Crescente;Colisão lateral no mesmo sentido;1;1;0;0;0;0;1
18/02/2022;17:06:22;274;Sem vítima;639,900;BR-376/SC;Crescente;Colisão traseira;1;2;0;0;0;0;1
18/02/2022;18:34:27;310;Com vítima;196,821;BR-101/SC;Decrescente;Colisão traseira;1;1;1;0;0;0;1
18/02/2022;21:28:05;377;Sem vítima;119,923;BR-101/SC;Crescente;Colisão traseira;1;2;0;0;0;0;1
19/02/2022;15:15:06;238;Sem vítima;38,728;BR-101/SC;Crescente;Colisão transversal;1;1;0;0;0;0;1
20/02/2022;02:43:40;42;Sem vítima;186,614;BR-101/SC;Crescente;Colisão lateral no mesmo sentido;1;2;0;0;0;0;1
20/02/2022;05:32:19;64;Com vítima;119,339;BR-101/SC;Decrescente;Choque;1;0;0;0;0;1;3
20/02/2022;07:59:12;90;Sem vítima;666,700;BR-376/SC;Decrescente;Colisão traseira;2;2;0;0;0;0;1
20/02/2022;13:14:54;192;Sem vítima;205,100;BR-101/SC;Decrescente;Colisão traseira;1;1;0;0;0;0;1
21/02/2022;08:15:11;113;Sem vítima;131,507;BR-101/SC;Crescente;Engavetamento;2;2;0;0;0;0;1
21/02/2022;13:04:44;242;Com vítima;116,931;BR-101/SC;Crescente;Colisão traseira;1;0;1;0;0;0;1
21/02/2022;14:29:09;263;Sem vítima;25,870;BR-101/SC;Decrescente;Colisão traseira;1;2;0;0;0;0;1
21/02/2022;18:37:48;368;Sem vítima;193,831;BR-101/SC;Crescente;Engavetamento;2;4;0;0;0;0;1
22/02/2022;00:00:09;1;Sem vítima;616,300;BR-376/SC;Crescente;Colisão traseira;1;3;0;0;0;0;1
22/02/2022;11:48:39;203;Sem vítima;206,217;BR-101/SC;Crescente;Colisão lateral no mesmo sentido;2;3;0;0;0;0;1
22/02/2022;18:13:07;356;Sem vítima;62,469;BR-101/SC;Decrescente;Colisão lateral no mesmo sentido;1;2;0;0;0;0;1
23/02/2022;10:40:05;205;Sem vítima;34,300;BR-101/SC;Decrescente;Colisão lateral no mesmo sentido;1;2;0;0;0;0;1
24/02/2022;04:54:30;54;Com vítima;236,191;BR-101/SC;Crescente;Colisão traseira;1;1;0;0;0;0;1
24/02/2022;16:26:36;312;Sem vítima;101,226;BR-101/SC;Decrescente;Colisão traseira;1;1;0;0;0;0;1
24/02/2022;18:16:28;355;Sem vítima;118,580;BR-101/SC;Crescente;Colisão lateral no mesmo sentido;1;2;0;0;0;0;1
25/02/2022;09:05:30;165;Sem vítima;665,367;BR-376/SC;Crescente;Colisão lateral no mesmo sentido;1;2;0;0;0;0;1
25/02/2022;15:43:39;318;Sem vítima;88,214;BR-101/SC;Decrescente;Colisão traseira;1;2;0;0;0;0;1
25/02/2022;22:43:36;465;Com vítima;642,244;BR-376/SC;Decrescente;Engavetamento;1;1;0;0;0;0;1
26/02/2022;05:43:14;62;Sem vítima;157,730;BR-101/SC;Decrescente;Colisão traseira;1;2;0;0;0;0;1
27/02/2022;21:26:06;369;Sem vítima;14,642;BR-101/SC;Crescente;Colisão traseira;1;1;0;0;0;0;1
01/03/2022;01:05:38;14;Sem vítima;175,189;BR-101/SC;Crescente;Saída de pista;1;1;0;0;0;0;1
01/03/2022;07:26:34;71;Com vítima;156,186;BR-101/SC;Decrescente;Colisão lateral no mesmo sentido;1;1;1;0;0;0;1
01/03/2022;12:46:42;202;Sem vítima;149,294;BR-101/SC;Crescente;Colisão lateral no mesmo sentido;1;2;0;0;0;0;1
01/03/2022;16:24:39;279;Sem vítima;226,368;BR-101/SC;Crescente;Colisão traseira;1;2;0;0;0;0;1
02/03/2022;07:54:09;89;Sem vítima;653,482;BR-376/SC;Crescente;Colisão traseira;2;4;0;0;0;0;1
02/03/2022;09:40:38;145;Sem vítima;45,403;BR-101/SC;Decrescente;Colisão lateral no mesmo sentido;1;1;0;0;0;0;1
02/03/2022;13:09:56;215;Sem vítima;209,418;BR-101/SC;Crescente;Colisão lateral no mesmo sentido;2;2;0;0;0;0;1
02/03/2022;16:03:22;269;Sem vítima;651,440;BR-376/SC;Crescente;Colisão traseira;2;2;0;0;0;0;1
03/03/2022;06:42:28;61;Sem vítima;1,300;BR-101/SC;Decrescente;Colisão traseira;1;2;0;0;0;0;1
03/03/2022;08:06:56;108;Sem vítima;117,462;BR-101/SC;Decrescente;Colisão traseira;2;2;0;0;0;0;1
03/03/2022;16:18:08;293;Sem vítima;113,712;BR-101/SC;Decrescente;Colisão lateral no mesmo sentido;1;2;0;0;0;0;1
03/03/2022;19:46:17;358;Sem vítima;205,132;BR-101/SC;Crescente;Colisão lateral no mesmo sentido;1;2;0;0;0;0;1
03/03/2022;20:12:16;365;Com vítima;15,928;BR-101/SC;Crescente;Atropelamento de pedestre;1;1;0;0;0;0;1
03/03/2022;21:00:26;377;Sem vítima;79,460;BR-101/SC;Decrescente;Colisão lateral no mesmo sentido;1;1;0;0;0;0;1
04/03/2022;00:43:14;7;Com vítima;113,712;BR-101/SC;Crescente;Queda de moto;1;2;0;0;0;1;3
04/03/2022;04:56:13;37;Com vítima;79,400;BR-101/SC;Decrescente;Colisão transversal;1;2;1;0;0;0;1
04/03/2022;10:11:43;133;Sem vítima;34,701;BR-101/SC;Crescente;Colisão lateral no mesmo sentido;1;2;0;0;0;0;1
04/03/2022;10:13:39;135;Sem vítima;650,365;BR-376/SC;Crescente;Colisão traseira;1;2;0;0;0;0;1
04/03/2022;10:19:33;138;Sem vítima;232,965;BR-101/SC;Decrescente;Colisão lateral no mesmo sentido;1;3;0;0;0;0;1
04/03/2022;20:44:36;344;Sem vítima;635,380;BR-376/SC;Decrescente;Colisão traseira;2;2;0;0;0;0;1
04/03/2022;21:57:33;361;Com vítima;107,463;BR-116/SC;Decrescente;Capotamento;1;1;0;0;0;0;1
05/03/2022;01:55:17;23;Com vítima;239,269;BR-101/SC;Decrescente;Saída de pista;1;0;1;0;0;0;1
05/03/2022;02:54:41;37;Sem vítima;636,530;BR-376/SC;Decrescente;Saída de pista;1;2;0;0;0;0;1
05/03/2022;19:44:24;359;Sem vítima;672,808;BR-376/SC;Decrescente;Colisão traseira;1;2;0;0;0;0;1
06/03/2022;11:14:12;159;Com vítima;42,758;BR-101/SC;Crescente;Colisão traseira;1;1;1;0;0;0;1
06/03/2022;22:00:46;414;Sem vítima;192,326;BR-101/SC;Crescente;Colisão transversal;1;2;0;0;0;0;1
07/03/2022;06:44:25;80;Sem vítima;658,450;BR-376/SC;Crescente;Colisão traseira;1;3;0;0;0;0;1
08/03/2022;01:37:32;18;Sem vítima;665,501;BR-376/SC;Crescente;Saída de pista;1;1;0;0;0;0;1
08/03/2022;10:41:09;162;Sem vítima;192,961;BR-101/SC;Crescente;Colisão traseira;1;1;0;0;0;0;1
08/03/2022;11:07:17;175;Sem vítima;195,232;BR-101/SC;Crescente;Colisão lateral no mesmo sentido;1;2;0;0;0;0;1
08/03/2022;11:22:34;179;Sem vítima;21,836;BR-101/SC;Crescente;Tombamento;1;0;0;0;0;0;1
08/03/2022;13:44:42;236;Sem vítima;197,120;BR-101/SC;Decrescente;Colisão lateral no mesmo sentido;1;2;0;0;0;0;1
08/03/2022;23:22:24;426;Com vítima;215,266;BR-101/SC;Crescente;Colisão traseira;1;1;0;0;0;1;3
09/03/2022;10:51:49;216;Com vítima;208,300;BR-101/SC;Crescente;Choque;1;1;1;0;0;0;1
09/03/2022;11:31:28;231;Com vítima;75,545;BR-101/SC;Decrescente;Colisão traseira;1;1;1;0;0;0;1
09/03/2022;15:40:46;318;Sem vítima;156,657;BR-101/SC;Decrescente;Colisão lateral no mesmo sentido;1;2;0;0;0;0;1
10/03/2022;07:54:56;106;Sem vítima;105,201;BR-101/SC;Decrescente;Colisão lateral no mesmo sentido;1;2;0;0;0;0;1
10/03/2022;10:00:52;186;Sem vítima;104,116;BR-116/SC;Decrescente;Colisão traseira;1;1;0;0;0;0;1
10/03/2022;16:45:44;349;Com vítima;56,506;BR-101/SC;Crescente;Colisão traseira;2;2;1;0;0;0;1
11/03/2022;00:32:42;11;Sem vítima;151,215;BR-101/SC;Decrescente;Colisão lateral no mesmo sentido;2;2;0;0;0;0;1
11/03/2022;10:08:01;147;Sem vítima;116,814;BR-101/SC;Crescente;Colisão traseira;1;2;0;0;0;0;1
11/03/2022;18:28:20;340;Sem vítima;34,402;BR-101/SC;Decrescente;Colisão traseira;1;2;0;0;0;0;1
12/03/2022;04:02:58;55;Com vítima;635,180;BR-376/SC;Crescente;Colisão traseira;1;1;1;0;0;0;1
12/03/2022;06:59:55;83;Sem vítima;654,300;BR-376/SC;Decrescente;Colisão lateral no mesmo sentido;2;2;0;0;0;0;1
12/03/2022;10:17:27;131;Sem vítima;215,395;BR-101/SC;Decrescente;Colisão lateral no mesmo sentido;1;1;0;0;0;0;1
12/03/2022;10:34:37;140;Sem vítima;232,961;BR-101/SC;Decrescente;Colisão lateral no mesmo sentido;1;2;0;0;0;0;1
12/03/2022;23:43:06;334;Sem vítima;233,647;BR-101/SC;Decrescente;Choque;1;1;0;0;0;0;1
13/03/2022;10:49:30;136;Sem vítima;163,230;BR-101/SC;Crescente;Colisão traseira;2;2;0;0;0;0;1
13/03/2022;12:47:22;160;Com vítima;660,300;BR-376/SC;Crescente;Tombamento;1;0;1;0;0;0;1
13/03/2022;15:01:57;193;Sem vítima;56,900;BR-101/SC;Crescente;Colisão traseira;1;2;0;0;0;0;1
13/03/2022;23:08:10;361;Com vítima;659,947;BR-376/SC;Crescente;Tombamento;1;0;1;0;0;0;1
14/03/2022;04:49:52;40;Sem vítima;242,985;BR-101/SC;Crescente;Choque;1;1;0;0;0;0;1
14/03/2022;09:02:20;129;Sem vítima;663,701;BR-376/SC;Crescente;Engavetamento;1;2;0;0;0;0;1
14/03/2022;16:58:49;312;Sem vítima;206,238;BR-101/SC;Decrescente;Colisão lateral no mesmo sentido;1;2;0;0;0;0;1
15/03/2022;10:49:58;182;Sem vítima;153,365;BR-101/SC;Crescente;Colisão traseira;1;2;0;0;0;0;1
15/03/2022;16:42:04;307;Sem vítima;194,139;BR-101/SC;Decrescente;Colisão lateral no mesmo sentido;1;2;0;0;0;0;1
15/03/2022;22:40:08;417;Sem vítima;119,435;BR-101/SC;Crescente;Colisão traseira;2;2;0;0;0;0;1
16/03/2022;11:41:26;204;Sem vítima;644,510;BR-376/SC;Decrescente;Colisão transversal;1;1;0;0;0;0;1
17/03/2022;03:57:48;36;Sem vítima;219,534;BR-101/SC;Crescente;Colisão lateral no mesmo sentido;1;2;0;0;0;0;1
17/03/2022;04:11:22;37;Sem vítima;30,770;BR-101/SC;Decrescente;Colisão traseira;2;3;0;0;0;0;1
17/03/2022;11:58:20;230;Com vítima;177,650;BR-101/SC;Crescente;Colisão traseira;2;1;0;0;1;0;2
18/03/2022;07:50:24;100;Sem vítima;673,100;BR-376/SC;Decrescente;Choque;1;1;0;0;0;0;1
19/03/2022;04:21:34;42;Sem vítima;70,292;BR-101/SC;Decrescente;Tombamento;1;1;0;0;0;0;1
19/03/2022;05:05:14;45;Com vítima;662,736;BR-376/SC;Decrescente;Colisão traseira;2;1;1;0;0;0;1
19/03/2022;09:02:24;104;Sem vítima;77,197;BR-116/SC;Decrescente;Tombamento;1;1;0;0;0;0;1
19/03/2022;10:08:50;126;Sem vítima;77,197;BR-116/SC;Decrescente;Colisão traseira;1;1;0;0;0;0;1
19/03/2022;10:38:21;132;Sem vítima;114,678;BR-101/SC;Decrescente;Tombamento;1;1;0;0;0;0;1
19/03/2022;19:32:32;302;Sem vítima;80,123;BR-101/SC;Decrescente;Colisão lateral no mesmo sentido;1;4;0;0;0;0;1
20/03/2022;10:39:42;151;Sem vítima;140,285;BR-101/SC;Decrescente;Colisão lateral no mesmo sentido;1;2;0;0;0;0;1
20/03/2022;15:30:45;235;Com vítima;667,436;BR-376/SC;Decrescente;Tombamento;1;0;0;1;0;0;2
20/03/2022;19:52:08;326;Com vítima;623,756;BR-376/SC;Crescente;Choque;1;1;1;0;0;0;1
21/03/2022;10:54:00;161;Sem vítima;39,400;BR-101/SC;Decrescente;Colisão traseira;1;1;0;0;0;0;1
21/03/2022;11:57:35;186;Sem vítima;99,300;BR-116/SC;Decrescente;Saída de pista;1;1;0;0;0;0;1
22/03/2022;00:45:32;16;Sem vítima;139,490;BR-101/SC;Decrescente;Colisão lateral no mesmo sentido;1;4;0;0;0;0;1
22/03/2022;04:26:02;52;Sem vítima;671,178;BR-376/SC;Decrescente;Choque;1;1;0;0;0;0;1
22/03/2022;06:54:06;79;Sem vítima;79,326;BR-101/SC;Crescente;Colisão traseira;2;2;0;0;0;0;1
22/03/2022;09:22:58;158;Sem vítima;134,307;BR-101/SC;Crescente;Colisão traseira;1;2;0;0;0;0;1
22/03/2022;19:08:20;363;Sem vítima;201,206;BR-101/SC;Crescente;Colisão lateral no mesmo sentido;1;2;0;0;0;0;1
22/03/2022;21:57:07;417;Sem vítima;669,943;BR-376/SC;Crescente;Colisão traseira;1;3;0;0;0;0;1
23/03/2022;03:03:08;48;Sem vítima;124,700;BR-101/SC;Crescente;Colisão lateral no mesmo sentido;1;2;0;0;0;0;1
23/03/2022;08:16:10;130;Sem vítima;157,300;BR-101/SC;Crescente;Colisão traseira;1;2;0;0;0;0;1
23/03/2022;17:00:06;341;Sem vítima;118,638;BR-101/SC;Crescente;Engavetamento;2;3;0;0;0;0;1
24/03/2022;03:15:34;38;Sem vítima;183,387;BR-101/SC;Decrescente;Atropelamento de animal;1;1;0;0;0;0;1
24/03/2022;11:47:47;214;Sem vítima;157,300;BR-101/SC;Decrescente;Colisão traseira;1;2;0;0;0;0;1
24/03/2022;12:29:24;228;Sem vítima;104,666;BR-101/SC;Crescente;Colisão traseira;1;1;0;0;0;0;1
24/03/2022;13:48:25;250;Sem vítima;678,878;BR-376/SC;Decrescente;Colisão lateral no mesmo sentido;1;2;0;0;0;0;1
25/03/2022;05:19:24;46;Sem vítima;207,552;BR-101/SC;Crescente;Saída de pista;1;1;0;0;0;0;1
25/03/2022;21:40:11;480;Com vítima;127,828;BR-101/SC;Crescente;Atropelamento de pedestre;1;0;1;0;0;0;1
26/03/2022;10:44:31;183;Sem vítima;104,277;BR-101/SC;Decrescente;Colisão traseira;1;2;0;0;0;0;1
27/03/2022;14:54:23;200;Sem vítima;18,466;BR-101/SC;Crescente;Choque;1;1;0;0;0;0;1
27/03/2022;14:57:22;202;Sem vítima;1,300;BR-101/SC;Crescente;Acidentes de outra natureza;1;1;0;0;0;0;1
28/03/2022;08:44:22;163;Sem vítima;198,972;BR-101/SC;Decrescente;Colisão traseira;1;2;0;0;0;0;1
28/03/2022;18:52:17;372;Com vítima;112,221;BR-116/SC;Crescente;Engavetamento;2;2;0;0;0;0;1