data;horario;n_da_ocorrencia;tipo_de_ocorrencia;km;trecho;sentido;tipo_de_acidente;caminhao;ilesos;levemente_feridos;moderadamente_feridos;gravemente_feridos;mortos;3
30/03/2022;06:31:21;63;Sem vítima;209,400;BR-101/SC;Crescente;Colisão traseira;1;2;0;0;0;0;1
30/03/2022;08:18:02;108;Sem vítima;117,281;BR-101/SC;Crescente;Tombamento;1;1;0;0;0;0;1
30/03/2022;08:54:14;128;Sem vítima;86,661;BR-101/SC;Decrescente;Colisão lateral no mesmo sentido;1;2;0;0;0;0;1
30/03/2022;15:07:21;294;Sem vítima;45,106;BR-101/SC;Decrescente;Colisão traseira;1;3;0;0;0;0;1
30/03/2022;18:27:59;352;Com vítima;210,462;BR-101/SC;Decrescente;Colisão traseira;1;1;1;0;0;0;1
30/03/2022;19:51:44;376;Sem vítima;37,985;BR-101/SC;Decrescente;Colisão lateral no mesmo sentido;2;3;0;0;0;0;1
31/03/2022;07:33:53;63;Sem vítima;208,506;BR-101/SC;Crescente;Colisão traseira;1;2;0;0;0;0;1
31/03/2022;09:03:41;94;Sem vítima;676,600;BR-376/SC;Crescente;Colisão traseira;1;2;0;0;0;0;1
31/03/2022;10:42:37;151;Sem vítima;38,700;BR-101/SC;Crescente;Colisão traseira;1;0;0;0;0;0;1
31/03/2022;11:12:09;159;Com vítima;57,569;BR-101/SC;Decrescente;Tombamento;1;0;1;0;0;0;1
31/03/2022;15:15:25;214;Sem vítima;40,967;BR-101/SC;Decrescente;Colisão traseira;2;2;0;0;0;0;1
31/03/2022;21:13:32;326;Sem vítima;679,952;BR-376/SC;Decrescente;Colisão traseira;2;2;0;0;0;0;1
01/04/2022;05:00:17;23;Sem vítima;124,384;BR-101/SC;Crescente;Colisão traseira;1;2;0;0;0;0;1
01/04/2022;05:19:44;28;Sem vítima;641,180;BR-376/SC;Decrescente;Choque;1;1;0;0;0;0;1
01/04/2022;06:12:17;30;Sem vítima;194,361;BR-101/SC;Decrescente;Colisão lateral no mesmo sentido;1;2;0;0;0;0;1
01/04/2022;12:13:41;174;Sem vítima;79,200;BR-101/SC;Decrescente;Engavetamento;1;3;0;0;0;0;1
01/04/2022;19:34:14;298;Com vítima;117,976;BR-101/SC;Decrescente;Colisão traseira;1;1;1;0;0;0;1
02/04/2022;02:45:16;24;Sem vítima;111,747;BR-116/SC;Crescente;Choque;1;1;0;0;0;0;1
02/04/2022;09:12:07;90;Sem vítima;79,460;BR-101/SC;Decrescente;Engavetamento;1;3;0;0;0;0;1
02/04/2022;09:56:39;109;Sem vítima;652,699;BR-376/SC;Crescente;Colisão traseira;2;2;0;0;0;0;1
03/04/2022;02:55:49;31;Com vítima;136,700;BR-101/SC;Crescente;Colisão traseira;1;1;1;0;2;0;2
03/04/2022;03:15:18;33;Com vítima;136,700;BR-101/SC;Crescente;Colisão traseira;1;1;1;0;0;0;1
03/04/2022;22:29:31;241;Sem vítima;4,300;BR-101/SC;Decrescente;Colisão traseira;1;2;0;0;0;0;1
05/04/2022;09:03:03;119;Com vítima;663,401;BR-376/SC;Crescente;Colisão traseira;1;2;1;0;0;0;1
05/04/2022;10:42:39;178;Com vítima;101,459;BR-116/SC;Crescente;Atropelamento de pedestre;1;0;0;1;0;0;2
05/04/2022;11:38:02;197;Com vítima;144,538;BR-101/SC;Decrescente;Engavetamento;1;3;1;0;0;0;1
05/04/2022;11:44:24;199;Sem vítima;129,120;BR-101/SC;Crescente;Colisão lateral no mesmo sentido;1;2;0;0;0;0;1
05/04/2022;16:33:56;309;Sem vítima;643,900;BR-376/SC;Decrescente;Engavetamento;3;3;0;0;0;0;1
05/04/2022;18:41:07;348;Com vítima;142,966;BR-101/SC;Decrescente;Colisão frontal;1;1;1;0;0;0;1
05/04/2022;19:09:03;355;Sem vítima;214,852;BR-101/SC;Crescente;Colisão lateral no mesmo sentido;1;2;0;0;0;0;1
06/04/2022;09:41:22;153;Com vítima;622,143;BR-376/SC;Crescente;Colisão traseira;1;1;1;0;0;0;1
06/04/2022;11:19:52;206;Sem vítima;201,800;BR-101/SC;Decrescente;Colisão traseira;1;1;0;0;0;0;1
06/04/2022;12:10:24;223;Com vítima;104,280;BR-116/SC;Decrescente;Colisão traseira;1;0;0;0;1;0;2
06/04/2022;19:33:24;356;Sem vítima;109,877;BR-116/SC;Decrescente;Colisão traseira;1;1;0;0;0;0;1
06/04/2022;22:42:58;410;Sem vítima;665,580;BR-376/SC;Crescente;Colisão traseira;1;1;0;0;0;0;1
08/04/2022;01:04:13;21;Sem vítima;622,290;BR-376/SC;Decrescente;Colisão lateral no mesmo sentido;1;3;0;0;0;0;1
08/04/2022;07:02:16;82;Sem vítima;674,540;BR-376/SC;Decrescente;Colisão traseira;2;2;0;0;0;0;1
08/04/2022;08:25:38;119;Sem vítima;117,900;BR-101/SC;Crescente;Colisão lateral no mesmo sentido;1;2;0;0;0;0;1
08/04/2022;09:51:55;167;Sem vítima;102,288;BR-116/SC;Decrescente;Colisão traseira;1;1;0;0;0;0;1
08/04/2022;15:12:04;260;Sem vítima;203,514;BR-101/SC;Crescente;Colisão lateral no mesmo sentido;1;2;0;0;0;0;1
08/04/2022;16:08:09;279;Sem vítima;132,236;BR-101/SC;Crescente;Colisão traseira;2;5;0;0;0;0;1
08/04/2022;16:12:36;280;Com vítima;625,454;BR-376/SC;Decrescente;Tombamento;1;0;0;1;0;0;2
08/04/2022;17:28:05;316;Sem vítima;119,698;BR-101/SC;Crescente;Colisão traseira;1;2;0;0;0;0;1
08/04/2022;18:11:50;343;Sem vítima;41,127;BR-101/SC;Decrescente;Colisão lateral no mesmo sentido;1;2;0;0;0;0;1
08/04/2022;19:37:51;367;Com vítima;130,858;BR-101/SC;Decrescente;Engavetamento;1;2;2;1;0;0;2
08/04/2022;19:56:04;375;Sem vítima;62,969;BR-101/SC;Crescente;Queda de moto;1;2;0;0;0;0;1
09/04/2022;07:53:59;80;Com vítima;216,479;BR-101/SC;Crescente;Colisão lateral no mesmo sentido;1;1;1;0;0;0;1
09/04/2022;10:34:34;142;Com vítima;84,990;BR-101/SC;Decrescente;Colisão traseira;1;1;3;0;2;0;2
09/04/2022;20:47:57;349;Sem vítima;39,899;BR-101/SC;Decrescente;Colisão lateral no mesmo sentido;1;1;0;0;0;0;1
10/04/2022;07:31:31;81;Sem vítima;153,874;BR-101/SC;Crescente;Colisão traseira;1;2;0;0;0;0;1
10/04/2022;15:40:17;207;Sem vítima;212,700;BR-101/SC;Decrescente;Colisão lateral no mesmo sentido;1;1;0;0;0;0;1
11/04/2022;07:58:57;71;Sem vítima;79,350;BR-101/SC;Crescente;Colisão traseira;1;3;0;0;0;0;1
11/04/2022;08:14:19;82;Sem vítima;48,716;BR-101/SC;Crescente;Colisão traseira;1;2;0;0;0;0;1
11/04/2022;16:12:28;241;Com vítima;114,897;BR-101/SC;Crescente;Colisão lateral no mesmo sentido;1;3;1;0;0;0;1
11/04/2022;16:40:40;248;Com vítima;144,919;BR-101/SC;Crescente;Choque;1;0;1;0;0;0;1
11/04/2022;17:25:31;262;Com vítima;120,146;BR-101/SC;Decrescente;Colisão traseira;1;1;1;0;0;0;1
11/04/2022;19:28:05;293;Com vítima;48,752;BR-101/SC;Crescente;Colisão lateral no mesmo sentido;1;2;2;0;0;0;1
11/04/2022;19:55:07;303;Com vítima;147,166;BR-101/SC;Decrescente;Atropelamento de pedestre;1;1;0;0;0;1;3
12/04/2022;05:43:32;49;Com vítima;135,370;BR-101/SC;Decrescente;Colisão lateral no mesmo sentido;1;2;1;0;0;0;1
12/04/2022;08:45:08;99;Sem vítima;80,460;BR-101/SC;Decrescente;Colisão traseira;3;3;0;0;0;0;1
12/04/2022;13:32:14;176;Sem vítima;623,749;BR-376/SC;Crescente;Colisão traseira;3;3;0;0;0;0;1
12/04/2022;22:58:26;331;Sem vítima;93,850;BR-116/SC;Decrescente;Colisão lateral no mesmo sentido;1;1;0;0;0;0;1
13/04/2022;07:09:40;72;Sem vítima;63,780;BR-101/SC;Crescente;Colisão lateral no mesmo sentido;1;2;0;0;0;0;1
13/04/2022;07:12:52;76;Com vítima;210,150;BR-101/SC;Crescente;Colisão lateral no mesmo sentido;1;1;1;0;0;0;1
13/04/2022;19:35:34;364;Com vítima;193,867;BR-101/SC;Crescente;Colisão traseira;1;1;3;0;0;0;1
14/04/2022;01:03:19;26;Sem vítima;662,994;BR-376/SC;Decrescente;Colisão traseira;2;2;0;0;0;0;1
14/04/2022;02:22:42;33;Sem vítima;670,400;BR-376/SC;Crescente;Saída de pista;1;0;0;0;0;0;1
14/04/2022;05:58:02;64;Sem vítima;81,200;BR-101/SC;Decrescente;Colisão lateral no mesmo sentido;1;2;0;0;0;0;1
14/04/2022;15:43:51;272;Sem vítima;90,640;BR-101/SC;Decrescente;Colisão traseira;1;3;0;0;0;0;1
14/04/2022;16:30:08;287;Sem vítima;242,985;BR-101/SC;Crescente;Engavetamento;1;3;0;0;0;0;1
14/04/2022;16:58:06;294;Com vítima;199,497;BR-101/SC;Decrescente;Colisão lateral no mesmo sentido;1;1;1;0;0;0;1
14/04/2022;17:05:17;299;Sem vítima;29,766;BR-101/SC;Decrescente;Colisão traseira;1;2;0;0;0;0;1
14/04/2022;23:04:43;406;Sem vítima;101,200;BR-101/SC;Decrescente;Colisão traseira;1;2;0;0;0;0;1
15/04/2022;00:10:52;2;Sem vítima;223,530;BR-101/SC;Crescente;Engavetamento;2;3;0;0;0;0;1
15/04/2022;02:25:05;44;Sem vítima;40,300;BR-101/SC;Decrescente;Colisão traseira;1;1;0;0;0;0;1
15/04/2022;05:42:27;69;Com vítima;628,549;BR-376/SC;Decrescente;Colisão traseira;1;1;0;1;0;0;2
15/04/2022;07:34:39;95;Sem vítima;157,491;BR-101/SC;Decrescente;Colisão lateral no mesmo sentido;1;2;0;0;0;0;1
15/04/2022;13:35:58;210;Sem vítima;228,990;BR-101/SC;Decrescente;Engavetamento;2;3;0;0;0;0;1
15/04/2022;16:54:54;279;Sem vítima;217,911;BR-101/SC;Crescente;Colisão traseira;1;1;0;0;0;0;1
16/04/2022;04:24:51;48;Com vítima;668,734;BR-376/SC;Decrescente;Tombamento;1;0;0;1;0;0;2
16/04/2022;10:42:25;130;Sem vítima;192,120;BR-101/SC;Decrescente;Colisão lateral no mesmo sentido;1;2;0;0;0;0;1
18/04/2022;04:01:36;33;Sem vítima;650,815;BR-376/SC;Decrescente;Capotamento;1;6;0;0;0;0;1
18/04/2022;08:00:25;87;Sem vítima;103,409;BR-101/SC;Decrescente;Colisão lateral no mesmo sentido;1;2;0;0;0;0;1
18/04/2022;11:40:20;213;Com vítima;651,494;BR-376/SC;Crescente;Engavetamento;1;3;1;1;1;0;2
18/04/2022;16:34:44;292;Sem vítima;40,642;BR-101/SC;Decrescente;Colisão traseira;1;2;0;0;0;0;1
18/04/2022;18:50:09;341;Sem vítima;108,810;BR-116/SC;Decrescente;Engavetamento;1;1;0;0;0;0;1
19/04/2022;07:43:16;87;Sem vítima;52,956;BR-101/SC;Decrescente;Colisão traseira;1;2;0;0;0;0;1
19/04/2022;09:31:31;141;Sem vítima;102,500;BR-101/SC;Crescente;Choque;1;1;0;0;0;0;1
19/04/2022;10:31:22;181;Com vítima;670,261;BR-376/SC;Decrescente;Colisão traseira;2;1;1;0;0;0;1
19/04/2022;15:41:19;284;Sem vítima;206,780;BR-101/SC;Crescente;Colisão lateral no mesmo sentido;1;2;0;0;0;0;1
19/04/2022;16:42:35;313;Com vítima;127,607;BR-101/SC;Decrescente;Colisão traseira;1;2;1;0;0;0;1
19/04/2022;17:17:19;332;Com vítima;117,692;BR-101/SC;Crescente;Colisão lateral no mesmo sentido;1;1;1;0;0;0;1
19/04/2022;17:57:35;350;Com vítima;667,300;BR-376/SC;Decrescente;Acidentes de outra natureza;1;0;0;1;0;0;2
20/04/2022;07:51:18;89;Sem vítima;33,707;BR-101/SC;Decrescente;Colisão traseira;1;2;0;0;0;0;1
20/04/2022;08:52:46;103;Sem vítima;120,193;BR-101/SC;Decrescente;Colisão traseira;1;2;0;0;0;0;1
20/04/2022;10:50:10;154;Sem vítima;123,141;BR-101/SC;Crescente;Colisão lateral no mesmo sentido;1;2;0;0;0;0;1
20/04/2022;11:19:46;162;Sem vítima;86,380;BR-101/SC;Crescente;Colisão traseira;2;2;0;0;0;0;1
20/04/2022;16:05:54;265;Sem vítima;204,817;BR-101/SC;Decrescente;Colisão traseira;1;1;0;0;0;0;1
20/04/2022;18:31:44;321;Sem vítima;126,972;BR-101/SC;Crescente;Engavetamento;2;3;0;0;0;0;1
20/04/2022;21:30:37;377;Sem vítima;654,211;BR-376/SC;Decrescente;Tombamento;1;1;0;0;0;0;1
21/04/2022;10:06:42;146;Sem vítima;81,319;BR-101/SC;Decrescente;Colisão traseira;1;1;0;0;0;0;1
21/04/2022;10:35:31;157;Sem vítima;89,215;BR-101/SC;Decrescente;Colisão traseira;1;2;0;0;0;0;1
21/04/2022;13:50:03;213;Sem vítima;659,800;BR-376/SC;Crescente;Colisão lateral no mesmo sentido;1;2;0;0;0;0;1
21/04/2022;18:47:20;321;Sem vítima;157,730;BR-101/SC;Decrescente;Colisão lateral no mesmo sentido;1;2;0;0;0;0;1
22/04/2022;09:38:47;108;Sem vítima;118,200;BR-101/SC;Crescente;Colisão lateral no mesmo sentido;1;2;0;0;0;0;1
22/04/2022;19:15:17;288;Sem vítima;136,612;BR-101/SC;Decrescente;Colisão lateral no mesmo sentido;1;2;0;0;0;0;1
22/04/2022;21:52:27;322;Com vítima;78,936;BR-101/SC;Decrescente;Colisão traseira;1;1;0;0;0;1;3
23/04/2022;05:10:34;33;Sem vítima;103,590;BR-116/SC;Decrescente;Saída de pista;1;1;0;0;0;0;1
23/04/2022;12:09:43;163;Com vítima;113,763;BR-101/SC;Crescente;Colisão lateral no mesmo sentido;1;1;1;0;0;0;1
23/04/2022;13:43:23;193;Sem vítima;201,843;BR-101/SC;Decrescente;Colisão traseira;1;1;0;0;0;0;1
23/04/2022;17:53:37;263;Sem vítima;616,437;BR-376/SC;Crescente;Colisão traseira;1;2;0;0;0;0;1
24/04/2022;11:19:17;139;Sem vítima;155,200;BR-101/SC;Decrescente;Colisão traseira;1;2;0;0;0;0;1
24/04/2022;23:19:57;345;Sem vítima;42,483;BR-101/SC;Crescente;Colisão traseira;1;3;0;0;0;0;1
25/04/2022;09:28:04;143;Com vítima;29,360;BR-101/SC;Decrescente;Colisão lateral no mesmo sentido;1;1;1;0;0;0;1
25/04/2022;17:50:27;330;Sem vítima;134,339;BR-101/SC;Decrescente;Colisão lateral no mesmo sentido;1;2;0;0;0;0;1
25/04/2022;18:06:19;341;Sem vítima;133,203;BR-101/SC;Decrescente;Colisão traseira;2;2;0;0;0;0;1
25/04/2022;18:27:07;353;Sem vítima;20,547;BR-101/SC;Crescente;Choque;1;3;0;0;0;0;1
26/04/2022;06:57:27;43;Sem vítima;30,395;BR-101/SC;Decrescente;Colisão lateral no mesmo sentido;2;2;0;0;0;0;1
26/04/2022;07:23:58;56;Sem vítima;114,792;BR-101/SC;Decrescente;Colisão lateral no mesmo sentido;1;2;0;0;0;0;1
26/04/2022;09:31:19;95;Sem vítima;38,234;BR-101/SC;Decrescente;Colisão traseira;1;2;0;0;0;0;1
26/04/2022;15:11:31;230;Sem vítima;134,419;BR-101/SC;Decrescente;Colisão lateral no mesmo sentido;1;2;0;0;0;0;1
26/04/2022;15:48:49;240;Sem vítima;104,186;BR-116/SC;Decrescente;Saída de pista;1;1;0;0;0;0;1
26/04/2022;17:09:40;268;Sem vítima;130,402;BR-101/SC;Crescente;Colisão traseira;1;2;0;0;0;0;1
27/04/2022;10:09:17;180;Sem vítima;132,641;BR-101/SC;Crescente;Colisão lateral no mesmo sentido;2;2;0;0;0;0;1
27/04/2022;10:45:59;190;Com vítima;137,327;BR-101/SC;Crescente;Colisão traseira;2;1;1;0;0;0;1
27/04/2022;11:37:48;209;Com vítima;91,114;BR-101/SC;Decrescente;Colisão traseira;2;1;1;0;0;0;1
27/04/2022;15:41:57;300;Com vítima;116,584;BR-101/SC;Crescente;Colisão lateral no mesmo sentido;1;1;0;1;0;1;3
28/04/2022;09:13:53;131;Sem vítima;116,250;BR-101/SC;Decrescente;Engavetamento;1;3;0;0;0;0;1
28/04/2022;21:18:39;416;Sem vítima;205,100;BR-101/SC;Crescente;Colisão lateral no mesmo sentido;1;2;0;0;0;0;1
29/04/2022;14:41:31;234;Com vítima;676,569;BR-376/SC;Decrescente;Engavetamento;1;3;1;0;0;0;1
29/04/2022;15:19:09;248;Sem vítima;120,382;BR-101/SC;Decrescente;Engavetamento;1;3;0;0;0;0;1
29/04/2022;17:21:00;292;Com vítima;23,235;BR-101/SC;Crescente;Atropelamento de pedestre;1;1;0;0;0;0;1
29/04/2022;17:30:31;299;Sem vítima;668,812;BR-376/SC;Crescente;Engavetamento;3;3;0;0;0;0;1
30/04/2022;14:08:39;232;Sem vítima;121,130;BR-101/SC;Decrescente;Colisão lateral no mesmo sentido;1;2;0;0;0;0;1
30/04/2022;20:13:02;339;Com vítima;119,100;BR-101/SC;Crescente;Colisão lateral no mesmo sentido;1;2;2;0;0;0;1
01/05/2022;06:21:05;56;Com vítima;651,180;BR-376/SC;Decrescente;Colisão traseira;1;1;1;0;0;0;1
01/05/2022;10:07:17;123;Sem vítima;643,409;BR-376/SC;Crescente;Colisão traseira;1;2;0;0;0;0;1
01/05/2022;11:43:00;161;Sem vítima;193,519;BR-101/SC;Crescente;Colisão lateral no mesmo sentido;1;2;0;0;0;0;1
01/05/2022;12:25:34;174;Sem vítima;103,396;BR-101/SC;Crescente;Colisão traseira;1;2;0;0;0;0;1
01/05/2022;12:34:58;176;Com vítima;102,296;BR-116/SC;Decrescente;Engavetamento;1;1;0;0;0;0;1
01/05/2022;15:27:54;216;Sem vítima;657,934;BR-376/SC;Decrescente;Colisão traseira;1;1;0;0;0;0;1
01/05/2022;22:42:34;330;Sem vítima;105,770;BR-116/SC;Crescente;Colisão lateral no mesmo sentido;1;1;0;0;0;0;1
02/05/2022;01:17:15;16;Com vítima;42,700;BR-101/SC;Crescente;Colisão traseira;1;1;0;1;0;0;2
02/05/2022;09:41:52;112;Sem vítima;653,497;BR-376/SC;Crescente;Colisão lateral no mesmo sentido;1;2;0;0;0;0;1
02/05/2022;10:36:03;128;Sem vítima;120,956;BR-101/SC;Decrescente;Colisão traseira;1;2;0;0;0;0;1
02/05/2022;14:25:46;197;Sem vítima;214,345;BR-101/SC;Crescente;Colisão lateral no mesmo sentido;1;2;0;0;0;0;1
02/05/2022;14:41:50;202;Sem vítima;49,149;BR-101/SC;Crescente;Choque;1;1;0;0;0;0;1
02/05/2022;16:17:11;233;Sem vítima;99,562;BR-116/SC;Decrescente;Saída de pista;1;1;0;0;0;0;1
02/05/2022;18:26:28;260;Sem vítima;98,771;BR-101/SC;Decrescente;Colisão traseira;1;2;0;0;0;0;1
02/05/2022;21:24:34;313;Com vítima;83,563;BR-101/SC;Crescente;Colisão frontal;1;1;0;0;1;0;2
02/05/2022;21:36:54;315;Com vítima;84,216;BR-101/SC;Crescente;Colisão traseira;2;1;1;0;0;0;1
03/05/2022;04:49:46;22;Com vítima;623,524;BR-376/SC;Decrescente;Colisão traseira;2;1;1;0;1;0;2
03/05/2022;06:19:46;30;Sem vítima;622,444;BR-376/SC;Decrescente;Tombamento;1;1;0;0;0;0;1
03/05/2022;07:45:05;54;Sem vítima;620,900;BR-376/SC;Decrescente;Colisão traseira;2;2;0;0;0;0;1
03/05/2022;08:20:41;70;Com vítima;135,288;BR-101/SC;Crescente;Engavetamento;1;0;0;0;1;0;2
03/05/2022;08:24:30;76;Sem vítima;621,252;BR-376/SC;Decrescente;Colisão traseira;1;1;0;0;0;0;1
03/05/2022;08:29:36;77;Sem vítima;122,732;BR-101/SC;Decrescente;Tombamento;1;1;0;0;0;0;1
03/05/2022;08:39:58;81;Sem vítima;197,954;BR-101/SC;Decrescente;Engavetamento;2;3;0;0;0;0;1
03/05/2022;10:22:51;122;Sem vítima;85,100;BR-101/SC;Decrescente;Engavetamento;1;3;0;0;0;0;1
03/05/2022;10:34:11;130;Sem vítima;210,269;BR-101/SC;Decrescente;Colisão traseira;1;2;0;0;0;0;1
03/05/2022;11:59:15;151;Sem vítima;668,100;BR-376/SC;Decrescente;Colisão traseira;1;2;0;0;0;0;1
03/05/2022;14:22:27;181;Com vítima;53,391;BR-101/SC;Crescente;Choque;1;1;1;0;0;0;1
03/05/2022;15:50:32;209;Sem vítima;62,491;BR-101/SC;Crescente;Tombamento;1;1;0;0;0;0;1
03/05/2022;18:37:24;256;Sem vítima;53,160;BR-101/SC;Crescente;Choque;1;1;0;0;0;0;1
03/05/2022;19:01:46;261;Sem vítima;73,280;BR-101/SC;Crescente;Colisão traseira;2;2;0;0;0;0;1
03/05/2022;21:07:46;296;Sem vítima;111,877;BR-101/SC;Crescente;Colisão lateral no mesmo sentido;1;1;0;0;0;0;1
04/05/2022;01:56:32;31;Sem vítima;672,543;BR-376/SC;Crescente;Choque;1;1;0;0;0;0;1
04/05/2022;02:24:21;33;Com vítima;6,686;BR-101/SC;Crescente;Colisão lateral no mesmo sentido;2;1;1;0;0;0;1
04/05/2022;02:46:13;35;Com vítima;29,806;BR-101/SC;Decrescente;Engavetamento;3;2;0;0;1;0;2
04/05/2022;08:49:11;144;Sem vítima;155,770;BR-101/SC;Decrescente;Choque;1;2;0;0;0;0;1
04/05/2022;10:52:21;208;Sem vítima;667,300;BR-376/SC;Decrescente;Colisão traseira;1;2;0;0;0;0;1
04/05/2022;12:27:19;247;Sem vítima;79,300;BR-101/SC;Crescente;Colisão traseira;2;2;0;0;0;0;1
04/05/2022;16:48:50;350;Sem vítima;15,633;BR-101/SC;Crescente;Engavetamento;2;3;0;0;0;0;1
04/05/2022;17:33:35;367;Com vítima;20,569;BR-101/SC;Crescente;Colisão traseira;1;0;1;0;0;0;1
04/05/2022;18:38:10;388;Sem vítima;121,810;BR-101/SC;Crescente;Colisão traseira;1;5;0;0;0;0;1
04/05/2022;22:29:41;454;Sem vítima;43,186;BR-101/SC;Decrescente;Colisão lateral no mesmo sentido;2;2;0;0;0;0;1
05/05/2022;02:53:40;36;Sem vítima;177,634;BR-101/SC;Decrescente;Colisão traseira;1;1;0;0;0;0;1
05/05/2022;10:44:22;214;Sem vítima;208,415;BR-101/SC;Decrescente;Colisão traseira;1;4;0;0;0;0;1
05/05/2022;17:16:03;381;Sem vítima;114,980;BR-101/SC;Crescente;Colisão traseira;1;2;0;0;0;0;1
05/05/2022;23:19:15;495;Sem vítima;678,979;BR-376/SC;Decrescente;Saída de pista;1;1;0;0;0;0;1
06/05/2022;06:27:55;71;Sem vítima;681,469;BR-376/SC;Crescente;Colisão traseira;2;2;0;0;0;0;1
06/05/2022;14:55:37;275;Sem vítima;215,300;BR-101/SC;Decrescente;Colisão lateral no mesmo sentido;1;2;0;0;0;0;1
06/05/2022;16:41:00;327;Sem vítima;122,373;BR-101/SC;Crescente;Colisão traseira;1;1;0;0;0;0;1
06/05/2022;18:16:11;359;Sem vítima;54,698;BR-101/SC;Crescente;Engavetamento;1;2;0;0;0;0;1
06/05/2022;18:25:16;361;Sem vítima;6,781;BR-101/SC;Decrescente;Colisão lateral no mesmo sentido;1;1;0;0;0;0;1
06/05/2022;22:24:04;428;Sem vítima;238,887;BR-101/SC;Decrescente;Colisão traseira;2;5;0;0;0;0;1
07/05/2022;01:18:01;25;Com vítima;33,376;BR-101/SC;Crescente;Tombamento;1;0;1;0;0;0;1
07/05/2022;01:55:41;34;Sem vítima;626,697;BR-376/SC;Crescente;Colisão lateral no mesmo sentido;1;2;0;0;0;0;1
07/05/2022;09:36:52;135;Sem vítima;188,665;BR-101/SC;Decrescente;Colisão lateral no mesmo sentido;1;1;0;0;0;0;1
07/05/2022;09:46:41;142;Com vítima;41,220;BR-101/SC;Decrescente;Colisão transversal;1;1;1;1;0;0;2
07/05/2022;10:31:57;159;Com vítima;45,220;BR-101/SC;Crescente;Choque;1;0;1;0;0;0;1
07/05/2022;14:58:12;238;Com vítima;63,191;BR-101/SC;Decrescente;Atropelamento de pedestre;1;1;0;1;0;0;2
07/05/2022;15:13:52;246;Com vítima;132,170;BR-101/SC;Decrescente;Colisão traseira;1;2;1;0;0;0;1
07/05/2022;18:45:59;300;Com vítima;206,108;BR-101/SC;Crescente;Engavetamento;1;2;1;0;0;0;1
08/05/2022;08:55:06;107;Sem vítima;192,640;BR-101/SC;Crescente;Colisão traseira;1;2;0;0;0;0;1
09/05/2022;08:56:59;121;Sem vítima;52,667;BR-101/SC;Decrescente;Engavetamento;2;4;0;0;0;0;1
09/05/2022;17:19:39;321;Sem vítima;120,120;BR-101/SC;Crescente;Tombamento;1;1;0;0;0;0;1
10/05/2022;08:22:28;129;Sem vítima;616,785;BR-376/SC;Decrescente;Colisão lateral no mesmo sentido;1;2;0;0;0;0;1
10/05/2022;08:24:01;134;Sem vítima;204,300;BR-101/SC;Decrescente;Engavetamento;1;1;0;0;0;0;1
10/05/2022;11:35:38;213;Sem vítima;25,726;BR-101/SC;Decrescente;Choque;1;1;0;0;0;0;1
10/05/2022;12:05:12;221;Com vítima;26,386;BR-101/SC;Crescente;Colisão traseira;1;1;1;0;0;0;1
10/05/2022;13:03:28;243;Sem vítima;120,117;BR-101/SC;Crescente;Colisão lateral no mesmo sentido;1;2;0;0;0;0;1
10/05/2022;14:29:46;264;Sem vítima;1,300;BR-101/SC;Decrescente;Colisão traseira;2;0;0;0;0;0;1
11/05/2022;08:48:36;119;Com vítima;235,235;BR-101/SC;Crescente;Queda de moto;1;1;0;0;1;0;2
11/05/2022;16:55:42;308;Com vítima;118,250;BR-101/SC;Crescente;Colisão lateral no mesmo sentido;1;2;1;0;0;0;1
11/05/2022;18:08:22;334;Com vítima;39,442;BR-101/SC;Decrescente;Engavetamento;2;2;1;0;0;0;1
12/05/2022;07:24:56;73;Com vítima;113,500;BR-101/SC;Decrescente;Colisão lateral no mesmo sentido;1;1;1;0;0;0;1
12/05/2022;07:45:05;83;Sem vítima;113,100;BR-101/SC;Decrescente;Choque;1;1;0;0;0;0;1
12/05/2022;09:52:45;151;Sem vítima;150,140;BR-101/SC;Crescente;Colisão traseira;1;2;0;0;0;0;1
12/05/2022;10:44:34;180;Sem vítima;193,640;BR-101/SC;Crescente;Colisão lateral no mesmo sentido;1;2;0;0;0;0;1
12/05/2022;11:48:22;206;Com vítima;206,624;BR-101/SC;Decrescente;Colisão traseira;1;1;0;0;0;1;3
12/05/2022;13:09:15;227;Sem vítima;78,133;BR-101/SC;Decrescente;Colisão traseira;2;2;0;0;0;0;1
12/05/2022;16:26:49;287;Com vítima;100,888;BR-101/SC;Decrescente;Engavetamento;1;2;1;0;0;0;1
12/05/2022;17:48:58;310;Sem vítima;53,600;BR-101/SC;Decrescente;Colisão lateral no mesmo sentido;1;1;0;0;0;0;1
12/05/2022;19:15:05;343;Sem vítima;41,300;BR-101/SC;Crescente;Colisão traseira;2;2;0;0;0;0;1