data;horario;n_da_ocorrencia;tipo_de_ocorrencia;km;trecho;sentido;tipo_de_acidente;caminhao;ilesos;levemente_feridos;moderadamente_feridos;gravemente_feridos;mortos;3
13/05/2022;01:52:42;34;Sem vítima;635,180;BR-376/SC;Crescente;Colisão traseira;2;1;0;0;0;0;1
13/05/2022;04:45:42;50;Com vítima;188,425;BR-101/SC;Decrescente;Colisão traseira;1;1;0;0;1;1;3
13/05/2022;08:04:45;93;Com vítima;150,850;BR-101/SC;Crescente;Tombamento;1;0;1;0;0;0;1
13/05/2022;19:39:16;357;Sem vítima;198,750;BR-101/SC;Decrescente;Engavetamento;1;0;0;0;0;0;1
13/05/2022;20:12:38;363;Sem vítima;210,476;BR-101/SC;Decrescente;Colisão lateral no mesmo sentido;1;2;0;0;0;0;1
13/05/2022;23:16:29;412;Sem vítima;161,153;BR-101/SC;Crescente;Engavetamento;2;0;0;0;0;0;1
14/05/2022;03:33:48;44;Com vítima;127,689;BR-101/SC;Crescente;Colisão lateral no mesmo sentido;1;2;1;0;0;0;1
15/05/2022;02:32:33;37;Sem vítima;194,231;BR-101/SC;Decrescente;Colisão traseira;1;2;0;0;0;0;1
15/05/2022;11:17:04;113;Sem vítima;102,980;BR-101/SC;Crescente;Colisão lateral no mesmo sentido;1;2;0;0;0;0;1
15/05/2022;20:13:13;267;Sem vítima;672,889;BR-376/SC;Decrescente;Saída de pista;1;1;0;0;0;0;1
16/05/2022;09:32:53;154;Com vítima;95,742;BR-101/SC;Decrescente;Tombamento;1;0;2;0;0;0;1
16/05/2022;16:04:32;284;Sem vítima;103,633;BR-101/SC;Crescente;Colisão traseira;2;3;0;0;0;0;1
16/05/2022;19:55:54;359;Sem vítima;148,626;BR-101/SC;Crescente;Colisão traseira;1;2;0;0;0;0;1
16/05/2022;21:06:24;373;Sem vítima;48,147;BR-101/SC;Crescente;Colisão traseira;1;2;0;0;0;0;1
17/05/2022;09:14:59;116;Com vítima;78,494;BR-101/SC;Decrescente;Colisão traseira;2;1;1;0;0;0;1
17/05/2022;09:39:52;130;Sem vítima;123,954;BR-101/SC;Decrescente;Choque;1;1;0;0;0;0;1
17/05/2022;09:44:35;131;Sem vítima;124,158;BR-101/SC;Decrescente;Colisão lateral no mesmo sentido;1;2;0;0;0;0;1
17/05/2022;11:59:39;194;Com vítima;202,500;BR-101/SC;Decrescente;Colisão traseira;1;1;1;0;0;0;1
17/05/2022;14:47:25;237;Sem vítima;622,496;BR-376/SC;Crescente;Choque;1;1;0;0;0;0;1
17/05/2022;16:03:45;259;Sem vítima;620,103;BR-376/SC;Decrescente;Colisão traseira;2;2;0;0;0;0;1
17/05/2022;16:12:46;265;Sem vítima;119,464;BR-101/SC;Decrescente;Engavetamento;1;3;0;0;0;0;1
17/05/2022;17:03:37;288;Sem vítima;26,731;BR-101/SC;Crescente;Colisão traseira;1;2;0;0;0;0;1
18/05/2022;04:13:10;64;Com vítima;677,899;BR-376/SC;Decrescente;Colisão traseira;2;1;1;0;0;0;1
18/05/2022;07:36:45;103;Sem vítima;122,741;BR-101/SC;Decrescente;Colisão traseira;1;2;0;0;0;0;1
18/05/2022;08:08:52;126;Sem vítima;123,313;BR-101/SC;Crescente;Colisão lateral no mesmo sentido;1;2;0;0;0;0;1
18/05/2022;13:17:05;275;Com vítima;87,412;BR-101/SC;Decrescente;Colisão transversal;1;1;1;0;0;0;1
18/05/2022;13:33:49;282;Sem vítima;619,238;BR-376/SC;Crescente;Colisão traseira;1;4;0;0;0;0;1
18/05/2022;13:41:56;285;Com vítima;138,233;BR-101/SC;Decrescente;Atropelamento de pedestre;1;1;0;0;0;1;3
18/05/2022;15:26:54;320;Sem vítima;670,500;BR-376/SC;Decrescente;Colisão transversal;1;3;0;0;0;0;1
18/05/2022;16:31:58;343;Sem vítima;88,899;BR-101/SC;Crescente;Colisão lateral no mesmo sentido;1;2;0;0;0;0;1
18/05/2022;17:32:28;361;Sem vítima;184,200;BR-101/SC;Decrescente;Colisão lateral no mesmo sentido;1;2;0;0;0;0;1
18/05/2022;18:26:01;378;Com vítima;195,915;BR-101/SC;Decrescente;Colisão traseira;1;2;1;0;0;0;1
19/05/2022;05:59:40;55;Sem vítima;225,889;BR-101/SC;Decrescente;Choque;1;1;0;0;0;0;1
19/05/2022;08:24:56;112;Sem vítima;24,457;BR-101/SC;Decrescente;Tombamento;3;3;0;0;0;0;1
19/05/2022;09:22:45;137;Sem vítima;143,600;BR-101/SC;Decrescente;Engavetamento;1;4;0;0;0;0;1
19/05/2022;15:41:29;270;Sem vítima;146,638;BR-101/SC;Decrescente;Colisão lateral no mesmo sentido;2;2;0;0;0;0;1
19/05/2022;22:43:59;391;Sem vítima;58,698;BR-101/SC;Decrescente;Colisão lateral no mesmo sentido;1;5;0;0;0;0;1
20/05/2022;01:42:16;30;Sem vítima;117,800;BR-101/SC;Crescente;Colisão lateral no mesmo sentido;1;2;0;0;0;0;1
20/05/2022;09:37:01;152;Sem vítima;26,354;BR-101/SC;Decrescente;Colisão traseira;1;2;0;0;0;0;1
20/05/2022;09:53:23;165;Sem vítima;151,840;BR-101/SC;Crescente;Colisão lateral no mesmo sentido;2;2;0;0;0;0;1
20/05/2022;10:29:10;189;Sem vítima;105,904;BR-101/SC;Decrescente;Colisão traseira;2;2;0;0;0;0;1
20/05/2022;14:28:23;253;Com vítima;216,251;BR-101/SC;Decrescente;Colisão lateral no mesmo sentido;1;1;2;0;0;0;1
20/05/2022;16:15:48;298;Com vítima;122,674;BR-101/SC;Decrescente;Colisão lateral no mesmo sentido;1;1;1;1;0;0;2
20/05/2022;17:16:22;328;Com vítima;205,763;BR-101/SC;Decrescente;Colisão traseira;1;1;1;0;0;0;1
20/05/2022;19:09:56;377;Com vítima;210,970;BR-101/SC;Crescente;Colisão lateral no mesmo sentido;1;1;1;0;0;0;1
20/05/2022;19:41:20;392;Sem vítima;125,800;BR-101/SC;Decrescente;Colisão traseira;1;2;0;0;0;0;1
20/05/2022;23:47:46;467;Sem vítima;168,281;BR-101/SC;Decrescente;Choque;1;1;0;0;0;0;1
21/05/2022;03:53:45;39;Sem vítima;240,619;BR-101/SC;Decrescente;Choque;1;0;0;0;0;0;1
21/05/2022;04:40:39;44;Com vítima;22,431;BR-101/SC;Crescente;Colisão traseira;1;1;1;0;0;0;1
21/05/2022;09:24:35;127;Com vítima;664,674;BR-376/SC;Decrescente;Engavetamento;2;2;1;0;0;0;1
21/05/2022;17:02:00;312;Sem vítima;138,854;BR-101/SC;Decrescente;Colisão lateral no mesmo sentido;1;1;0;0;0;0;1
21/05/2022;21:18:46;397;Sem vítima;128,799;BR-101/SC;Crescente;Colisão traseira;1;2;0;0;0;0;1
21/05/2022;22:20:27;409;Com vítima;131,691;BR-101/SC;Crescente;Colisão traseira;1;1;1;0;0;0;1
22/05/2022;01:21:30;27;Sem vítima;112,108;BR-101/SC;Crescente;Choque;1;1;0;0;0;0;1
22/05/2022;01:31:21;29;Sem vítima;125,377;BR-101/SC;Decrescente;Colisão traseira;1;1;0;0;0;0;1
22/05/2022;09:30:50;85;Com vítima;668,728;BR-376/SC;Decrescente;Colisão traseira;1;4;2;0;1;0;2
22/05/2022;13:24:10;126;Sem vítima;207,684;BR-101/SC;Crescente;Colisão traseira;1;2;0;0;0;0;1
22/05/2022;16:34:04;188;Sem vítima;100,592;BR-116/SC;Crescente;Colisão lateral no mesmo sentido;1;2;0;0;0;0;1
22/05/2022;19:01:07;245;Com vítima;234,610;BR-101/SC;Crescente;Colisão lateral no mesmo sentido;1;1;1;0;0;0;1
23/05/2022;08:01:59;72;Sem vítima;203,781;BR-101/SC;Decrescente;Engavetamento;1;1;0;0;0;0;1
23/05/2022;08:18:00;76;Sem vítima;56,592;BR-101/SC;Decrescente;Colisão lateral no mesmo sentido;2;2;0;0;0;0;1
23/05/2022;10:00:47;127;Sem vítima;117,318;BR-101/SC;Crescente;Colisão lateral no mesmo sentido;1;2;0;0;0;0;1
23/05/2022;14:13:35;214;Com vítima;189,828;BR-101/SC;Decrescente;Tombamento;1;0;1;0;0;0;1
23/05/2022;14:50:27;232;Sem vítima;33,780;BR-101/SC;Decrescente;Colisão traseira;1;2;0;0;0;0;1
23/05/2022;17:18:28;296;Sem vítima;56,926;BR-101/SC;Crescente;Colisão lateral no mesmo sentido;1;2;0;0;0;0;1
24/05/2022;06:56:31;58;Com vítima;97,352;BR-101/SC;Decrescente;Colisão traseira;1;1;1;0;0;0;1
24/05/2022;08:21:44;88;Sem vítima;202,529;BR-101/SC;Decrescente;Colisão traseira;1;2;0;0;0;0;1
24/05/2022;10:32:37;143;Sem vítima;158,292;BR-101/SC;Crescente;Colisão lateral no mesmo sentido;1;3;0;0;0;0;1
24/05/2022;15:36:17;249;Sem vítima;201,352;BR-101/SC;Decrescente;Colisão traseira;1;1;0;0;0;0;1
24/05/2022;18:00:49;300;Sem vítima;118,634;BR-101/SC;Decrescente;Engavetamento;1;3;0;0;0;0;1
25/05/2022;04:01:28;51;Sem vítima;100,527;BR-101/SC;Crescente;Choque;1;1;0;0;0;0;1
25/05/2022;06:36:53;67;Sem vítima;211,750;BR-101/SC;Crescente;Colisão transversal;2;2;0;0;0;0;1
25/05/2022;10:34:39;174;Com vítima;132,671;BR-101/SC;Decrescente;Colisão lateral no mesmo sentido;1;1;1;0;0;0;1
25/05/2022;11:31:08;191;Sem vítima;671,529;BR-376/SC;Crescente;Colisão traseira;2;2;0;0;0;0;1
25/05/2022;12:34:29;208;Sem vítima;176,163;BR-101/SC;Decrescente;Tombamento;1;1;0;0;0;0;1
25/05/2022;12:43:32;213;Sem vítima;206,800;BR-101/SC;Decrescente;Colisão lateral no mesmo sentido;1;1;0;0;0;0;1
25/05/2022;18:05:53;327;Sem vítima;129,881;BR-101/SC;Crescente;Colisão lateral no mesmo sentido;1;2;0;0;0;0;1
25/05/2022;20:36:34;372;Sem vítima;187,381;BR-101/SC;Decrescente;Engavetamento;1;2;0;0;0;0;1
26/05/2022;09:14:01;121;Sem vítima;122,287;BR-101/SC;Decrescente;Colisão lateral no mesmo sentido;1;2;0;0;0;0;1
26/05/2022;11:51:08;206;Sem vítima;623,141;BR-376/SC;Decrescente;Choque;1;2;0;0;0;0;1
26/05/2022;11:52:31;207;Sem vítima;201,611;BR-101/SC;Decrescente;Colisão lateral no mesmo sentido;1;2;0;0;0;0;1
26/05/2022;15:30:16;280;Sem vítima;629,260;BR-376/SC;Crescente;Colisão lateral no mesmo sentido;1;2;0;0;0;0;1
26/05/2022;15:33:55;283;Sem vítima;88,562;BR-101/SC;Decrescente;Choque;1;1;0;0;0;0;1
26/05/2022;16:22:35;313;Sem vítima;628,962;BR-376/SC;Crescente;Colisão traseira;1;3;0;0;0;0;1
26/05/2022;16:47:46;328;Sem vítima;220,928;BR-101/SC;Crescente;Colisão lateral no mesmo sentido;1;2;0;0;0;0;1
26/05/2022;18:51:30;369;Com vítima;156,521;BR-101/SC;Decrescente;Atropelamento de pedestre;1;1;0;0;0;0;1
26/05/2022;21:15:47;414;Sem vítima;192,351;BR-101/SC;Crescente;Tombamento;1;1;0;0;0;0;1
27/05/2022;03:41:25;29;Sem vítima;114,646;BR-101/SC;Crescente;Colisão traseira;1;2;0;0;0;0;1
27/05/2022;10:33:18;175;Sem vítima;39,433;BR-101/SC;Decrescente;Colisão lateral no mesmo sentido;1;2;0;0;0;0;1
27/05/2022;13:44:09;227;Sem vítima;214,105;BR-101/SC;Decrescente;Colisão traseira;1;1;0;0;0;0;1
27/05/2022;14:22:57;238;Sem vítima;206,925;BR-101/SC;Crescente;Colisão traseira;1;1;0;0;0;0;1
27/05/2022;14:28:01;242;Com vítima;108,929;BR-116/SC;Crescente;Colisão traseira;1;0;1;0;0;0;1
27/05/2022;16:18:25;281;Sem vítima;46,325;BR-101/SC;Decrescente;Choque;1;1;0;0;0;0;1
27/05/2022;23:15:53;420;Com vítima;146,983;BR-101/SC;Crescente;Colisão traseira;1;1;0;1;0;0;2
28/05/2022;02:15:35;26;Com vítima;24,194;BR-101/SC;Decrescente;Colisão traseira;2;1;1;0;0;0;1
28/05/2022;11:20:45;160;Sem vítima;29,967;BR-101/SC;Decrescente;Engavetamento;1;3;0;0;0;0;1
29/05/2022;17:17:55;240;Sem vítima;210,892;BR-101/SC;Decrescente;Colisão lateral no mesmo sentido;1;1;0;0;0;0;1
29/05/2022;18:22:41;266;Sem vítima;205,165;BR-101/SC;Decrescente;Colisão transversal;1;1;0;0;0;0;1
30/05/2022;10:48:05;167;Sem vítima;131,766;BR-101/SC;Crescente;Colisão traseira;1;1;0;0;0;0;1
30/05/2022;13:40:33;215;Sem vítima;119,542;BR-101/SC;Decrescente;Colisão traseira;1;1;0;0;0;0;1
30/05/2022;13:49:10;219;Sem vítima;168,325;BR-101/SC;Decrescente;Choque;1;1;0;0;0;0;1
30/05/2022;15:21:00;244;Sem vítima;111,884;BR-116/SC;Crescente;Colisão traseira;1;1;0;0;0;0;1
31/05/2022;06:33:32;54;Com vítima;127,700;BR-101/SC;Decrescente;Colisão traseira;1;1;1;0;0;0;1
31/05/2022;16:06:30;228;Sem vítima;114,968;BR-101/SC;Decrescente;Colisão lateral no mesmo sentido;1;2;0;0;0;0;1
31/05/2022;22:03:20;308;Com vítima;115,275;BR-101/SC;Crescente;Tombamento;1;0;0;1;0;0;2
31/05/2022;23:49:56;328;Sem vítima;115,321;BR-101/SC;Crescente;Colisão traseira;1;2;0;0;0;0;1
01/06/2022;08:09:36;93;Sem vítima;215,649;BR-101/SC;Decrescente;Colisão traseira;1;2;0;0;0;0;1
01/06/2022;14:29:01;233;Sem vítima;651,351;BR-376/SC;Crescente;Tombamento;1;2;0;0;0;0;1
01/06/2022;19:16:38;312;Com vítima;112,640;BR-101/SC;Crescente;Engavetamento;2;1;1;0;0;0;1
01/06/2022;20:28:35;333;Sem vítima;89,113;BR-101/SC;Crescente;Colisão lateral no mesmo sentido;1;2;0;0;0;0;1
01/06/2022;21:43:35;351;Sem vítima;665,210;BR-376/SC;Crescente;Tombamento;1;1;0;0;0;0;1
01/06/2022;21:56:13;355;Sem vítima;655,120;BR-376/SC;Decrescente;Colisão lateral no mesmo sentido;1;2;0;0;0;0;1
01/06/2022;22:48:31;365;Sem vítima;121,483;BR-101/SC;Crescente;Engavetamento;2;4;0;0;0;0;1
02/06/2022;04:42:42;55;Com vítima;118,874;BR-101/SC;Decrescente;Choque;1;0;1;0;0;0;1
02/06/2022;08:52:33;115;Sem vítima;114,998;BR-101/SC;Decrescente;Tombamento;1;1;0;0;0;0;1
02/06/2022;10:24:46;169;Sem vítima;79,460;BR-101/SC;Decrescente;Colisão lateral no mesmo sentido;1;2;0;0;0;0;1
02/06/2022;12:07:56;214;Sem vítima;113,600;BR-101/SC;Crescente;Engavetamento;2;3;0;0;0;0;1
02/06/2022;12:53:10;229;Sem vítima;44,300;BR-101/SC;Crescente;Saída de pista;1;1;0;0;0;0;1
02/06/2022;15:43:44;273;Sem vítima;123,980;BR-101/SC;Crescente;Colisão lateral no mesmo sentido;1;2;0;0;0;0;1
02/06/2022;16:46:27;293;Sem vítima;203,710;BR-101/SC;Decrescente;Colisão traseira;1;2;0;0;0;0;1
02/06/2022;19:01:00;336;Sem vítima;31,815;BR-101/SC;Crescente;Colisão traseira;2;2;0;0;0;0;1
02/06/2022;19:34:14;343;Sem vítima;112,970;BR-101/SC;Decrescente;Choque;1;1;0;0;0;0;1
02/06/2022;20:47:09;358;Sem vítima;626,551;BR-376/SC;Crescente;Tombamento;1;1;0;0;0;0;1
02/06/2022;22:13:15;385;Sem vítima;34,643;BR-101/SC;Decrescente;Saída de pista;1;2;0;0;0;0;1
04/06/2022;23:01:12;360;Sem vítima;130,800;BR-101/SC;Crescente;Colisão traseira;1;2;0;0;0;0;1
05/06/2022;02:31:02;25;Sem vítima;652,403;BR-376/SC;Crescente;Choque;1;1;0;0;0;0;1
05/06/2022;17:59:44;236;Sem vítima;131,217;BR-101/SC;Decrescente;Saída de pista;1;1;0;0;0;0;1
05/06/2022;23:50:16;304;Sem vítima;614,925;BR-376/SC;Crescente;Colisão traseira;1;1;0;0;0;0;1
06/06/2022;07:54:32;83;Sem vítima;211,427;BR-101/SC;Crescente;Colisão lateral no mesmo sentido;1;2;0;0;0;0;1
06/06/2022;18:09:44;328;Sem vítima;113,759;BR-101/SC;Crescente;Choque;2;2;0;0;0;0;1
07/06/2022;11:21:04;126;Com vítima;665,457;BR-376/SC;Decrescente;Tombamento;1;0;1;0;0;0;1
07/06/2022;14:32:24;176;Sem vítima;201,966;BR-101/SC;Decrescente;Colisão traseira;1;1;0;0;0;0;1
07/06/2022;16:32:06;240;Sem vítima;142,338;BR-101/SC;Decrescente;Engavetamento;2;3;0;0;0;0;1
07/06/2022;21:06:26;330;Com vítima;153,776;BR-101/SC;Crescente;Colisão lateral no mesmo sentido;2;1;0;1;0;0;2
08/06/2022;01:26:55;36;Com vítima;101,988;BR-101/SC;Crescente;Colisão lateral no mesmo sentido;1;1;2;0;0;0;1
08/06/2022;07:42:16;90;Sem vítima;227,800;BR-101/SC;Crescente;Saída de pista;1;1;0;0;0;0;1
08/06/2022;08:08:42;107;Sem vítima;121,540;BR-101/SC;Decrescente;Colisão lateral no mesmo sentido;1;2;0;0;0;0;1
08/06/2022;10:05:47;155;Com vítima;106,490;BR-101/SC;Decrescente;Engavetamento;1;3;1;0;0;0;1
08/06/2022;15:58:51;267;Sem vítima;135,307;BR-101/SC;Decrescente;Colisão lateral no mesmo sentido;1;2;0;0;0;0;1
09/06/2022;00:30:43;21;Sem vítima;87,477;BR-101/SC;Crescente;Choque;1;1;0;0;0;0;1
09/06/2022;04:04:16;45;Sem vítima;45,970;BR-101/SC;Decrescente;Tombamento;1;1;0;0;0;0;1
09/06/2022;07:40:37;78;Sem vítima;204,252;BR-101/SC;Crescente;Colisão lateral no mesmo sentido;1;2;0;0;0;0;1
09/06/2022;07:56:11;89;Com vítima;56,494;BR-101/SC;Decrescente;Colisão lateral no mesmo sentido;2;1;1;0;0;0;1
09/06/2022;14:13:39;210;Sem vítima;79,460;BR-101/SC;Crescente;Colisão traseira;1;2;0;0;0;0;1
09/06/2022;18:19:26;267;Sem vítima;635,573;BR-376/SC;Decrescente;Tombamento;1;1;0;0;0;0;1
09/06/2022;20:04:47;292;Sem vítima;1,213;BR-101/SC;Decrescente;Colisão traseira;1;3;0;0;0;0;1
10/06/2022;02:29:06;42;Sem vítima;648,908;BR-376/SC;Decrescente;Colisão traseira;1;3;0;0;0;0;1
10/06/2022;13:55:39;247;Sem vítima;215,100;BR-101/SC;Crescente;Engavetamento;1;3;0;0;0;0;1
10/06/2022;15:34:41;281;Sem vítima;211,452;BR-101/SC;Decrescente;Colisão lateral no mesmo sentido;1;1;0;0;0;0;1
10/06/2022;18:59:57;350;Sem vítima;199,750;BR-101/SC;Decrescente;Colisão traseira;1;2;0;0;0;0;1
10/06/2022;19:22:43;355;Sem vítima;137,354;BR-101/SC;Crescente;Colisão traseira;1;2;0;0;0;0;1
11/06/2022;14:06:54;230;Com vítima;205,467;BR-101/SC;Crescente;Colisão lateral no mesmo sentido;1;1;1;0;0;0;1
11/06/2022;15:57:40;266;Sem vítima;124,762;BR-101/SC;Decrescente;Colisão traseira;1;3;0;0;0;0;1
12/06/2022;05:45:39;54;Com vítima;640,421;BR-376/SC;Crescente;Tombamento;1;0;1;0;0;0;1
12/06/2022;07:19:00;69;Sem vítima;79,460;BR-101/SC;Crescente;Colisão traseira;1;2;0;0;0;0;1
12/06/2022;16:24:44;218;Sem vítima;681,575;BR-376/SC;Decrescente;Colisão lateral no mesmo sentido;1;2;0;0;0;0;1
12/06/2022;16:46:08;229;Sem vítima;206,285;BR-101/SC;Crescente;Engavetamento;1;3;0;0;0;0;1
12/06/2022;19:22:58;283;Com vítima;110,917;BR-101/SC;Decrescente;Colisão traseira;1;2;1;0;0;0;1
12/06/2022;20:46:39;307;Sem vítima;647,624;BR-376/SC;Crescente;Tombamento;1;1;0;0;0;0;1
13/06/2022;05:10:04;37;Sem vítima;242,203;BR-101/SC;Decrescente;Colisão traseira;1;2;0;0;0;0;1
13/06/2022;07:00:02;60;Sem vítima;671,310;BR-376/SC;Decrescente;Colisão lateral no mesmo sentido;2;2;0;0;0;0;1
13/06/2022;17:28:33;296;Sem vítima;122,835;BR-101/SC;Decrescente;Engavetamento;2;3;0;0;0;0;1
14/06/2022;07:13:14;71;Sem vítima;113,355;BR-101/SC;Decrescente;Tombamento;1;1;0;0;0;0;1
14/06/2022;08:07:14;100;Sem vítima;176,743;BR-101/SC;Decrescente;Colisão lateral no mesmo sentido;1;2;0;0;0;0;1
14/06/2022;13:41:12;223;Sem vítima;672,490;BR-376/SC;Decrescente;Colisão traseira;2;2;0;0;0;0;1
14/06/2022;23:31:33;426;Sem vítima;179,200;BR-101/SC;Decrescente;Colisão lateral no mesmo sentido;1;2;0;0;0;0;1
15/06/2022;00:28:20;21;Sem vítima;206,917;BR-101/SC;Decrescente;Colisão lateral no mesmo sentido;1;1;0;0;0;0;1
15/06/2022;03:10:40;38;Com vítima;20,996;BR-101/SC;Decrescente;Colisão traseira;3;2;1;0;0;0;1
15/06/2022;06:09:25;51;Com vítima;676,804;BR-376/SC;Decrescente;Colisão traseira;2;1;0;0;1;0;2
15/06/2022;08:17:49;81;Sem vítima;100,840;BR-116/SC;Crescente;Colisão traseira;1;1;0;0;0;0;1
15/06/2022;16:02:28;257;Com vítima;662,311;BR-376/SC;Crescente;Acidentes de outra natureza;1;1;1;0;0;0;1
15/06/2022;16:17:00;268;Sem vítima;63,928;BR-101/SC;Crescente;Colisão lateral no mesmo sentido;1;2;0;0;0;0;1
15/06/2022;17:17:09;282;Sem vítima;199,985;BR-101/SC;Crescente;Colisão traseira;2;2;0;0;0;0;1
15/06/2022;18:19:32;307;Sem vítima;107,590;BR-116/SC;Decrescente;Colisão traseira;1;1;0;0;0;0;1
15/06/2022;23:30:33;384;Com vítima;74,377;BR-101/SC;Decrescente;Atropelamento de pedestre;1;1;1;0;0;0;1
16/06/2022;12:39:29;168;Sem vítima;651,299;BR-376/SC;Crescente;Choque;1;4;0;0;0;0;1
16/06/2022;16:24:03;247;Sem vítima;107,998;BR-116/SC;Crescente;Engavetamento;1;1;0;0;0;0;1
16/06/2022;18:04:14;275;Sem vítima;50,181;BR-101/SC;Crescente;Colisão traseira;2;2;0;0;0;0;1
16/06/2022;18:09:41;278;Sem vítima;617,154;BR-376/SC;Crescente;Colisão transversal;1;2;0;0;0;0;1
16/06/2022;23:10:21;353;Sem vítima;57,831;BR-101/SC;Decrescente;Colisão lateral no mesmo sentido;1;2;0;0;0;0;1
17/06/2022;00:55:43;19;Com vítima;638,590;BR-376/SC;Crescente;Colisão traseira;2;2;0;1;0;0;2
17/06/2022;18:08:25;265;Sem vítima;1,312;BR-101/SC;Decrescente;Choque;1;1;0;0;0;0;1
17/06/2022;21:00:32;301;Sem vítima;663,629;BR-376/SC;Crescente;Colisão traseira;2;2;0;0;0;0;1
17/06/2022;21:23:14;306;Com vítima;154,521;BR-101/SC;Crescente;Colisão lateral no mesmo sentido;1;2;1;0;0;0;1
17/06/2022;21:37:50;313;Com vítima;138,531;BR-101/SC;Crescente;Colisão lateral no mesmo sentido;1;1;1;0;0;0;1
18/06/2022;00:00:10;1;Sem vítima;674,444;BR-376/SC;Decrescente;Colisão transversal;1;3;0;0;0;0;1
19/06/2022;03:50:02;48;Sem vítima;211,410;BR-101/SC;Crescente;Colisão traseira;1;1;0;0;0;0;1
19/06/2022;12:13:06;140;Sem vítima;644,213;BR-376/SC;Decrescente;Tombamento;1;1;0;0;0;0;1
19/06/2022;16:11:49;218;Sem vítima;78,549;BR-101/SC;Crescente;Colisão traseira;1;2;0;0;0;0;1
20/06/2022;15:20:13;239;Sem vítima;123,680;BR-101/SC;Crescente;Colisão traseira;2;2;0;0;0;0;1
20/06/2022;23:17:23;368;Sem vítima;79,400;BR-101/SC;Crescente;Colisão traseira;1;2;0;0;0;0;1
21/06/2022;06:32:13;44;Com vítima;196,623;BR-101/SC;Decrescente;Colisão traseira;1;1;1;0;0;0;1
21/06/2022;19:08:54;303;Com vítima;28,732;BR-101/SC;Crescente;Colisão lateral no mesmo sentido;1;0;2;0;0;0;1
22/06/2022;11:04:39;195;Com vítima;151,507;BR-101/SC;Crescente;Queda de moto;1;1;0;1;0;0;2
22/06/2022;15:12:32;262;Sem vítima;14,953;BR-101/SC;Crescente;Colisão traseira;1;1;0;0;0;0;1
22/06/2022;19:24:44;348;Sem vítima;152,757;BR-101/SC;Crescente;Colisão traseira;1;1;0;0;0;0;1
22/06/2022;22:26:47;387;Sem vítima;196,249;BR-101/SC;Crescente;Colisão lateral no mesmo sentido;1;2;0;0;0;0;1
23/06/2022;06:19:13;64;Sem vítima;41,328;BR-101/SC;Crescente;Colisão traseira;1;2;0;0;0;0;1
23/06/2022;07:40:41;77;Sem vítima;111,279;BR-101/SC;Crescente;Tombamento;1;1;0;0;0;0;1
23/06/2022;12:48:58;182;Sem vítima;122,580;BR-101/SC;Crescente;Choque;1;1;0;0;0;0;1
23/06/2022;14:03:58;213;Sem vítima;121,376;BR-101/SC;Decrescente;Colisão lateral no mesmo sentido;1;2;0;0;0;0;1
23/06/2022;15:51:12;249;Sem vítima;242,985;BR-101/SC;Decrescente;Colisão traseira;2;2;0;0;0;0;1
23/06/2022;17:02:54;272;Com vítima;115,766;BR-101/SC;Crescente;Engavetamento;1;5;2;0;0;0;1
23/06/2022;19:44:02;318;Sem vítima;118,625;BR-101/SC;Crescente;Colisão lateral no mesmo sentido;1;2;0;0;0;0;1
23/06/2022;19:49:20;322;Sem vítima;649,876;BR-376/SC;Decrescente;Acidentes de outra natureza;1;1;0;0;0;0;1
24/06/2022;10:46:51;172;Com vítima;137,425;BR-101/SC;Decrescente;Colisão frontal;1;1;1;0;0;0;1
24/06/2022;11:47:28;185;Com vítima;216,477;BR-101/SC;Crescente;Colisão lateral no mesmo sentido;1;1;0;0;0;0;1
24/06/2022;12:16:21;190;Sem vítima;216,460;BR-101/SC;Decrescente;Colisão lateral no mesmo sentido;1;1;0;0;0;0;1
24/06/2022;12:26:40;197;Sem vítima;57,214;BR-101/SC;Crescente;Colisão traseira;2;2;0;0;0;0;1
25/06/2022;09:45:17;116;Sem vítima;108,409;BR-101/SC;Decrescente;Colisão traseira;1;2;0;0;0;0;1
25/06/2022;21:36:38;299;Sem vítima;204,628;BR-101/SC;Decrescente;Colisão traseira;1;1;0;0;0;0;1
27/06/2022;10:21:33;149;Sem vítima;101,874;BR-101/SC;Decrescente;Choque;1;1;0;0;0;0;1
27/06/2022;16:27:27;266;Sem vítima;626,817;BR-376/SC;Decrescente;Choque;1;2;0;0;0;0;1
28/06/2022;13:49:03;202;Com vítima;671,930;BR-376/SC;Decrescente;Colisão lateral no mesmo sentido;2;1;1;0;0;0;1
28/06/2022;16:06:56;259;Sem vítima;670,647;BR-376/SC;Crescente;Tombamento;1;1;0;0;0;0;1
29/06/2022;11:49:44;210;Com vítima;45,352;BR-101/SC;Crescente;Engavetamento;1;3;1;0;0;0;1