data;horario;n_da_ocorrencia;tipo_de_ocorrencia;km;trecho;sentido;tipo_de_acidente;caminhao;ilesos;levemente_feridos;moderadamente_feridos;gravemente_feridos;mortos;3
29/06/2022;14:07:03;244;Sem vítima;79,460;BR-101/SC;Crescente;Colisão traseira;1;2;0;0;0;0;1
29/06/2022;14:26:07;251;Sem vítima;79,460;BR-101/SC;Crescente;Choque;1;1;0;0;0;0;1
30/06/2022;17:29:35;329;Sem vítima;126,840;BR-101/SC;Crescente;Engavetamento;1;1;0;0;0;0;1
01/07/2022;09:55:29;135;Sem vítima;46,112;BR-101/SC;Crescente;Choque;1;1;0;0;0;0;1
01/07/2022;13:58:04;181;Sem vítima;671,793;BR-376/SC;Decrescente;Colisão lateral no mesmo sentido;1;1;0;0;0;0;1
01/07/2022;15:55:46;235;Sem vítima;155,268;BR-101/SC;Decrescente;Colisão traseira;2;2;0;0;0;0;1
02/07/2022;09:25:01;111;Com vítima;667,581;BR-376/SC;Decrescente;Tombamento;1;0;1;0;0;0;1
02/07/2022;16:51:25;248;Sem vítima;211,583;BR-101/SC;Decrescente;Colisão lateral no mesmo sentido;1;1;0;0;0;0;1
03/07/2022;07:20:24;63;Sem vítima;671,805;BR-376/SC;Decrescente;Colisão traseira;1;1;0;0;0;0;1
03/07/2022;22:35:43;315;Sem vítima;157,730;BR-101/SC;Crescente;Colisão lateral no mesmo sentido;1;2;0;0;0;0;1
04/07/2022;05:32:05;53;Sem vítima;97,236;BR-101/SC;Decrescente;Colisão lateral no mesmo sentido;1;3;0;0;0;0;1
04/07/2022;12:16:12;187;Sem vítima;104,972;BR-101/SC;Crescente;Colisão lateral no mesmo sentido;1;2;0;0;0;0;1
04/07/2022;13:48:02;215;Sem vítima;102,200;BR-116/SC;Crescente;Acidentes de outra natureza;1;2;0;0;0;0;1
04/07/2022;18:21:55;324;Com vítima;202,490;BR-101/SC;Crescente;Engavetamento;1;1;1;0;0;0;1
05/07/2022;04:08:47;55;Sem vítima;80,252;BR-101/SC;Decrescente;Colisão traseira;2;2;0;0;0;0;1
05/07/2022;07:17:16;86;Sem vítima;29,884;BR-101/SC;Decrescente;Colisão traseira;1;2;0;0;0;0;1
05/07/2022;09:24:51;164;Sem vítima;120,711;BR-101/SC;Decrescente;Colisão traseira;2;2;0;0;0;0;1
05/07/2022;11:01:33;202;Sem vítima;156,412;BR-101/SC;Decrescente;Colisão traseira;2;2;0;0;0;0;1
05/07/2022;15:05:37;272;Sem vítima;134,564;BR-101/SC;Decrescente;Colisão traseira;1;2;0;0;0;0;1
06/07/2022;07:22:37;65;Sem vítima;112,213;BR-101/SC;Decrescente;Colisão lateral no mesmo sentido;1;2;0;0;0;0;1
06/07/2022;10:01:12;155;Com vítima;631,937;BR-376/SC;Crescente;Tombamento;2;1;1;0;0;0;1
06/07/2022;11:32:55;175;Sem vítima;232,953;BR-101/SC;Decrescente;Colisão lateral no mesmo sentido;1;2;0;0;0;0;1
06/07/2022;16:15:52;272;Sem vítima;49,500;BR-101/SC;Decrescente;Colisão traseira;1;4;0;0;0;0;1
06/07/2022;16:42:54;282;Sem vítima;205,635;BR-101/SC;Decrescente;Colisão traseira;1;1;0;0;0;0;1
06/07/2022;20:18:44;360;Com vítima;145,734;BR-101/SC;Crescente;Colisão traseira;1;1;0;0;0;1;3
07/07/2022;07:27:32;83;Sem vítima;117,972;BR-101/SC;Crescente;Colisão traseira;1;2;0;0;0;0;1
07/07/2022;08:17:58;111;Sem vítima;666,980;BR-376/SC;Decrescente;Tombamento;1;1;0;0;0;0;1
07/07/2022;14:03:38;246;Com vítima;196,805;BR-101/SC;Crescente;Colisão traseira;1;0;1;0;0;0;1
07/07/2022;14:18:13;251;Sem vítima;196,805;BR-101/SC;Crescente;Engavetamento;1;3;0;0;0;0;1
08/07/2022;07:57:15;110;Sem vítima;10,957;BR-101/SC;Decrescente;Colisão traseira;1;2;0;0;0;0;1
08/07/2022;12:36:49;237;Com vítima;123,133;BR-101/SC;Crescente;Colisão transversal;1;1;1;0;0;0;1
08/07/2022;14:44:43;274;Sem vítima;142,663;BR-101/SC;Decrescente;Colisão lateral no mesmo sentido;1;1;0;0;0;0;1
08/07/2022;15:06:47;288;Com vítima;664,471;BR-376/SC;Decrescente;Colisão traseira;1;2;1;0;0;0;1
08/07/2022;16:11:32;318;Sem vítima;1,300;BR-101/SC;Decrescente;Colisão traseira;1;2;0;0;0;0;1
08/07/2022;18:59:14;394;Sem vítima;116,907;BR-101/SC;Decrescente;Colisão lateral no mesmo sentido;1;2;0;0;0;0;1
09/07/2022;03:25:40;53;Sem vítima;671,400;BR-376/SC;Decrescente;Saída de pista;1;2;0;0;0;0;1
09/07/2022;05:44:38;72;Com vítima;665,767;BR-376/SC;Decrescente;Choque;1;0;0;0;0;1;3
09/07/2022;06:30:16;79;Sem vítima;243,800;BR-101/SC;Decrescente;Colisão traseira;1;4;0;0;0;0;1
10/07/2022;16:34:43;211;Sem vítima;75,297;BR-116/SC;Crescente;Colisão lateral no mesmo sentido;1;1;0;0;0;0;1
10/07/2022;18:13:32;244;Sem vítima;190,679;BR-101/SC;Crescente;Colisão lateral no mesmo sentido;1;3;0;0;0;0;1
10/07/2022;18:25:39;247;Sem vítima;672,480;BR-376/SC;Decrescente;Colisão traseira;2;2;0;0;0;0;1
11/07/2022;07:32:34;87;Sem vítima;71,227;BR-101/SC;Crescente;Colisão lateral no mesmo sentido;2;4;0;0;0;0;1
11/07/2022;16:35:24;267;Com vítima;133,520;BR-101/SC;Decrescente;Atropelamento de pedestre;1;1;1;0;0;0;1
11/07/2022;20:21:25;312;Com vítima;119,500;BR-101/SC;Crescente;Colisão lateral no mesmo sentido;1;1;1;0;0;0;1
11/07/2022;21:14:49;321;Com vítima;86,950;BR-116/SC;Decrescente;Colisão traseira;1;1;0;0;0;0;1
12/07/2022;11:10:10;190;Sem vítima;117,908;BR-101/SC;Decrescente;Colisão traseira;1;2;0;0;0;0;1
12/07/2022;11:31:49;195;Sem vítima;18,150;BR-101/SC;Decrescente;Tombamento;1;1;0;0;0;0;1
12/07/2022;13:51:07;247;Com vítima;39,614;BR-101/SC;Crescente;Colisão lateral no mesmo sentido;1;1;2;0;0;0;1
12/07/2022;17:04:25;303;Sem vítima;207,500;BR-101/SC;Crescente;Colisão traseira;1;2;0;0;0;0;1
12/07/2022;18:58:16;336;Com vítima;206,100;BR-101/SC;Crescente;Colisão lateral no mesmo sentido;1;0;1;1;0;0;2
13/07/2022;01:42:41;2;Sem vítima;157,400;BR-101/SC;Decrescente;Colisão lateral no mesmo sentido;2;2;0;0;0;0;1
13/07/2022;01:56:16;13;Sem vítima;1,230;BR-101/SC;Crescente;Colisão traseira;1;1;0;0;0;0;1
13/07/2022;11:09:49;165;Sem vítima;25,140;BR-101/SC;Crescente;Colisão lateral no mesmo sentido;1;2;0;0;0;0;1
13/07/2022;11:31:13;174;Sem vítima;103,868;BR-116/SC;Crescente;Colisão traseira;1;1;0;0;0;0;1
13/07/2022;13:54:03;217;Sem vítima;653,541;BR-376/SC;Crescente;Choque;1;1;0;0;0;0;1
13/07/2022;16:07:02;253;Com vítima;215,663;BR-101/SC;Crescente;Colisão lateral no mesmo sentido;2;2;1;0;0;0;1
13/07/2022;17:04:51;267;Sem vítima;675,232;BR-376/SC;Crescente;Choque;1;1;0;0;0;0;1
13/07/2022;20:46:09;320;Sem vítima;36,462;BR-101/SC;Crescente;Choque;1;1;0;0;0;0;1
13/07/2022;21:26:00;332;Sem vítima;671,268;BR-376/SC;Crescente;Colisão traseira;2;2;0;0;0;0;1
15/07/2022;07:06:18;55;Sem vítima;33,566;BR-101/SC;Crescente;Colisão lateral no mesmo sentido;1;2;0;0;0;0;1
15/07/2022;08:55:09;98;Sem vítima;121,100;BR-101/SC;Crescente;Colisão lateral no mesmo sentido;1;0;0;0;0;0;1
15/07/2022;18:47:32;306;Sem vítima;193,119;BR-101/SC;Crescente;Colisão lateral no mesmo sentido;1;0;0;0;0;0;1
16/07/2022;08:45:10;125;Sem vítima;79,460;BR-101/SC;Decrescente;Colisão traseira;2;2;0;0;0;0;1
16/07/2022;10:42:38;162;Sem vítima;215,300;BR-101/SC;Decrescente;Colisão lateral no mesmo sentido;1;2;0;0;0;0;1
16/07/2022;12:02:42;183;Sem vítima;235,250;BR-101/SC;Crescente;Colisão lateral no mesmo sentido;1;2;0;0;0;0;1
16/07/2022;14:02:40;214;Sem vítima;195,463;BR-101/SC;Crescente;Colisão lateral no mesmo sentido;1;0;0;0;0;0;1
16/07/2022;20:03:10;318;Sem vítima;632,662;BR-376/SC;Crescente;Colisão traseira;1;2;0;0;0;0;1
17/07/2022;09:04:47;84;Sem vítima;74,860;BR-101/SC;Crescente;Colisão traseira;1;2;0;0;0;0;1
17/07/2022;18:57:35;231;Sem vítima;651,559;BR-376/SC;Crescente;Engavetamento;1;4;0;0;0;0;1
17/07/2022;19:36:33;237;Sem vítima;189,265;BR-101/SC;Crescente;Colisão traseira;1;2;0;0;0;0;1
18/07/2022;12:20:53;164;Sem vítima;157,488;BR-101/SC;Decrescente;Colisão traseira;1;1;0;0;0;0;1
18/07/2022;12:28:51;165;Sem vítima;208,300;BR-101/SC;Decrescente;Colisão lateral no mesmo sentido;1;2;0;0;0;0;1
18/07/2022;17:38:19;238;Sem vítima;101,678;BR-116/SC;Decrescente;Saída de pista;1;1;0;0;0;0;1
19/07/2022;00:19:41;4;Sem vítima;668,749;BR-376/SC;Decrescente;Tombamento;1;2;0;0;0;0;1
19/07/2022;10:04:40;164;Sem vítima;127,870;BR-101/SC;Crescente;Engavetamento;2;3;0;0;0;0;1
19/07/2022;11:33:33;206;Sem vítima;124,583;BR-101/SC;Decrescente;Colisão traseira;1;2;0;0;0;0;1
19/07/2022;15:38:57;290;Com vítima;202,990;BR-101/SC;Crescente;Colisão traseira;1;1;1;0;0;0;1
19/07/2022;18:11:16;321;Sem vítima;208,595;BR-101/SC;Crescente;Colisão traseira;1;1;0;0;0;0;1
19/07/2022;19:22:45;330;Sem vítima;225,378;BR-101/SC;Decrescente;Colisão traseira;2;2;0;0;0;0;1
20/07/2022;03:03:05;31;Com vítima;239,255;BR-101/SC;Crescente;Tombamento;1;1;1;0;0;0;1
20/07/2022;03:30:39;34;Sem vítima;33,490;BR-101/SC;Crescente;Tombamento;1;1;0;0;0;0;1
20/07/2022;06:12:06;56;Com vítima;143,864;BR-101/SC;Decrescente;Atropelamento de pedestre;1;2;0;0;0;0;1
20/07/2022;09:31:47;124;Com vítima;119,288;BR-101/SC;Decrescente;Colisão traseira;1;1;1;0;0;0;1
20/07/2022;14:25:58;208;Sem vítima;115,164;BR-101/SC;Crescente;Colisão traseira;2;2;0;0;0;0;1
20/07/2022;14:56:35;216;Sem vítima;669,219;BR-376/SC;Decrescente;Colisão traseira;2;2;0;0;0;0;1
20/07/2022;17:16:32;261;Sem vítima;176,569;BR-101/SC;Decrescente;Colisão lateral no mesmo sentido;1;2;0;0;0;0;1
20/07/2022;18:12:54;277;Sem vítima;38,600;BR-101/SC;Decrescente;Colisão traseira;1;2;0;0;0;0;1
20/07/2022;20:11:47;309;Com vítima;655,319;BR-376/SC;Crescente;Tombamento;1;0;0;1;0;0;2
21/07/2022;00:01:40;1;Sem vítima;142,954;BR-101/SC;Crescente;Colisão lateral no mesmo sentido;1;2;0;0;0;0;1
21/07/2022;04:08:28;57;Sem vítima;39,930;BR-101/SC;Decrescente;Tombamento;1;1;0;0;0;0;1
21/07/2022;05:48:26;66;Sem vítima;667,350;BR-376/SC;Decrescente;Choque;1;1;0;0;0;0;1
21/07/2022;15:33:38;274;Sem vítima;117,261;BR-101/SC;Decrescente;Engavetamento;2;2;0;0;0;0;1
21/07/2022;16:26:19;291;Com vítima;204,126;BR-101/SC;Decrescente;Colisão lateral no mesmo sentido;1;1;0;0;0;0;1
22/07/2022;10:38:35;154;Sem vítima;635,470;BR-376/SC;Decrescente;Engavetamento;2;3;0;0;0;0;1
22/07/2022;13:29:34;237;Sem vítima;79,460;BR-101/SC;Decrescente;Choque;1;2;0;0;0;0;1
22/07/2022;15:03:14;267;Sem vítima;665,383;BR-376/SC;Crescente;Colisão traseira;1;2;0;0;0;0;1
22/07/2022;19:35:08;373;Sem vítima;132,200;BR-101/SC;Crescente;Colisão traseira;1;2;0;0;0;0;1
22/07/2022;19:47:08;378;Sem vítima;625,870;BR-376/SC;Crescente;Choque;1;3;0;0;0;0;1
22/07/2022;20:08:48;391;Sem vítima;201,890;BR-101/SC;Crescente;Colisão lateral no mesmo sentido;1;1;0;0;0;0;1
23/07/2022;06:41:04;56;Com vítima;137,100;BR-101/SC;Decrescente;Colisão traseira;1;1;1;0;0;0;1
23/07/2022;08:49:36;88;Sem vítima;111,500;BR-101/SC;Crescente;Colisão lateral no mesmo sentido;2;2;0;0;0;0;1
23/07/2022;12:06:35;165;Sem vítima;668,100;BR-376/SC;Decrescente;Colisão traseira;2;2;0;0;0;0;1
24/07/2022;11:37:32;144;Com vítima;133,996;BR-101/SC;Crescente;Colisão traseira;2;1;1;0;0;0;1
24/07/2022;15:43:24;224;Sem vítima;130,454;BR-101/SC;Crescente;Colisão lateral no mesmo sentido;1;2;0;0;0;0;1
25/07/2022;10:50:08;150;Sem vítima;193,366;BR-101/SC;Crescente;Colisão traseira;2;2;0;0;0;0;1
25/07/2022;18:53:59;296;Sem vítima;185,680;BR-101/SC;Crescente;Colisão transversal;1;2;0;0;0;0;1
26/07/2022;02:06:17;37;Sem vítima;169,690;BR-101/SC;Crescente;Colisão traseira;1;2;0;0;0;0;1
26/07/2022;09:32:53;125;Com vítima;15,939;BR-101/SC;Crescente;Colisão traseira;2;1;1;0;0;0;1
26/07/2022;10:21:53;132;Sem vítima;49,777;BR-101/SC;Decrescente;Colisão lateral no mesmo sentido;1;0;0;0;0;0;1
26/07/2022;11:13:08;138;Sem vítima;206,703;BR-101/SC;Crescente;Capotamento;1;2;0;0;0;0;1
26/07/2022;16:32:27;295;Com vítima;123,157;BR-101/SC;Decrescente;Atropelamento de pedestre;1;1;0;0;0;0;1
27/07/2022;05:01:08;55;Sem vítima;31,502;BR-101/SC;Crescente;Colisão lateral no mesmo sentido;1;2;0;0;0;0;1
27/07/2022;10:42:55;178;Sem vítima;195,512;BR-101/SC;Crescente;Colisão traseira;2;2;0;0;0;0;1
27/07/2022;15:24:54;268;Sem vítima;655,326;BR-376/SC;Crescente;Colisão lateral no mesmo sentido;1;2;0;0;0;0;1
27/07/2022;18:39:44;325;Sem vítima;235,212;BR-101/SC;Crescente;Colisão lateral no mesmo sentido;1;2;0;0;0;0;1
27/07/2022;19:52:06;337;Sem vítima;616,527;BR-376/SC;Decrescente;Colisão traseira;1;2;0;0;0;0;1
28/07/2022;00:11:01;3;Sem vítima;156,800;BR-101/SC;Decrescente;Colisão traseira;3;3;0;0;0;0;1
28/07/2022;08:21:07;105;Sem vítima;121,900;BR-101/SC;Decrescente;Colisão lateral no mesmo sentido;1;2;0;0;0;0;1
28/07/2022;16:40:56;289;Sem vítima;111,548;BR-101/SC;Crescente;Colisão traseira;2;2;0;0;0;0;1
28/07/2022;17:10:53;299;Com vítima;121,568;BR-101/SC;Decrescente;Colisão lateral no mesmo sentido;1;1;0;0;0;1;3
28/07/2022;18:06:17;314;Sem vítima;191,400;BR-101/SC;Crescente;Colisão traseira;1;2;0;0;0;0;1
28/07/2022;19:09:46;320;Sem vítima;646,613;BR-376/SC;Crescente;Choque;1;1;0;0;0;0;1
28/07/2022;20:42:51;341;Sem vítima;113,900;BR-101/SC;Decrescente;Colisão traseira;2;2;0;0;0;0;1
28/07/2022;21:33:38;362;Sem vítima;122,100;BR-101/SC;Decrescente;Colisão lateral no mesmo sentido;1;2;0;0;0;0;1
29/07/2022;04:06:52;67;Com vítima;103,860;BR-101/SC;Crescente;Colisão lateral no mesmo sentido;1;2;3;0;1;0;2
29/07/2022;08:10:16;126;Sem vítima;242,980;BR-101/SC;Crescente;Colisão traseira;1;2;0;0;0;0;1
29/07/2022;09:02:59;153;Sem vítima;211,944;BR-101/SC;Crescente;Engavetamento;2;3;0;0;0;0;1
29/07/2022;09:56:02;186;Com vítima;213,100;BR-101/SC;Crescente;Colisão traseira;1;1;1;0;0;0;1
29/07/2022;11:04:31;211;Sem vítima;171,900;BR-101/SC;Decrescente;Colisão lateral no mesmo sentido;1;2;0;0;0;0;1
29/07/2022;11:19:19;219;Sem vítima;120,245;BR-101/SC;Crescente;Engavetamento;3;0;0;0;0;0;1
29/07/2022;12:30:08;245;Com vítima;202,840;BR-101/SC;Crescente;Colisão traseira;1;2;1;0;0;0;1
29/07/2022;13:46:19;268;Sem vítima;196,173;BR-101/SC;Decrescente;Colisão traseira;1;3;0;0;0;0;1
29/07/2022;13:55:06;269;Sem vítima;124,589;BR-101/SC;Decrescente;Colisão lateral no mesmo sentido;1;2;0;0;0;0;1
29/07/2022;14:01:06;273;Sem vítima;101,114;BR-101/SC;Decrescente;Colisão lateral no mesmo sentido;1;1;0;0;0;0;1
29/07/2022;15:04:29;296;Sem vítima;668,973;BR-376/SC;Crescente;Colisão traseira;1;2;0;0;0;0;1
30/07/2022;02:20:29;32;Sem vítima;199,100;BR-101/SC;Crescente;Colisão traseira;1;0;0;0;0;0;1
30/07/2022;14:44:35;198;Sem vítima;200,234;BR-101/SC;Crescente;Engavetamento;1;3;0;0;0;0;1
30/07/2022;16:53:16;237;Sem vítima;193,557;BR-101/SC;Crescente;Colisão traseira;1;2;0;0;0;0;1
31/07/2022;10:11:48;97;Sem vítima;635,180;BR-376/SC;Crescente;Colisão traseira;1;2;0;0;0;0;1
31/07/2022;15:40:39;190;Sem vítima;205,126;BR-101/SC;Decrescente;Colisão traseira;1;2;0;0;0;0;1
01/08/2022;21:09:55;369;Sem vítima;232,719;BR-101/SC;Crescente;Saída de pista;1;1;0;0;0;0;1
02/08/2022;05:13:14;76;Com vítima;87,896;BR-116/SC;Decrescente;Colisão traseira;2;1;0;1;0;0;2
02/08/2022;09:30:19;139;Sem vítima;674,517;BR-376/SC;Decrescente;Colisão lateral no mesmo sentido;2;2;0;0;0;0;1
03/08/2022;01:24:53;42;Com vítima;162,891;BR-101/SC;Crescente;Colisão traseira;1;1;2;3;0;0;2
03/08/2022;04:54:54;63;Sem vítima;75,547;BR-101/SC;Decrescente;Choque;1;1;0;0;0;0;1
03/08/2022;13:39:37;208;Com vítima;107,510;BR-101/SC;Crescente;Saída de pista;1;1;1;0;0;0;1
03/08/2022;17:17:07;282;Sem vítima;91,115;BR-101/SC;Crescente;Colisão traseira;2;2;0;0;0;0;1
03/08/2022;17:32:38;289;Com vítima;57,572;BR-101/SC;Crescente;Choque;1;0;0;1;0;0;2
03/08/2022;19:10:14;306;Com vítima;110,389;BR-116/SC;Decrescente;Colisão lateral no mesmo sentido;1;1;0;0;0;0;1
03/08/2022;20:36:41;327;Sem vítima;71,105;BR-101/SC;Decrescente;Colisão traseira;2;3;0;0;0;0;1
03/08/2022;21:49:48;346;Sem vítima;196,423;BR-101/SC;Crescente;Colisão traseira;1;2;0;0;0;0;1
04/08/2022;09:48:31;174;Sem vítima;127,600;BR-101/SC;Decrescente;Choque;1;1;0;0;0;0;1
04/08/2022;14:50:20;289;Com vítima;671,980;BR-376/SC;Decrescente;Colisão traseira;4;3;2;0;0;0;1
04/08/2022;16:18:21;314;Sem vítima;666,980;BR-376/SC;Decrescente;Colisão traseira;2;2;0;0;0;0;1
04/08/2022;21:02:22;381;Sem vítima;49,660;BR-101/SC;Decrescente;Colisão lateral no mesmo sentido;1;2;0;0;0;0;1
05/08/2022;06:06:57;75;Com vítima;212,462;BR-101/SC;Crescente;Colisão lateral no mesmo sentido;1;1;0;0;0;1;3
05/08/2022;10:37:17;203;Sem vítima;209,713;BR-101/SC;Crescente;Colisão lateral no mesmo sentido;1;2;0;0;0;0;1
05/08/2022;11:46:38;223;Sem vítima;92,872;BR-116/SC;Crescente;Colisão lateral no mesmo sentido;1;1;0;0;0;0;1
05/08/2022;17:31:18;342;Sem vítima;216,240;BR-101/SC;Decrescente;Colisão traseira;1;1;0;0;0;0;1
05/08/2022;18:19:27;349;Sem vítima;177,516;BR-101/SC;Decrescente;Colisão traseira;1;2;0;0;0;0;1
05/08/2022;20:53:45;395;Com vítima;6,653;BR-101/SC;Decrescente;Colisão traseira;1;1;0;1;0;0;2
06/08/2022;06:11:31;88;Sem vítima;665,680;BR-376/SC;Decrescente;Colisão lateral no mesmo sentido;1;2;0;0;0;0;1
06/08/2022;06:32:50;90;Sem vítima;184,899;BR-101/SC;Decrescente;Colisão traseira;1;2;0;0;0;0;1
06/08/2022;13:25:07;194;Com vítima;668,772;BR-376/SC;Decrescente;Tombamento;1;3;0;1;0;0;2
06/08/2022;20:21:40;305;Sem vítima;210,524;BR-101/SC;Crescente;Colisão traseira;1;2;0;0;0;0;1
06/08/2022;21:42:33;328;Sem vítima;228,303;BR-101/SC;Decrescente;Tombamento;1;1;0;0;0;0;1
07/08/2022;19:31:10;262;Sem vítima;218,495;BR-101/SC;Decrescente;Colisão traseira;1;1;0;0;0;0;1
07/08/2022;21:34:45;308;Sem vítima;679,193;BR-376/SC;Crescente;Tombamento;1;1;0;0;0;0;1
08/08/2022;05:33:31;53;Sem vítima;138,528;BR-101/SC;Crescente;Colisão lateral no mesmo sentido;1;2;0;0;0;0;1
08/08/2022;05:52:12;56;Sem vítima;233,538;BR-101/SC;Decrescente;Colisão traseira;1;2;0;0;0;0;1
08/08/2022;07:05:27;71;Sem vítima;40,952;BR-101/SC;Decrescente;Engavetamento;1;3;0;0;0;0;1
08/08/2022;08:02:27;87;Com vítima;106,283;BR-101/SC;Decrescente;Choque;1;0;3;0;0;0;1
08/08/2022;12:53:48;189;Com vítima;206,500;BR-101/SC;Crescente;Engavetamento;1;2;1;0;0;0;1
08/08/2022;15:25:14;234;Com vítima;113,140;BR-101/SC;Decrescente;Tombamento;1;0;1;0;0;0;1
08/08/2022;17:24:36;264;Sem vítima;184,530;BR-101/SC;Crescente;Colisão traseira;1;2;0;0;0;0;1
08/08/2022;21:14:38;321;Com vítima;77,552;BR-101/SC;Decrescente;Choque;1;1;2;0;0;0;1
09/08/2022;03:21:52;38;Com vítima;101,678;BR-116/SC;Decrescente;Tombamento;1;0;1;0;0;0;1
09/08/2022;06:32:59;59;Com vítima;186,100;BR-101/SC;Decrescente;Colisão lateral no mesmo sentido;1;1;1;0;0;0;1
09/08/2022;08:31:37;94;Sem vítima;185,634;BR-101/SC;Crescente;Colisão lateral no mesmo sentido;1;1;0;0;0;0;1
09/08/2022;11:33:49;162;Sem vítima;639,866;BR-376/SC;Decrescente;Choque;1;1;0;0;0;0;1
09/08/2022;13:26:02;194;Sem vítima;624,845;BR-376/SC;Decrescente;Choque;1;1;0;0;0;0;1
09/08/2022;14:41:30;203;Com vítima;198,258;BR-101/SC;Decrescente;Engavetamento;2;3;3;0;0;0;1
09/08/2022;16:53:43;244;Sem vítima;208,986;BR-101/SC;Decrescente;Colisão lateral no mesmo sentido;1;2;0;0;0;0;1
09/08/2022;18:15:28;266;Sem vítima;29,124;BR-101/SC;Decrescente;Colisão traseira;2;2;0;0;0;0;1
10/08/2022;00:29:59;18;Com vítima;40,570;BR-101/SC;Crescente;Choque;1;0;1;0;0;0;1
10/08/2022;06:17:42;74;Com vítima;144,786;BR-101/SC;Crescente;Choque;1;0;0;1;0;0;2
10/08/2022;15:35:21;300;Sem vítima;98,411;BR-116/SC;Crescente;Saída de pista;1;1;0;0;0;0;1
10/08/2022;22:49:25;447;Com vítima;135,393;BR-101/SC;Crescente;Colisão traseira;1;1;0;1;0;0;2
11/08/2022;16:03:03;349;Sem vítima;197,327;BR-101/SC;Decrescente;Colisão lateral no mesmo sentido;1;0;0;0;0;0;1
11/08/2022;18:49:09;412;Sem vítima;26,316;BR-101/SC;Decrescente;Colisão traseira;2;2;0;0;0;0;1
11/08/2022;19:57:07;425;Sem vítima;27,730;BR-101/SC;Crescente;Engavetamento;1;1;0;0;0;0;1
12/08/2022;01:08:18;22;Sem vítima;237,830;BR-101/SC;Crescente;Choque;1;1;0;0;0;0;1
12/08/2022;08:50:28;130;Sem vítima;79,300;BR-101/SC;Decrescente;Engavetamento;1;3;0;0;0;0;1
12/08/2022;09:26:09;158;Com vítima;652,750;BR-376/SC;Decrescente;Choque;1;0;1;0;0;0;1
12/08/2022;09:44:10;167;Sem vítima;40,244;BR-101/SC;Decrescente;Colisão traseira;1;2;0;0;0;0;1
12/08/2022;09:54:23;181;Com vítima;116,970;BR-101/SC;Crescente;Colisão traseira;1;1;1;0;0;0;1
12/08/2022;10:12:28;183;Com vítima;628,900;BR-376/SC;Crescente;Colisão lateral no mesmo sentido;2;3;1;0;0;0;1
12/08/2022;12:20:16;227;Sem vítima;132,239;BR-101/SC;Crescente;Colisão lateral no mesmo sentido;1;2;0;0;0;0;1
13/08/2022;19:07:28;313;Sem vítima;79,460;BR-101/SC;Crescente;Colisão traseira;1;2;0;0;0;0;1
14/08/2022;04:37:44;46;Com vítima;87,937;BR-101/SC;Crescente;Colisão traseira;1;1;0;1;0;0;2
14/08/2022;11:32:24;144;Sem vítima;615,320;BR-376/SC;Decrescente;Tombamento;1;1;0;0;0;0;1
14/08/2022;18:54:23;276;Sem vítima;626,532;BR-376/SC;Decrescente;Colisão lateral no mesmo sentido;1;2;0;0;0;0;1
14/08/2022;23:13:50;349;Com vítima;196,300;BR-101/SC;Decrescente;Atropelamento de pedestre;1;2;0;0;0;1;3
15/08/2022;08:13:14;74;Sem vítima;30,400;BR-101/SC;Crescente;Colisão traseira;1;2;0;0;0;0;1
15/08/2022;14:41:42;213;Sem vítima;43,592;BR-101/SC;Crescente;Colisão lateral no mesmo sentido;1;2;0;0;0;0;1
15/08/2022;17:48:32;304;Com vítima;95,171;BR-101/SC;Crescente;Choque;1;1;1;0;0;0;1
15/08/2022;19:00:55;326;Sem vítima;119,824;BR-101/SC;Crescente;Engavetamento;1;4;0;0;0;0;1
16/08/2022;07:44:45;64;Com vítima;111,424;BR-101/SC;Crescente;Tombamento;1;0;1;0;0;0;1
16/08/2022;16:29:19;239;Sem vítima;15,160;BR-101/SC;Crescente;Colisão traseira;2;2;0;0;0;0;1
17/08/2022;03:20:04;35;Sem vítima;664,150;BR-376/SC;Decrescente;Colisão traseira;2;2;0;0;0;0;1
17/08/2022;05:55:23;51;Com vítima;72,951;BR-101/SC;Decrescente;Colisão traseira;1;0;1;0;0;0;1
17/08/2022;09:16:56;101;Sem vítima;151,506;BR-101/SC;Crescente;Colisão lateral no mesmo sentido;1;2;0;0;0;0;1
17/08/2022;17:27:46;261;Sem vítima;614,822;BR-376/SC;Crescente;Choque;1;1;0;0;0;0;1
17/08/2022;22:20:20;319;Com vítima;52,530;BR-101/SC;Decrescente;Queda de moto;1;2;0;0;0;1;3
18/08/2022;06:43:14;45;Sem vítima;202,210;BR-101/SC;Decrescente;Colisão traseira;1;1;0;0;0;0;1
18/08/2022;22:57:21;275;Sem vítima;26,952;BR-101/SC;Decrescente;Choque;1;1;0;0;0;0;1