data;horario;n_da_ocorrencia;tipo_de_ocorrencia;km;trecho;sentido;tipo_de_acidente;caminhao;ilesos;levemente_feridos;moderadamente_feridos;gravemente_feridos;mortos;3
20/01/2023;14:31:31;226;Sem vítima;111,968;BR-116/SC;Decrescente;Colisão traseira;1;1;0;0;0;0;1
20/01/2023;16:52:02;272;Com vítima;201,350;BR-101/SC;Decrescente;Engavetamento;1;1;0;0;0;0;1
20/01/2023;18:54:28;324;Sem vítima;108,100;BR-116/SC;Crescente;Colisão lateral no mesmo sentido;1;1;0;0;0;0;1
20/01/2023;19:32:20;338;Sem vítima;102,368;BR-116/SC;Decrescente;Colisão traseira;1;1;0;0;0;0;1
20/01/2023;21:03:08;365;Sem vítima;97,700;BR-116/SC;Decrescente;Saída de pista;1;1;0;0;0;0;1
21/01/2023;04:10:12;62;Sem vítima;1,300;BR-101/SC;Crescente;Colisão traseira;1;0;0;0;0;0;1
21/01/2023;09:45:21;141;Sem vítima;112,100;BR-101/SC;Decrescente;Colisão traseira;1;1;0;0;0;0;1
22/01/2023;13:33:49;185;Com vítima;135,531;BR-101/SC;Decrescente;Colisão lateral no mesmo sentido;1;1;0;0;0;0;1
23/01/2023;07:12:42;67;Sem vítima;108,648;BR-116/SC;Crescente;Engavetamento;1;1;0;0;0;0;1
23/01/2023;08:10:41;93;Com vítima;117,187;BR-101/SC;Crescente;Saída de pista;1;0;0;1;0;0;2
23/01/2023;10:02:18;169;Sem vítima;114,668;BR-116/SC;Crescente;Engavetamento;1;0;0;0;0;0;1
23/01/2023;10:07:50;171;Sem vítima;152,577;BR-101/SC;Crescente;Colisão traseira;1;1;0;0;0;0;1
23/01/2023;11:12:34;195;Com vítima;41,128;BR-101/SC;Decrescente;Colisão traseira;1;0;0;0;0;0;1
23/01/2023;12:30:39;226;Com vítima;55,453;BR-101/SC;Decrescente;Colisão traseira;1;1;0;0;0;0;1
23/01/2023;14:33:55;286;Com vítima;200,845;BR-101/SC;Decrescente;Colisão traseira;1;0;1;0;0;0;1
23/01/2023;17:16:07;357;Sem vítima;118,300;BR-101/SC;Crescente;Colisão lateral no mesmo sentido;1;1;0;0;0;0;1
25/01/2023;15:45:37;332;Sem vítima;151,100;BR-101/SC;Decrescente;Colisão lateral no mesmo sentido;1;1;0;0;0;0;1
26/01/2023;09:06:54;167;Sem vítima;111,680;BR-101/SC;Decrescente;Colisão lateral no mesmo sentido;2;2;0;0;0;0;1
27/01/2023;05:15:50;66;Sem vítima;72,218;BR-101/SC;Decrescente;Colisão traseira;1;1;0;0;0;0;1
27/01/2023;09:52:21;172;Sem vítima;243,250;BR-101/SC;Crescente;Colisão lateral no mesmo sentido;1;1;0;0;0;0;1
28/01/2023;19:54:13;359;Sem vítima;208,511;BR-101/SC;Decrescente;Colisão traseira;1;1;0;0;0;0;1
30/01/2023;06:50:35;68;Sem vítima;673,345;BR-376/SC;Decrescente;Tombamento;1;1;0;0;0;0;1
30/01/2023;18:24:59;360;Sem vítima;151,953;BR-101/SC;Decrescente;Colisão traseira;1;1;0;0;0;0;1
31/01/2023;08:48:39;109;Sem vítima;131,100;BR-101/SC;Decrescente;Engavetamento;1;1;0;0;0;0;1
31/01/2023;13:11:57;228;Com vítima;111,550;BR-116/SC;Crescente;Colisão traseira;1;1;0;0;0;0;1
31/01/2023;18:30:53;331;Com vítima;116,100;BR-101/SC;Crescente;Colisão traseira;1;1;0;0;0;0;1
01/02/2023;18:29:32;356;Sem vítima;124,362;BR-101/SC;Decrescente;Colisão traseira;1;0;0;0;0;0;1
02/02/2023;15:02:12;231;Sem vítima;103,900;BR-116/SC;Crescente;Colisão traseira;1;1;0;0;0;0;1
04/02/2023;12:26:15;170;Sem vítima;79,460;BR-101/SC;Crescente;Colisão traseira;1;1;0;0;0;0;1
08/02/2023;18:04:31;355;Sem vítima;106,790;BR-116/SC;Crescente;Saída de pista;1;1;0;0;0;0;1
09/02/2023;08:56:43;127;Sem vítima;178,200;BR-101/SC;Decrescente;Colisão traseira;1;1;0;0;0;0;1
10/02/2023;13:39:45;229;Com vítima;209,498;BR-101/SC;Crescente;Colisão traseira;1;1;0;0;0;0;1
10/02/2023;16:00:42;289;Sem vítima;201,100;BR-101/SC;Decrescente;Colisão lateral no mesmo sentido;1;1;0;0;0;0;1
13/02/2023;08:49:38;127;Sem vítima;32,500;BR-101/SC;Decrescente;Engavetamento;1;1;0;0;0;0;1
13/02/2023;09:45:45;144;Sem vítima;28,500;BR-101/SC;Decrescente;Colisão traseira;1;2;0;0;0;0;1
13/02/2023;18:52:19;332;Sem vítima;113,444;BR-116/SC;Decrescente;Colisão traseira;1;1;0;0;0;0;1
14/02/2023;11:38:12;228;Sem vítima;135,526;BR-101/SC;Decrescente;Colisão lateral no mesmo sentido;1;1;0;0;0;0;1
14/02/2023;17:33:07;358;Sem vítima;232,294;BR-101/SC;Decrescente;Colisão lateral no mesmo sentido;1;1;0;0;0;0;1
16/02/2023;14:23:12;227;Sem vítima;625,796;BR-376/SC;Crescente;Tombamento;1;1;0;0;0;0;1
17/02/2023;09:47:57;173;Com vítima;93,265;BR-101/SC;Decrescente;Colisão traseira;1;1;0;0;0;0;1
19/02/2023;15:44:01;170;Sem vítima;74,900;BR-101/SC;Decrescente;Colisão traseira;1;1;0;0;0;0;1
21/02/2023;06:35:06;64;Sem vítima;14,893;BR-101/SC;Crescente;Colisão traseira;1;0;0;0;0;0;1
21/02/2023;10:19:23;145;Sem vítima;668,300;BR-376/SC;Crescente;Colisão lateral no mesmo sentido;1;1;0;0;0;0;1
22/02/2023;10:29:09;168;Sem vítima;208,184;BR-101/SC;Crescente;Colisão lateral no mesmo sentido;1;1;0;0;0;0;1
23/02/2023;10:21:07;169;Com vítima;90,766;BR-116/SC;Crescente;Colisão traseira;1;1;0;0;0;0;1
24/02/2023;19:05:41;355;Com vítima;664,745;BR-376/SC;Decrescente;Colisão traseira;1;0;1;0;0;0;1
01/03/2023;17:57:03;322;Sem vítima;205,127;BR-101/SC;Decrescente;Choque;1;1;0;0;0;0;1
01/03/2023;18:24:24;331;Sem vítima;220,739;BR-101/SC;Decrescente;Colisão lateral no mesmo sentido;1;1;0;0;0;0;1
01/03/2023;20:07:58;360;Sem vítima;129,100;BR-101/SC;Crescente;Colisão lateral no mesmo sentido;1;1;0;0;0;0;1
03/03/2023;10:46:14;146;Com vítima;206,609;BR-101/SC;Decrescente;Colisão lateral no mesmo sentido;1;1;0;0;0;0;1
06/03/2023;10:49:32;169;Sem vítima;102,300;BR-116/SC;Decrescente;Saída de pista;1;1;0;0;0;0;1
07/03/2023;07:44:48;70;Sem vítima;194,224;BR-101/SC;Crescente;Tombamento;1;1;0;0;0;0;1
07/03/2023;09:19:08;113;Sem vítima;203,500;BR-101/SC;Decrescente;Colisão lateral no mesmo sentido;1;2;0;0;0;0;1
07/03/2023;23:45:21;450;Sem vítima;210,100;BR-101/SC;Decrescente;Choque;1;1;0;0;0;0;1
08/03/2023;08:45:24;156;Sem vítima;102,500;BR-116/SC;Decrescente;Colisão traseira;1;1;0;0;0;0;1
08/03/2023;09:05:31;163;Sem vítima;205,138;BR-101/SC;Decrescente;Colisão lateral no mesmo sentido;1;1;0;0;0;0;1
10/03/2023;10:28:37;194;Sem vítima;192,886;BR-101/SC;Crescente;Colisão traseira;1;0;0;0;0;0;1
12/03/2023;13:20:15;126;Sem vítima;231,791;BR-101/SC;Decrescente;Colisão lateral no mesmo sentido;1;1;0;0;0;0;1
13/03/2023;18:15:17;319;Sem vítima;205,300;BR-101/SC;Decrescente;Colisão lateral no mesmo sentido;1;0;0;0;0;0;1
14/03/2023;07:29:36;65;Sem vítima;671,709;BR-376/SC;Decrescente;Colisão traseira;1;1;0;0;0;0;1
14/03/2023;11:13:06;168;Sem vítima;20,865;BR-101/SC;Decrescente;Colisão traseira;1;0;0;0;0;0;1
15/03/2023;06:40:36;64;Sem vítima;103,503;BR-116/SC;Crescente;Queda de moto;1;1;0;0;0;0;1
15/03/2023;06:58:53;71;Sem vítima;236,100;BR-101/SC;Crescente;Colisão lateral no mesmo sentido;1;1;0;0;0;0;1
15/03/2023;09:18:39;108;Sem vítima;643,491;BR-376/SC;Crescente;Choque;1;1;0;0;0;0;1
15/03/2023;09:34:56;114;Sem vítima;105,279;BR-101/SC;Decrescente;Colisão traseira;1;1;0;0;0;0;1
15/03/2023;12:23:42;166;Com vítima;76,450;BR-101/SC;Crescente;Choque;1;0;0;2;0;0;2
15/03/2023;14:41:48;201;Sem vítima;206,100;BR-101/SC;Decrescente;Capotamento;1;0;0;0;0;0;1
16/03/2023;08:50:01;149;Sem vítima;200,763;BR-101/SC;Decrescente;Colisão lateral no mesmo sentido;1;1;0;0;0;0;1
16/03/2023;10:23:24;186;Sem vítima;138,307;BR-101/SC;Decrescente;Colisão traseira;1;1;0;0;0;0;1
16/03/2023;18:32:31;344;Sem vítima;615,891;BR-376/SC;Crescente;Colisão traseira;1;1;0;0;0;0;1
17/03/2023;08:10:32;108;Sem vítima;190,100;BR-101/SC;Decrescente;Choque;1;1;0;0;0;0;1
18/03/2023;06:46:41;70;Sem vítima;629,155;BR-376/SC;Crescente;Colisão lateral no mesmo sentido;1;1;0;0;0;0;1
19/03/2023;16:06:40;227;Sem vítima;79,400;BR-101/SC;Decrescente;Colisão traseira;1;1;0;0;0;0;1
20/03/2023;11:02:02;159;Sem vítima;205,672;BR-101/SC;Decrescente;Engavetamento;1;1;0;0;0;0;1
20/03/2023;12:45:37;192;Sem vítima;8,100;BR-101/SC;Crescente;Colisão traseira;1;2;0;0;0;0;1
21/03/2023;08:09:58;128;Sem vítima;212,100;BR-101/SC;Crescente;Colisão traseira;1;1;0;0;0;0;1
22/03/2023;10:26:18;151;Sem vítima;203,288;BR-101/SC;Decrescente;Colisão lateral no mesmo sentido;1;1;0;0;0;0;1
23/03/2023;01:26:29;23;Sem vítima;128,485;BR-101/SC;Decrescente;Choque;1;1;0;0;0;0;1
25/03/2023;01:16:15;19;Sem vítima;86,803;BR-116/SC;Decrescente;Colisão traseira;1;2;0;0;0;0;1
26/03/2023;15:34:06;192;Sem vítima;92,711;BR-116/SC;Crescente;Choque;1;1;0;0;0;0;1
29/03/2023;08:44:23;122;Sem vítima;157,660;BR-101/SC;Crescente;Colisão traseira;1;1;0;0;0;0;1
29/03/2023;09:58:43;159;Com vítima;211,638;BR-101/SC;Decrescente;Engavetamento;1;0;1;0;0;0;1
29/03/2023;10:18:11;168;Sem vítima;26,100;BR-101/SC;Crescente;Colisão lateral no mesmo sentido;1;1;0;0;0;0;1
29/03/2023;13:37:39;227;Sem vítima;134,700;BR-101/SC;Decrescente;Colisão lateral no mesmo sentido;1;1;0;0;0;0;1
30/03/2023;09:58:00;149;Com vítima;35,000;BR-101/SC;Decrescente;Colisão traseira;1;0;0;0;0;0;1
30/03/2023;11:00:39;174;Com vítima;79,829;BR-101/SC;Crescente;Colisão traseira;1;0;0;1;0;0;2
31/03/2023;12:58:38;196;Sem vítima;72,100;BR-101/SC;Decrescente;Colisão traseira;1;2;0;0;0;0;1
31/03/2023;14:44:25;225;Com vítima;121,359;BR-101/SC;Crescente;Colisão traseira;1;1;0;0;0;0;1
02/04/2023;22:00:26;331;Sem vítima;664,586;BR-376/SC;Decrescente;Colisão lateral no mesmo sentido;1;1;0;0;0;0;1
03/04/2023;15:04:01;231;Sem vítima;614,824;BR-376/SC;Crescente;Tombamento;1;1;0;0;0;0;1
04/04/2023;07:32:53;68;Sem vítima;94,915;BR-116/SC;Crescente;Colisão lateral no mesmo sentido;1;0;0;0;0;0;1
04/04/2023;09:33:33;123;Sem vítima;177,100;BR-101/SC;Decrescente;Colisão traseira;1;1;0;0;0;0;1
05/04/2023;20:33:38;347;Sem vítima;121,970;BR-101/SC;Crescente;Colisão lateral no mesmo sentido;1;1;0;0;0;0;1
06/04/2023;08:23:38;115;Sem vítima;15,321;BR-101/SC;Decrescente;Saída de pista;1;1;0;0;0;0;1
06/04/2023;10:10:24;168;Sem vítima;100,100;BR-116/SC;Decrescente;Colisão traseira;1;1;0;0;0;0;1
06/04/2023;11:31:01;192;Sem vítima;635,300;BR-376/SC;Crescente;Colisão traseira;1;2;0;0;0;0;1
06/04/2023;11:37:36;196;Com vítima;131,836;BR-101/SC;Decrescente;Colisão traseira;1;0;1;0;0;0;1
09/04/2023;01:46:37;28;Sem vítima;673,980;BR-376/SC;Crescente;Tombamento;1;1;0;0;0;0;1
09/04/2023;03:20:41;35;Sem vítima;184,119;BR-101/SC;Decrescente;Colisão lateral no mesmo sentido;1;1;0;0;0;0;1
09/04/2023;08:58:45;80;Sem vítima;4,386;BR-101/SC;Crescente;Colisão traseira;1;1;0;0;0;0;1
09/04/2023;10:49:55;107;Sem vítima;213,300;BR-101/SC;Crescente;Colisão lateral no mesmo sentido;1;0;0;0;0;0;1
09/04/2023;11:30:29;116;Sem vítima;144,200;BR-101/SC;Decrescente;Colisão lateral no mesmo sentido;1;1;0;0;0;0;1
10/04/2023;06:20:32;49;Com vítima;673,327;BR-376/SC;Decrescente;Choque;1;0;1;0;0;0;1
10/04/2023;06:58:24;76;Sem vítima;119,666;BR-101/SC;Decrescente;Colisão traseira;1;1;0;0;0;0;1
10/04/2023;10:35:31;136;Sem vítima;193,900;BR-101/SC;Crescente;Choque;1;1;0;0;0;0;1
10/04/2023;12:19:23;199;Sem vítima;668,300;BR-376/SC;Decrescente;Colisão lateral no mesmo sentido;1;1;0;0;0;0;1
10/04/2023;12:24:45;201;Sem vítima;117,790;BR-101/SC;Decrescente;Engavetamento;1;1;0;0;0;0;1
10/04/2023;12:55:20;210;Sem vítima;665,691;BR-376/SC;Decrescente;Engavetamento;1;1;0;0;0;0;1
11/04/2023;08:30:24;133;Sem vítima;99,100;BR-116/SC;Decrescente;Colisão traseira;1;1;0;0;0;0;1
11/04/2023;09:23:59;158;Sem vítima;75,100;BR-101/SC;Decrescente;Colisão traseira;1;1;0;0;0;0;1
11/04/2023;11:02:01;207;Sem vítima;122,500;BR-101/SC;Crescente;Engavetamento;1;1;0;0;0;0;1
11/04/2023;18:37:21;353;Sem vítima;130,440;BR-101/SC;Crescente;Engavetamento;1;1;0;0;0;0;1
12/04/2023;01:39:00;14;Sem vítima;136,707;BR-101/SC;Crescente;Colisão traseira;1;1;0;0;0;0;1
12/04/2023;10:12:36;162;Sem vítima;111,300;BR-101/SC;Decrescente;Colisão traseira;1;1;0;0;0;0;1
12/04/2023;21:44:53;371;Sem vítima;150,574;BR-101/SC;Decrescente;Colisão traseira;1;1;0;0;0;0;1
12/04/2023;22:41:34;388;Com vítima;137,681;BR-101/SC;Decrescente;Colisão traseira;1;1;0;0;0;0;1
13/04/2023;08:10:18;54;Sem vítima;645,800;BR-376/SC;Decrescente;Colisão lateral no mesmo sentido;2;2;0;0;0;0;1
13/04/2023;08:13:02;57;Sem vítima;199,700;BR-101/SC;Decrescente;Colisão traseira;1;1;0;0;0;0;1
13/04/2023;10:23:46;102;Sem vítima;620,252;BR-376/SC;Crescente;Colisão lateral no mesmo sentido;1;1;0;0;0;0;1
13/04/2023;15:45:00;247;Sem vítima;666,700;BR-376/SC;Crescente;Colisão lateral no mesmo sentido;1;1;0;0;0;0;1
13/04/2023;16:28:24;264;Sem vítima;87,407;BR-116/SC;Decrescente;Colisão lateral no mesmo sentido;1;1;0;0;0;0;1
13/04/2023;22:53:48;414;Sem vítima;126,326;BR-101/SC;Crescente;Colisão traseira;1;1;0;0;0;0;1
14/04/2023;00:03:41;1;Sem vítima;135,199;BR-101/SC;Decrescente;Colisão traseira;1;1;0;0;0;0;1
14/04/2023;07:41:53;85;Sem vítima;75,100;BR-116/SC;Crescente;Colisão lateral no mesmo sentido;1;2;0;0;0;0;1
14/04/2023;08:50:40;112;Sem vítima;17,901;BR-101/SC;Crescente;Colisão traseira;1;1;0;0;0;0;1
14/04/2023;09:19:56;123;Sem vítima;17,415;BR-101/SC;Crescente;Colisão traseira;1;1;0;0;0;0;1
14/04/2023;09:35:33;127;Sem vítima;103,500;BR-116/SC;Decrescente;Colisão traseira;1;1;0;0;0;0;1
14/04/2023;09:55:38;132;Sem vítima;79,980;BR-101/SC;Crescente;Colisão traseira;1;1;0;0;0;0;1
14/04/2023;10:02:48;133;Sem vítima;117,862;BR-101/SC;Decrescente;Colisão traseira;1;1;0;0;0;0;1
14/04/2023;11:01:39;149;Sem vítima;85,372;BR-101/SC;Crescente;Engavetamento;2;2;0;0;0;0;1
14/04/2023;12:30:23;169;Sem vítima;7,900;BR-101/SC;Decrescente;Colisão traseira;1;1;0;0;0;0;1
14/04/2023;14:53:08;205;Sem vítima;95,997;BR-116/SC;Decrescente;Colisão lateral no mesmo sentido;1;1;0;0;0;0;1
14/04/2023;15:38:12;222;Sem vítima;41,285;BR-101/SC;Crescente;Colisão transversal;1;0;0;0;0;0;1
16/04/2023;03:33:58;32;Sem vítima;138,632;BR-101/SC;Decrescente;Tombamento;1;1;0;0;0;0;1
16/04/2023;09:09:28;78;Sem vítima;41,150;BR-101/SC;Decrescente;Colisão traseira;1;2;0;0;0;0;1
16/04/2023;19:16:46;208;Com vítima;6,105;BR-101/SC;Crescente;Colisão traseira;2;1;0;1;0;0;2
17/04/2023;06:23:27;46;Sem vítima;49,942;BR-101/SC;Decrescente;Colisão traseira;1;1;0;0;0;0;1
17/04/2023;15:27:43;238;Sem vítima;666,779;BR-376/SC;Crescente;Choque;1;1;0;0;0;0;1
17/04/2023;15:58:48;245;Sem vítima;114,126;BR-101/SC;Decrescente;Colisão traseira;1;1;0;0;0;0;1
18/04/2023;09:46:43;80;Sem vítima;102,444;BR-116/SC;Decrescente;Choque;1;1;0;0;0;0;1
18/04/2023;12:15:10;158;Sem vítima;618,241;BR-376/SC;Decrescente;Choque;1;1;0;0;0;0;1
18/04/2023;15:20:40;193;Sem vítima;157,916;BR-101/SC;Crescente;Colisão frontal;1;1;0;0;0;0;1
19/04/2023;05:47:49;53;Sem vítima;626,798;BR-376/SC;Crescente;Tombamento;1;1;0;0;0;0;1
19/04/2023;17:20:18;304;Sem vítima;214,771;BR-101/SC;Decrescente;Colisão lateral no mesmo sentido;1;1;0;0;0;0;1
20/04/2023;01:32:25;26;Com vítima;668,175;BR-376/SC;Decrescente;Tombamento;1;0;0;1;0;0;2
20/04/2023;05:51:40;42;Sem vítima;177,100;BR-101/SC;Crescente;Colisão traseira;1;1;0;0;0;0;1
20/04/2023;06:57:32;61;Sem vítima;111,100;BR-116/SC;Decrescente;Colisão lateral no mesmo sentido;1;1;0;0;0;0;1
20/04/2023;09:21:47;120;Sem vítima;213,800;BR-101/SC;Crescente;Capotamento;1;1;0;0;0;0;1
20/04/2023;10:52:40;160;Sem vítima;59,311;BR-101/SC;Decrescente;Choque;1;1;0;0;0;0;1
20/04/2023;11:49:53;226;Sem vítima;627,353;BR-376/SC;Decrescente;Colisão lateral no mesmo sentido;1;2;0;0;0;0;1
20/04/2023;16:14:34;321;Com vítima;214,420;BR-101/SC;Decrescente;Colisão lateral no mesmo sentido;1;1;0;0;0;0;1
20/04/2023;17:35:08;360;Com vítima;29,743;BR-101/SC;Decrescente;Engavetamento;1;1;0;0;0;0;1
20/04/2023;19:51:42;402;Sem vítima;133,197;BR-101/SC;Crescente;Colisão traseira;1;1;0;0;0;0;1
20/04/2023;21:31:24;437;Sem vítima;199,420;BR-101/SC;Decrescente;Colisão traseira;1;1;0;0;0;0;1
21/04/2023;00:31:32;11;Sem vítima;114,974;BR-116/SC;Decrescente;Saída de pista;1;0;0;0;0;0;1
21/04/2023;05:23:00;39;Sem vítima;3,210;BR-101/SC;Decrescente;Colisão traseira;1;1;0;0;0;0;1
21/04/2023;14:08:01;190;Com vítima;160,484;BR-101/SC;Crescente;Colisão lateral no mesmo sentido;1;1;0;0;0;0;1
22/04/2023;04:29:26;33;Sem vítima;175,700;BR-101/SC;Crescente;Tombamento;1;1;0;0;0;0;1
22/04/2023;20:42:06;257;Sem vítima;102,584;BR-101/SC;Crescente;Colisão lateral no mesmo sentido;1;1;0;0;0;0;1
23/04/2023;11:57:40;123;Sem vítima;675,100;BR-376/SC;Crescente;Colisão traseira;1;1;0;0;0;0;1
24/04/2023;00:32:02;18;Com vítima;106,860;BR-101/SC;Crescente;Colisão lateral no mesmo sentido;1;1;0;0;0;0;1
24/04/2023;03:00:58;35;Com vítima;197,473;BR-101/SC;Decrescente;Colisão lateral no mesmo sentido;1;0;1;0;0;0;1
24/04/2023;08:52:56;116;Sem vítima;101,120;BR-101/SC;Decrescente;Colisão traseira;1;1;0;0;0;0;1
24/04/2023;09:18:10;125;Sem vítima;68,187;BR-101/SC;Decrescente;Saída de pista;1;1;0;0;0;0;1
24/04/2023;09:56:00;135;Sem vítima;106,319;BR-101/SC;Decrescente;Colisão lateral no mesmo sentido;1;1;0;0;0;0;1
24/04/2023;13:10:10;192;Sem vítima;118,607;BR-101/SC;Crescente;Colisão lateral no mesmo sentido;1;1;0;0;0;0;1
24/04/2023;23:20:55;363;Sem vítima;21,960;BR-101/SC;Decrescente;Saída de pista;1;1;0;0;0;0;1
25/04/2023;01:43:02;10;Com vítima;679,873;BR-376/SC;Crescente;Tombamento;1;0;1;0;0;0;1
25/04/2023;06:03:13;42;Sem vítima;73,110;BR-101/SC;Crescente;Saída de pista;1;1;0;0;0;0;1
26/04/2023;01:45:43;22;Sem vítima;673,300;BR-376/SC;Decrescente;Colisão lateral no mesmo sentido;1;1;0;0;0;0;1
26/04/2023;03:28:45;40;Com vítima;668,726;BR-376/SC;Decrescente;Tombamento;1;0;0;1;0;0;2
26/04/2023;08:04:08;110;Sem vítima;146,688;BR-101/SC;Decrescente;Choque;1;1;0;0;0;0;1
26/04/2023;09:38:45;142;Sem vítima;211,900;BR-101/SC;Crescente;Colisão lateral no mesmo sentido;1;1;0;0;0;0;1
26/04/2023;11:17:57;170;Com vítima;150,100;BR-101/SC;Decrescente;Colisão traseira;1;1;0;0;0;0;1
26/04/2023;12:23:58;182;Com vítima;1,100;BR-101/SC;Decrescente;Colisão traseira;1;0;1;0;0;0;1
26/04/2023;12:54:00;189;Sem vítima;80,975;BR-116/SC;Crescente;Colisão lateral no mesmo sentido;1;1;0;0;0;0;1
26/04/2023;17:43:03;247;Sem vítima;94,900;BR-116/SC;Decrescente;Colisão lateral no mesmo sentido;1;0;0;0;0;0;1
27/04/2023;06:31:56;53;Sem vítima;117,776;BR-101/SC;Crescente;Choque;1;1;0;0;0;0;1
27/04/2023;08:18:01;116;Com vítima;86,131;BR-116/SC;Decrescente;Colisão lateral no mesmo sentido;1;0;0;0;0;0;1
28/04/2023;11:45:28;165;Sem vítima;206,289;BR-101/SC;Crescente;Engavetamento;1;1;0;0;0;0;1
28/04/2023;15:17:13;244;Sem vítima;126,500;BR-101/SC;Decrescente;Colisão lateral no mesmo sentido;1;1;0;0;0;0;1
28/04/2023;17:11:11;285;Sem vítima;157,400;BR-101/SC;Crescente;Colisão lateral no mesmo sentido;1;1;0;0;0;0;1
28/04/2023;20:05:16;340;Sem vítima;107,870;BR-116/SC;Decrescente;Saída de pista;1;1;0;0;0;0;1
28/04/2023;21:23:23;367;Sem vítima;14,100;BR-101/SC;Decrescente;Capotamento;1;0;0;0;0;0;1
29/04/2023;00:30:33;11;Sem vítima;640,400;BR-376/SC;Crescente;Colisão traseira;1;0;0;0;0;0;1
29/04/2023;00:46:10;16;Sem vítima;157,730;BR-101/SC;Decrescente;Colisão traseira;1;1;0;0;0;0;1
30/04/2023;07:48:53;67;Com vítima;86,100;BR-101/SC;Decrescente;Colisão traseira;1;0;0;0;0;0;1
30/04/2023;10:25:33;111;Com vítima;56,647;BR-101/SC;Crescente;Colisão traseira;1;1;0;0;0;0;1
01/05/2023;17:50:02;287;Sem vítima;242,300;BR-101/SC;Crescente;Colisão traseira;1;1;0;0;0;0;1
02/05/2023;07:36:56;66;Sem vítima;92,600;BR-101/SC;Decrescente;Colisão traseira;1;1;0;0;0;0;1
02/05/2023;08:16:54;83;Sem vítima;132,900;BR-101/SC;Crescente;Colisão lateral no mesmo sentido;1;0;0;0;0;0;1
02/05/2023;10:09:14;134;Com vítima;168,738;BR-101/SC;Crescente;Atropelamento de pedestre;1;1;0;0;0;0;1
03/05/2023;07:10:54;69;Sem vítima;215,926;BR-101/SC;Crescente;Engavetamento;1;1;0;0;0;0;1
03/05/2023;19:02:22;300;Sem vítima;101,496;BR-116/SC;Crescente;Saída de pista;1;1;0;0;0;0;1
03/05/2023;20:04:20;311;Sem vítima;644,126;BR-376/SC;Decrescente;Tombamento;1;1;0;0;0;0;1
04/05/2023;00:31:44;9;Sem vítima;660,150;BR-376/SC;Crescente;Tombamento;1;1;0;0;0;0;1
04/05/2023;01:02:25;18;Sem vítima;4,229;BR-101/SC;Crescente;Choque;1;1;0;0;0;0;1
04/05/2023;11:12:29;192;Sem vítima;635,300;BR-376/SC;Crescente;Colisão traseira;1;1;0;0;0;0;1
04/05/2023;11:18:01;195;Sem vítima;101,865;BR-116/SC;Decrescente;Engavetamento;1;1;0;0;0;0;1
05/05/2023;08:28:26;146;Sem vítima;127,100;BR-101/SC;Decrescente;Colisão lateral no mesmo sentido;1;1;0;0;0;0;1
05/05/2023;11:37:42;207;Sem vítima;122,300;BR-101/SC;Decrescente;Colisão lateral no mesmo sentido;1;1;0;0;0;0;1
05/05/2023;16:05:11;299;Sem vítima;138,669;BR-101/SC;Decrescente;Colisão traseira;1;0;0;0;0;0;1
05/05/2023;16:20:04;307;Com vítima;38,200;BR-101/SC;Decrescente;Colisão lateral no mesmo sentido;1;1;0;0;0;0;1
05/05/2023;16:23:17;308;Sem vítima;79,927;BR-101/SC;Crescente;Engavetamento;1;2;0;0;0;0;1
05/05/2023;16:26:02;311;Sem vítima;142,100;BR-101/SC;Decrescente;Colisão traseira;1;1;0;0;0;0;1
05/05/2023;20:59:15;410;Sem vítima;124,398;BR-101/SC;Decrescente;Colisão lateral no mesmo sentido;1;1;0;0;0;0;1
05/05/2023;23:30:55;449;Sem vítima;88,192;BR-101/SC;Crescente;Colisão traseira;1;1;0;0;0;0;1
06/05/2023;00:05:28;2;Com vítima;203,411;BR-101/SC;Decrescente;Colisão lateral no mesmo sentido;1;0;0;0;0;0;1
06/05/2023;10:10:15;123;Sem vítima;79,460;BR-101/SC;Decrescente;Colisão traseira;1;1;0;0;0;0;1
06/05/2023;13:42:57;177;Sem vítima;626,982;BR-376/SC;Decrescente;Choque;1;1;0;0;0;0;1
07/05/2023;11:56:41;102;Sem vítima;665,992;BR-376/SC;Decrescente;Engavetamento;1;1;0;0;0;0;1
07/05/2023;23:05:48;259;Sem vítima;113,120;BR-101/SC;Decrescente;Colisão lateral no mesmo sentido;1;1;0;0;0;0;1
08/05/2023;02:05:40;23;Sem vítima;131,500;BR-101/SC;Decrescente;Colisão lateral no mesmo sentido;1;0;0;0;0;0;1
08/05/2023;06:53:15;56;Sem vítima;654,108;BR-376/SC;Crescente;Choque;1;1;0;0;0;0;1
08/05/2023;11:10:29;160;Com vítima;644,193;BR-376/SC;Decrescente;Tombamento;1;0;1;0;0;0;1