data;horario;n_da_ocorrencia;tipo_de_ocorrencia;km;trecho;sentido;tipo_de_acidente;caminhao;ilesos;levemente_feridos;moderadamente_feridos;gravemente_feridos;mortos;3
08/05/2023;12:44:55;183;Sem vítima;14,917;BR-101/SC;Crescente;Colisão traseira;1;1;0;0;0;0;1
08/05/2023;16:23:27;244;Sem vítima;98,894;BR-116/SC;Crescente;Capotamento;1;1;0;0;0;0;1
08/05/2023;23:24:13;341;Sem vítima;4,700;BR-101/SC;Decrescente;Tombamento;1;1;0;0;0;0;1
09/05/2023;11:21:50;152;Sem vítima;26,268;BR-101/SC;Crescente;Colisão lateral no mesmo sentido;1;1;0;0;0;0;1
10/05/2023;19:30:09;303;Sem vítima;157,460;BR-101/SC;Crescente;Colisão traseira;1;1;0;0;0;0;1
11/05/2023;08:55:55;130;Sem vítima;116,381;BR-101/SC;Crescente;Colisão traseira;1;0;0;0;0;0;1
11/05/2023;14:21:32;246;Sem vítima;119,484;BR-101/SC;Decrescente;Colisão traseira;1;1;0;0;0;0;1
12/05/2023;17:33:08;270;Sem vítima;675,300;BR-376/SC;Decrescente;Choque;1;1;0;0;0;0;1
12/05/2023;18:19:38;289;Com vítima;93,655;BR-116/SC;Decrescente;Capotamento;1;1;0;0;0;0;1
13/05/2023;22:17:59;276;Com vítima;107,155;BR-116/SC;Crescente;Tombamento;1;0;1;0;0;0;1
14/05/2023;09:53:16;94;Com vítima;82,110;BR-116/SC;Crescente;Colisão traseira;1;0;0;0;1;0;2
14/05/2023;14:23:19;173;Sem vítima;223,949;BR-101/SC;Decrescente;Colisão lateral no mesmo sentido;1;1;0;0;0;0;1
14/05/2023;16:14:38;203;Com vítima;671,428;BR-376/SC;Decrescente;Tombamento;1;1;0;0;0;0;1
14/05/2023;16:16:10;204;Sem vítima;108,500;BR-116/SC;Crescente;Colisão traseira;1;1;0;0;0;0;1
14/05/2023;19:02:23;259;Sem vítima;117,705;BR-101/SC;Decrescente;Colisão traseira;1;1;0;0;0;0;1
15/05/2023;08:35:51;110;Sem vítima;100,100;BR-116/SC;Decrescente;Colisão traseira;1;1;0;0;0;0;1
15/05/2023;09:28:47;143;Sem vítima;242,985;BR-101/SC;Crescente;Colisão traseira;1;1;0;0;0;0;1
15/05/2023;14:43:05;222;Sem vítima;231,462;BR-101/SC;Crescente;Colisão lateral no mesmo sentido;1;1;0;0;0;0;1
15/05/2023;14:58:44;227;Sem vítima;111,556;BR-101/SC;Decrescente;Choque;1;1;0;0;0;0;1
16/05/2023;14:04:25;213;Sem vítima;112,114;BR-101/SC;Crescente;Tombamento;1;1;0;0;0;0;1
16/05/2023;15:40:24;252;Sem vítima;213,500;BR-101/SC;Decrescente;Colisão traseira;1;0;0;0;0;0;1
16/05/2023;22:13:36;354;Sem vítima;157,730;BR-101/SC;Crescente;Colisão traseira;1;1;0;0;0;0;1
17/05/2023;04:05:11;48;Sem vítima;47,239;BR-101/SC;Decrescente;Colisão traseira;1;1;0;0;0;0;1
17/05/2023;07:08:37;74;Sem vítima;74,708;BR-116/SC;Decrescente;Choque;1;0;0;0;0;0;1
17/05/2023;07:18:50;83;Sem vítima;157,660;BR-101/SC;Decrescente;Colisão traseira;1;1;0;0;0;0;1
17/05/2023;12:51:53;190;Sem vítima;228,549;BR-101/SC;Decrescente;Colisão traseira;1;1;0;0;0;0;1
17/05/2023;18:08:18;277;Sem vítima;14,720;BR-101/SC;Crescente;Colisão traseira;1;1;0;0;0;0;1
17/05/2023;20:31:47;316;Sem vítima;663,100;BR-376/SC;Decrescente;Colisão traseira;1;1;0;0;0;0;1
17/05/2023;21:26:14;330;Sem vítima;672,800;BR-376/SC;Crescente;Colisão traseira;1;1;0;0;0;0;1
18/05/2023;00:28:37;5;Sem vítima;677,163;BR-376/SC;Crescente;Colisão traseira;1;1;0;0;0;0;1
18/05/2023;06:39:00;53;Sem vítima;105,840;BR-101/SC;Decrescente;Colisão lateral no mesmo sentido;1;1;0;0;0;0;1
18/05/2023;14:42:08;197;Sem vítima;645,819;BR-376/SC;Crescente;Tombamento;1;1;0;0;0;0;1
18/05/2023;16:05:14;225;Sem vítima;652,100;BR-376/SC;Decrescente;Choque;1;0;0;0;0;0;1
18/05/2023;19:24:19;290;Sem vítima;196,613;BR-101/SC;Crescente;Colisão traseira;1;1;0;0;0;0;1
19/05/2023;06:48:25;51;Com vítima;215,825;BR-101/SC;Crescente;Choque;1;0;1;0;0;0;1
19/05/2023;10:48:05;157;Com vítima;96,836;BR-116/SC;Decrescente;Colisão lateral no mesmo sentido;1;1;0;0;0;0;1
19/05/2023;14:42:09;221;Sem vítima;672,289;BR-376/SC;Crescente;Colisão traseira;1;0;0;0;0;0;1
19/05/2023;16:26:00;260;Sem vítima;117,100;BR-101/SC;Crescente;Colisão lateral no mesmo sentido;1;1;0;0;0;0;1
19/05/2023;16:43:36;265;Com vítima;112,686;BR-101/SC;Crescente;Colisão traseira;1;1;0;0;0;0;1
19/05/2023;17:24:00;277;Sem vítima;141,943;BR-101/SC;Decrescente;Colisão traseira;1;1;0;0;0;0;1
19/05/2023;23:29:47;391;Sem vítima;215,120;BR-101/SC;Crescente;Colisão lateral no mesmo sentido;1;1;0;0;0;0;1
20/05/2023;07:06:07;70;Sem vítima;133,526;BR-101/SC;Decrescente;Choque;1;1;0;0;0;0;1
21/05/2023;12:16:55;117;Sem vítima;97,812;BR-116/SC;Crescente;Engavetamento;1;0;0;0;0;0;1
21/05/2023;15:25:30;161;Com vítima;101,563;BR-116/SC;Crescente;Colisão lateral no mesmo sentido;1;0;0;0;0;0;1
23/05/2023;01:56:21;20;Sem vítima;140,500;BR-101/SC;Crescente;Colisão lateral no mesmo sentido;1;2;0;0;0;0;1
23/05/2023;06:44:48;46;Sem vítima;121,230;BR-101/SC;Decrescente;Saída de pista;1;2;0;0;0;0;1
24/05/2023;18:35:42;265;Sem vítima;216,100;BR-101/SC;Decrescente;Engavetamento;1;1;0;0;0;0;1
26/05/2023;20:01:45;335;Sem vítima;205,000;BR-101/SC;Decrescente;Colisão traseira;1;1;0;0;0;0;1
06/06/2023;10:01:40;155;Sem vítima;203,840;BR-101/SC;Decrescente;Colisão lateral no mesmo sentido;1;1;0;0;0;0;1
06/06/2023;13:18:48;200;Com vítima;201,854;BR-101/SC;Decrescente;Colisão traseira;1;1;0;0;0;0;1
16/06/2023;18:06:32;329;Sem vítima;220,100;BR-101/SC;Decrescente;Colisão traseira;1;0;0;0;0;0;1
18/06/2023;18:36:24;214;Sem vítima;622,485;BR-376/SC;Decrescente;Engavetamento;1;2;0;0;0;0;1
21/06/2023;06:47:20;48;Sem vítima;161,200;BR-101/SC;Crescente;Colisão lateral no mesmo sentido;1;0;0;0;0;0;1
21/06/2023;10:39:14;153;Sem vítima;114,250;BR-101/SC;Crescente;Engavetamento;1;2;0;0;0;0;1
22/06/2023;06:41:40;48;Sem vítima;112,196;BR-116/SC;Decrescente;Choque;1;1;0;0;0;0;1
22/06/2023;07:20:20;60;Sem vítima;52,592;BR-101/SC;Decrescente;Choque;1;1;0;0;0;0;1
22/06/2023;07:23:28;65;Sem vítima;114,100;BR-116/SC;Decrescente;Colisão traseira;1;1;0;0;0;0;1
22/06/2023;07:56:36;78;Sem vítima;105,500;BR-116/SC;Decrescente;Colisão traseira;1;1;0;0;0;0;1
22/06/2023;09:11:52;112;Sem vítima;615,300;BR-376/SC;Decrescente;Choque;1;1;0;0;0;0;1
22/06/2023;16:41:11;269;Sem vítima;119,835;BR-101/SC;Decrescente;Colisão traseira;1;1;0;0;0;0;1
22/06/2023;19:12:37;325;Sem vítima;42,411;BR-101/SC;Decrescente;Choque;1;1;0;0;0;0;1
23/06/2023;01:59:47;17;Sem vítima;149,100;BR-101/SC;Decrescente;Colisão lateral no mesmo sentido;1;0;0;0;0;0;1
23/06/2023;03:01:33;26;Sem vítima;623,557;BR-376/SC;Crescente;Tombamento;1;1;0;0;0;0;1
23/06/2023;11:15:48;188;Sem vítima;79,460;BR-101/SC;Crescente;Choque;1;1;0;0;0;0;1
23/06/2023;12:10:09;207;Sem vítima;200,943;BR-101/SC;Crescente;Colisão traseira;1;1;0;0;0;0;1
23/06/2023;16:09:01;277;Sem vítima;128,778;BR-101/SC;Crescente;Tombamento;1;1;0;0;0;0;1
23/06/2023;17:34:06;297;Sem vítima;157,660;BR-101/SC;Decrescente;Colisão traseira;1;1;0;0;0;0;1
23/06/2023;17:51:50;299;Sem vítima;1,300;BR-101/SC;Decrescente;Colisão traseira;1;1;0;0;0;0;1
24/06/2023;13:42:26;177;Sem vítima;635,180;BR-376/SC;Decrescente;Choque;1;1;0;0;0;0;1
24/06/2023;16:02:53;224;Sem vítima;34,311;BR-101/SC;Decrescente;Colisão lateral no mesmo sentido;1;1;0;0;0;0;1
24/06/2023;19:15:59;276;Sem vítima;93,752;BR-101/SC;Crescente;Colisão traseira;1;0;0;0;0;0;1
26/06/2023;03:20:59;30;Com vítima;650,994;BR-376/SC;Crescente;Colisão traseira;1;1;0;0;0;0;1
26/06/2023;09:06:14;103;Com vítima;127,851;BR-101/SC;Decrescente;Engavetamento;2;2;0;0;0;0;1
26/06/2023;09:46:54;113;Sem vítima;200,100;BR-101/SC;Decrescente;Colisão lateral no mesmo sentido;1;1;0;0;0;0;1
26/06/2023;12:47:10;198;Sem vítima;640,100;BR-376/SC;Decrescente;Saída de pista;1;1;0;0;0;0;1
27/06/2023;07:25:13;83;Sem vítima;79,453;BR-101/SC;Decrescente;Colisão traseira;1;1;0;0;0;0;1
27/06/2023;08:29:45;123;Com vítima;96,812;BR-116/SC;Decrescente;Colisão lateral no mesmo sentido;1;1;0;0;0;0;1
28/06/2023;01:13:23;9;Sem vítima;122,125;BR-101/SC;Decrescente;Colisão traseira;1;1;0;0;0;0;1
28/06/2023;15:58:01;276;Sem vítima;131,275;BR-101/SC;Crescente;Colisão lateral no mesmo sentido;1;1;0;0;0;0;1
28/06/2023;16:49:50;301;Sem vítima;129,650;BR-101/SC;Decrescente;Colisão traseira;1;2;0;0;0;0;1
28/06/2023;17:09:05;310;Sem vítima;92,800;BR-116/SC;Crescente;Colisão traseira;1;0;0;0;0;0;1
28/06/2023;18:19:06;327;Sem vítima;42,147;BR-101/SC;Crescente;Colisão traseira;1;0;0;0;0;0;1
28/06/2023;22:15:42;380;Sem vítima;111,358;BR-101/SC;Crescente;Colisão traseira;1;1;0;0;0;0;1
29/06/2023;16:18:24;253;Sem vítima;143,200;BR-101/SC;Decrescente;Choque;1;1;0;0;0;0;1
30/06/2023;00:26:21;5;Sem vítima;655,319;BR-376/SC;Crescente;Tombamento;1;1;0;0;0;0;1
30/06/2023;02:01:16;22;Com vítima;674,126;BR-376/SC;Decrescente;Colisão traseira;1;0;1;0;0;0;1
30/06/2023;02:48:51;31;Com vítima;211,150;BR-101/SC;Crescente;Saída de pista;1;0;1;0;0;0;1
30/06/2023;05:46:34;57;Sem vítima;631,153;BR-376/SC;Decrescente;Engavetamento;1;0;0;0;0;0;1
30/06/2023;08:17:06;125;Sem vítima;112,100;BR-101/SC;Decrescente;Colisão lateral no mesmo sentido;1;1;0;0;0;0;1
30/06/2023;13:44:44;225;Sem vítima;123,100;BR-101/SC;Crescente;Colisão lateral no mesmo sentido;1;1;0;0;0;0;1
30/06/2023;17:24:50;303;Com vítima;668,884;BR-376/SC;Decrescente;Tombamento;1;0;1;0;0;0;1
01/07/2023;07:06:12;63;Com vítima;659,704;BR-376/SC;Decrescente;Choque;1;0;1;0;0;0;1
01/07/2023;07:59:41;76;Com vítima;199,986;BR-101/SC;Decrescente;Colisão traseira;1;1;0;0;0;0;1
01/07/2023;15:44:41;198;Sem vítima;92,500;BR-116/SC;Decrescente;Colisão traseira;1;1;0;0;0;0;1
01/07/2023;16:44:47;220;Sem vítima;206,100;BR-101/SC;Decrescente;Choque;1;0;0;0;0;0;1
01/07/2023;19:17:24;261;Sem vítima;6,155;BR-101/SC;Decrescente;Choque;1;1;0;0;0;0;1
02/07/2023;18:21:29;218;Com vítima;206,550;BR-101/SC;Crescente;Engavetamento;1;1;0;0;0;0;1
03/07/2023;00:36:27;4;Sem vítima;668,746;BR-376/SC;Decrescente;Tombamento;1;1;0;0;0;0;1
03/07/2023;05:34:33;32;Sem vítima;651,231;BR-376/SC;Crescente;Engavetamento;1;1;0;0;0;0;1
04/07/2023;07:48:46;88;Sem vítima;635,470;BR-376/SC;Crescente;Choque;1;1;0;0;0;0;1
04/07/2023;07:52:17;90;Sem vítima;10,450;BR-101/SC;Decrescente;Colisão traseira;1;1;0;0;0;0;1
04/07/2023;08:13:07;100;Sem vítima;73,952;BR-116/SC;Decrescente;Colisão traseira;1;0;0;0;0;0;1
04/07/2023;08:54:39;118;Sem vítima;157,600;BR-101/SC;Crescente;Colisão traseira;1;1;0;0;0;0;1
04/07/2023;11:20:42;169;Com vítima;151,351;BR-101/SC;Decrescente;Colisão traseira;2;1;1;0;0;0;1
04/07/2023;12:56:34;197;Sem vítima;665,816;BR-376/SC;Decrescente;Colisão lateral no mesmo sentido;1;1;0;0;0;0;1
04/07/2023;15:12:10;237;Sem vítima;122,591;BR-101/SC;Decrescente;Colisão traseira;1;1;0;0;0;0;1
04/07/2023;23:11:26;347;Sem vítima;97,822;BR-101/SC;Crescente;Engavetamento;1;1;0;0;0;0;1
05/07/2023;05:18:59;39;Sem vítima;208,100;BR-101/SC;Decrescente;Colisão lateral no mesmo sentido;1;1;0;0;0;0;1
05/07/2023;10:54:09;171;Sem vítima;97,500;BR-101/SC;Decrescente;Capotamento;1;1;0;0;0;0;1
05/07/2023;17:10:12;291;Sem vítima;66,626;BR-101/SC;Crescente;Colisão lateral no mesmo sentido;1;1;0;0;0;0;1
05/07/2023;18:34:24;306;Sem vítima;50,100;BR-101/SC;Decrescente;Colisão traseira;1;1;0;0;0;0;1
05/07/2023;18:36:12;308;Sem vítima;55,936;BR-101/SC;Crescente;Colisão traseira;1;1;0;0;0;0;1
05/07/2023;20:28:39;342;Sem vítima;107,500;BR-101/SC;Decrescente;Colisão traseira;1;0;0;0;0;0;1
06/07/2023;04:06:53;39;Sem vítima;232,204;BR-101/SC;Decrescente;Choque;1;1;0;0;0;0;1
06/07/2023;09:49:27;161;Sem vítima;100,825;BR-116/SC;Decrescente;Colisão lateral no mesmo sentido;1;1;0;0;0;0;1
06/07/2023;10:03:56;171;Sem vítima;99,568;BR-116/SC;Decrescente;Colisão traseira;1;1;0;0;0;0;1
06/07/2023;15:32:45;247;Sem vítima;170,877;BR-101/SC;Decrescente;Colisão traseira;1;1;0;0;0;0;1
07/07/2023;10:55:03;195;Com vítima;192,100;BR-101/SC;Crescente;Colisão lateral no mesmo sentido;1;1;0;0;0;0;1
07/07/2023;12:38:15;226;Sem vítima;673,769;BR-376/SC;Decrescente;Tombamento;1;0;0;0;0;0;1
07/07/2023;13:35:11;245;Sem vítima;129,930;BR-101/SC;Decrescente;Engavetamento;1;1;0;0;0;0;1
07/07/2023;20:36:22;376;Sem vítima;199,670;BR-101/SC;Decrescente;Colisão traseira;1;1;0;0;0;0;1
07/07/2023;22:54:16;413;Sem vítima;109,935;BR-101/SC;Crescente;Colisão lateral no mesmo sentido;1;1;0;0;0;0;1
08/07/2023;06:53:32;58;Com vítima;97,903;BR-101/SC;Crescente;Colisão lateral no mesmo sentido;1;1;0;0;0;0;1
02/08/2023;07:45:22;80;Com vítima;166,953;BR-101/SC;Crescente;Colisão lateral no mesmo sentido;1;2;0;0;0;0;1
02/08/2023;07:50:27;82;Sem vítima;88,900;BR-116/SC;Decrescente;Choque;1;0;0;0;0;0;1
02/08/2023;15:51:26;269;Sem vítima;615,324;BR-376/SC;Crescente;Colisão traseira;1;2;0;0;0;0;1
03/08/2023;08:17:50;68;Sem vítima;46,400;BR-101/SC;Crescente;Engavetamento;1;2;0;0;0;0;1
03/08/2023;10:46:48;161;Sem vítima;48,300;BR-101/SC;Crescente;Colisão traseira;1;2;0;0;0;0;1
03/08/2023;11:08:15;166;Sem vítima;90,928;BR-116/SC;Decrescente;Engavetamento;1;2;0;0;0;0;1
03/08/2023;14:34:07;239;Sem vítima;152,734;BR-101/SC;Crescente;Colisão lateral no mesmo sentido;1;2;0;0;0;0;1
03/08/2023;15:11:25;256;Sem vítima;671,500;BR-376/SC;Decrescente;Saída de pista;1;2;0;0;0;0;1
04/08/2023;02:44:33;20;Sem vítima;141,150;BR-101/SC;Crescente;Colisão lateral no mesmo sentido;1;2;0;0;0;0;1
04/08/2023;04:03:37;30;Sem vítima;37,280;BR-101/SC;Decrescente;Colisão lateral no mesmo sentido;1;2;0;0;0;0;1
04/08/2023;05:37:36;42;Sem vítima;102,200;BR-116/SC;Decrescente;Engavetamento;1;2;0;0;0;0;1
04/08/2023;08:15:21;98;Com vítima;88,118;BR-101/SC;Crescente;Colisão traseira;1;2;0;0;0;0;1
04/08/2023;08:32:10;108;Sem vítima;112,195;BR-116/SC;Decrescente;Colisão lateral no mesmo sentido;1;2;0;0;0;0;1
04/08/2023;10:00:02;149;Sem vítima;111,790;BR-101/SC;Crescente;Engavetamento;1;2;0;0;0;0;1
04/08/2023;11:42:28;174;Sem vítima;117,607;BR-101/SC;Crescente;Colisão traseira;1;2;0;0;0;0;1
04/08/2023;13:34:17;205;Sem vítima;28,153;BR-101/SC;Decrescente;Colisão lateral no mesmo sentido;1;2;0;0;0;0;1
04/08/2023;17:02:13;298;Sem vítima;146,100;BR-101/SC;Crescente;Engavetamento;1;0;0;0;0;0;1
05/08/2023;19:59:21;291;Com vítima;29,316;BR-101/SC;Crescente;Atropelamento de pedestre;1;0;0;0;0;0;1
06/08/2023;08:00:46;71;Sem vítima;666,186;BR-376/SC;Crescente;Colisão traseira;1;2;0;0;0;0;1
06/08/2023;08:15:20;74;Sem vítima;660,784;BR-376/SC;Crescente;Choque;1;2;0;0;0;0;1
06/08/2023;10:43:06;116;Sem vítima;665,524;BR-376/SC;Crescente;Colisão traseira;1;2;0;0;0;0;1
06/08/2023;14:20:27;197;Com vítima;671,331;BR-376/SC;Crescente;Colisão traseira;1;2;0;0;0;0;1
07/08/2023;08:02:23;101;Sem vítima;111,100;BR-101/SC;Decrescente;Engavetamento;1;2;0;0;0;0;1
07/08/2023;08:24:31;120;Sem vítima;111,100;BR-101/SC;Decrescente;Colisão traseira;1;2;0;0;0;0;1
07/08/2023;10:25:44;164;Sem vítima;164,478;BR-101/SC;Crescente;Choque;1;0;0;0;0;0;1
07/08/2023;12:49:22;215;Com vítima;215,250;BR-101/SC;Decrescente;Colisão lateral no mesmo sentido;1;2;0;0;0;0;1
07/08/2023;15:22:36;271;Sem vítima;116,975;BR-101/SC;Crescente;Colisão lateral no mesmo sentido;1;2;0;0;0;0;1
07/08/2023;15:56:44;283;Sem vítima;127,839;BR-101/SC;Decrescente;Colisão lateral no mesmo sentido;1;2;0;0;0;0;1
07/08/2023;17:37:02;309;Com vítima;33,125;BR-101/SC;Decrescente;Colisão traseira;1;0;0;2;0;0;2
07/08/2023;18:27:33;328;Com vítima;101,214;BR-116/SC;Decrescente;Colisão lateral no mesmo sentido;1;2;0;0;0;0;1
07/08/2023;18:40:05;334;Sem vítima;207,650;BR-101/SC;Crescente;Colisão traseira;1;2;0;0;0;0;1
07/08/2023;22:26:08;392;Sem vítima;150,718;BR-101/SC;Decrescente;Colisão traseira;1;2;0;0;0;0;1
08/08/2023;07:09:06;52;Com vítima;29,660;BR-101/SC;Decrescente;Colisão traseira;1;0;2;0;0;0;1
08/08/2023;08:39:43;109;Sem vítima;117,200;BR-101/SC;Decrescente;Engavetamento;1;2;0;0;0;0;1
08/08/2023;10:16:58;131;Sem vítima;1,300;BR-101/SC;Decrescente;Colisão traseira;1;2;0;0;0;0;1
08/08/2023;19:06:32;234;Com vítima;635,327;BR-376/SC;Crescente;Colisão traseira;1;2;0;0;0;0;1
09/08/2023;11:43:23;153;Sem vítima;117,471;BR-101/SC;Crescente;Colisão traseira;1;2;0;0;0;0;1
09/08/2023;13:59:30;188;Com vítima;206,100;BR-101/SC;Crescente;Colisão lateral no mesmo sentido;1;2;0;0;0;0;1
09/08/2023;14:08:31;189;Sem vítima;680,500;BR-376/SC;Decrescente;Colisão traseira;1;2;0;0;0;0;1
09/08/2023;14:27:06;193;Com vítima;235,258;BR-101/SC;Crescente;Choque;1;0;2;0;0;0;1
10/08/2023;07:04:36;58;Com vítima;192,176;BR-101/SC;Decrescente;Colisão lateral no mesmo sentido;1;2;0;0;0;0;1
10/08/2023;10:54:12;168;Sem vítima;142,700;BR-101/SC;Decrescente;Engavetamento;1;2;0;0;0;0;1
10/08/2023;14:35:16;252;Sem vítima;157,409;BR-101/SC;Crescente;Engavetamento;1;2;0;0;0;0;1
10/08/2023;14:36:30;254;Sem vítima;676,303;BR-376/SC;Crescente;Tombamento;1;2;0;0;0;0;1
10/08/2023;16:05:45;284;Sem vítima;146,625;BR-101/SC;Crescente;Colisão traseira;1;0;0;0;0;0;1
10/08/2023;16:55:57;307;Sem vítima;102,200;BR-116/SC;Crescente;Colisão lateral no mesmo sentido;1;2;0;0;0;0;1
10/08/2023;23:03:33;396;Sem vítima;8,778;BR-101/SC;Decrescente;Engavetamento;1;2;0;0;0;0;1
11/08/2023;03:12:04;21;Sem vítima;672,850;BR-376/SC;Decrescente;Colisão traseira;1;2;0;0;0;0;1
11/08/2023;10:31:49;148;Sem vítima;635,180;BR-376/SC;Decrescente;Colisão traseira;1;2;0;0;0;0;1
11/08/2023;10:35:04;149;Com vítima;49,798;BR-101/SC;Decrescente;Colisão traseira;1;0;2;0;0;0;1
11/08/2023;13:14:23;200;Sem vítima;107,223;BR-116/SC;Decrescente;Saída de pista;1;2;0;0;0;0;1
11/08/2023;14:40:32;227;Sem vítima;242,985;BR-101/SC;Decrescente;Choque;1;2;0;0;0;0;1
12/08/2023;03:12:59;45;Sem vítima;209,827;BR-101/SC;Decrescente;Colisão frontal;1;2;0;0;0;0;1
12/08/2023;06:23:27;64;Sem vítima;668,400;BR-376/SC;Decrescente;Tombamento;1;2;0;0;0;0;1
12/08/2023;07:19:41;76;Sem vítima;113,858;BR-101/SC;Decrescente;Colisão lateral no mesmo sentido;1;2;0;0;0;0;1
12/08/2023;11:54:41;157;Sem vítima;10,936;BR-101/SC;Crescente;Colisão traseira;1;2;0;0;0;0;1
12/08/2023;19:19:47;263;Sem vítima;631,864;BR-376/SC;Crescente;Saída de pista;1;2;0;0;0;0;1
12/08/2023;23:11:53;311;Com vítima;90,179;BR-116/SC;Decrescente;Colisão traseira;1;0;0;0;0;0;1
13/08/2023;07:17:38;71;Sem vítima;667,100;BR-376/SC;Decrescente;Colisão traseira;1;2;0;0;0;0;1
13/08/2023;10:16:24;106;Sem vítima;40,560;BR-101/SC;Crescente;Colisão lateral no mesmo sentido;1;0;0;0;0;0;1
14/08/2023;13:51:02;201;Sem vítima;116,996;BR-101/SC;Crescente;Colisão traseira;1;2;0;0;0;0;1
14/08/2023;14:03:13;212;Com vítima;78,400;BR-101/SC;Decrescente;Colisão traseira;1;0;2;0;0;0;1
14/08/2023;20:23:23;332;Sem vítima;42,300;BR-101/SC;Decrescente;Colisão lateral no mesmo sentido;1;2;0;0;0;0;1
14/08/2023;22:41:35;361;Sem vítima;113,987;BR-116/SC;Decrescente;Colisão traseira;1;2;0;0;0;0;1
14/08/2023;22:43:10;362;Sem vítima;41,500;BR-101/SC;Decrescente;Colisão traseira;1;2;0;0;0;0;1
15/08/2023;14:34:14;263;Com vítima;96,421;BR-101/SC;Decrescente;Engavetamento;1;2;0;0;0;0;1
15/08/2023;15:07:30;275;Com vítima;111,626;BR-116/SC;Crescente;Colisão traseira;1;0;0;0;0;0;1
15/08/2023;15:12:59;278;Sem vítima;46,246;BR-101/SC;Crescente;Colisão traseira;1;2;0;0;0;0;1
15/08/2023;15:34:20;283;Com vítima;109,111;BR-116/SC;Decrescente;Engavetamento;1;0;0;2;0;0;2
15/08/2023;20:26:06;362;Sem vítima;5,700;BR-101/SC;Crescente;Colisão traseira;1;2;0;0;0;0;1
16/08/2023;08:11:55;116;Sem vítima;45,498;BR-101/SC;Crescente;Colisão lateral no mesmo sentido;1;2;0;0;0;0;1
16/08/2023;10:47:39;182;Sem vítima;108,431;BR-116/SC;Decrescente;Choque;1;2;0;0;0;0;1
16/08/2023;18:56:52;327;Sem vítima;120,781;BR-101/SC;Decrescente;Colisão traseira;1;2;0;0;0;0;1
17/08/2023;03:04:16;50;Sem vítima;7,342;BR-101/SC;Decrescente;Colisão traseira;1;2;0;0;0;0;1
17/08/2023;10:34:42;202;Com vítima;95,788;BR-116/SC;Decrescente;Engavetamento;1;0;0;2;0;0;2
17/08/2023;14:04:16;269;Sem vítima;157,460;BR-101/SC;Crescente;Colisão traseira;1;2;0;0;0;0;1
17/08/2023;14:23:45;278;Sem vítima;132,500;BR-101/SC;Decrescente;Choque;1;2;0;0;0;0;1
17/08/2023;16:52:16;335;Sem vítima;660,134;BR-376/SC;Decrescente;Tombamento;1;2;0;0;0;0;1
17/08/2023;17:50:50;358;Com vítima;674,880;BR-376/SC;Decrescente;Colisão traseira;1;2;0;0;0;0;1
17/08/2023;23:08:19;444;Sem vítima;61,514;BR-101/SC;Decrescente;Colisão traseira;1;2;0;0;0;0;1
18/08/2023;00:36:32;6;Sem vítima;122,150;BR-101/SC;Decrescente;Colisão traseira;1;2;0;0;0;0;1
18/08/2023;06:59:57;73;Sem vítima;29,872;BR-101/SC;Decrescente;Choque;1;2;0;0;0;0;1
18/08/2023;07:10:46;82;Com vítima;96,208;BR-101/SC;Decrescente;Colisão lateral no mesmo sentido;1;0;2;0;0;0;1
18/08/2023;08:24:01;113;Com vítima;107,500;BR-116/SC;Decrescente;Engavetamento;1;2;0;0;0;0;1
18/08/2023;13:06:33;211;Sem vítima;197,100;BR-101/SC;Decrescente;Colisão traseira;1;2;0;0;0;0;1
18/08/2023;17:55:46;360;Sem vítima;182,100;BR-101/SC;Crescente;Choque;1;2;0;0;0;0;1
18/08/2023;22:40:33;437;Sem vítima;93,921;BR-116/SC;Decrescente;Colisão lateral no mesmo sentido;1;2;0;0;0;0;1
18/08/2023;23:21:49;447;Sem vítima;100,399;BR-116/SC;Decrescente;Saída de pista;1;2;0;0;0;0;1
19/08/2023;05:23:35;45;Sem vítima;111,504;BR-101/SC;Crescente;Tombamento;1;2;0;0;0;0;1
19/08/2023;08:38:54;107;Sem vítima;111,424;BR-101/SC;Decrescente;Tombamento;1;2;0;0;0;0;1
19/08/2023;18:50:55;283;Sem vítima;106,872;BR-116/SC;Decrescente;Engavetamento;1;2;0;0;0;0;1
19/08/2023;23:59:13;347;Com vítima;95,231;BR-116/SC;Crescente;Colisão traseira;1;2;0;0;0;0;1
20/08/2023;10:32:40;114;Sem vítima;95,910;BR-116/SC;Crescente;Capotamento;1;2;0;0;0;0;1
21/08/2023;13:08:52;216;Com vítima;139,405;BR-101/SC;Decrescente;Colisão traseira;1;1;0;0;0;0;1
21/08/2023;16:39:52;285;Com vítima;138,642;BR-101/SC;Decrescente;Colisão traseira;1;1;0;0;0;0;1
21/08/2023;17:38:21;307;Sem vítima;109,339;BR-116/SC;Decrescente;Engavetamento;1;1;0;0;0;0;1
21/08/2023;20:15:25;351;Sem vítima;99,792;BR-116/SC;Decrescente;Colisão traseira;1;0;0;0;0;0;1